token	lemma	pos
vvaphene	wapen	interj()	
martin	martijn	n(prop)	
hoe	hoe	adv(inter)	
salt	zullen+het	v(fin,pres,aux_cop)+pron(pers,3,sing)	
gaen	gaan	v(infin)

sal	zullen	v(fin,pres,aux_cop)	
die	de	art(def)	
weerelt	wereld	n(sing)	
hiet	iet	adv(gener)	
langhe	lang	adv(gener)	
staen	staan	v(infin)

in	in	adp()	
dus	dus	adv(dem)	
crancken	krank	adj()	
loue	lof	n(sing)

so	zo	adv(resum)	
moet	moeten	v(fin,pres,aux_cop)	
vrouwe	vrouw	n(sing)	
vereere	vrouw+eer	n(sing)+n(sing)	
saen	zaan	adv(gener)

sonder	zonder	adp()	
twifel	twijfel	n(sing)	
ende	en	conj(coord)	
waen	waan	n(sing)

rumen	ruimen	v(infin)	
heeren	heer	n(plu)	
houe	hof	n(sing)

ic	ik	pron(pers,1,sing)	
zie	zien	v(fin,pres,lex)	
den	de	art(def)	
valschen	vals	adj()	
wel	wel	adv(gener)	
ontfaen	ontvangen	v(infin)

die	die	pron(rel)	
de	de	art(def)	
heeren	heer	n(plu)	
conen	kunnen	v(fin,pres,aux_cop)	
dwaen	dwaan	v(infin)

ende	en	conj(coord)	
plucken	plukken	v(infin)	
vanden	van+de	adp()+art(def)	
stoue	stoof	n(sing)

ende	en	conj(coord)	
ic	ik	pron(pers,1,sing)	
zie	zien	v(fin,pres,lex)	
den	de	art(def)	
rechten	recht	adj()	
slaen	slaan	v(infin)

beede	beide	num(indef)	
bespotten	bespotten	v(infin)	
ende	en	conj(coord)	
beuaen	bevangen	v(infin)

alse	als	conj(subord)	
die	de	art(def)	
meese	mees	n(sing)	
in	in	adp()	
de	de	art(def)	
cloue	kloof	n(sing)

rechts	rechts	adv(gener)	
offene	of+zij	conj(subord)+pron(pers,3,plu)	
god	god	n(sing)	
verscroue	verschruiven	v(fin,past,lex)

hoe	hoe	adv(inter)	
langhe	lang	adv(gener)	
sal	zullen	v(fin,pres,aux_cop)	
ghedoghen	gedogen	v(infin)	
dit	dit	pron(dem)

god	god	n(sing)	
die	die	pron(rel)	
alle	al	pron(indef)	
dinc	ding	n(plu)	
besit	bezit	v(fin,pres,lex)

in	in	adp()	
sine	zijn	pron(poss)	
heerscapie	heerschappij	n(sing)

dat	dat	conj(subord)	
die	de	art(def)	
goede	goed	n(sing)	
vleeuwet	vleeuwen	v(fin,pres,lex)	
ende	en	conj(coord)	
bit	bidden	v(fin,pres,lex)

ende	en	conj(coord)	
hem	hij	pron(pers,3,sing)	
ne	ne	adv(neg)	
doech	deugen	v(fin,pres,lex)	
no	no	conj(coord)	
dat	dat	pron(dem)	
no	no	conj(coord)	
dit	dit	pron(dem)

dat	dat	conj(subord)	
hi	hij	pron(pers,3,sing)	
hiet	iet	adv(gener)	
ghedie	gedijen	v(fin,pres,lex)

al	al	num(indef)	
varet	varen	v(fin,pres,lex)	
inden	in+de	adp()+art(def)	
helschen	hels	adj()	
pit	put	n(sing)

eist	zijn+het	v(fin,pres,aux_cop)+pron(pers,3,sing)	
blaeu	blauw	adj()	
graeu	grauw	adj()	
zwart	zwart	adj()	
of	of	conj(coord)	
wit	wit	adj()

hets	het+zijn	pron(pers,3,sing)+v(fin,pres,aux_cop)	
ghetrouwe	getrouw	adj()	
als	als	conj(subord)	
eene	een	art(indef)	
zie	zij	n(sing)

recht	recht	adj()	
man	man	n(sing)	
deluet	delven	v(fin,pres,lex)	
sonder	zonder	adp()	
spit	spit	n(sing)

hine	hij+ne	pron(pers,3,sing)+adv(neg)	
heuet	hebben	v(fin,pres,aux_cop)	
te	te	adp()	
pointe	punt	n(sing)	
niet	niet	adv(neg)	
ghehit	hitten	v(participle,past)

inne	in+ne	adp()+adv(neg)	
gheer	geen	pron(indef)	
balgye	balie	n(sing)

mi	ik	pron(pers,1,sing)	
es	zijn	v(fin,pres,aux_cop)	
leet	leed	adj()	
dat	dat	conj(subord)	
ic	ik	pron(pers,1,sing)	
waer	waar	n(sing) 	
lye	lijden	v(fin,pres,lex)

laet	laat	v(imp)	
ons	wij	pron(pers,1,plu)	
martin	martijn	n(prop)	
ouer+een	overeen	adv(gener)

hier	hier	pronadv(dem)	
af+spreken	afspreken	v(infin)	
onder	onder	adp()	
ons	wij	pron(pers,1,plu)	
tween	twee	num(card)

in	in	adp()	
dit	dit	pron(dem)	
dyaloghe	dialoog	n(sing)

wanen	wanen	adv(inter)	
dat	dat	conj(subord)	
eerst	eerst	adv(gener)	
quam	komen	v(fin,past,lex)	
die	de	art(def)	
ween	ween	n(sing)

die	die	pron(rel)	
wilen	wijlen	adv(gener)	
so	zo	adv(gener)	
onwert	onwaard	adj()	
sceen	schijnen	v(fin,past,aux_cop)

ende	en	conj(coord)	
nv	nu	adv(dem)	
sit	zitten	v(infin)	
so	zo	adv(dem)	
oghe	hoog	adj()

ic	ik	pron(pers,1,sing)	
vraghe	vragen	v(fin,pres,lex)	
hu	gij	pron(pers,2,plu)	
ende	en	conj(coord)	
vleen	vlee‘n	v(fin,pres,lex)

berecht	berichten	v(imp)	
mi	ik	pron(pers,1,sing)	
ia	ja	adv(gener)	
of	of	conj(coord)	
neen	neen	adv(neg)

van	van	adp()	
dat	dat	pron(rel)	
ic	ik	pron(pers,1,sing)	
hu	gij	pron(pers,2,plu)	
betoghe	betogen	v(fin,pres,lex)

ledichede	ledigheid	n(sing)	
es	zijn	v(fin,pres,aux_cop)	
vrome	vroom	n(sing)	
ne+gheen	negeen	adv(neg)

aerbeit	arbeid	n(sing)	
vint	vinden	v(fin,pres,lex)	
vier	vuur	n(sing)	
inden	in+de	adp()+art(def)	
steen	steen	n(sing)

daer+bi	daarbij	pronadv(dem)	
ontsteect	ontsteken	v(fin,pres,lex)	
dat	dat	art(def)	
droghe	droge	adj()

nu	nu	adv(dem)	
spreect	spreken	v(imp)	
ende	en	conj(coord)	
ic	ik	pron(pers,1,sing)	
ghedoghe	gedogen	v(fin,pres,lex)

spreken	spreken	v(infin)	
jacop	jacob	n(prop)	
lieue	lief	adj()	
compaen	kompaan	n(prop)

waer	waar	adv(inter)	
soudic	zullen+ik	v(fin,past,aux_cop)+pron(pers,1,sing)	
dat	dat	pron(dem)	
hebben	hebben	v(infin)	
verstaen	verstaan	v(participle,past)

dat	dat	pron(rel)	
ic	ik	pron(pers,1,sing)	
daer	daar	pronadv(dem)	
toe	toe	pronadv(prep)	
dochte	deugen	v(fin,past,lex)

te	te	adp()	
verclaerne	verklaren	v(infin)	
dinen	dijn	pron(poss)	
waen	waan	n(sing)

die	die	pron(rel)	
in	in	adp()	
twifele	twijfel	n(sing)	
ware	zijn	v(fin,past,aux_cop)	
beuaen	bevangen	v(participle,past)

dats	dat+zijn	pron(dem)+v(fin,pres,aux_cop)	
dat	dat	conj(subord)	
ic	ik	pron(pers,1,sing)	
niet	niet	adv(neg)	
en	ne	adv(neg)	
vermochte	vermogen	v(fin,past,lex)

doch	doch	adv(gener)	
en	ne	adv(neg)	
willic	willen+ik	v(fin,pres,aux_cop)+pron(pers,1,sing)	
niet	niet	adv(neg)	
af+staen	afstaan	v(infin)

in	in	adp()	
wille	wil	n(sing)	
dine	dijn	pron(poss)	
bede	bede	n(sing)	
ontfaen	ontvangen	v(infin)

die	die	pron(rel)	
dit	dit	pron(dem)	
ane	aan	adp()	
mi	ik	pron(pers,1,sing)	
besochte	bezoeken	v(fin,past,lex)

god	god	n(sing)	
sende	zenden	v(fin,past,lex)	
mi	ik	pron(pers,1,sing)	
den	de	art(def)	
hemelschen	hemels	adj()	
traen	traan	n(sing)

ende	en	conj(coord)	
moet	moeten	v(fin,pres,aux_cop)	
mine	mijn	pron(poss)	
zinne	zin	n(sing)	
dwaen	dwaan	v(infin)

want	want	conj(subord)	
hi	hij	pron(pers,3,sing)	
mi	ik	pron(pers,1,sing)	
diere	duur	adv(gener)	
cochte	kopen	v(fin,past,lex)

ende	en	conj(coord)	
ict	ik+het	pron(pers,1,sing)+pron(pers,3,sing)	
gherne	gaarne	adv(gener)	
vulbrochte	volbrengen	v(fin,past,lex)

martin	martijn	n(prop)	
doe	toen	conj(subord)	
die	de	art(def)	
weerelt	wereld	n(sing)	
began	beginnen	v(fin,past,lex)

man	man	n(sing)	
te	te	adp()	
verheffene	verheffen	v(infin)	
bouen	boven	adp()	
man	man	n(sing)

doe	toen	adv(dem)	
sciet	scheiden	v(fin,past,lex)	
mijn	mijn	pron(poss)	
vrouwe	vrouw	n(sing)	
ver	vrouw	n(sing)	
eere	eer	n(sing)

den	de	art(def)	
dorper	dorpere	n(sing)	
ende	en	conj(coord)	
wijsdem	wijzen+hij	v(fin,past,lex)+pron(pers,3,sing)	
den	de	art(def)	
dan	dan	n(sing)

ende	en	conj(coord)	
daer	daar	adv(dem)	
trouwe	trouw	n(sing)	
ende	en	conj(coord)	
doghet	deugd	n(sing)	
was	zijn	v(fin,past,aux_cop)	
an	aan	adp()

dien	die	pron(dem)	
hiet	heten	v(fin,past,lex)	
soe	zij	adv(resum)	
sijn	zijn	pron(poss)	
heere	heer	n(sing)

nu	nu	adv(dem)	
maken	maken	v(fin,pres,lex)	
die	de	art(def)	
heeren	heer	n(plu)	
een	een	art(indef)	
ghespan	gespan	n(sing)

ende	en	conj(coord)	
gheuen	geven	v(fin,pres,lex)	
der	de	art(def)	
eeren	eer	n(sing)	
eenen	een	art(indef)	
ban	ban	n(sing)

ende	en	conj(coord)	
willen	willen	v(fin,pres,lex)	
niet	niet	adv(neg)	
dat	dat	conj(subord)	
soe	zij	pron(pers,3,sing)	
keere	keren	v(fin,pres,lex)

sech	zeggen	v(imp)	
mi	ik	pron(pers,1,sing)	
wanen	wanen	adv(inter)	
tfenijn	het+venijn	art(def)+n(sing)	
ran	rinnen	v(fin,past,lex)

toech	togen	v(imp)	
mi	ik	pron(pers,1,sing)	
redene	reden	n(sing)	
daer+van	daarvan	pronadv(dem)

want	want	conj(subord)	
ic	ik	pron(pers,1,sing)	
gherne	gaarne	adv(gener)	
leere	leren	v(fin,pres,lex)

wies	wie	pron(inter)	
scult	schuld	n(sing)	
dat	dat	conj(subord)	
het	het	pron(pers,3,sing)	
were	zijn	v(fin,past,aux_cop)

martin	martijn	n(prop)	
mi	ik	pron(pers,1,sing)	
dinct	dunken	v(fin,pres,aux_cop)	
ouer+waer	overwaar	adv(gener)

sint	sinds	adv(gener)	
edelheit	edelheid	n(sing)	
hadde	hebben	v(fin,past,aux_cop)	
vaer	vaar	n(sing)

te	te	adp()	
pijnne	pijnen	v(infin)	
omme	om	adp()	
die	de	art(def)	
eere	eer	n(sing)

ende	en	conj(coord)	
soe	zij	pron(pers,3,sing)	
trac	trekken	v(fin,past,lex)	
den	de	art(def)	
scalcken	schalk	n(plu)	
naer	naar	adp()

die	die	pron(rel)	
raden	raden	v(fin,pres,lex)	
nv	nu	adv(dem)	
hier	hier	adv(dem)	
nv	nu	adv(dem)	
daer	daar	pronadv(dem)

ende	en	conj(coord)	
niet	niet	adv(neg)	
scelden	schelden	v(infin)	
den	de	art(def)	
heere	heer	n(sing)

so	zo	adv(resum)	
es	zijn	v(fin,pres,aux_cop)	
edelheit	edelheid	n(sing)	
worden	worden	v(participle,past)	
zwaer	zwaar	adj()

dat	dat	conj(subord)	
soe	zij	pron(pers,3,sing)	
te	te	adp()	
clemmene	klimmen	v(infin)	
heeft	hebben	v(fin,pres,lex)	
ommaer	onmaar	adj()

ende	en	conj(coord)	
sinct	zinken	v(fin,pres,lex)	
in	in	adp()	
lanc	lang	adj()	
so	zo	adv(dem)	
meere	meer	num(indef)

dits	dit+zijn	pron(dem)+v(fin,pres,aux_cop)	
nv	nu	adv(dem)	
alder	al+de	num(indef)+art(def)	
weerelt	wereld	n(sing)	
claer	klaar	adj()

ende	en	conj(coord)	
oghe+sien	oogzien	adj()	
ende	en	conj(coord)	
openbaer	openbaar	adj()

dus	dus	adv(dem)	
es	zijn	v(fin,pres,aux_cop)	
verbannen	verbannen	v(participle,past)	
eere	eer	n(sing)

ende	en	conj(coord)	
weder+staen	weerstaan	v(participle,past)	
ten	te+de	adp()+art(def)	
keere	keer	n(sing)

nv	nu	adv(dem)	
merct	merken	v(imp)	
bider	bij+de	adp()+art(def)	
sonnen	zon	n(sing)	
lech	licht	n(sing)

die	die	pron(rel)	
alder	al+de	num(indef)+art(def)	
weerelt	wereld	n(sing)	
oghen	oog	n(plu)	
berecht	berechten	v(fin,pres,lex)

bi	bij	adp()	
sire	zijn	pron(poss)	
naturen	natuur	n(sing)

alse	als	conj(subord)	
dat	dat	art(def)	
zwerc	zwerk	n(sing)	
daer	daar	pronadv(dem)	
ieghen	jegen	pronadv(prep)	
vecht	vechten	v(fin,pres,lex)

entie	en+de	conj(coord)+art(def)	
neuel	nevel	n(sing)	
met	met	adp()	
zire	zijn	pron(poss)	
drecht	dracht	n(sing)

sone	zo+ne	adv(resum)+adv(neg)	
can	kunnen	v(fin,pres,aux_cop)	
so	zij	pron(pers,3,sing)	
tier	te+die	adp()+pron(dem)	
vren	uur	n(plu)

niet	niet	adv(neg)	
ghetoghen	getogen	v(infin)	
haer	haar	pron(poss)	
scone	schoon	adj()	
lecht	licht	n(sing)

aldus	aldus	adv(dem)	
verdonckert	verdonkeren	v(fin,pres,lex)	
die	de	art(def)	
scalcke	schalk	adj()	
knecht	knecht	n(sing)

edele	edel	adj()	
creaturen	creatuur	n(plu)

alse	als	conj(subord)	
hi	hij	pron(pers,3,sing)	
hem	hij	pron(refl,3,sing)	
daer	daar	pronadv(dem)	
ane	aan	pronadv(prep)	
echt	hechten	v(fin,pres,lex)

ende	en	conj(coord)	
hare	zij	pron(pers,3,sing)	
die	de	art(def)	
edelheit	edelheid	n(sing)	
verplecht	verplichten	v(fin,pres,lex)

dat	dat	conj(subord)	
soe	zij	pron(pers,3,sing)	
laet	laten	v(fin,pres,aux_cop)	
ghedueren	geduren	v(infin)

bi	bij	adp()	
hare	zij	pron(refl,3,sing)	
den	de	art(def)	
scalcken	schalk	adj()	
sueren	zuur	n(plu)

sint	sinds	adv(gener)	
scalcke	schalk	n(plu)	
droeghen	dragen	v(fin,past,lex)	
ouer+een	overeen	adv(gener)

dat	dat	conj(subord)	
neen	neen	interj()	
wart	worden	v(fin,past,aux_cop)	
ja	ja	interj()	
ende	en	conj(coord)	
ia	ja	interj()	
neen	neen	interj()

ende	en	conj(coord)	
hem	hij	pron(pers,3,plu)	
dat	dat	conj(subord)	
wijsheit	wijsheid	n(sing)	
dochte	dunken	v(fin,past,aux_cop)

ende	en	conj(coord)	
edelheit	edelheid	n(sing)	
daer	daar	pronadv(dem)	
omme	om	pronadv(prep)	
green	grijnen	v(fin,past,lex)

want	want	conj(subord)	
daer	daar	pronadv(dem)	
waesdom	wasdom	n(sing)	
vte	uit	pronadv(prep)	
sceen	schijnen	v(fin,past,aux_cop)

wanen	wanen	adv(inter)	
dat	dat	conj(subord)	
comen	komen	v(infin)	
mochte	mogen	v(fin,past,aux_cop)

so	zo	adv(resum)	
es	zijn	v(fin,pres,aux_cop)	
edel	edel	adj()	
herte	hart	n(sing)	
worden	worden	v(participle,past)	
steen	steen	n(sing)

want	want	conj(subord)	
haer	zij	pron(pers,3,sing)	
ontfaremt	ontfermen	v(fin,pres,lex)	
dinc	ding	n(plu)	
gheen	geen	pron(indef)

van	van	adp()	
daermen	daar+men	pronadv(rel)+pron(indef)	
ghelt	geld	n(sing)	
vte	uit	adp()	
cnochte	knopen	v(fin,past,lex)

god	god	n(sing)	
gheue	geven	v(fin,pres,lex)	
hem	hij	pron(pers,3,sing)	
den	de	art(def)	
langhen	lang	adj()	
wen	ween	n(sing)

die	die	pron(rel)	
te	te	adp()	
cnauwene	knauwen	v(infin)	
gaf	geven	v(fin,past,lex)	
dit	dit	pron(dem)	
been	been	n(sing)

den	de	art(def)	
edelen	edel	adj()	
ghedochte	gedachte	n(sing)

want	want	conj(subord)	
hire	hij+er	pron(pers,3,sing)+pronadv(pers)	
mort	moord	n(prop)	
an	aan	pronadv(pers)	
wrochte	werken	v(fin,past,lex)

vvat	wat	pron(inter)	
sal	zullen	v(fin,pres,aux_cop)	
seghel	zegel	n(sing)	
ende	en	conj(coord)	
was	was	n(sing)

ende	en	conj(coord)	
brieuen	brief	n(plu)	
die	die	pron(rel)	
ghewaghen	gewagen	v(fin,pres,lex)	
das	dat	pron(dem)

wat	wat	pron(rel)	
dese	deze	pron(dem)	
heeren	heer	n(plu)	
gheuen	geven	v(infin)

hets	het+zijn	pron(pers,3,sing)+v(fin,pres,aux_cop)	
al	al	adv(gener)	
niet	niet	adv(neg)	
hes	het+zijn	pron(pers,3,sing)+v(fin,pres,aux_cop)	
een	een	art(indef)	
ghedwas	gedwaas	n(sing)

alse	als	adv(dem)	
lief	lief	adj()	
hadt	hebben	v(fin,past,aux_cop)	
mi	ik	pron(pers,1,sing)	
een	een	art(indef)	
wilt	wild	adj()	
sas	Saks	n(prop)

oft	of	conj(coord)	
een	een	art(indef)	
vrese	Fries	n(prop)	
bescreuen	beschrijven	v(participle,past)

trouwe	trouw	n(sing)	
es	zijn	v(fin,pres,aux_cop)	
broscher	broos	adj()	
dan	dan	conj(comp)	
i	een	art(indef)	
glas	glas	n(sing)

die	die	pron(rel)	
hier	hier	adv(dem)	
te	te	adp()	
voren	voren	adv(gener)	
so	zo	adv(dem)	
sterc	sterk	adj()	
was	zijn	v(fin,past,aux_cop)

so	zo	adv(resum)	
es	zijn	v(fin,pres,aux_cop)	
te+broken	tebreken	v(participle,past)	
bleuen	blijven	v(participle,past)

ic	ik	pron(pers,1,sing)	
wane	wanen	v(fin,pres,lex)	
noyt	nooit	adv(gener)	
dies	de	pron(dem)	
lands + heere	landheer	n(sing)	
genas	genezen	v(fin,past,lex)

hine	hij+ne	pron(pers,3,sing)+adv(neg)	
moeste	moeten	v(fin,past,aux_cop)	
int	in+het	adp()+art(def)	
hende	eind	n(sing)	
sneuen	sneven	v(infin)

ende	en	conj(coord)	
sulc	zulk	pron(indef)	
es	zijn	v(fin,pres,aux_cop)	
slands	het+land	art(def)+n(sing)	
verdreuen	verdrijven	v(participle,past)

martin	martijn	n(prop)	
du	du	pron(pers,2,sing)	
berechts	berechten	v(fin,pres,lex)	
mi	ik	pron(pers,1,sing)	
wel	wel	adv(gener)

hier+bi	hierbij	pronadv(dem)	
sijn	zijn	v(fin,pres,aux_cop)	
die	de	art(def)	
heeren	heer	n(plu)	
fel	fel	adj()

ende	en	conj(coord)	
wandel	wandel	adj()	
in	in	adp()	
die	de	art(def)	
tale	taal	n(sing)

in	ik+ne 	pron(pers,1,sing)+adv(neg)	
weeter	weten+er	v(infin)+pronadv(pers)	
wat	wat	pron(inter)	
toe	toe	adv(gener)	
segghen	zeggen	v(fin,pres,lex)	
el	el	adv(gener)

die	de	art(def)	
scalc	schalk	n(sing)	
hout	houden	v(fin,pres,lex)	
boesheit	boosheid	n(sing)	
ouer	over	adp()	
spel	spel	n(sing)

hij	hij	pron(pers,3,sing)	
pijnt	pijnen	v(fin,pres,lex)	
hoe	hoe	adv(inter)	
hi	hij	pron(pers,3,sing)	
die	de	art(def)	
doghet	deugd	n(sing)	
smale	smalen	v(infin)

caym	ka•n	n(prop)	
slouch	slaan	v(fin,past,lex)	
den	de	art(def)	
edelen	edel	adj()	
abel	abel	n(prop)

dus	dus	adv(dem)	
souct	zoeken	v(fin,pres,lex)	
die	de	art(def)	
scalc	schalk	n(sing)	
sijns	zijn	pron(poss)	
heeren	heer	n(plu)	
vel	vel	n(sing)

hoe	hoe	adv(inter)	
hine	hij+hij	pron(pers,3,sing)+pron(pers,3,sing)	
ghetrect	trekken	v(participle,past)	
te	te	adp()	
dale	dal	n(sing)

god	god	n(sing)	
die	die	pron(rel)	
ons	wij	pron(pers,1,plu)	
noch	nog	adv(gener)	
doemen	doemen	v(infin)	
sel	zullen	v(fin,pres,aux_cop)

biddic	bidden+ik	v(fin,pres,lex)+pron(pers,1,sing)	
dat	dat	conj(subord)	
hi	hij	pron(pers,3,sing)	
den	de	art(def)	
duuel	duivel	n(sing)

inden	in+de	adp()+art(def)	
joncsten	jongsten	adv(gener)	
male	maal	n(sing)

metten	met+de	adp()+art(def)	
scalken	schalk	n(prop)	
betale	betalen	v(fin,pres,lex)

martin	martijn	n(prop)	
nv	nu	adv(dem)	
berecht	berechten	v(imp)	
mi	ik	pron(pers,1,sing)	
dies	die	pron(dem)

berecht	berechten	v(fin,pres,lex)	
een	een	art(indef)	
god	god	n(sing)	
die	de	pron(rel)	
noyt	nooit	adv(neg)	
en	ne	adv(neg)	
wies	wassen	v(fin,past,lex)

alle	al	pron(indef)	
creatueren	creatuur	n(plu)

twi	twi	adv(inter)	
heuet	hebben	v(fin,pres,lex)	
die	de	art(def)	
quade	kwade	n(sing)	
dan	dan	conj(comp)	
den	de	art(def)	
kies	kies	n(sing)

entie	en+die	conj(coord)+pron(dem)	
goede	goed	n(sing)	
heeft	hebben	v(fin,pres,aux_cop)	
al	al	num(indef)	
tverlies	dat+verlies	art(def)+n(sing)

wie	wie	pron(inter)	
saelt	zullen+het	v(fin,pres,aux_cop)+pron(pers,3,sing)	
ouer	over	adp()	
recht	recht	adj()	
curen	keuren	v(infin)

mijn	mijn	pron(poss)	
sin	zin	n(sing)	
seghet	zeggen	v(fin,pres,lex)	
mi	ik	pron(pers,1,sing)	
als	als	conj(comp)	
eenen	een	art(indef)	
ries	ries	n(sing)

hi	hij	pron(pers,3,sing)	
die	de	pron(rel)	
adame	adam	n(prop)	
tlijf	het+lijf	art(def)+n(sing)	
in	in	adp()	
blies	blazen	v(fin,past,lex)

die	de	art(def)	
meester	meester	n(sing)	
der	de	art(def)	
natueren	natuur	n(sing)

heuet	hebben	v(fin,pres,aux_cop)	
beuolen	bevelen	v(participle,past)	
merc	merken	v(imp)	
ende	en	conj(coord)	
besies	bezien	v(imp)

der	de	art(def)	
blender	blind	adj()	
auentueren	avontuur	n(sing)

die	die	art(def)	
verkeert	verkeren	v(fin,pres,lex)	
telker	te+elk	adp()+num(indef)	
vren	uur	n(plu)

iacop	jacob	n(prop)	
sech	zeggen	v(imp)	
bestu	zijn+du	v(fin,pres,aux_cop)+pron(pers,2,sing)	
verdort	verdoren	v(participle,past)

dauenture	de+avontuur	art(def)+n(sing)	
es	zijn	v(fin,pres,lex)	
maer	maar	conj(coord)	
een	een	art(indef)	
wort	woord	n(sing)

van	van	adp()	
gheveinsder	geveinsd	adj()	
spraken	spraak	n(sing)

brincstu	brengen+du	v(fin,pres,lex)+pron(pers,2,sing)	
ongheloue	ongeloof	n(sing)	
vort	voort	v(prtcl)

god	god	n(sing)	
siet	zien	v(fin,pres,lex)	
alle	al	pron(indef)	
dinc	ding	n(plu)	
ende	en	conj(coord)	
hort	horen	v(fin,pres,lex)

wiltu	willen+du	v(fin,pres,aux_cop)+pron(pers,2,sing)	
den	de	art(def)	
duuel	duivel	n(sing)	
maken	maken	v(infin)

wie	wie	pron(inter)	
heuet	hebben	v(fin,pres,aux_cop)	
dijn	dijn	pron(poss)	
herte	hart	n(sing)	
dus	dus	adv(dem)	
becort	bekoren	v(participle,past)

dattu	dat+du	conj(subord)+pron(pers,2,sing)	
helts	hellen	v(fin,pres,lex)	
ant	aan+het	adp()+art(def)	
legher	laag	adj()	
bort	boord	n(sing)

die	de	art(def)	
papen	paap	n(plu)	
sullent	zullen+het	v(fin,pres,aux_cop)+pron(pers,3,sing)	
smaken	smaken	v(infin)

so	zo	adv(resum)	
werdstu	worden+du	v(fin,pres,aux_cop)+pron(pers,2,sing)	
verbrant	verbranden	v(participle,past)	
ende	en	conj(coord)	
versmort	versmoren	v(participle,past)

in	ik+ne	pron(pers,1,sing)+adv(neg)	
gaue	geven	v(fin,past,lex)	
om	om	adp()	
dine	dijn	pron(poss)	
ziele	ziel	n(sing)	
niet	niet	adv(neg)	
i	een	num(card)	
ort	oord	n(sing)

men	men	pron(indef)	
mach	mogen	v(fin,pres,aux_cop)	
met	met	adp()	
dusdanen	dusdaan	pron(dem)	
saken	zaak	n(plu)

gode	god	n(sing)	
niet	niet	adv(neg)	
ghenaken	genaken	v(infin)

god	god	n(prop)	
en	ne	adv(neg)	
was	zijn	v(fin,past,aux_cop)	
noyt	nooit	adv(neg)	
moede	moede	adj()	
no	no	conj(coord)	
mat	mat	adj()

int	in+het	adp()+art(def)	
wout	woud	n(sing)	
en	ne	adv(neg)	
es	zijn	v(fin,pres,aux_cop)	
loef	loof	n(sing)	
no	no	conj(coord)	
blat	blad	n(sing)

buten	buiten	adp()	
ziere	zijn	pron(poss)	
hoeden	hoede	n(sing)

al	al	num(indef)	
dat	dat	pron(dem)	
es	zijn	v(fin,pres,aux_cop)	
in	in	adp()	
elke	elk	num(indef)	
stat	stad	n(sing)

dat	dat	pron(rel)	
behoet	behoeden	v(fin,pres,lex)	
hi	hij	pron(pers,3,sing)	
ende	en	conj(coord)	
besat	bezetten	v(fin,past,lex)

met	met	adp()	
godliken	goddelijk	adj()	
goede	goed	n(plu)

al	al	adv(gener)	
ghehinghet	gehengen	v(fin,pres,lex)	
hi	hij	pron(pers,3,sing)	
dan	dan	conj(comp)	
dat	dat	pron(dem)

dat	dat	conj(subord)	
die	de	art(def)	
quade	kwade	n(sing)	
ghewinnet	gewinnen	v(fin,pres,lex)	
scat	schat	n(sing)

ende	en	conj(coord)	
menne	men+hij	pron(indef)+pron(pers,3,sing)	
heet	heten	v(fin,pres,aux_cop)	
den	de	art(def)	
vroeden	vroed	adj()

so	zo	adv(gener)	
hi	hij	pron(pers,3,sing)	
hoghere	hoog	adj()	
sit	zitten	v(fin,pres,lex)	
vpt	op+het	adp()+art(def)	
rat	rad	n(sing)

so	zo	adv(dem)	
hogher	hoog	adj()	
val	val	n(sing)	
so	zo	adv(dem)	
meerre	meer	adv(gener)	
plat	plat	n(sing)

inder	in+de	adp()+art(def)	
helscher	hels	adj()	
gloeden	gloed	n(sing)

onder	onder	adp()	
der	de	art(def)	
duuele	duivel	n(sing)	
roeden	roede	n(sing)

die	de	art(def)	
rechtste	recht	adj()	
wech	weg	n(sing)	
ter	te+de	adp()+art(def)	
hellen	hel	n(sing)	
waert	waart	adv(gener)

entie	en+die	conj(coord)+pron(dem)	
alre	al	adj()	
cortste	kortst	adj()	
vaert	vaart	n(sing)

dats	dat+zijn	pron(dem)+v(fin,pres,aux_cop)	
gheluc	geluk	n(sing)	
in	in	adp()	
sonden	zonde	n(plu)

als	als	conj(subord)	
men	men	pron(indef)	
gheen	geen	num(indef)	
mesdoen	misdoen	v(infin)	
ne	ne	adv(neg)	
spaert	sparen	v(fin,pres,lex)

ende	en	conj(coord)	
men	men	pron(indef)	
emmer	immer	adv(gener)	
vort	voorts	adv(gener)	
bezwaert	bezwaren	v(fin,pres,lex)

die	de	art(def)	
zielen	ziel	n(plu)	
ghebonden	binden	v(participle,past)

ende	en	conj(coord)	
dan	dan	adv(dem)	
ghesciet	geschieden	v(participle,past)	
als	als	conj(subord)	
hem	hij	pron(pers,3,sing)	
begaert	begeren	v(fin,pres,lex)

ende	en	conj(coord)	
men	men	pron(indef)	
en	ne	adv(neg)	
rouct	roeken	v(fin,pres,lex)	
wiere	wij+er	pron(pers,1,plu)+pronadv(pers)	
mesbaert	misbaren	v(fin,pres,lex)

nu	nu	adv(dem)	
noch	nog	adv(gener)	
te	te	adp()	
gheenen	geen	num(indef)	
stonden	stond	n(plu)

so	zo	adv(resum)	
comt	komen	v(fin,pres,lex)	
die	de	art(def)	
doet	dood	n(sing)	
diet	die+het	pron(rel)+pron(pers,3,sing)	
al	al	adv(gener)	
vertaert	verteren	v(fin,pres,lex)

onversien	onverzien	adv(gener)	
want	want	conj(subord)	
hets	het+zijn	pron(pers,3,sing)+v(fin,pres,aux_cop)	
haer	haar	pron(poss)	
aert	aard	n(sing)

panden	panden	v(infin)	
van	van	adp()	
haren	haar	pron(poss)	
ponden	pond	n(plu)

die	die	pron(rel)	
niemene	niemand 	pron(indef)	
can	kunnen	v(fin,pres,aux_cop)	
ghegronden	gegronden	v(infin)

iacop	jacob	n(prop)	
du	du	pron(pers,2,sing)	
heues	hebben	v(fin,pres,aux_cop)	
mi	ik	pron(pers,1,sing)	
bekeert	bekeren	v(participle,past)

ende	en	conj(coord)	
ghewijst	wijzen	v(participle,past)	
ende	en	conj(coord)	
gheleert	leren	v(participle,past)

van	van	adp()	
dies	die	pron(rel)	
ic	ik	pron(pers,1,sing)	
niet	niet	adv(neg)	
en	ne	adv(neg)	
wiste	weten	v(fin,past,lex)

al	al	conj(subord)	
sie	zien	v(fin,pres,lex)	
ic	ik	pron(pers,1,sing)	
meer	meer	num(indef)	
den	de	art(def)	
quaden	kwade	n(plu)	
gheheert	eren	v(participle,past)

mijn	mijn	pron(poss)	
herte	hart	n(sing)	
en	ne	adv(neg)	
werdes	worden	v(fin,past,aux_cop)	
niet	niet	adv(neg)	
verseert	verzeren	v(participle,past)

noch	noch	conj(coord)	
in	in	adp()	
gheenen	geen	pron(indef)	
twiste	twist	n(sing)

al	al	conj(subord)	
heuet	hebben	v(fin,pres,lex)	
hi	hij	pron(pers,3,sing)	
meer	meer	adv(gener)	
dan	dan	conj(comp)	
hi	hij	pron(pers,3,sing)	
vertert	verteren	v(fin,pres,lex)

ende	en	conj(coord)	
hi	hij	pron(pers,3,sing)	
wint	winnen	v(fin,pres,lex)	
dat	dat	conj(subord)	
hi	hij	pron(pers,3,sing)	
begaert	begeren	v(fin,pres,lex)

met	met	adp()	
scalcheit	schalkheid	n(sing)	
ende	en	conj(coord)	
met	met	adp()	
liste	list	n(sing)

ghinder	ginder	adv(dem)	
wert	worden	v(fin,pres,aux_cop)	
hi	hij	pron(pers,3,sing)	
ghedestruweert	destrueren	v(participle,past)

ende	en	conj(coord)	
ghebonden	binden	v(participle,past)	
ende	en	conj(coord)	
ghemeert	meren	v(participle,past)

sine	zijn	pron(poss)	
kindere	kind	n(plu)	
gaen	gaan	v(infin)	
te	te	adp()	
quiste	kwist	n(sing)

ghelijc	gelijk	adv(gener)	
eenen	een	art(indef)	
miste	mist	n(sing)

martin	martijn	n(prop)	
waerstu	zijn+du	v(fin,past,aux_cop)+pron(pers,2,sing)	
niet	niet	adv(neg)	
so	zo	adv(resum)	
vreet	vreed	adj()

eene	een	art(indef)	
dinc	ding	n(sing)	
die	die	pron(rel)	
ic	ik	pron(pers,1,sing)	
niet	niet	adv(neg)	
en	ne	adv(neg)	
weet	weten	v(fin,pres,lex)

soudic	zullen+ik	v(fin,past,aux_cop)+pron(pers,1,sing)	
hu	gij	pron(pers,2,plu)	
gherne	gaarne	adv(gener)	
vraghen	vragen	v(infin)

twi	twi	adv(inter)	
sijn	zijn	v(fin,pres,aux_cop)	
die	de	art(def)	
sonden	zonde	n(plu)	
gode	god	n(sing)	
so	zo	adv(dem)	
leet	leden	v(fin,past,lex)

dat	dat	conj(subord)	
hi	hij	pron(pers,3,sing)	
den	de	art(def)	
sondare	zondaar	n(sing)	
es	zijn	v(fin,pres,aux_cop)	
so	zo	adv(resum)	
heet	heet	adj()

in	in	adp()	
wraken	wraak	n(plu)	
ende	en	conj(coord)	
in	in	adp()	
plaghen	plaag	n(plu)

want	want	conj(subord)	
gheen	geen	pron(indef)	
sondare	zondaar	n(sing)	
langher	lang	adv(gener)	
steet	staan	v(fin,pres,lex)

in	in	adp()	
sonden	zonde	n(plu)	
dan	dan	conj(comp)	
sijn	zijn	pron(poss)	
lijf	lijf	n(sing)	
es	zijn	v(fin,pres,aux_cop)	
breet	breed	adj()

twi	twi	adv(inter)	
torment	tormenten	v(fin,pres,lex)	
hine	hij+hij	pron(pers,3,sing)+pron(pers,3,sing)	
met	met	adp()	
slaghen	slag	n(plu)

eewelike	eeuwelijk	adv(gener)	
sonder	zonder	adp()	
versceet	verscheid	n(sing)

dit	dit	pron(dem)	
en	en	adv(neg)	
scijnt	schijnen	v(fin,pres,aux_cop)	
te	te	adp()	
pointe	punt	n(sing)	
niet	niet	adv(neg)	
gheleet	leiden	v(participle,past)

tordeel	het+oordeel	art(def)+n(sing)	
dorstics	durven+ik+dat	v(fin,pres,lex)+pron(pers,1,sing)+pron(dem)	
ghewaghen	gewagen	v(infin)

al	al	conj(subord)	
weten	weten	v(fin,pres,lex)	
wijs	wij+het	pron(pers,1,plu)+pron(pers,3,sing)	
wien	wie	pron(inter)	
claghen	klagen	v(infin)

iacop	jacob	n(prop)	
god	god	n(sing)	
die	die	pron(rel)	
herten	hart	n(plu)	
kent	kennen	v(fin,pres,lex)

sent	zenden	v(fin,pres,lex)	
den	de	art(def)	
sondare	zondaar	n(sing)	
recht	recht	adj()	
torment	torment	n(sing)

nader	na+de	adp()+art(def)	
herten	hart	n(sing)	
ghedochte	gedachte	n(sing)

omme + dat	omdat	conj(subord)	
hi	hij	pron(pers,3,sing)	
wilde	willen	v(fin,past,lex)	
als	als	conj(comp)	
i	een	art(indef)	
rent	rund	n(sing)

altoes	altoos	adv(gener)	
leuen	leven	v(infin)	
ende	en	conj(coord)	
onghehent	onge‘ind	adv(gener)

vp+dat	opdat	conj(subord)	
wesen	wezen	v(infin)	
mochte	mogen	v(fin,past,aux_cop)

so	zo	adv(resum)	
es	zijn	v(fin,pres,aux_cop)	
hi	hij	pron(pers,3,sing)	
ter	te+de	adp()+art(def)	
hellen	hel	n(sing)	
ghesent	zenden	v(participle,past)

daer	daar	adv(rel)	
hi	hij	pron(pers,3,sing)	
eewelijc	eeuwelijk	adv(gener)	
es	zijn	v(fin,pres,aux_cop)	
ghescent	schenden	v(participle,past)

want	want	conj(subord)	
sijn	zijn	pron(poss)	
wille	wil	n(sing)	
dat	dat	pron(dem)	
wrochte	werken	v(fin,past,lex)

besie	bezien	v(imp)	
dine	dijn	pron(poss)	
herte	hart	n(sing)	
al	al	adv(gener)	
omtrent	omtrent	adv(gener)

dincti	dunken+gij	v(fin,pres,aux_cop)+pron(pers,2,plu)	
dese	deze	pron(dem)	
redene	reden	n(sing)	
blent	blind	adj()

die	die	pron(rel)	
ic	ik	pron(pers,1,sing)	
hier	hier	pronadv(dem)	
toe+brochte	toebrengen	v(fin,past,lex)

neent	neen+het	adv(neg)+pron(pers,3,sing)	
diet	die+het	pron(rel)+pron(pers,3,sing)	
wel	wel	adv(gener)	
besochte	bezoeken	v(fin,past,lex)

martin	martijn	n(prop)	
du	du	pron(pers,2,sing)	
seghes	zeggen	v(fin,pres,lex)	
wel	wel	adv(gener)	
ende	en	conj(coord)	
waer	waar	n(sing)

ende	en	conj(coord)	
dine	dijn	pron(poss)	
redene	reden	n(sing)	
die	die	pron(rel)	
es	zijn	v(fin,pres,aux_cop)	
claer	klaar	adj()

ende	en	conj(coord)	
licht	licht	adv(gener)	
te	te	adp()	
verstane	verstaan	v(infin)

al	al	num(indef)	
ghepeins	gepeins	n(sing)	
es	zijn	v(fin,pres,aux_cop)	
openbaer	openbaar	adj()

vor	voor	adp()	
hem	hij	pron(pers,3,sing)	
die	die	pron(dem)	
tellet	tellen	v(fin,pres,lex)	
alle	al	pron(indef)	
haer	haar	n(sing)

ende	en	conj(coord)	
wat	wat	pron(rel)	
die	de	art(def)	
hemel	hemel	n(sing)	
heeft	hebben	v(fin,pres,lex)	
ane	aan	adp()

ia	ja	interj()	
louere	loof	n(plu)	
gras	gras	n(sing)	
dach	dag	n(sing)	
ende	en	conj(coord)	
jaer	jaar	n(sing)

dropele	druppel	n(plu)	
zants	zand	n(plu)	
es	zijn	v(fin,pres,aux_cop)	
hem	hij	pron(pers,3,sing)	
niet	niet	adv(neg)	
zwaer	zwaar	adj()

in	in	adp()	
telne	te+tellen	adp()+v(infin)	
te	te	adp()	
beuane	bevangen	v(infin)

hi	hij	pron(pers,3,sing)	
heuet	hebben	v(fin,pres,lex)	
ypocricie	hypocrisie	n(sing)	
ommaer	onmaar	adj()

ende	en	conj(coord)	
leghet	liggen	v(fin,pres,lex)	
hem	hij	pron(pers,3,sing)	
met	met	adp()	
wraken	wraak	n(sing)	
naer	naar	adp()

die	die	pron(rel)	
in	in	adp()	
hare	haar	pron(poss)	
bane	baan	n(sing)

pleghen	plegen	v(fin,pres,lex)	
omme	om	adp()	
te	te	adp()	
gane	gaan	v(infin)

soete	zoet	adj()	
martin	martijn	n(prop)	
men	men	pron(indef)	
leset	lezen	v(fin,pres,lex)	
dat	dat	conj(subord)

al	al	conj(subord)	
gauic	geven+ik	v(fin,past,lex)+pron(pers,1,sing)	
wech	weg	n(sing)	
lijf	lijf	n(sing)	
ende	en	conj(coord)	
scat	schat	n(sing)

ende	en	conj(coord)	
ghedoghede	gedogen	v(fin,past,lex)	
grote	groot	adj()	
coude	koude	n(sing)

ware	zijn	v(fin,past,lex)	
ic	ik	pron(pers,1,sing)	
in	in	adp()	
hooft+sonden	hoofdzonde	n(plu)	
mat	mat	adj()

het	het	pron(pers,3,sing)	
en	ne	adv(neg)	
diedde	duiden	v(fin,past,lex)	
mi	ik	pron(pers,1,sing)	
niet	niet	adv(neg)	
een	een	art(indef)	
blat	blad	n(sing)

die	de	art(def)	
nieuwe	nieuw	adj()	
wet	wet	n(sing)	
spreect	spreken	v(fin,pres,lex)	
ende	en	conj(coord)	
toude	het+oud	art(def)+adj()

die	die	pron(rel)	
ons	wij	pron(pers,1,plu)	
dus	dus	adv(dem)	
nauwe	nauw	adv(gener)	
maken	maken	v(fin,pres,lex)	
den	de	art(def)	
pat	pad	n(sing)

te	te	adp()	
hemele+waert	hemelwaarts	adj()	
ende	en	conj(coord)	
so	zo	adv(resum)	
glat	glad	adj()

ic	ik	pron(pers,1,sing)	
wilde	willen	v(fin,past,aux_cop)	
god	god	n(sing)	
selue	zelf	pron(dem)	
woude	willen	v(fin,past,aux_cop)

dat	dat	conj(subord)	
si	zij	pron(pers,3,plu)	
portiers	portier	n(plu)	
waren	zijn	v(fin,past,aux_cop)	
ghesat	zetten	v(participle,past)

ter	te+de	adp()+art(def)	
hellen	hel	n(sing)	
si	zij	pron(pers,3,plu)	
souden	zullen	v(fin,past,aux_cop)	
tgat	het+gat	art(def)+n(sing)

so	zo	adv(resum)	
houden	houden	v(infin)	
met	met	adp()	
ghewoude	gewoud	n(sing)

dattre	dat+er	pron(rel)+pronadv(pers)	
cume	kuim	adv(gener)	
iemene	iemand	pron(indef)	
in	in	pronadv(pers)	
soude	zullen	v(fin,past,aux_cop)

iacop	jacob	n(prop)	
menech	menig	num(indef)	
prouft	proeven	v(fin,pres,lex)	
ende	en	conj(coord)	
coort	keuren	v(fin,pres,lex)

der	de	art(def)	
helegher	heilig	adj()	
scrifturen	schriftuur	n(sing)	
wort	woord	n(sing)

ende	en	conj(coord)	
waense	wanen+zij	v(fin,past,aux_cop)+pron(pers,3,sing)	
wel	wel	adv(gener)	
ghegronden	gegronden	v(infin)

so	zo	adv(resum)	
clapt	klappen	v(fin,past,lex)	
hijt	hij+het	pron(pers,3,sing)+pron(pers,3,sing)	
leeken	leek	adj()	
lieden	lieden	n(plu)	
vort	voort	adv(gener)

die	die	pron(rel)	
gherne	gaarne	adv(gener)	
nieuwe	nieuw	adj()	
dinghen	ding	n(plu)	
hort	horen	v(fin,pres,aux_cop)

wat	wat	pron(rel)	
hi	hij	pron(pers,3,sing)	
heuet	hebben	v(fin,pres,aux_cop)	
vonden	vinden	v(participle,past)

selue	zelf	pron(dem)	
verstaet	verstaan	v(fin,pres,lex)	
hijs	hij+het	pron(pers,3,sing)+pron(dem)	
niet	niet	adv(neg)	
een	een	art(indef)	
ort	oord	n(sing)

dits	dit+zijn	pron(dem)+v(fin,pres,aux_cop)	
meerre	meer	adj()	
mesdaet	misdaad	n(sing)	
dan	dan	conj(comp)	
mort	moord	n(sing)

dat	dat	conj(subord)	
si	zij	pron(pers,3,plu)	
gods	god	n(sing)	
wort	woord	n(sing)	
dus	dus	adv(dem)	
wonden	wonden	v(fin,past,lex)

hier	hier	adv(dem)	
naeyen	naaien	v(fin,pres,lex)	
sijt	zij+het	pron(pers,3,sing)+pron(pers,3,sing)	
hier	hier	adv(dem)	
eyst	zijn+het	v(fin,pres,aux_cop)+pron(pers,3,sing)	
ghescort	scheuren	v(participle,past)

hier	hier	adv(dem)	
breect	breken	v(fin,pres,lex)	
een	een	art(indef)	
naghel	nagel	n(sing)	
hier	hier	pronadv(dem)	
i	een	art(indef)	
bort	bord	n(sing)

wapene	wapen	interj()	
vanden	van+de	adp()+art(def)	
honden	hond	n(plu)

nu	nu	adv(dem)	
ende	en	conj(coord)	
tallen	te+al	adp()+pron(indef)	
stonden	stond	n(plu)

vvanen	wanen	v(fin,pres,lex)	
si	zij	pron(pers,3,plu)	
die	de	art(def)	
wort	woord	n(plu)	
ghegronden	gegronden	v(infin)	
saen	zaan	adv(gener)

daer	daar	pronadv(rel)	
die	de	art(def)	
wortele	wortel	n(plu)	
ane	aan	pronadv(rel)	
staen	staan	v(fin,pres,lex)

gheplant	planten	v(participle,past)	
in	in	adp()	
hemelrike	hemelrijk	n(sing)

si	zij	pron(pers,3,plu)	
iaghen	jagen	v(fin,pres,lex)	
vele	veel	adv(gener)	
ende	en	conj(coord)	
cleene	klein	adv(gener)	
si	zij	pron(pers,3,plu)	
vaen	vangen	v(fin,pres,lex)

so	zo	adv(resum)	
willen	willen	v(fin,pres,aux_cop)	
si	zij	pron(pers,3,plu)	
tsamen	tezamen	adv(gener)	
slaen	slaan	v(infin)

ghelike	gelijke	n(sing)	
ende	en	conj(coord)	
onghelike	ongelijke	n(sing)

dies	dies	adv(gener)	
latic	laten+ik	v(fin,pres,lex)+pron(pers,1,sing)	
mijn	mijn	pron(poss)	
vraghen	vragen	n(plu)	
gaen	gaan	v(infin)

want	want	conj(coord)	
het	het	pron(pers,3,sing)	
dinct	dunken	v(fin,pres,aux_cop)	
mi	ik	pron(pers,1,sing)	
best	best	adv(gener)	
ghedaen	doen	v(participle,past)

dat	dat	conj(subord)	
ic	ik	pron(pers,1,sing)	
hier	hier	pronadv(dem)	
af	af	pronadv(prep)	
wike	wijken	v(fin,pres,lex)

dan	dan	conj(comp)	
ic	ik	pron(pers,1,sing)	
viel	vallen	v(fin,past,lex)	
in	in	adp()	
dommen	dom	adj()	
waen	waan	n(sing)

ende	en	conj(coord)	
nutter	nut	adj()	
eist	zijn+het	v(fin,pres,aux_cop)+pron(pers,3,sing)	
dat	dat	conj(subord)	
hi	hij	pron(pers,3,sing)	
vliet	vlieden	v(fin,pres,lex)	
de	de	art(def)	
naen	naan	n(sing)

dan	dan	conj(comp)	
hi	hij	pron(pers,3,sing)	
te	te	adp()	
campe	kamp	n(sing)	
strike	strijken	v(fin,past,lex)

ieghen	jegen	adp()	
den	de	art(def)	
kempe	kempe	n(sing)	
eerlike	eerlijk	adj()

of	of	conj(coord)	
god	god	n(sing)	
ten	te+de	adp()+art(def)	
joncsten	jongsten	adv(gener)	
daghe	dag	n(sing)	
sal	zullen	v(fin,pres,aux_cop)

ghepeins	gepeins	n(sing)	
ende	en	conj(coord)	
wort	woord	n(sing)	
berechten	berechten	v(infin)	
al	al	num(indef)

daer	daar	pronadv(rel)	
wi	wij	pron(pers,1,plu)	
in	in	adp()	
oint	ooit	adv(indef)	
mesdaden	misdoen	v(fin,past,lex)

soudi	zullen+hij	v(fin,past,aux_cop)+pron(pers,3,sing)	
alse	als	conj(comp)	
eenen	een	art(indef)	
onwerden	onwaard	adj()	
bal	bal	n(sing)

weldaet	weldaad	n(sing)	
werpen	werpen	v(fin,pres,lex)	
int	in+dat	adp()+art(def)	
helsche	hels	adj()	
dal	dal	n(sing)

so	zo	adv(resum)	
ware	zijn	v(fin,past,aux_cop)	
hi	hij	pron(pers,3,sing)	
sonder	zonder	adp()	
ghenaden	genade	n(sing)

neen	neen	interj()	
hi	hij	pron(pers,3,sing)	
en	ne	adv(neg)	
es	zijn	v(fin,pres,aux_cop)	
niet	niet	adv(neg)	
so	zo	adv(dem)	
smal	smal	adj()

van	van	adp()	
wel+daden	weldaad	n(plu)	
dat	dat	art(def)	
ghetal	getal	n(sing)

hen	zij	pron(pers,3,plu)	
wert	worden	v(fin,past,lex)	
van	van	adp()	
grade	graad	n(sing)	
te	te	adp()	
graden	graad	n(plu)

van	van	adp()	
gode	god	n(prop)	
ghedanct	danken	v(participle,past)	
die	die	pron(rel)	
noyt	nooit	adv(neg)	
en	ne	adv(neg)	
al	helen	v(fin,past,lex)

wat	wat	pron(rel)	
men	men	pron(indef)	
wel	wel	adv(gener)	
dede	doen	v(fin,past,lex)	
ofte	of	conj(coord)	
stal	stelen	v(fin,past,lex)

gherechtichede	gerechtigheid	n(sing)	
soude	zullen	v(fin,past,aux_cop)	
scaden	schaden	v(infin)

hen	zij	pron(pers,3,plu)	
horde	horen	v(fin,past,lex)	
god	god	n(sing)	
niet	niet	adv(neg)	
die	die	pron(dem)	
baden	bidden	v(fin,past,lex)

dat	dat	pron(dem)	
seit	zeggen	v(fin,pres,lex)	
dat	dat	pron(dem)	
gheloue	geloof	n(sing)	
mijn	mijn	pron(poss)

god	god	n(sing)	
moet	moeten	v(fin,pres,aux_cop)	
in	in	adp()	
hem	hij	pron(refl,3,sing)	
seluen	zelf	pron(dem)	
sijn	zijn	v(infin)

hine	hij+ne	pron(pers,3,sing)+adv(neg)	
mach	mogen	v(fin,pres,aux_cop)	
el	el	adv(dem)	
nieweren	niewer	adv(dem)	
wesen	wezen	v(infin)

hi	hij	pron(pers,3,sing)	
es	zijn	v(fin,pres,aux_cop)	
gherechticheden	gerechtigheid	n(plu)	
fijn	fijn	n(sing)

ende	en	conj(coord)	
ghenadichede	genadigheid	n(sing)	
dats	dat+zijn	pron(dem)+v(fin,pres,aux_cop)	
anschijn	aanschijn	adv(gener)

hets	het+zijn	pron(pers,3,sing)+v(fin,pres,aux_cop)	
al	al	adv(gener)	
een	een	num(card)	
van	van	adp()	
desen	deze	pron(dem)

die	die	pron(rel)	
vanden	van+de	adp()+art(def)	
watre	water	n(sing)	
maecte	maken	v(fin,past,lex)	
wijn	wijn	n(sing)

hine	hij+ne	pron(pers,3,sing)+adv(neg)	
es	zijn	v(fin,pres,aux_cop)	
sijns	zijn	pron(refl,3,sing)	
selues	zelf	pron(dem)	
niet	niet	adv(neg)	
eyghijn	eigen	adj()

wat	wat	pron(rel)	
so	zo	adv(gener)	
die	de	art(def)	
dore	door	n(sing)	
lesen	lezen	v(infin)

iacop	jacob	n(prop)	
hout	houden	v(imp)	
dat	dat	pron(dem)	
gheloue	geloof	n(sing)	
dijn	dijn	pron(poss)

hets	het+zijn	pron(pers,3,sing)+v(fin,pres,aux_cop)	
menich	menig	num(indef)	
onbesceeden	onbescheiden	adj()	
zwijn	zwijn	n(sing)

te	te	adp()	
priesterscap	priesterschap	n(sing)	
gheresen	gerezen	v(infin)

dies	die	pron(dem)	
niet	niet	adv(neg)	
en	en	adv(neg)	
mach	mogen	v(fin,pres,aux_cop)	
ghenesen	genezen	v(infin)

martijn	martijn	n(prop)	
dijn	dijn	pron(poss)	
gheloue	geloof	n(sing)	
es	zijn	v(fin,pres,aux_cop)	
goet	goed	adj()

ic	ik	pron(pers,1,sing)	
bem	zijn	v(fin,pres,aux_cop)	
dies	dat	pron(dem)	
seker	zeker	adj()	
ende	en	conj(coord)	
vroet	vroed	adj()

weldaet	weldaad	n(sing)	
wert	worden	v(fin,pres,aux_cop)	
niet	niet	adv(neg)	
vergheten	vergeten	v(participle,past)

laet	laten	v(fin,pres,aux_cop)	
hem	hij	pron(pers,3,sing)	
begaen	begaan	v(infin)	
diet	die+het	pron(rel)+pron(pers,3,sing)	
ghelden	gelden	v(infin)	
moet	moeten	v(fin,pres,aux_cop)

ende	en	conj(coord)	
diet	die+het	pron(rel)+pron(pers,3,sing)	
al	al	pron(indef)	
bi	bij	adp()	
redenen	reden	n(plu)	
doet	doen	v(fin,pres,lex)

nemmeer	nimmer	adv(gener)	
en	ne	adv(neg)	
willix	willen+ik 	v(fin,pres,lex)+pron(pers,1,sing)	
weten	weten	v(infin)

hi	hij	pron(pers,3,sing)	
es	zijn	v(fin,pres,aux_cop)	
die+ghene	diegene	pron(dem)	
diet	die+het	pron(rel)+pron(pers,3,sing)	
al	al	adv(gener)	
behoet	behoeden	v(fin,pres,lex)

alse	als	conj(subord)	
die	de	art(def)	
hinne	hen	n(sing)	
hare	haar	pron(poss)	
kiekine	kuiken	n(plu)	
broet	broeden	v(fin,pres,lex)

heeft	hebben	v(fin,pres,aux_cop)	
hijt	hij+het	pron(pers,3,sing)+pron(pers,3,sing)	
al	al	adv(gener)	
beseten	bezitten	v(participle,past)

hi	hij	pron(pers,3,sing)	
gheuet	geven	v(fin,pres,lex)	
ons	wij	pron(poss)	
ziele	ziel	n(sing)	
vleesch	vlees	n(sing)	
ende	en	conj(coord)	
bloet	bloed	n(sing)

hi	hij	pron(pers,3,sing)	
hoet	hoeden	v(fin,pres,lex)	
ons	wij	pron(pers,1,plu)	
vorden	voor+de	adp()+art(def)	
helschen	hels	adj()	
gloet	gloed	n(sing)

dat	dat	conj(subord)	
wi	wij	pron(pers,1,plu)	
niet	niet	adv(neg)	
werden	worden	v(infin)	
te	te	adp()	
sleten	slijten	v(infin)

ten	te+de	adp()+art(def)	
ioncsten	jongsten	adv(gener)	
noch	noch	adv(gener)	
verbeten	verbijten	v(participle,past)

martin	martin	n(prop)	
menich	menig	num(indef)	
parlement	parlementen	v(fin,pres,lex)

ende	en	conj(coord)	
seghet	zeggen	v(fin,pres,lex)	
die	de	art(def)	
minne	min	n(sing)	
es	zijn	v(fin,pres,aux_cop)	
blent	blind	adj()

oec	ook	adv(gener)	
eist	zijn+het	v(fin,pres,aux_cop)+pron(pers,3,sing)	
een	een	art(indef)	
woert	woord	n(sing)	
ghemeene	gemeen	adj()

omme+dat	omdat	conj(subord)	
ic	ik	pron(pers,1,sing)	
ben	zijn	v(fin,pres,aux_cop)	
een	een	art(indef)	
onwijs	onwijs	adj()	
rent	rund	n(sing)

so	zo	adv(resum)	
mac	maken	v(imp)	
mi	ik	pron(pers,1,sing)	
dese	deze	pron(dem)	
wort	woord	n(sing)	
bekent	bekend	v(participle,past)

want	want	conj(coord)	
ennes	ne+zijn	adv(neg)+v(fin,pres,lex)	
niet	niet	adv(neg)	
cleene	klein	adj()

es	zijn	v(fin,pres,aux_cop)	
dat	dat	conj(subord)	
waer	waar	adj()	
so	zo	adv(resum)	
es	zijn	v(fin,pres,aux_cop)	
minne	min	n(sing)	
torment	torment	n(sing)

entie	en+die	conj(coord)+pron(dem)	
hare	zij	pron(pers,3,sing)	
volghet	volgen	v(fin,pres,lex)	
es	zijn	v(fin,pres,aux_cop)	
ghescent	schenden	v(participle,past)

ende	en	conj(coord)	
onteert	onteren	v(fin,pres,lex)	
al+reene	alrein	adv(gener)

nu	nu	adv(dem)	
seghet	zeggen	v(fin,pres,lex)	
elc	elk	num(indef)	
wise	wijs	adj()	
al	al	adv(gener)	
omtrent	omtrent	adp()

dat	dat	art(def)	
minne	min	n(sing)	
dat	dat	art(def)	
edele	edel	adj()	
instrument	instrument	n(sing)

gode	god	n(sing)	
van	van	adp()	
nazareene	nazareen	n(prop)

brochte	brengen	v(fin,past,lex)	
in	in	adp()	
desen	deze	pron(dem)	
weene	ween	n(sing)

iacop	jacob	n(prop)	
dijn	dijn	pron(poss)	
vraghen	vragen	n(sing)	
es	zijn	v(fin,pres,aux_cop)	
swaer	zwaar	adj()

doch	toch	adv(gener)	
proeftmen	proeven+men	v(fin,past,lex)+pron(indef)	
in	in	adp()	
redene	reden	n(sing)	
claer	klaar	adj()

drierhande	drie‘rhande	num(ord)	
minne	min	n(sing)

deerste	de+eerst	art(def)+num(ord)	
dats	dat+zijn	pron(dem)+v(fin,pres,aux_cop)	
caritate	caritaat	n(sing)	
dats	dat+zijn	pron(dem)+v(fin,pres,aux_cop)	
waer	waar	adj()

dies	die+zijn	pron(dem)+v(fin,pres,aux_cop)	
sonder	zonder	adp()	
pine	pijn	n(sing)	
ende	en	conj(coord)	
vaer	vaar	n(sing)

ende	en	conj(coord)	
daer	daar	pronadv(dem)	
woent	wonen	v(fin,pres,lex)	
god	god	n(sing)	
inne	in	pronadv(prep)

dander	de+ander	art(def)+pron(indef)	
trect	trekken	v(fin,pres,lex)	
die	de	art(def)	
weerelt	wereld	n(sing)	
naer	naar	adp()

om	om	adp()	
eere	eer	n(sing)	
om	om	adp()	
goet	goed	n(sing)	
staet	staan	v(fin,pres,lex)	
al	al	num(indef)	
haer	haar	pron(poss)	
gaer	gaar	n(sing)

dits	dit+zijn	pron(dem)+v(fin,pres,aux_cop)	
eene	een	art(indef)	
bastaerdinne	bastaardin	n(sing)

die	de	art(def)	
derde	derde	num(ord)	
minne	min	n(sing)	
heescht	eisen	v(fin,pres,lex)	
die	de	art(def)	
jaer	jaar	n(sing)

als	als	conj(subord)	
bi	bij	adp()	
naturen	natuur	n(sing)	
elc	elk	num(indef)	
doet	doen	v(fin,pres,lex)	
sijn	zijn	pron(poss)	
paer	paar	n(sing)

al	al	adv(gener)	
noch	nog	adv(gener)	
sijn	zijn	v(fin,pres,aux_cop)	
si	zij	pron(pers,3,plu)	
dinne	dun	adj()

die	die	pron(rel)	
deser	deze	pron(dem)	
volghen	volgen	v(fin,pres,lex)	
bi	bij	adp()	
sinne	zin	n(sing)

deerste	de+eerst	art(def)+num(ord)	
minne	min	n(sing)	
es	zijn	v(fin,pres,aux_cop)	
so	zo	adv(dem)	
groot	groot	adj()

dat	dat	pron(rel)	
alleene	alleen	adv(gener)	
dat	dat	pron(rel)	
god	god	n(sing)	
gheboot	gebieden	v(fin,past,lex)

vul+prijsde	volprijzen	v(fin,past,lex)	
niet	niet	adv(neg)	
haer	haar	pron(poss)	
werde	waarde	n(sing)

iane	ja+ne	n(prop)	
trac	trekken	v(fin,past,lex)	
so	zij	pron(pers,3,sing)	
themesche	hemels	adj()	
broot	brood	n(sing)

hier	hier	adv(dem)	
neder	neder	adv(gener)	
inder	in+de	adp()+art(def)	
magheden	maagd	n(sing)	
scoot	schoot	n(sing)

onder	onder	adp()	
der	de	art(def)	
ioden	jood	n(plu)	
zwerde	zwaard	n(plu)

minne	min	n(sing)	
es	zijn	v(fin,pres,aux_cop)	
god	god	n(sing)	
dat	dat	pron(dem)	
merct	merken	v(imp)	
al	al	adv(gener)	
bloot	bloot	adv(gener)

wie	wie	pron(inter)	
mochte	mogen	v(fin,past,aux_cop)	
els	els	pron(indef)	
bringhen	brengen	v(infin)	
inder	in+de	adp()+art(def)	
noot	nood	n(sing)

hem	hij	pron(pers,3,sing)	
diet	die+het	pron(rel)+pron(pers,3,sing)	
al	al	pron(indef)	
verwerde	vervaren	v(fin,past,lex)

dan	dan	conj(comp)	
die	die	pron(rel)	
hem	hij	pron(refl,3,sing)	
seluen	zelf	pron(dem)	
daer	daar	pronadv(dem)	
in	in	pronadv(prep)	
besloot	besloten	v(fin,pres,lex)

ende	en	conj(coord)	
dor	door	adp()	
ons	wij	pron(pers,1,plu)	
sijn	zijn	pron(poss)	
bloet	bloed	n(sing)	
root	rood	adj()

storte	storten	v(fin,past,lex)	
hier	hier	pronadv(dem)	
neder	neder	adv(gener)	
vp	op	adp()	
derde	derde	art(def)+n(sing)

ende	en	conj(coord)	
in	in	adp()	
minnen	min	n(sing)	
hem	hij	pron(pers,3,sing)	
openberde	openbaren	v(fin,past,lex)

vvien	wie	pron(inter)	
dat	dat	conj(subord)	
selke	zulk	pron(dem)	
minne	min	n(sing)	
es	zijn	v(fin,pres,aux_cop)	
cont	kond	adj()

alse	als	conj(comp)	
caritate	caritaat	n(sing)	
hi	hij	pron(pers,3,sing)	
es	zijn	v(fin,pres,aux_cop)	
ghesont	gezond	adj()

men	men	pron(indef)	
machene	mogen+hij	v(fin,pres,aux_cop)+pron(pers,3,sing)	
niet	niet	adv(neg)	
verblenden	verblinden	v(infin)

al	al	conj(subord)	
laghe	liggen	v(fin,past,lex)	
hi	hij	pron(pers,3,sing)	
inder	in+de	adp()+art(def)	
hellen	hel	n(sing)	
gront	grond	n(sing)

ware	zijn	v(fin,past,aux_cop)	
hi	hij	pron(pers,3,sing)	
daer+mede	daarmede	pronadv(dem)	
ghewont	wonden	v(participle,past)

hine	hij+ne	pron(pers,3,sing)+adv(neg)	
ware	zijn	v(fin,past,aux_cop)	
niet	niet	adv(neg)	
in	in	adp()	
ellenden	ellende	n(sing)

maer	maar	conj(coord)	
god	god	n(sing)	
en	ne	adv(neg)	
wille	willen	v(fin,pres,aux_cop)	
den	de	art(def)	
riken	rijk	adj()	
vont	vond	n(sing)

gheenen	geen	num(indef)	
sondare	zondaar	n(sing)	
gheenen	geen	num(indef)	
hont	hond	n(sing)

nemmermeer	nimmermeer	adv(gener)	
toe+senden	toezenden	v(infin)

die	de	art(def)	
edele	edel	adj()	
haue	have	n(sing)	
dat	dat	conj(subord)	
diere	duur	adj()	
pont	pond	n(sing)

smaect	smaken	v(fin,pres,lex)	
alleene	alleen	adv(gener)	
der	de	art(def)	
vriende	vriend	n(plu)	
mont	mond	n(sing)

men	men	pron(indef)	
mach	mogen	v(fin,pres,aux_cop)	
haer	haar	pron(poss)	
lijf	lijf	n(sing)	
doen	doen	v(infin)	
henden	einden	v(fin,pres,lex)

ende	en	conj(coord)	
niet	niet	adv(neg)	
die	de	art(def)	
ziele	ziel	n(sing)	
scenden	schenden	v(fin,past,lex)

dander	de+ander	art(def)+num(ord)	
minne	min	n(sing)	
es	zijn	v(fin,pres,aux_cop)	
onbehoet	onbehoed	adj()

want	want	conj(subord)	
soe	zij	pron(pers,3,sing)	
staet	staan	v(fin,pres,lex)	
om	om	adp()	
terdsche	het+aards	art(def)+adj()	
goet	goed	n(sing)

ende	en	conj(coord)	
om	om	adp()	
der	de	art(def)	
weerelt	wereld	n(sing)	
eere	eer	n(sing)

dits	dit+zijn	pron(dem)+v(fin,pres,aux_cop)	
die	de	art(def)	
minne	min	n(sing)	
die	die	pron(rel)	
dicken	dik	adv(gener)	
doet	doen	v(fin,pres,lex)

rudderscap	ridderschap	n(sing)	
wesen	zijn	v(infin)	
verwoet	verwoed	adj()

enten	en+de	conj(coord)+art(def)	
woeke+heere	woekeraar	n(sing)

want	want	conj(subord)	
die	de	art(def)	
rudder	ridder	n(sing)	
niet	niet	adv(neg)	
gheroet	geroe‘n	v(fin,pres,lex)

hine	hij+ne	pron(pers,3,sing)+conj(neg)	
verslijt	verslinden	v(fin,pres,lex)	
vleesch	vlees	n(sing)	
ende	en	conj(coord)	
bloet	bloed	n(sing)

vp+dat	opdat	conj(subord)	
sijn	zijn	pron(poss)	
prijs	prijs	n(sing)	
meere	meren	v(fin,pres,lex)

tander	het+ander	art(def)+pron(indef)	
al	al	adv(gener)	
ware	zijn	v(fin,past,aux_cop)	
ghelt	geld	n(sing)	
de	de	art(def)	
vloet	vloed	n(sing)

ende	en	conj(coord)	
hem	hij	pron(pers,3,sing)	
vloyde	vloeien	v(fin,past,lex)	
in	in	adp()	
sinen	zijn	pron(poss)	
moet	moet	n(sing)

hem	hij	pron(pers,3,sing)	
soude	zullen	v(fin,past,aux_cop)	
noch	nog	adv(gener)	
also	alzo	adv(dem)	
zeere	zeer	adv(gener)

dorsten	dorsten	v(fin,pres,lex)	
dant	dan+het	conj(comp)+pron(pers,3,sing)	
dede	doen	v(fin,past,lex)	
eere	eer	adv(gener)

dese	deze	pron(dem)	
minne	min	n(sing)	
heeft	hebben	v(fin,pres,aux_cop)	
ondersceet	onderscheid	n(sing)

van	van	adp()	
hem	hij	pron(pers,3,sing)	
die	die	pron(rel)	
om	om	adp()	
die	die	pron(rel)	
om	om	adp()	
die	de	art(def)	
eere	eer	n(sing)	
steet	staan	v(fin,pres,lex)

entie	en+die	conj(coord)+pron(dem)	
pijnt	pijnen	v(fin,pres,lex)	
omden	om+de	adp()+art(def)	
scatte	schat	n(plu)

wiltu	willen+du	v(fin,pres,aux_cop)+pron(pers,2,sing)	
eere	eer	n(sing)	
hebben	hebben	v(infin)	
wes	wezen	v(imp)	
ghereet	gereed	adj()

te	te	adp()	
latene	laten	v(infin)	
dat	dat	pron(rel)	
gode	god	n(sing)	
es	zijn	v(fin,pres,aux_cop)	
leet	leed	adj()

pijndi	pijnen+dij	v(fin,past,lex)+pron(pers,3,sing)	
omme	om	adp()	
datte	dat+de	pron(dem)

dat	dat	pron(rel)	
hem	hij	pron(pers,3,sing)	
lief	lief	adj()	
es	zijn	v(fin,pres,aux_cop)	
ende	en	conj(coord)	
dat	dat	pron(rel)	
hi	hij	pron(pers,3,sing)	
heet	heten	v(fin,pres,aux_cop)

wes	wezen	v(imp)	
vromech	vromig	adj()	
ende	en	conj(coord)	
om	om	adp()	
die	de	art(def)	
eere	eer	n(sing)	
sneet	snijden	v(fin,past,lex)

houtti	houden+du	v(fin,pres,lex)+pron(pers,2,sing)	
dat	dat	conj(subord)	
men	men	pron(indef)	
di	du	pron(pers,2,sing)	
niet	niet	adv(neg)	
en	ne	adv(neg)	
matte	matten	v(fin,pres,lex)

onder	onder	adp()	
der	de	art(def)	
ydelre	ijdel	adj()	
glorien	glorie	n(sing)	
cleet	kleed	n(sing)

daer	daar	pronadv(rel)	
menestraudie	menestraudie	n(sing)	
met	mede	pronadv(rel)	
omme+gheet	omgaan	v(fin,pres,lex)

want	want	conj(coord)	
hare	haar	pron(poss)	
tonghe+platte	tongenplat	n(sing)

smelten	smelten	v(fin,pres,lex)	
alse	als	conj(comp)	
snee+clatte	sneeuwklad	n(sing)

eere	eer	n(sing)	
te	te	adp()	
minne	minnen	v(infin)	
dats	dat+zijn	pron(dem)+v(fin,pres,aux_cop)	
eene	een	art(indef)	
dinc	ding	n(sing)

daer	daar	pronadv(rel)	
noit	nooit	adv(neg)	
herte	hart	n(sing)	
met	mede	pronadv(rel)	
omme+ghinc	omgaan	v(fin,past,lex)

sone	zo+ne	adv(resum)+adv(neg)	
was	zijn	v(fin,past,aux_cop)	
van	van	adp()	
reenen	rein	adj()	
aerde	aarde	n(sing)

bestu	zijn+du	v(fin,pres,aux_cop)+pron(pers,2,sing)	
hout	oud	adj()	
of	of	conj(coord)	
ionghelinc	jongeling	n(sing)

doe	doen	v(imp)	
wel	wel	v(prtcl)	
altoes	altoos	adv(gener)	
ende	en	conj(coord)	
ontsprinc	ontspringen	v(imp)

die	de	art(def)	
herten	hart	n(sing)	
houaerde	hovaart	n(sing)

prijs	prijs	n(sing)	
die	die	pron(rel)	
in	in	adp()	
lodders	lodder	n(prop)	
tonghe	tong	n(sing)	
hinc	hangen	v(fin,past,lex)

hen	zij	pron(pers,3,plu)	
was	zijn	v(fin,past,lex)	
noyt	nooit	adv(neg)	
wert	waard	adj()	
eere	een	art(indef)	
oghen+winc	oogwenk	n(sing)

onder	onder	adp()	
die	de	art(def)	
goede	goed	adj()	
waerde	waarde	n(sing)

onwerden	onwaarde	adj()	
lof	lof	n(sing)	
vlie	vlieden	v(imp)	
ende	en	conj(coord)	
ontsprinc	ontspringen	v(imp)

die	die	pron(rel)	
meneghen	menig	num(indef)	
vaet	vangen	v(fin,pres,lex)	
ende	en	conj(coord)	
wilen	wijlen	adv(gener)	
vinc	vangen	v(fin,past,lex)

die	die	pron(rel)	
dat	dat	art(def)	
wort	woord	n(plu)	
begaerde	begeren	v(fin,past,lex)

ende	en	conj(coord)	
dat	dat	pron(rel)	
weldoen	weldoen	n(sing)	
spaerde	sparen	v(fin,past,lex)

goet	goed	n(sing)	
te	te	adp()	
hebbene	hebben	v(infin)	
ende	en	conj(coord)	
scat	schat	n(sing)

ende	en	conj(coord)	
tamelike	tamelijk	adv(gener)	
te	te	adp()	
nuttene	nutten	v(infin)	
dat	dat	conj(subord)

dats	dat+zijn	pron(dem)+v(fin,pres,aux_cop)	
een	een	art(indef)	
salich	zalig	adj()	
leuen	leven	n(sing)

maer	maar	conj(coord)	
goets	goed	n(sing)	
minne	minnen	v(infin)	
maect	maken	v(fin,pres,lex)	
i	een	art(indef)	
gat	gat	n(sing)

dat	dat	pron(rel)	
nemmermee	nimmermee	adv(gener)	
mach	mogen	v(fin,pres,aux_cop)	
werden	worden	v(infin)	
sat	zat	adj()

al	al	conj(subord)	
wildement	willen+men+het	v(fin,past,lex)+pron(indef)+pron(pers,3,sing)	
hem	hij	pron(pers,3,sing)	
al	al	num(indef)	
gheuen	geven	v(infin)

minne	minnen	v(infin)	
van	van	adp()	
goede	goed	n(sing)	
wert	worden	v(fin,past,aux_cop)	
ghehat	haten	v(participle,past)

vor	voor	adp()	
gode	god	n(sing)	
in	in	adp()	
die	de	art(def)	
hoghe	hoog	adj()	
stat	stad	n(sing)

daer	daar	adv(rel)	
die	de	art(def)	
inghelen	engel	n(plu)	
beuen	beven	v(fin,pres,lex)

dese	deze	pron(dem)	
scuwen	schuwen	v(fin,pres,lex)	
der	de	art(def)	
eeren	eer	n(sing)	
pat	pad	n(sing)

want	want	conj(coord)	
soe	zij	pron(pers,3,sing)	
moet	moeten	v(fin,pres,aux_cop)	
int	in+het	adp()+art(def)	
helsche	hels	adj()	
vat	vat	n(sing)

salemoen	salomo	n(prop)	
heuet	hebben	v(fin,pres,aux_cop)	
bescreuen	beschrijven	v(participle,past)

ennes	ne+zijn	adv(neg)+v(fin,pres,aux_cop)	
niet	niet	adv(neg)	
erghers	erg	adv(gener)	
bleuen	blijven	v(participle,past)

die	de	art(def)	
derde	derde	num(ord)	
minne	min	n(sing)	
heeschet	eisen	v(fin,pres,lex)	
de	de	art(def)	
tijt	tijd	n(sing)

alse	als	conj(subord)	
die	de	art(def)	
nature	natuur	n(sing)	
ontbijt	ontbeiden	v(fin,pres,lex)

die	de	art(def)	
bloyende	bloeiend	adj()	
jare	jaar	n(sing)

dat	dat	pron(dem)	
es	zijn	v(fin,pres,aux_cop)	
tedelste	het+edel	art(def)+adj()	
delijt	delijt	n(sing)

alse	als	conj(subord)	
hare	haar	pron(poss)	
scamelheit	schamelheid	n(sing)	
besnijt	besnijden	v(fin,pres,lex)

ende	en	conj(coord)	
men	men	pron(indef)	
doghet	deugd	n(sing)	
heuet	hebben	v(fin,pres,lex)	
mare	maar	adj()

die	die	pron(rel)	
men	men	pron(indef)	
vint	vinden	v(fin,pres,lex)	
ter	te+de	adp()+art(def)	
weerelt	wereld	n(sing)	
wijt	wijd	adj()

want	want	conj(subord)	
soe	zij	pron(pers,3,sing)	
talre	te+al	adp()+num(indef)	
stont	stond	n(sing)	
verblijt	verblijden	v(fin,pres,lex)

rechts	rechts	adv(gener)	
oft	of	conj(coord)	
al	al	adv(gener)	
hare	hun	pron(poss)	
ware	waar 	n(sing)

hope	hoop	n(sing)	
nemmermeer	nimmermeer	adv(gener)	
te+glijt	teglijden	v(fin,pres,lex)

die	die	pron(rel)	
aldus	aldus	adv(dem)	
sijn	zijn	pron(poss)	
lijf	lijf	n(sing)	
verslijt	verslijten	v(fin,pres,lex)

maect	maken	v(fin,pres,lex)	
sine	zijn	pron(poss)	
zinne	zin	n(sing)	
claer	klaar	adj()

want	want	conj(subord)	
god	god	n(prop)	
en	ne	adv(neg)	
es	zijn	v(fin,pres,aux_cop)	
gheen	geen	pron(indef)	
futselaer	futselaar	n(sing)

minne	min	n(sing)	
es	zijn	v(fin,pres,aux_cop)	
alse	als	conj(comp)	
men	men	pron(indef)	
bescreuen	beschrijven	v(participle,past)	
vint	vinden	v(fin,pres,aux_cop)

cracht	kracht	n(sing)	
die	die	pron(rel)	
twee	twee	num(card)	
herten	hart	n(plu)	
bint	binden	v(fin,pres,lex)

tsamen	tezamen	adv(gener)	
in	in	adp()	
een	een	art(indef)	
reene	rein	adj()	
wanen	waan	n(sing)

dattie	dat+de	conj(subord)+art(def)	
minne	min	n(sing)	
heetet	heten	v(fin,pres,aux_cop)	
blint	blind	adj()

doet	doen	v(fin,pres,lex)	
dat	dat	conj(subord)	
menich	menig	num(indef)	
es	zijn	v(fin,pres,aux_cop)	
so	zo	adv(resum)	
kint	kind	n(sing)

dat	dat	conj(subord)	
hi	hij	pron(pers,3,sing)	
hem	hij	pron(pers,3,sing)	
laet	laten	v(fin,pres,aux_cop)	
verspanen	verspanen	v(infin)

sine	zij+ne	pron(pers,3,sing)+adv(neg)	
conen	kunnen	v(fin,pres,aux_cop)	
minnen	minnen	v(infin)	
niet	niet	adv(neg)	
i	een	art(indef)	
twint	twint	n(sing)

die	die	art(def)	
wandel	wandel	adj()	
sijn	zijn	v(fin,pres,aux_cop)	
alse	als	conj(comp)	
die	de	art(def)	
wint	wind	n(sing)

si	zij	pron(pers,3,plu)	
rollen	rollen	v(fin,pres,lex)	
buter	buiten+de	adp()+art(def)	
banen	baan	n(sing)

ic	ik	pron(pers,1,sing)	
waen	wanen	v(fin,pres,lex)	
mer	men+er	pron(indef)+pronadv(pers)	
also	alzo	adv(dem)	
vele	veel	num(indef)	
vint	vinden	v(fin,pres,lex)

minres	minnaar	n(plu)	
in	in	adp()	
trouwen	trouw	n(sing)	
ghehint	enten	v(participle,past)

alse	als	conj(subord)	
men	men	pron(indef)	
doet	doen	v(fin,pres,lex)	
zwarter	zwart	adj()	
zwanen	zwaan	n(plu)

dus	dus	adv(dem)	
laet	laten	v(fin,pres,lex)	
hare	haar	pron(poss)	
minne	min	n(sing)	
af+plane	afplanen	v(infin)

martin	martijn	n(prop)	
ic	ik	pron(pers,1,sing)	
ben	zijn	v(fin,pres,aux_cop)	
des	dat	art(def)	
wel	wel	adv(gener)	
berecht	berechten	v(participle,past)

het	het	pron(pers,3,sing)	
seghet	zeggen	v(fin,pres,lex)	
al	al	num(indef)	
heeren	heer	n(plu)	
ende	en	conj(coord)	
knecht	knecht	n(sing)

vrouwen	vrouw	n(plu)	
ende	en	conj(coord)	
ioncvrouwen	jonkvrouw	n(plu)

dat	dat	conj(subord)	
si	zij	pron(pers,3,plu)	
met	met	adp()	
minnen	min	n(sing)	
sijn	zijn	v(fin,pres,aux_cop)	
verplecht	verplegen	v(participle,past)

in	in	adp()	
sanghe	zang	n(sing)	
ende	en	conj(coord)	
in	in	adp()	
rime	rijm	n(plu)	
slecht	slecht	adj()

ende	en	conj(coord)	
men	men	pron(indef)	
caens	kunnen+het	v(fin,pres,aux_cop)+pron(pers,3,sing)	
niet	niet	adv(neg)	
bescauwen	beschouwen	v(infin)

mi	ik	pron(pers,1,sing)	
dincke	dunken	v(fin,pres,lex)	
dat	dat	conj(subord)	
al	al	num(indef)	
die	de	art(def)	
weerelt	wereld	n(sing)	
vecht	vechten	v(fin,pres,lex)

ieghen	jegen	adp()	
reenre	rein	adj()	
minnen	min	n(sing)	
lecht	licht	n(sing)

ende	en	conj(coord)	
volghen	volgen	v(fin,pres,lex)	
ontrouwen	ontrouw	n(sing)

menech	menig	num(indef)	
seghet	zeggen	v(fin,pres,lex)	
nv	nu	adv(dem)	
ende	en	conj(coord)	
echt	echt	adv(gener)

mijn	mijn	pron(poss)	
sin	zin	n(sing)	
es	zijn	v(fin,pres,aux_cop)	
so	zo	adv(gener)	
ane	aan	adp()	
v	gij	pron(pers,2,plu)	
ghehecht	hechten	v(participle,past)

dat	dat	conj(subord)	
ic	ik	pron(pers,1,sing)	
wane	wanen	v(fin,pres,lex)	
bedouwen	bedauwen	v(infin)

achtre	achter	adv(gener)	
maken	maken	v(fin,pres,lex)	
si	zij	pron(pers,3,plu)	
de	de	art(def)	
mouwen	mouw	n(plu)

iacop	jacob	n(prop)	
du	du	pron(pers,2,sing)	
hebs	hebben	v(fin,pres,aux_cop)	
mi	ik	pron(pers,1,sing)	
oit	ooit	adv(indef)	
ghevraghet	vragen	v(participle,past)

ende	en	conj(coord)	
ic	ik	pron(pers,1,sing)	
andwort	antwoorden	v(fin,pres,lex)	
ende	en	conj(coord)	
verdraghet	verdragen+het	v(fin,pres,lex)+pron(pers,3,sing)

nu	nu	adv(dem)	
willic	willen+ik	v(fin,pres,lex)+pron(pers,1,sing)	
martin	martin	n(prop)	
vraghen	vragen	v(infin)

waenstu	wanen+du	v(fin,pres,lex)+pron(pers,2,sing)	
dat	dat	conj(subord)	
mi	ik	pron(pers,1,sing)	
wel	wel	adv(gener)	
behaghet	behagen	v(fin,pres,lex)

dattu	dat+du	conj(subord)+pron(pers,2,sing)	
mi	ik	pron(pers,1,sing)	
dus	dus	adv(dem)	
heues	hebben	v(fin,pres,aux_cop)	
gheiaghet	jagen	v(participle,past)

neent	neen+het	adv(neg)+pron(pers,3,sing)	
wistics	weten+ik+dat	v(fin,pres,lex)+pron(pers,1,sing)+pron(dem)	
wien	wie	pron(inter)	
claghen	klagen	v(infin)

martin	martijn	n(prop)	
vrient	vriend	n(sing)	
wat	wat	pron(inter)	
helpt	helpen	v(fin,pres,lex)	
gheclaghet	klagen	v(participle,past)

vrach	vragen	v(imper)	
dattu	dat+du	conj(subord)+pron(pers,2,sing)	
wilt	willen	v(fin,pres,lex)	
ende	en	conj(coord)	
ic	ik	pron(pers,1,sing)	
ghewaghet	gewagen+het	v(fin,pres,lex)+pron(pers,2,sing)

ic	ik	pron(pers,1,sing)	
wilt	willen+het	v(fin,pres,aux_cop)+pron(pers,3,sing)	
al	al	adv(gener)	
verdraghen	verdragen	v(infin)

god	god	n(sing)	
helpe	helpen	v(imp)	
mi	ik	pron(pers,1,sing)	
want	want	conj(subord)	
hi	hij	pron(pers,3,sing)	
vermaghet	vermogen+het	v(fin,pres,lex)+pron(pers,3,sing)

dat	dat	conj(subord)	
mijn	mijn	pron(poss)	
sin	zin	n(sing)	
so	zo	adv(resum)	
werde	worden	v(fin,past,aux_cop)	
ghevaghet	vagen	v(participle,past)

dats	dat+het	conj(subord)+pron(pers,3,sing)	
di	du	pron(pers,2,sing)	
moete	moeten	v(fin,pres,aux_cop)	
behaghen	behagen	v(infin)

ic	ik	pron(pers,1,sing)	
wille	willen	v(fin,pres,lex)	
dandworde	de+antwoorden	art(def)+v(infin)	
waghen	wagen	n(sing)

lieue	lief	adj()	
iacop	jacob	n(prop)	
so	zo	adv(resum)	
berecht	berichten	v(imp)	
mi	ik	pron(pers,1,sing)

of	of	conj(coord)	
dat	dat	art(def)	
volc	volk	n(sing)	
al	al	num(indef)	
comen	komen	v(fin,pres,lex)	
si	zij	pron(pers,3,plu)

vanden	van+de	adp()+art(def)	
eersten	eerst	num(ord)	
adame	adam	n(prop)

twi	twi	adv(inter)	
es	zijn	v(fin,pres,aux_cop)	
deen	de+een	art(def)+num(def)	
edel	edel	adj()	
dander	de+ander	art(def)+pron(indef)	
vri	vrij	adj()

die	de	art(def)	
derde	derde	num(ord)	
eyghin+man	eigenman	n(sing)	
daer+bi	daarbij	pronadv(dem)

wanen	wanen	adv(inter)	
quam	komen	v(fin,past,lex)	
desen	deze	pron(dem)	
name	naam	n(sing)

twi	twi	adv(inter)	
seghemen	zeggen+men	v(fin,pres,lex)+pron(indef)	
ten	te+de	adp()+art(def)	
dorpere	dorper	n(sing)	
spi	spij	interj()

ganc+wech	gaan+weg	v(imp)+v(prtcl)	
god	god	n(sing)	
onneere	oneren	v(fin,pres,lex)	
di	du	pron(pers,2,sing)

du	du	pron(pers,2,sing)	
best	zijn	v(fin,pres,aux_cop)	
der	de	art(def)	
weerelt	wereld	n(sing)	
scame	schaam	n(sing)

die	de	art(def)	
edele	edel	n(sing)	
heuet	hebben	v(fin,pres,lex)	
al	al	num(indef)	
tghecri	het+gecri	art(def)+n(sing)

men	men	pron(indef)	
seghet	zeggen	v(fin,pres,lex)	
willecome	welkom	interj()	
ghi	gij	pron(pers,2,plu)

dats	dat+zijn	pron(dem)+v(fin,pres,aux_cop)	
dies	dat	pron(rel)	
ic	ik	pron(pers,1,sing)	
nu	nu	adv(dem)	
vergrame	vergrammen	v(fin,pres,lex)

want	want	conj(coord)	
het	het	pron(pers,3,sing)	
dinct	dunken	v(fin,pres,aux_cop)	
mi	ik	pron(pers,1,sing)	
ontame	ontaam	adj()

martin	martijn	n(prop)	
den	de	art(def)	
meneghen	menige	n(sing)	
es	zijn	v(fin,pres,aux_cop)	
bedect	bedekken	v(participle,past)

die	de	art(def)	
dinc	ding	n(plu)	
daer	daar	pronadv(rel)	
dijn	dijn	pron(poss)	
sin	zin	n(sing)	
vp	op	pronadv(rel)	
mect	mikken	v(fin,pres,lex)

ende	en	conj(coord)	
du	du	pron(pers,2,sing)	
vraghes	vragen	v(fin,pres,lex)	
wel	wel	adv(gener)	
verre	ver	adv(gener)

want	want	conj(subord)	
heuet	hebben	v(fin,pres,aux_cop)	
een	een	art(indef)	
persemier	persemier	n(sing)	
geblect	blekken	v(participle,past)

enten	en+de	conj(coord)+art(def)	
lieden	lieden	n(plu)	
thare	het+haar	pron(pers,3,sing)+pron(poss)	
ontpect	ontpikken	v(participle,past)

so	zo	adv(resum)	
wille	willen	v(fin,pres,aux_cop)	
hi	hij	pron(pers,3,sing)	
sonder	zonder	adp()	
merre	meer	num(indef)

onder	onder	adp()	
die	de	art(def)	
edele	edel	n(plu)	
sijn	zijn	v(fin,pres,aux_cop)	
ghetrect	trekken	v(participle,past)

al	al	conj(subord)	
ware	zijn	v(fin,past,aux_cop)	
hi	hij	pron(pers,3,sing)	
c+fout	honderdvoud	num(def)	
beulect	bevlekken	v(participle,past)

tghelt	dat+geld	art(def)+n(sing)	
claerten	klaren+hem	n(prop)	
vanden	van+de	adp()+art(def)	
terre	teer	n(sing)

dits	dit+zijn	pron(dem)+v(fin,pres,aux_cop)	
die	de	art(def)	
dinc	ding	n(sing)	
die	de	pron(rel)	
lieden	lieden	n(plu)	
wect	wekken	v(fin,pres,lex)

ende	en	conj(coord)	
menich	menig	num(indef)	
sins	zijn	pron(poss)	
te	te	adp()	
winne	winnen	v(infin)	
trect	trekken	v(fin,pres,lex)

ende	en	conj(coord)	
maecter	maken+er	v(fin,pres,lex)+pron(pers,3,sing)	
gode	god	n(sing)	
om	om	adp()	
erre	erre	adj()

entie	en+de	conj(coord)+art(def)	
ziele	ziel	n(sing)	
in	in	adp()	
die	de	art(def)	
werre	war	n(sing)

nv	nu	adv(dem)	
waent	wanen	v(fin,pres,lex)	
sulc	zulk	pron(indef)	
dat	dat	conj(subord)	
tfolc	het+volk	art(def)+n(sing)	
eyghijn	eigen	adj()

comen	komen	v(participle,past)	
es	zijn	v(fin,pres,aux_cop)	
vanden	van+de	adp()+art(def)	
quaden	kwaad	adj()	
cayhijn	ka•n	n(prop)

die	de	pron(rel)	
vermorde	vermoorden	v(fin,past,lex)	
abelle	abel	n(prop)

ende	en	conj(coord)	
dien	die	pron(rel)	
god	god	n(sing)	
verdoemt	verdoemd	adj()	
hiet	heten	v(fin,past,aux_cop)	
sijn	zijn	v(infin)

dit	dit	pron(dem)	
en	en	adv(neg)	
es	zijn	v(fin,pres,aux_cop)	
niet	niet	adv(neg)	
waer	waar	adj()	
martijn	martijn	n(prop)

bi	bij	adp()	
redenen	reden	n(plu)	
die	die	pron(rel)	
ic	ik	pron(pers,1,sing)	
telle	tellen	v(fin,pres,lex)

want	want	conj(subord)	
al	al	num(indef)	
dat	dat	art(def)	
gheslachte	geslacht	n(sing)	
sijn	zijn	v(fin,pres,aux_cop)

bescrijft	beschrijven	v(fin,pres,lex)	
ons	wij	pron(pers,1,plu)	
die	de	art(def)	
bibele	bijbel	n(sing)	
fijn	fijn	adj()

verdranc	verdrinken	v(fin,past,lex)	
die	de	art(def)	
louie	luvie	n(sing)	
felle	fel	adj()

maer	maar	conj(coord)	
dat	dat	conj(subord)	
dorplijc	dorpelijk	adj()	
venijn	venijn	n(sing)

dat	dat	conj(subord)	
caym	ka•n	n(prop)	
drouch	dragen	v(fin,past,lex)	
dats	dat+zijn	pron(dem)+v(fin,pres,aux_cop)	
noch	noch	adv(gener)	
anschijn	aanschijn	adv(gener)

an	aan	adp()	
meneghen	menig	num(indef)	
die	die	pron(rel)	
ic	ik	pron(pers,1,sing)	
telle	tellen	v(fin,pres,lex)

van	van	adp()	
herten	hart	n(sing)	
sijn	zijn	pron(poss)	
gheselle	gezel	n(sing)

sulc	zulk	pron(indef)	
waent	wanen	v(fin,pres,lex)	
dat	dat	conj(subord)	
vanden	van+de	art(def)+adp()	
quaden	kwaad	adj()	
cam	cham	n(prop)

doe	toen	conj(subord)	
noe	noach	n(prop)	
sijn	zijn	pron(poss)	
vader	vader	n(sing)	
was	zijn	v(fin,past,aux_cop)	
gram	gram	adj()

want	want	conj(subord)	
hine	hij+hij	pron(pers,3,sing)+pron(pers,3,sing)	
niet	niet	adv(neg)	
en	ne	adv(neg)	
decte	dekken	v(fin,past,lex)

dat	het	art(def)	
eyghin	eigen	adj()	
volc	volk	n(sing)	
van	van	adp()	
hem	hij	pron(pers,3,sing)	
quam	komen	v(fin,past,lex)

want	want	conj(subord)	
hem	hij	pron(pers,3,sing)	
sijns	zijn	pron(poss)	
vader	vader	n(sing)	
vlouc	vloek	n(sing)	
mesquam	miskomen	v(fin,past,lex)

hi	hij	pron(pers,3,sing)	
dolde	dolen	v(fin,past,lex)	
diere	die+er	pron(rel)+pronadv(pers)	
vp	op	adp()	
mecte	mikken	v(fin,past,lex)

al	al	num(indef)	
vindmen	vinden+men	v(fin,pres,lex)+pron(indef)	
dattie	dat+de	conj(subord)+art(def)	
goede	goed	adj()	
ram	ram	n(sing)

dicken	dik	adv(gener)	
wint	winnen	v(fin,pres,lex)	
dongaue	de+ongaaf	art(def)+adj()	
lam	lam	n(sing)

dits	dit+zijn	pron(dem)+v(fin,pres,aux_cop)	
der	de	art(def)	
rudarise	rudaris	n(sing)	
secte	sekte	n(sing)

vanden	van+de	adp()+art(def)	
edelen	edel	adj()	
abraham	abraham	n(prop)

quam	komen	v(fin,past,lex)	
eyghin	eigen	adj()	
volc	volk	n(sing)	
als	als	conj(comp)	
ic	ik	pron(pers,1,sing)	
vernam	vernemen	v(fin,past,lex)

dat	dat	conj(subord)	
oint	ooit	adv(indef)	
ter	te+de	adp()+art(def)	
eeren	eer	n(sing)	
trecte	trekken	v(fin,past,lex)

noch	nog	conj(coord)	
noit	nooit	adv(neg)	
hem	hij	pron(pers,3,sing)	
beulecte	bevlekken	v(fin,past,lex)

martin	martijn	n(prop)	
tduudsche	het+duitse	art(def)+adj()	
loy	looi	n(sing)	
vertelt	vertellen	v(fin,pres,lex)

dat	dat	conj(subord)	
van	van	adp()	
onrechtre	onrecht	adj()	
ghewelt	geweld	n(sing)

eyghindoem	eigendom	n(sing)	
es	zijn	v(fin,pres,aux_cop)	
comen	komen	v(participle,past)

alse	als	conj(comp)	
een	een	art(indef)	
prinche	prins	n(sing)	
verwan	verwinnen	v(fin,past,lex)	
wijch	wijg	n(sing)	
vp	op	adp()	
tvelt	het+veld	art(def)+n(sing)

ende	en	conj(coord)	
sine	zijn	pron(poss)	
viande	vijand	n(plu)	
hadde	hebben	v(fin,past,aux_cop)	
gheuelt	vellen	v(participle,past)

dat	dat	pron(dem)	
hiet	heten	v(fin,past,aux_cop)	
hi	hij	pron(pers,3,sing)	
verdoemen	verdoemen	v(infin)

ende	en	conj(coord)	
vercopen	verkopen	v(infin)	
omme	om	adp()	
ghelt	geld	n(sing)

dits	dit+zijn	pron(dem)+v(fin,pres,aux_cop)	
volc	volk	n(sing)	
dat	dat	pron(rel)	
men	men	pron(indef)	
noch	nog	adv(gener)	
eyghin	eigen	adj()	
telt	tellen	v(fin,pres,lex)

ende	en	conj(coord)	
men	men	pron(indef)	
scalc	schalk	n(sing)	
hort	horen	v(fin,pres,lex)	
noemen	noemen	v(infin)

natuere	natuur	n(sing)	
gaet	gaan	v(fin,pres,lex)	
haren	haar	pron(poss)	
rechten	recht	adj()	
telt	telt	n(sing)

maer	maar	conj(coord)	
auenture	avontuur	n(sing)	
wast	wassen	pron(pers,3,sing)+v(fin,past,aux_cop)	
ende	en	conj(coord)	
snelt	snellen	v(fin,pres,lex)

meneghen	menig	num(indef)	
te	te	adp()	
vromen	vroom	n(sing)

ende	en	conj(coord)	
tonneeren	te+oneer	adp()+n(sing)	
hem	hij	pron(pers,3,plu)	
somen	som	pron(indef)

god	god	n(sing)	
ghedoghet	gedogen	v(fin,pres,lex)	
om	om	adp()	
onse	ons	pron(poss)	
mesdaet	misdaad	n(sing)

dat	dat	conj(subord)	
een	een	art(indef)	
gheslachte	geslacht	n(sing)	
neder	neder	adv(gener)	
gaet	gaan	v(fin,pres,lex)

ende	en	conj(coord)	
een	een	art(indef)	
ander	ander	pron(indef)	
riset	rijzen	v(fin,pres,lex)

wie	wie	pron(inter)	
mach	mogen	v(fin,pres,aux_cop)	
weten	weten	v(infin)	
sinen	zijn	pron(poss)	
staet	staat	n(sing)

hi	hij	pron(pers,3,sing)	
weet	weten	v(fin,pres,lex)	
wiene	wie+hij	pron(rel)+pron(pers,3,sing)	
mint	minnen	v(fin,pres,lex)	
of	of	conj(coord)	
haet	haten	v(fin,pres,lex)

die	die	pron(rel)	
aldie	al+de	art(def)+adj()	
weerelt	wereld	n(sing)	
spiset	spijzen	v(fin,pres,lex)

die	die	pron(rel)	
meest	meest	adv(gener)	
tsinen	te+zijn	adp()+pron(poss)	
dienste	dienst	n(sing)	
staet	staan	v(fin,pres,lex)

men	men	pron(indef)	
siet	zien	v(fin,pres,lex)	
dat	dat	conj(subord)	
sijn	zijn	pron(poss)	
oyr	oir	n(sing)	
ende	en	conj(coord)	
sijn	zijn	pron(poss)	
saet	zaad	n(sing)

meest	meest	adv(gener)	
in	in	adp()	
die	de	art(def)	
eere	eer	n(sing)	
gheriset	gerijzen	v(fin,pres,lex)

dan	dan	conj(comp)	
alse	als	conj(subord)	
tfolc	het+volk	art(def)+n(sing)	
wert	worden	v(fin,pres,aux_cop)	
so	zo	adv(dem)	
quaet	kwaad	adj()

dat	dat	conj(subord)	
die	de	art(def)	
wet	wet	n(sing)	
gods	god	n(prop)	
versmaet	versmaden	v(fin,pres,lex)

wert	worden	v(fin,pres,aux_cop)	
het	het	pron(pers,3,sing)	
te	te	adp()	
valle	val	n(sing)	
ghewiset	wijzen	v(participle,past)

ende	en	conj(coord)	
van	van	adp()	
niemene	niemand	pron(indef)	
ghepriset	prijzen	v(participle,past)

mine	ik+ne	pron(pers,1,sing)+adv(neg)	
rouc	roeken	v(fin,pres,lex)	
wiene	wie+hij	pron(rel)+pron(pers,3,sing)	
drouch	dragen	v(fin,past,lex)	
of	of	conj(coord)	
wan	winnen	v(fin,past,lex)

daer	daar	adv(dem)	
trouwe	trouw	n(sing)	
ende	en	conj(coord)	
doghet	deugd	n(sing)	
es	zijn	v(fin,pres,aux_cop)	
an	aan	adp()

ende	en	conj(coord)	
reene	rein	adj()	
es	zijn	v(fin,pres,aux_cop)	
van	van	adp()	
seden	zede	n(plu)

huut	uit	adp()	
wat	wat	pron(inter)	
lande	land	n(sing)	
dat	dat	pron(rel)	
hi	hij	pron(pers,3,sing)	
ran	rinnen	v(fin,past,lex)

dats	dat+zijn	pron(dem)+v(fin,pres,aux_cop)	
dien	die	pron(rel)	
ic	ik	pron(pers,1,sing)	
der	de	art(def)	
namen	naam	n(plu)	
an	aan	adp()

vander	van+de	adp()+art(def)	
edelheden	edelheid	n(sing)

al	al	conj(subord)	
vercochtmen	verkopen+men	v(fin,past,lex)+pron(indef)	
selken	zulk	pron(dem)	
man	man	n(sing)

hens	het+en+zijn	pron(pers,3,sing)+conj(neg)+v(fin,pres,lex)	
niemen	niemand	pron(indef)	
die	die	pron(rel)	
hem	hij	pron(pers,3,sing)	
gherouen	geroven	v(infin)	
can	kunnen	v(fin,pres,aux_cop)

siere	zijn	pron(poss)	
doghedachticheden	deugdachtigheid	n(sing)

mi	ik	pron(pers,1,sing)	
dincke	dunken	v(fin,pres,lex)	
dat	dat	conj(subord)	
edelheit	edelheid	n(sing)	
began	beginnen	v(fin,past,lex)

huter	uit+de	adp()+art(def)	
reinre	rein	adj()	
herten	hart	n(sing)	
dan	dan	adv(dem)

met	met	adp()	
dogheden	deugd	n(plu)	
besneden	besnijden	v(participle,past)

ende	en	conj(coord)	
beghint	beginnen	v(fin,pres,lex)	
noch	nog	adv(gener)	
heden	heden	adv(gener)

martijn	martijn	n(prop)	
oftu	of+du	conj(subord)+pron(pers,2,sing)	
clemmen	klimmen	v(infin)	
wout	willen	v(fin,past,aux_cop)

ter	te+de	adp()+art(def)	
edelheit	edelheid	n(sing)	
drie	drie	num(card)	
pointe	punt	n(plu)	
hout	houden	v(imp)

die	die	pron(rel)	
jc	ik	pron(pers,1,sing)	
di	du	pron(pers,2,sing)	
sal	zullen	v(fin,pres,aux_cop)	
leeren	leren	v(infin)

wes	wezen	v(imp)	
nerachtich	neerachtig	adj()	
ende	en	conj(coord)	
minne	minnen	v(imp)	
niet	niet	adv(neg)	
tgout	het+goud	art(def)+n(sing)

wes	wezen	v(imp)	
eerachtich	eerachtig	adj()	
menich+fout	menigvoud	num(indef)

dese	deze	pron(dem)	
twee	twee	num(card)	
hout	houden	v(imp)	
niet	niet	adv(neg)	
vor	voor	adp()	
sceren	scheren	n(sing)

wes	wezen	v(imp)	
werachtich	weerachtig	adj()	
ende	en	conj(coord)	
stout	stout	adj()

dese	deze	pron(dem)	
drie	drie	num(card)	
pointe	punt	n(plu)	
vaste	vast	adj()	
hout	houden	v(imp)

so	zo	adv(resum)	
bestu	zijn+du	v(fin,pres,aux_cop)+pron(pers,2,sing)	
vul	vol	adj()	
eeren	eer	n(sing)

hennes	het+ne+zijn	pron(pers,3,sing)+adv(neg)+v(fin,pres,lex)	
niemen	niemand	pron(indef)	
jonc	jong	adj()	
no	no	conj(coord)	
out	oud	adj()

dien	die	pron(rel)	
du	du	pron(pers,2,sing)	
scal	schalk	n(sing)	
dan	dan	conj(comp)	
dincken	dunken	v(infin)	
sout	zullen	v(fin,past,aux_cop)

sonder	zonder	adp()	
die	de	art(def)	
weldaet	weldaad	n(sing)	
deeren	deren	v(infin)

ende	en	conj(coord)	
doghet	deugd	n(sing)	
tondogheden	te+ondeugd	adp()+n(sing)	
keeren	keren	v(infin)

vvaerheit	waarheid	adv(gener)	
jacop	jacob	n(prop)	
ic	ik	pron(pers,1,sing)	
hebbe	hebben	v(fin,pres,aux_cop)	
verstaen	verstaan	v(participle,past)

vut	uit	adp()	
dinen	dijn	pron(poss)	
monde	mond	n(sing)	
redene	reden	n(sing)	
gaen	gaan	v(infin)

vul	vol	adj()	
rechtre	recht	adj()	
waerhede	waarheid	n(sing)

al	al	conj(subord)	
spreect	spreken	v(fin,pres,lex)	
in	in	adp()	
sinen	zijn	pron(poss)	
bouc	boek	n(sing)	
alaen	alan	n(prop)

dat	dat	conj(subord)	
edelheit	edelheid	n(sing)	
quam	komen	v(fin,past,lex)	
sonder	zonder	adp()	
waen	waan	n(sing)

van	van	adp()	
verhouderder	verouden	adj()	
rijcheden	rijkheid	n(sing)

die	de	art(def)	
delheit	edelheid	n(sing)	
mach	mogen	v(fin,pres,aux_cop)	
men	men	pron(indef)	
af+dwaen	afdwaan	v(infin)

wertmen	worden+men	v(fin,past,aux_cop)+pron(indef)	
arem	arm	adj()	
so	zo	adv(resum)	
eist	zijn+het	v(fin,pres,aux_cop)+pron(pers,3,sing)	
ghedaen	doen	v(participle,past)

men	men	pron(indef)	
valt	vallen	v(fin,pres,lex)	
in	in	adp()	
doude	de+oud	art(def)+adj()	
steden	stad	n(sing)

maer	maar	conj(coord)	
reene	rein	adj()	
edelheit	edelheid	n(sing)	
dats	dat+zijn	pron(dem)+v(fin,pres,aux_cop)	
i	een	art(indef)	
traen	traan	n(sing)

die	die	pron(rel)	
dorper	dorper	adj()	
herte	hart	n(sing)	
nie	niet	adv(neg)	
conste	kunnen	v(fin,past,aux_cop)	
ontfaen	ontvangen	v(infin)

die	die	pron(dem)	
gheuet	geven	v(fin,pres,lex)	
dor	door	adp()	
smeinschen	de+mens	art(def)+n(sing)	
beden	bede	n(plu)

god	god	n(prop)	
in	in	adp()	
sire	zijn	pron(poss)	
miltheden	mildheid	n(sing)

iacop	jacob	n(prop)	
ic	ik	pron(pers,1,sing)	
hore	horen	v(fin,pres,lex)	
an	aan	adp()	
dine	dijn	pron(poss)	
wort	woord	n(sing)

dat	dat	conj(subord)	
alle	al	pron(indef)	
menschelike	menselijk	adj()	
ghebort	geboorte	n(sing)

van	van	adp()	
adame	adam	n(prop)	
begonde	beginnen	v(fin,past,lex)

hoe	hoe	adv(inter)	
es	zijn	v(fin,pres,aux_cop)	
die	de	art(def)	
maechscap	maagschap	n(sing)	
so	zo	adv(resum)	
te+stort	testoren	v(participle,past)

dat	dat	conj(subord)	
deen	de+een	art(def)+num(card)	
den	de	art(def)	
andren	ander	pron(indef)	
vermort	vermoorden	v(fin,pres,lex)

dits	dit+zijn	pron(dem)+v(fin,pres,aux_cop)	
iammer	jammer	n(sing)	
ende	en	conj(coord)	
sonde	zonde	n(sing)

nijt	nijd	adv(neg)	
es	zijn	v(fin,pres,aux_cop)	
weder	weder	adv(gener)	
ende	en	conj(coord)	
voort	voort	adv(gener)

meester	meester	n(sing)	
int	in+het	adp()+art(def)	
lant	land	n(sing)	
ende	en	conj(coord)	
in	in	adp()	
die	de	art(def)	
port	poort	n(sing)

tfolc	dat+volk	art(def)+n(sing)	
es	zijn	v(fin,pres,aux_cop)	
worden	worden	v(participle,past)	
honde	hond	n(sing)

sech	zeggen	v(imp)	
mi	ik	pron(pers,1,sing)	
alse	als	conj(subord)	
diet	die+het	pron(rel)+pron(pers,3,sing)	
gherne	gaarne	adv(gener)	
hort	horen	v(fin,pres,lex)

te	te	adp()	
vraghene	vragen	v(infin)	
bem	zijn	v(fin,pres,aux_cop)	
ic	ik	pron(pers,1,sing)	
becoort	bekoren	v(participle,past)

alse	als	conj(subord)	
diet	die+het	pron(rel)+pron(pers,3,sing)	
gherne	gaarne	adv(gener)	
onder+vonde	ondervinden	v(fin,past,lex)

van	van	adp()	
beghinne	begin	n(sing)	
ten	te+de	adp()+art(def)	
gronde	grond	n(sing)

martin	martijn	n(prop)	
houerde	hovaart	n(sing)	
ende	en	conj(coord)	
nijt	nijd	adv(neg)

entie	en+de	conj(coord)+art(def)	
alre+eerste	allereerst	adj()	
strijt	strijd	n(sing)

begonste	beginnen	v(fin,past,lex)	
in	in	adp()	
hemelrike	hemelrijk	n(sing)

alse	als	adv(dem)	
lucifer	lucifer	n(prop)	
te	te	adp()	
sire	zijn	pron(poss)	
ontijt	ontijd	n(sing)

inden	in+de	adp()+art(def)	
hemelschen	hemels	adj()	
delijt	delijt	n(sing)

wilde	willen	v(fin,past,aux_cop)	
sijn	zijn	v(infin)	
gods	god	n(sing)	
ghelike	gelijke	n(sing)

daer	daar	adv(dem)	
viel	vallen	v(fin,past,lex)	
hi	hij	pron(pers,3,sing)	
inden	in+de	art(def)+adp()	
helschen	hels	adj()	
bijt	bijt	n(sing)

daer	daar	adv(rel)	
hi	hij	pron(pers,3,sing)	
nemmermeer	nimmermeer	adv(gener)	
en	ne	adv(neg)	
slijt	slijten	v(fin,pres,lex)

maer	maar	conj(coord)	
bliuet	blijven	v(fin,pres,lex)	
eewelike	eeuwelijk	adv(gener)

nu	nu	adv(dem)	
sent	zenden	v(fin,pres,lex)	
hi	hij	pron(pers,3,sing)	
dor	door	adp()	
die	de	art(def)	
weerelt	wereld	n(sing)	
wijt	wijd	adj()

mijn	mijn	pron(poss)	
venijn	venijn	n(sing)	
ende	en	conj(coord)	
sijn	zijn	pron(poss)	
vlijt	vlijt	n(sing)

ende	en	conj(coord)	
wille	willen	v(fin,pres,lex)	
dat	dat	conj(subord)	
het	het	pron(pers,3,sing)	
blike	blijken	v(fin,pres,lex)

alset	als+het	conj(comp)+pron(pers,3,sing)	
doet	doen	v(fin,pres,lex)	
iammerlike	jammerlijk	adv(gener)

twee	twee	num(card)	
worde	woord	n(plu)	
in	in	adp()	
die	de	art(def)	
weerelt	wereld	n(sing)	
sijn	zijn	v(infin)

dats	dat+zijn	pron(dem)+v(fin,pres,aux_cop)	
alleene	alleen	adv(gener)	
mijn	mijn	pron(poss)	
ende	en	conj(coord)	
dijn	dijn	pron(poss)

mochtmen	mogen+men	v(fin,past,aux_cop)+pron(indef)	
die	die	pron(rel)	
verdriuen	verdrijven	v(infin)

pays	pais	n(sing)	
ende	en	conj(coord)	
vrede	vrede	n(sing)	
bleue	blijven	v(fin,past,lex)	
fijn	fijn	adj()

het	het	pron(pers,3,sing)	
ware	zijn	v(fin,past,aux_cop)	
al	al	pron(indef)	
vri	vrij	adj()	
ende	en	conj(coord)	
niemen	niemand	pron(indef)	
eyghijn	eigen	adj()

manne	man	n(plu)	
metten	met+de	adp()+art(def)	
wiuen	wijf	n(plu)

het	het	pron(pers,3,sing)	
war	zijn	v(fin,past,aux_cop)	
ghemeene	gemeen	adj()	
tarwe	tarwe	n(sing)	
ende	en	conj(coord)	
wijn	wijn	n(sing)

ouer	over	adp()	
zee	zee	n(sing)	
noch	noch	conj(coord)	
vpten	op+de	adp()+art(def)	
rijn	rijn	n(prop)

ne	ne	adv(neg)	
soudemen	zullen+men	v(fin,past,aux_cop)+pron(indef)	
niemen	niemand	pron(indef)	
ontliuen	ontlijven	v(infin)

nu	nu	adv(dem)	
benemet	benemen	v(imp)	
dat	dat	art(def)	
venijn	venijn	n(sing)

van	van	adp()	
ghiericheden	gierigheid	n(sing)	
dit	dit	pron(dem)	
martijn	martin	n(prop)

ende	en	conj(coord)	
doet	doen	v(fin,pres,aux_cop)	
al	al	num(indef)	
achtre+bliuen	achterblijven	v(infin)

ende	en	conj(coord)	
ander	ander	adj()	
loy	looi	n(sing)	
bescriuen	beschrijven	v(infin)

god	god	n(sing)	
diet	die+het	pron(rel)+pron(pers,3,sing)	
al	al	adv(gener)	
bi	bij	adp()	
redenen	reden	n(plu)	
doet	doen	v(fin,pres,lex)

gaf	geven	v(fin,past,lex)	
dat	dat	art(def)	
wandel	wandel	adj()	
herdsche	aards	adj()	
goet	goed	n(sing)

der	de	art(def)	
menscheit	mensheid	n(sing)	
ghemeene	gemeen	adj()

dattere	dat+er	pron(rel)+pronadv(pers)	
mede	mede	adv(gener)	
ware	zijn	v(fin,past,aux_cop)	
ghevoet	voeden	v(participle,past)

ende	en	conj(coord)	
ghecleet	kleden	v(participle,past)	
ende	en	conj(coord)	
ghescoet	geschut	v(participle,past)

ende	en	conj(coord)	
leuen	leven	v(infin)	
souden	zullen	v(fin,past,aux_cop)	
reene	rein	adj()

nu	nu	adv(dem)	
es	zijn	v(fin,pres,aux_cop)	
ghiericheit	gierigheid	n(sing)	
so	zo	adv(gener)	
verwoet	verwoed	adj()

dat	dat	conj(subord)	
elc	elk	num(indef)	
settet	zetten	v(fin,pres,lex)	
sinen	zijn	pron(poss)	
moet	moed	n(sing)

omme	om	adp()	
al	al	adv(gener)	
te	te	adp()	
hebbene	hebben	v(infin)	
alleene	alleen	adv(gener)

hier+omme	hierom	pronadv(dem)	
stordmen	storten+men	v(fin,pres,lex)+pron(indef)	
menschen	mens	n(plu)	
bloet	bloed	n(sing)

hier+omme	hierom	pronadv(dem)	
stichtmen	stichten+men	v(fin,pres,lex)+pron(indef)	
metter	met+de	adp()+art(def)	
spoet	spoed	n(sing)

borghe	burcht	n(plu)	
ende	en	conj(coord)	
hoghe	hoog	adj()	
steene	steen	n(plu)

meneghen	menig	num(indef)	
te	te	adp()	
weene	wenen	v(infin)

iacop	jacob	n(prop)	
ic	ik	pron(pers,1,sing)	
hebbe	hebben	v(fin,pres,aux_cop)	
wel	wel	adv(gener)	
verstaen	verstaan	v(infin)

dat	dat	conj(subord)	
het	het	pron(pers,3,sing)	
waer	waar	adj()	
es	zijn	v(fin,pres,aux_cop)	
sonder	zonder	adp()	
waen	waan	n(sing)

dattu	dat+du	conj(subord)+pron(pers,2,sing)	
hier	hier	adv(dem)	
heues	hebben	v(fin,pres,aux_cop)	
ontbonden	ontbinden	v(participle,past)

goets	goed	n(sing)	
es	zijn	v(fin,pres,aux_cop)	
ghenouch	genoeg	adv(gener)	
lietment	laten+men+het	v(fin,pres,aux_cop)+pron(indef)+pron(pers,3,sing)	
gaen	gaan	v(infin)

int	in+dat	adp()+art(def)	
ghemeene	gemeen	n(sing)	
ende	en	conj(coord)	
hem	hij	pron(pers,3,sing)	
ontfaen	ontvangen	v(participle,past)

die	de	pron(rel)	
arem	arm	adj()	
worden	worden	v(fin,past,aux_cop)	
vonden	vinden	v(participle,past)

dus	dus	adv(dem)	
viele	vallen	v(fin,past,lex)	
alle	al	pron(indef)	
orloghe	oorlog	n(plu)	
saen	zaan	adv(gener)

dus	dus	adv(dem)	
mochtmen	mogen+men	v(fin,past,aux_cop)+pron(indef)	
die	de	art(def)	
zielen	ziel	n(sing)	
dwaen	dwaan	v(infin)

ende	en	conj(coord)	
claren	klaren	v(infin)	
vanden	van+de	adp()+art(def)	
sonden	zonde	n(plu)

miltheit	mildheid	n(sing)	
heeft	hebben	v(fin,pres,aux_cop)	
hare	haar	pron(poss)	
macht	macht	n(sing)	
ghedaen	doen	v(participle,past)

vrecheit	vrekheid	n(sing)	
leert	leren	v(fin,pres,lex)	
die	de	art(def)	
weerelt	wereld	n(sing)	
vlaen	vlaan	v(infin)

dit	dit	pron(dem)	
proeuen	proeven	v(infin)	
ende	en	conj(coord)	
orconden	oorkonden	v(infin)

die	de	art(def)	
minres	minnaar	n(plu)	
vanden	van+de	adp()+art(def)	
ponden	pond	n(plu)

iacop	jacob	n(prop)	
eene	een	art(indef)	
dinc	ding	n(sing)	
mac	mogen	v(imp)	
mi	ik	pron(pers,1,sing)	
cont	kond	adj()

alse	als	conj(subord)	
die	de	art(def)	
mensche	mens	n(sing)	
es	zijn	v(fin,pres,aux_cop)	
ghewont	wonden	v(participle,past)

van	van	adp()	
gherechtre	gerecht	adj()	
minnen	min	n(sing)

doet	doen	v(fin,pres,lex)	
der	de	art(def)	
oghen	oog	n(plu)	
wandel	wandel	adj()	
vont	vond	n(sing)

al	al	conj(coord)	
comet	komen	v(fin,pres,lex)	
vter	uit+de	adp()+art(def)	
herten	hart	n(sing)	
gront	grond	n(sing)

dit	dit	pron(dem)	
euel	euvel	n(sing)	
te	te	adp()	
beghinne	begin	n(sing)

ic	ik	pron(pers,1,sing)	
liet	laten	v(fin,past,lex)	
mi	ik	pron(pers,1,sing)	
costen	kosten	v(infin)	
wel	wel	adv(gener)	
een	een	num(card)	
pont	pond	n(sing)

ende	en	conj(coord)	
ics	ik+dat	pron(pers,1,sing)+pron(dem)	
vroet	vroed	adj()	
ware	zijn	v(fin,past,aux_cop)	
teser	te+deze	adp()+pron(dem)	
stont	stond	n(sing)

mac	maken	v(imp)	
mi	ik	pron(pers,1,sing)	
dies	dat	pron(dem)	
in	in	adp()	
inne	in	n(sing)

mine	mijn	pron(poss)	
redene	reden	n(sing)	
bliuet	blijven	v(fin,pres,aux_cop)	
onghesont	ongezond	adj()

hennes	het+ne+zijn	pron(pers,3,sing)+adv(neg)+v(fin,pres,lex)	
wijsheit	wijsheid	n(sing)	
niet	niet	adv(neg)	
dinne	dun	adj()

naer+dat	nadat	conj(subord)	
ic	ik	pron(pers,1,sing)	
redene	reden	n(sing)	
kinne	kennen	v(fin,pres,lex)

martin	martijn	n(prop)	
du	du	pron(pers,2,sing)	
best	zijn	v(fin,pres,aux_cop)	
eene	een	art(indef)	
vri	vrij	adj()	
druut	druit	n(sing)

du	du	pron(pers,2,sing)	
spreex	spreken	v(fin,pres,lex)	
recht	recht	adv(gener)	
als	als	conj(subord)	
een	een	art(indef)	
vriese	Fries	n(prop)	
ruut	ruid	adj()

die	die	pron(rel)	
noch	nog	adv(gener)	
noit	nooit	adv(neg)	
en	ne	adv(neg)	
minde	minnen	v(fin,past,lex)

alre+hande	allerhande	adj()	
edele	edel	adj()	
fruut	fruit	n(sing)

comt	komen	v(fin,pres,lex)	
van	van	adp()	
minnen	min	n(sing)	
vut	uit	adv(gener)	
ende	en	conj(coord)	
vut	uit	adv(gener)

die	die	pron(rel)	
noit	nooit	adv(neg)	
dorper	dorper	n(sing)	
en	ne	adv(neg)	
kinde	kennen	v(fin,past,lex)

hem	hij	pron(pers,3,sing)	
can	kunnen	v(fin,pres,aux_cop)	
ghehelpen	gehelpen	v(infin)	
el	el	adj()	
gheen	geen	pron(indef)	
cruut	kruid	n(sing)

die	die	pron(rel)	
stille	stil	adv(gener)	
mint	minnen	v(fin,pres,lex)	
of	of	conj(coord)	
ouer+luut	overluid	adv(gener)	
dan	dan	conj(comp)	
hem	hij	pron(pers,3,sing)	
teuel	dat+euvel	art(def)+n(sing)	
toe+sinde	toezenden	v(fin,pres,lex)

der	de	art(def)	
herten	hart	n(sing)	
enter	en+de	conj(coord)+art(def)	
oghen	oog	n(plu)	
virtuut	virtuut	n(sing)

willic	willen+ik	v(fin,pres,lex)+pron(pers,1,sing)	
dat	dat	conj(subord)	
hier+mede	hiermede	pronadv(dem)	
si	zijn	v(fin,pres,aux_cop)	
beduut	beduiden	v(fin,pres,lex)

prouf	proeven	v(imp)	
of	of	conj(coord)	
ic	ik	pron(pers,1,sing)	
dit	dit	pron(dem)	
ontbinde	ontbinden	v(fin,pres,lex)

entie	en+de	conj(coord)+art(def)	
redene	reden	n(sing)	
bevinde	bevinden	v(fin,pres,lex)

een	een	art(indef)	
zwaer	zwaar	adj()	
orloghe	oorlog	n(sing)	
ende	en	conj(coord)	
een	een	art(indef)	
groet	groot	adj()	
strijt	strijd	n(sing)

ende	en	conj(coord)	
daer+toe	daartoe	pronadv(dem)	
een	een	art(indef)	
eewelijc	eeuwelijk	adj()	
nijt	nijd	n(sing)

es	zijn	v(fin,pres,aux_cop)	
tusschen	tussen	adp()	
der	de	art(def)	
herten	hart	n(sing)	
enten	en+de	conj(coord)+art(def)	
oghen	oog	n(plu)

therte	dat+hart	art(def)+n(sing)	
den	de	art(def)	
oghen	oog	n(plu)	
verwijt	verwijt	v(fin,pres,lex)

du	du	pron(pers,2,sing)	
best	zijn	v(fin,pres,aux_cop)	
die	die	pron(rel)	
mijns	ik	pron(pers,1,sing)	
niet	niet	adv(neg)	
ne	ne	adv(neg)	
vermijt	vermijden	v(fin,pres,lex)

bidi	bij+du	adp()+pron(pers,2,sing)	
bem	zijn	v(fin,pres,aux_cop)	
ic	ik	pron(pers,1,sing)	
bedroghen	bedriegen	v(participle,past)

du	du	pron(pers,2,sing)	
best	zijn	v(fin,pres,aux_cop)	
open	open	adj()	
talre	te+al	adp()+num(indef)	
tijt	tijd	n(sing)

elken	elk	num(indef)	
besonder	bijzonder	adv(gener)	
die	die	pron(rel)	
vordi	voor+du	adp()+pron(pers,3,sing)	
lijt	lijden	v(fin,pres,lex)

du	du	pron(pers,2,sing)	
best	zijn	v(fin,pres,aux_cop)	
vrient	vriend	n(sing)	
dits	dit+zijn	pron(dem)+v(fin,pres,aux_cop)	
gheloghen	liegen	v(participle,past)

sluut	sluiten	v(imp)	
dine	dijn	pron(poss)	
dore	deur	n(sing)	
teenegher	te+enig	adp()+pron(indef)	
tijt	tijd	n(sing)

daer	daar	adv(dem)	
menich	menig	num(indef)	
dief	dief	n(sing)	
voren	voor	adp()	
lijt	lijden	v(fin,pres,lex)

bidi	bij+du	adp()+pron(pers,2,sing)	
ben	zijn	v(fin,pres,aux_cop)	
ic	ik	pron(pers,1,sing)	
bedroghen	bedriegen	v(participle,past)

dies	dat	pron(dem)	
claghic	klagen+ik	v(fin,pres,lex)+pron(pers,1,sing)	
den	de	art(def)	
oghen	oog	n(plu)

vvapene	wapen	interj()	
vriendelijc	vriendelijk	adj()	
viant	vijand	n(sing)

dor	door	adp()	
di	du	pron(pers,2,sing)	
doghic	dogen+ik	v(fin,pres,lex)+pron(pers,1,sing)	
meneghen	menig	num(indef)	
pant	pand	n(sing)

ende	en	conj(coord)	
meneghe	menig	num(indef)	
coude	koude	n(sing)

wach	wach	interj()	
datti	dat+du	conj(subord)+pron(pers,2,sing)	
nature	natuur	n(sing)	
oit	ooit	adv(indef)	
vant	vinden	v(fin,past,lex)

waerdi	zijn+gij	v(fin,past,aux_cop)+pron(pers,2,plu)	
verboden	verbieden	v(participle,past)	
huus	huis	n(sing)	
ende	en	conj(coord)	
lant	land	n(sing)

ende	en	conj(coord)	
des	de	art(def)	
meinschen	mens	n(sing)	
houde	hulde	n(sing)

sone	zo+ne	adv(resum)+adv(neg)	
bonde	binden	v(fin,past,lex)	
mi	ik	pron(pers,1,sing)	
gheen	geen	pron(indef)	
bant	band	n(sing)

lichtre	licht	adj()	
ware	zijn	v(fin,past,aux_cop)	
dan	dan	conj(comp)	
een	een	art(indef)	
zant	zand	n(sing)

al+gader	algader	adv(gener)	
mine	mijn	pron(poss)	
scoude	schuld	n(sing)

men	men	pron(indef)	
stake	steken	v(fin,past,lex)	
bet	bet	adv(gener)	
vut	uit	v(prtcl)	
metter	met+de	adp()+art(def)	
hant	hand	n(sing)

ende	en	conj(coord)	
versmorde	versmoren	v(fin,past,lex)	
sulken	zulk	pron(dem)	
pant	pand	n(sing)

onder	onder	adp()	
donreene	de+onrein	art(def)+adj()	
moude	moude	n(sing)

vp+dat	opdat	conj(subord)	
nature	natuur	n(sing)	
woude	willen	v(fin,past,aux_cop)

therte	het+hart	art(def)+n(sing)	
zweech	zwijgen	v(fin,past,lex)	
ende	en	conj(coord)	
toghe	het+oog	art(def)+n(sing)	
sprac	spreken	v(fin,past,lex)

mi	ik	pron(pers,1,sing)	
dinct	dunken	v(fin,pres,aux_cop)	
dat	dat	conj(subord)	
hu	uw	pron(poss)	
sin	zin	n(sing)	
ghebrac	gebreken	v(fin,past,lex)

vrouwe	vrouw	n(sing)	
coninghinne	koningin	n(sing)

dat	dat	conj(subord)	
ghi	gij	pron(pers,2,plu)	
mi	ik	pron(pers,1,sing)	
tyet	tijgen	v(fin,pres,lex)	
hu	uw	pron(poss)	
onghemac	ongemak	n(sing)

want	want	conj(subord)	
noit	nooit	adv(neg)	
van	van	adp()	
mi	ik	pron(pers,1,sing)	
tuwaert	te+uwaart	adp()+adv(gener)	
lac	lak	n(sing)

een	een	art(indef)	
stof	stof	n(sing)	
al	al	conj(subord)	
quaemt	komen+het	pron(pers,3,sing)+v(fin,past,lex)	
mi	ik	pron(pers,1,sing)	
inne	in	adp()

alse	als	conj(subord)	
men	men	pron(indef)	
mi	ik	pron(pers,1,sing)	
somwile	somwijl	adv(gener)	
vte+stac	uitsteken	v(fin,past,lex)

wat	wat	pron(inter)	
dochte	deugen	v(fin,past,lex)	
daer+na	daarna	adv(gener)	
smeinschen	de+mens	art(def)+n(sing)	
sac	zak	n(sing)

sijn	zijn	v(fin,pres,aux_cop)	
wel+varen	welvaar	n(sing)	
was	zijn	v(fin,past,aux_cop)	
dinne	dun	adj()

sonder	zonder	adp()	
noot	nood	n(sing)	
maecti	maken+hij	 v(fin,pres,lex)+hij	
ghecrac	gekraak	n(sing)

ende	en	conj(coord)	
werpt	werpen	v(fin,pres,lex)	
vp	op	adp()	
mi	ik	pron(pers,1,sing)	
uwen	uw	pron(poss)	
hac	hak	n(sing)

dat	dat	conj(subord)	
ic	ik	pron(pers,1,sing)	
hu	gij	pron(pers,2,plu)	
vrouwe	vrouw	n(sing)	
kinne	kennen	v(fin,pres,lex)

ende	en	conj(coord)	
mine	mijn	pron(poss)	
coninghinne	koningin	n(sing)

merket	merken	v(imp)	
vrouwe	vrouw	n(sing)	
ende	en	conj(coord)	
besiet	bezien	v(imp)

dat	dat	conj(subord)	
ghi	gij	pron(pers,2,plu)	
ouer	over	adp()	
mi	ik	pron(pers,1,sing)	
ghebiet	gebieden	v(fin,pres,lex)

alse	als	conj(comp)	
ouer	over	adp()	
alle	al	pron(indef)	
huwe	uw	pron(poss)	
lede	lede	n(plu)

menne	men+ne	pron(indef)+adv(neg)	
conde	kunnen	v(fin,past,aux_cop)	
hu	gij	pron(pers,2,plu)	
ghescaden	geschaden	v(infin)	
niet	niet	adv(neg)

waert	zijn+het	v(fin,past,aux_cop)+pron(pers,3,sing)	
so	zo	adv(dem)	
dat	dat	conj(subord)	
ghi	gij	pron(pers,2,sing)	
van	van	adp()	
hu	gij	pron(pers,2,plu)	
sciet	scheiden	v(fin,past,lex)

alle	al	pron(indef)	
dorperhede	dorperheid	n(sing)

maer	maar	conj(coord)	
alse	als	conj(subord)	
ghi	gij	pron(pers,2,plu)	
bi	bij	adp()	
mi	ik	pron(pers,1,sing)	
bespiet	bespieden	v(fin,pres,lex)

dinghen	ding	n(plu)	
die	die	pron(rel)	
ghi	gij	pron(pers,2,sing)	
ane	aan	v(prtcl)	
v	gij	pron(pers,2,plu)	
tiet	tijgen	v(fin,pres,lex)

volghedijs	volgen+du+het	v(fin,past,lex)+pron(pers,3,plu)+pron(pers,3,sing)	
gherne	gaarne	adv(gener)	
mede	mede	adv(gener)

ghi	gij	pron(pers,2,sing)	
sijt	zijn	v(fin,pres,aux_cop)	
alse	als	conj(subord)	
tcrancke	het+krank	art(def)+adj()	
riet	riet	n(sing)

dat	dat	pron(rel)	
den	de	art(def)	
winde	wind	n(sing)	
volghet	volgen	v(fin,pres,lex)	
ende	en	conj(coord)	
vliet	vlieden	v(fin,pres,lex)

hu	uw	pron(poss)	
onghestadichede	ongestadigheid	n(sing)

maect	maken	v(fin,pres,lex)	
hu	gij	pron(pers,2,sing)	
den	de	art(def)	
onvrede	onvrede	n(sing)

dit	dit	pron(dem)	
orloghe	oorlog	n(sing)	
heuet	hebben	v(fin,pres,aux_cop)	
ghevelt	vellen	v(participle,past)

alse	als	conj(subord)	
men	men	pron(indef)	
hare	zij	pron(pers,3,sing)	
den	de	art(def)	
twist	twist	n(sing)	
vertelt	vertellen	v(fin,pres,lex)

vrouwe	vrouw	n(sing)	
redene	reden	n(sing)	
bi	bij	adp()	
besceede	bescheid	n(sing)

beede+gader	beidegader	num(indef)	
soese	zij+zij	pron(pers,3,sing)+pron(pers,3,plu)	
scelt	schelden	v(fin,pres,lex)

elken	elk	pron(indef)	
deelt	delen	v(fin,pres,lex)	
soe	zij	pron(pers,3,sing)	
daer	daar	adv(dem)	
sijn	zijn	pron(poss)	
ghelt	geld	n(sing)

niet	niet	adv(neg)	
ghelike	gelijk	adv(gener)	
beede	beide	num(indef)

baersculdich	baarschuldig	adj()	
soe	zij	pron(pers,3,sing)	
die	de	art(def)	
herte	hart	n(sing)	
spelt	spellen	v(fin,pres,lex)

alse	als	conj(subord)	
diese	die+zij	pron(rel)+pron(pers,3,sing)	
ouer	over	adp()	
voghet	voogd	n(sing)	
helt	houden	v(fin,pres,lex)

ende	en	conj(coord)	
vrouwe	vrouw	n(sing)	
bi	bij	adp()	
haren	haar	pron(poss)	
heede	eed	n(sing)

maer	maar	conj(coord)	
des	de	art(def)	
ongheuals	ongeval	n(sing)	
ghewelt	geweld	n(sing)

dat	dat	pron(dem)	
bi	bij	adp()	
ziene	zien	v(infin)	
therte	het+hart	art(def)+n(sing)	
dwelt	dwellen	v(fin,pres,lex)

tyet	tijgen	v(fin,pres,lex)	
soe	zij	pron(pers,3,sing)	
des	de	art(def)	
oghes	oog	n(sing)	
gheleede	geleide	n(sing)

dus	dus	adv(dem)	
deelet	delen	v(fin,pres,lex)	
soe	zij	pron(pers,3,sing)	
die	de	art(def)	
veede	vede	n(sing)

martin	martijn	n(prop)	
hier+bi	hierbij	pronadv(dem)	
moghestu	mogen+du	v(fin,pres,lex)+pron(pers,2,sing)	
sien	zien	v(infin)

weder	weder	conj(coord)	
die	de	art(def)	
oghen	oog	n(plu)	
therte	het+hart	art(def)+n(sing)	
vlien	vlieden	v(fin,pres,lex)

so	zo	conj(coord)	
therte	het+hart	art(def)+n(sing)	
die	de	art(def)	
oghen	oog	n(plu)

alse	als	conj(subord)	
therte	het+hart	art(def)+n(sing)	
wille	wil	v(fin,pres,aux_cop)	
ontien	onttijgen	v(infin)

om	om	adp()	
niet	niet	adv(neg)	
dan	dan	conj(comp)	
die	de	art(def)	
oghen	oog	n(plu)	
spien	spieden	v(fin,pres,lex)

daer	daar	pronadv(dem)	
nes	ne+zijn	adv(neg)+v(fin,pres,aux_cop)	
gheen	geen	pron(indef)	
ghedoghen	gedogen	v(infin)

maer	maar	conj(coord)	
hets	het+zijn	pron(pers,3,sing)+v(fin,pres,aux_cop)	
emmer	immer	adv(gener)	
der	de	art(def)	
herten	hart	n(sing)	
plien	plegen	v(infin)

alst	als+het	conj(subord)+pron(pers,3,sing)	
dor	door	adp()	
doghen	de+oog	art(def)+n(plu)	
siet	zien	v(fin,pres,lex)	
desen	deze	pron(dem)	
of	of	conj(subord)	
dien	die	pron(dem)

daert	daar+het	pronadv(rel)+pron(pers,3,sing)	
hem	hij	pron(pers,3,sing)	
toe	toe	pronadv(rel)	
wille	wil	v(fin,pres,aux_cop)	
boghen	bogen	v(infin)

so	zo	adv(resum)	
moet	moeten	v(fin,pres,aux_cop)	
al	al	num(indef)	
sijn	zijn	pron(poss)	
wille	wil	n(sing)	
ghescien	geschieden	v(infin)

toghe	het+oog	art(def)+n(sing)	
moet	moeten	v(fin,pres,aux_cop)	
lyen	lijden	v(infin)	
ende	en	conj(coord)	
ghien	gie‘n	v(infin)

daer+dore	daardoor	pronadv(rel)	
quam	komen	v(fin,past,aux_cop)	
ghevloghen	vliegen	v(participle,past)

minne	min	n(sing)	
int	in+dat	adp()+art(def)	
vertoghen	vertogen	n(sing)

iacop	jacob	n(prop)	
dine	dijn	pron(poss)	
redene	reden	n(sing)	
es	zijn	v(fin,pres,aux_cop)	
claer	klaar	adj()

al	al	conj(subord)	
dinct	dunken	v(fin,pres,lex)	
soe	zij	pron(pers,3,sing)	
den+ghenen	degene	pron(dem)	
zwaer	zwaar	adj()

die	die	pron(rel)	
lettel	luttel	adv(gener)	
ghevroeden	gevroeden	v(fin,pres,lex)

ic	ik	pron(pers,1,sing)	
weet	weten	v(fin,pres,lex)	
dat	dat	conj(subord)	
wel	wel	adv(gener)	
ouer+waer	overwaar	adv(gener)

die	de	art(def)	
ziele	ziel	n(sing)	
ware	zijn	v(fin,past,aux_cop)	
al	al	adv(gener)	
sonder	zonder	adp()	
vaer	vaar	n(sing)

ende	en	conj(coord)	
in	in	adp()	
sekerre	zeker	adj()	
hoeden	hoede	n(sing)

wilde	willen	v(fin,past,aux_cop)	
therte	dat+hart	art(def)+n(sing)	
maken	maken	v(infin)	
ommaer	onmaar	adj()

daer	daar	pronadv(rel)	
hare	zij	pron(pers,3,sing)	
die	de	art(def)	
oghen	oog	n(plu)	
sendden	zenden	v(fin,past,lex)	
naer	naar	adv(gener)

niemen	niemand	pron(indef)	
dorstem	durven+hij	v(fin,past,aux_cop)+pron(pers,3,sing)	
vermoeden	vermoeden	v(infin)

dat	dat	conj(subord)	
hi	hij	pron(pers,3,sing)	
beuen	beven	v(infin)	
soude	zullen	v(fin,past,aux_cop)	
daer	daar	pronadv(rel)

ende	en	conj(coord)	
wisen	wijzen	v(infin)	
ten	te+de	adp()+art(def)	
gloeden	gloed	n(plu)

die	die	pron(rel)	
hier	hier	adv(dem)	
ten	te+de	adp()+art(def)	
sonden	zonde	n(plu)	
spoeden	spoeden	v(fin,past,lex)

berecht	berechten	v(imp)	
mi	ik	pron(pers,1,sing)	
jacop	jacob	n(prop)	
oftu	of+du	conj(subord)+pron(pers,2,sing)	
wout	willen	v(fin,pres,lex)

weder	weder	conj(coord)	
es	zijn	v(fin,pres,aux_cop)	
sekerst	zeker	adj()	
int	in+dat	adp()+art(def)	
behout	behoud	n(sing)

rijcheit	rijkheid	n(sing)	
so	zo	conj(coord)	
aermoede	armoede	n(sing)

eist	zijn+het	v(fin,pres,aux_cop)+pron(pers,3,sing)	
leec	leek	n(sing)	
clerc	klerk	n(sing)	
ionc	jong	adj()	
of	of	conj(coord)	
hout	oud	adj()

het	het	pron(pers,3,sing)	
dinc	dunken	v(fin,pres,lex)	
mi	ik	pron(pers,1,sing)	
wesen	wezen	v(infin)	
gader+gout	gadergoud	n(sing)

al	al	pron(indef)	
staet	staan	v(fin,pres,lex)	
naer	na	v(prtcl)	
den	dat	art(def)	
goede	goed	n(sing)

aermoede	armoede	n(sing)	
prijstmen	prijzen+men	v(fin,pres,lex)+pron(indef)	
menich+fout	menigvoud	adj()

men	men	pron(indef)	
seghet	zeggen	v(fin,pres,lex)	
soe	zij	pron(pers,3,sing)	
es	zijn	v(fin,pres,aux_cop)	
seker	zeker	adj()	
ende	en	conj(coord)	
bout	boud	adj()

vor	voor	adp()	
rouers	rover	n(plu)	
sonder	zonder	adp()	
hoede	hoede	n(sing)

doch	doch	adv(gener)	
minnen	minnen	v(fin,pres,lex)	
si	zij	pron(pers,3,plu)	
vor	voor	adp()	
dwater	dat+water	art(def)+n(sing)	
smout	smout	n(sing)

si	zij	pron(pers,3,plu)	
scuwen	schuwen	v(fin,pres,lex)	
hongher	honger	n(sing)	
ende	en	conj(coord)	
cout	koude	n(sing)

eist	zijn+het	v(fin,pres,aux_cop)+pron(pers,3,sing)	
alsic	als+ik	conj(comp)+pron(pers,1,sing)	
mi	ik	pron(pers,1,sing)	
gheuroede	gevroeden	v(fin,past,lex)

so	zo	adv(gener)	
dolen	dolen	v(fin,pres,lex)	
dese	deze	pron(dem)	
vroede	vroed	adj()

martin	martijn	n(prop)	
ic	ik	pron(pers,1,sing)	
mete	meten	v(fin,pres,lex)	
di	du	pron(pers,2,sing)	
vul	vol	v(prtcl)	
dit	dit	pron(dem)	
vat	vat	n(sing)

vpten	op+de	adp()+art(def)	
stoel	stoel	n(sing)	
daer	daar	adv(rel)	
moyses	mozes	n(prop)	
sat	zitten	v(fin,past,lex)

daer	daar	adv(rel)	
sitten	zitten	v(infin)	
die	de	pron(rel)	
gheleerde	geleerd	adj()

dat	dat	pron(rel)	
si	zij	pron(pers,3,plu)	
wisen	wijzen	v(fin,pres,lex)	
doe	doen	v(imp)	
al	al	num(indef)	
dat	dat	pron(dem)

si	zij	pron(pers,3,plu)	
wisen	wijzen	v(fin,pres,lex)	
bi	bij	adp()	
den	de	art(def)	
rechten	recht	adj()	
pat	pad	n(sing)

wel	wel	adv(gener)	
hem	hij	pron(pers,3,sing)	
diere	die+er	pron(rel)+pronadv(pers)	
hem	hij	pron(pers,3,sing)	
an+keerde	aankeren	v(fin,past,lex)

maer	maar	conj(coord)	
in	in	adp()	
wel+deene	weldoen	v(infin)	
sijn	zijn	v(fin,pres,aux_cop)	
si	zij	pron(pers,3,plu)	
lat	lat	adj()

si	zij	pron(pers,3,plu)	
heeten	heten	v(fin,pres,aux_cop)	
vasten	vasten	v(infin)	
si	zij	pron(pers,3,plu)	
sijn	zijn	v(fin,pres,aux_cop)	
sat	zat	adj()

ne	ne	adv(neg)	
volghe	volgen	v(imp)	
niet	niet	adv(neg)	
sulken	zulk	pron(dem)	
heerde	herder	n(sing)

sine	zij+ne	pron(pers,3,sing)+adv(neg)	
minnen	minnen	v(fin,pres,lex)	
niet	niet	adv(neg)	
vorden	voor+de	adp()+art(def)	
scat	schat	n(sing)

haer	haar	pron(poss)	
hant	hand	n(sing)	
es	zijn	v(fin,pres,aux_cop)	
altoes	altoos	adv(gener)	
sonder	zonder	adp()	
gat	gat	n(sing)

noint	nooit	adv(indef)	
volc	volk	n(sing)	
was	zijn	v(fin,past,aux_cop)	
bouen	boven	adp()	
der	de	art(def)	
erde	aarde	n(sing)

dat	dat	pron(rel)	
meer	meer	num(indef)	
goeds	goed	n(sing)	
begherde	begeren	v(fin,past,lex)

die	de	pron(rel)	
meerre	meer	num(indef)	
menechte	menigte	n(sing)	
es	zijn	v(fin,pres,aux_cop)	
dus+daen	dusdan	pron(dem)

doch	toch	adv(gener)	
vint	vinden	v(fin,pres,lex)	
mer	men+er	pron(indef)+pronadv(pers)	
sonder	zonder	adp()	
waen	waan	n(sing)

al	al	conj(subord)	
sijn	zijn	v(fin,pres,aux_cop)	
si	zij	pron(pers,3,plu)	
selsiene	zelsen	adj()

die	die	pron(rel)	
den	de	art(def)	
erdschen	aards	adj()	
goede	goed	n(sing)	
ontgaen	ontgaan	v(infin)

ende	en	conj(coord)	
aermoede	armoede	n(sing)	
anevaen	aanvangen	v(infin)

bi	bij	adp()	
heleghen	heilig	adj()	
engiene	engien	n(sing)

si	zij	pron(pers,3,plu)	
lieten	laten	v(fin,past,lex)	
hem	hij	pron(pers,3,sing)	
bluwen	blouwen	v(infin)	
ende	en	conj(coord)	
slaen	slaan	v(infin)

tormenteren	tormenteren	v(infin)	
ende	en	conj(coord)	
vaen	vangen	v(infin)

omme	om	adp()	
die	de	art(def)	
helle	hel	n(sing)	
tontvliene	te+ontvlieden	adp()+v(infin)

hier+in	hierin	pronadv(dem)	
waert	zijn+het	v(fin,past,aux_cop)	
sekerst	zeker	adj()	
vulstaen	volstaan	v(participle,past)

want	want	conj(subord)	
dien	die	pron(rel)	
hem	hij	pron(pers,3,sing)	
in	in	adp()	
dit	dit	pron(dem)	
doepsel	doopsel	n(sing)	
dwaen	dwaan	v(infin)

sijn	zijn	v(fin,pres,aux_cop)	
seker	zeker	adj()	
gode	god	n(prop)	
te	te	adp()	
ziene	zien	v(infin)

noch	noch	conj(coord)	
niet	niet	adv(neg)	
te	te	adp()	
messchiene	misschieden	v(infin)

die	de	art(def)	
gods	god	n(prop)	
sone	zoon	n(sing)	
toghet	togen	v(fin,pres,lex)	
ons	wij	pron(pers,1,plu)	
dat	dat	pron(dem)

die	de	pron(rel)	
euen+gheweldich	evengeweldig	adj()	
sit	zitten	v(fin,pres,lex)	
ende	en	conj(coord)	
sat	zitten	v(fin,past,lex)

den	de	art(def)	
vader	vader	n(sing)	
in	in	adp()	
sijn	zijn	pron(poss)	
rike	rijk	n(sing)

hi	hij	pron(pers,3,sing)	
beete	beten	v(fin,past,lex)	
in	in	adp()	
dese	deze	pron(dem)	
aerme	arm	adj()	
stat	stad	n(sing)

inder	in+de	adp()+art(def)	
reynre	rein	n(sing)	
marien	maria	n(prop)	
vat	vat	n(sing)

harde	hard	adv(gener)	
omoedelike	ootmoedelijk	adv(gener)

daer	daar	adv(rel)	
hi	hij	pron(pers,3,sing)	
cume	kuim	adv(gener)	
soghes	zog	n(sing)	
was	zijn	v(fin,past,aux_cop)	
sat	zat	adj()

ende	en	conj(coord)	
ghedoghede	gedogen	v(fin,past,lex)	
meneghen	menig	num(indef)	
gadsat	godsat	n(sing)

van	van	adp()	
sinen	zijn	pron(poss)	
onghelike	ongelijke	n(sing)

dat	dat	conj(subord)	
aermoede	armoede	n(sing)	
es	zijn	v(fin,pres,aux_cop)	
een	een	art(indef)	
pat	pad	n(sing)

die	die	pron(rel)	
dor	door	adp()	
den	de	art(def)	
hemel	hemel	n(sing)	
maect	maken	v(fin,pres,lex)	
een	een	art(indef)	
gat	gat	n(sing)

ende	en	conj(coord)	
soe	zij	pron(pers,3,sing)	
niet	niet	adv(neg)	
en	ne	adv(neg)	
beswike	bezwijken	v(fin,pres,lex)

die	die	pron(rel)	
hare	zij	pron(pers,3,sing)	
met	met	adp()	
trouwen	trouw	n(sing)	
wike	wijken	v(fin,pres,lex)

vvaenstu	wanen+du	v(fin,pres,lex)+pron(pers,2,sing)	
martin	martijn	n(prop)	
weeldich	weeldig	adj()	
vet	vet	adj()

ende	en	conj(coord)	
ghecleet	kleden	v(participle,past)	
nv	nu	adv(dem)	
wel	wel	adv(gener)	
nv	nu	adv(dem)	
bet	bet	adv(gener)

varen	varen	v(infin)	
int	in+dat	adp()+art(def)	
langhe	lang	adj()	
leuen	leven	n(sing)

ende	en	conj(coord)	
jhesus	jezus	n(prop)	
naect	naakt	adv(gener)	
int	in+dat	adp()+art(def)	
bloet	bloed	n(sing)	
besmet	besmetten	v(participle,past)

ende	en	conj(coord)	
sine	zijn	pron(poss)	
rechtre	rechter	adj()	
side	zijde	n(sing)	
ghesplet	splijten	v(participle,past)

ende	en	conj(coord)	
an	aan	adp()	
thout	dat+hout	art(def)+n(sing)	
verheuen	verheffen	v(participle,past)

of	of	conj(coord)	
thouet	dat+hoofd	art(def)+n(sing)	
van	van	adp()	
onser	ons	pron(poss)	
wet	wet	n(sing)

met	met	adp()	
scarpen	scherp	adj()	
dornen	doorn	n(plu)	
was	zijn	v(fin,past,aux_cop)	
beset	bezetten	v(participle,past)

alset	als+het	conj(subord)+pron(pers,3,sing)	
noch	nog	adv(gener)	
es	zijn	v(fin,pres,aux_cop)	
bescreuen	beschrijven	v(participle,past)

eist	zijn+het	v(fin,pres,aux_cop)+pron(pers,3,sing)	
dattu	dat+du	conj(subord)+pron(pers,2,sing)	
wilt	willen	v(fin,pres,aux_cop)	
sijn	zijn	v(infin)	
sijn	zijn	pron(poss)	
let	lid	n(sing)

magherlike	magerlijk	adv(gener)	
drinc	drinken	v(imp)	
ende	en	conj(coord)	
et	eten	v(imp)

leere	leer	v(imp)	
weelde	weelde	n(sing)	
begheuen	begeven	v(infin)

oftu	of+du	conj(subord)+pron(pers,2,sing)	
moets	moeten	v(fin,pres,aux_cop)	
zware	zwaar	adv(gener)	
sneuen	sneven	v(infin)

niet	niet	adv(neg)	
en	ne	adv(neg)	
segghic	zeggen+ik	v(fin,pres,aux_cop)+pron(pers,1,sing)	
dat	dat	conj(subord)	
rijcheit	rijkheid	n(sing)	
sent	zenden	v(fin,pres,lex)

die	de	art(def)	
zielen	ziel	n(plu)	
inden	in+de	adp()+art(def)	
torment	torment	n(sing)

vp+dat	opdat	conj(subord)	
ment	men+het	pron(indef)+pron(pers,3,sing)	
nutte	nutten	v(fin,pres,lex)	
met	met	adp()	
rechte	recht	n(sing)

maer	maar	conj(coord)	
sekerst	zeker	adj()	
es	zijn	v(fin,pres,aux_cop)	
vlien	vlieden	v(infin)	
dat	dat	art(def)	
serpent	serpent	n(sing)

dan	dan	conj(comp)	
te	te	adp()	
wandelen	wandelen	v(infin)	
daer+om+trent	daaromtrent	pronadv(dem)

dat	dat	conj(subord)	
het	het	pron(pers,3,sing)	
di	du	pron(pers,2,sing)	
niet	niet	adv(neg)	
bevlechte	bevlechten	v(fin,past,lex)

maer	maar	conj(coord)	
rijcheit	rijkheid	n(sing)	
maect	maken	v(fin,pres,lex)	
den	de	art(def)	
mensche	mens	n(sing)	
so	zo	adv(dem)	
blent	blind	adj()

dat	dat	conj(subord)	
hi	hij	pron(pers,3,sing)	
gode	god	n(sing)	
nine	niene	adv(neg)	
kent	kennen	v(fin,pres,lex)

dus	dus	adv(dem)	
sceet	scheiden	v(fin,past,lex)	
men	men	pron(indef)	
vanden	van+de	adp()+art(def)	
lechte	licht	n(sing)

ende	en	conj(coord)	
wert	worden	v(fin,pres,aux_cop)	
van	van	adp()	
leuene	leven	n(sing)	
een	een	art(indef)	
rent	rund	n(sing)

daer	daar	adv(dem)	
valt	vallen	v(fin,pres,lex)	
men	men	pron(indef)	
inden	in+de	adp()+art(def)	
helschen	hels	adj()	
scent	schende	n(sing)

dus	dus	adv(dem)	
bringhet	brengen	v(fin,pres,lex)	
in	in	adp()	
die	de	art(def)	
echte	hecht	n(sing)

die	de	art(def)	
duuel	duivel	n(sing)	
sine	zijn	pron(poss)	
knechte	knecht	n(plu)

iacop	jacob	n(prop)	
du	du	pron(pers,2,sing)	
spreex	spreken	v(fin,past,lex)	
wel	wel	adv(gener)	
ende	en	conj(coord)	
waer	waar	adv(gener)

maer	maar	conj(coord)	
die	de	art(def)	
wech	weg	n(sing)	
es	zijn	v(fin,pres,aux_cop)	
nauwe	nauw	adj()	
ende	en	conj(coord)	
zwaer	zwaar	adj()

ende	en	conj(coord)	
zeere	zeer	adv(gener)	
onghetreden	ongetreden	adj()

met	met	adp()	
aermoeden	armoede	n(sing)	
te	te	adp()	
clemmene	klimmen	v(infin)	
daer	daar	pronadv(rel)

daer	daar	adv(rel)	
men	men	pron(indef)	
leuet	leven	v(fin,pres,lex)	
sonder	zonder	adp()	
vaer	vaar	n(sing)

in	in	adp()	
eeweliken	eeuwelijk	adj()	
vreden	vrede	n(sing)

martin	martijn	n(prop)	
so	zo	adv(resum)	
trec	trekken	v(imp)	
die	de	art(def)	
aerme	arm	n(plu)	
naer	naar	adp()

deele	delen	v(imp)	
hem	hij	pron(refl,3,sing)	
stille	stil	adv(gener)	
ende	en	conj(coord)	
openbaer	openbaar	adv(gener)

van	van	adp()	
dire	dijn	pron(poss)	
weeldicheden	weeldigheid	n(sing)

eere	eren	v(imp)	
der	de	art(def)	
kerken	kerk	n(sing)	
enten	en+de	conj(coord)+art(def)	
outaer	altaar	n(sing)

het	het	pron(pers,3,sing)	
wert	worden	v(fin,pres,aux_cop)	
ten	te+de	adp()+art(def)	
joncsten	jongsten	adj()	
daghe	dag	n(sing)	
claer	klaar	adj()

daer	daar	adv(rel)	
di	du	pron(pers,2,sing)	
god	god	n(sing)	
sal	zullen	v(fin,pres,aux_cop)	
besteden	besteden	v(infin)

met	met	adp()	
sinen	zijn	pron(poss)	
lieuen	lief	adj()	
leden	lede	n(plu)

die	de	art(def)	
wech	weg	n(sing)	
es	zijn	v(fin,pres,aux_cop)	
nauwe	nauw	adj()	
ende	en	conj(coord)	
hooch	hoog	adj()

daer	daar	pronadv(rel)	
jhesus	jezus	n(prop)	
bi	bij	pronadv(rel)	
te	te	adp()	
hemele	hemel	n(sing)	
vlooch	vliegen	v(fin,past,lex)

dats	dat+zijn	pron(dem)+v(fin,pres,aux_cop)	
passie	passie	n(sing)	
ende	en	conj(coord)	
aermoede	armoede	n(sing)

oftu	of+du	conj(subord)+pron(pers,2,sing)	
meer	meer	adv(gener)	
hebs	hebben	v(fin,pres,aux_cop)	
dan	dan	conj(comp)	
di	du	pron(pers,2,sing)	
dooch	deugen	v(fin,pres,lex)

om	om	adp()	
die	de	art(def)	
gods	god	n(sing)	
hulde	hulde	n(sing)	
pooch	pogen	v(imp)

deele	delen	v(imp)	
van	van	adp()	
dinen	dijn	pron(poss)	
goede	goed	n(sing)

dine	dijn	pron(poss)	
fiere	fier	adj()	
herte	hart	n(sing)	
booch	bogen	v(imp)

ten	te+de	adp()+art(def)	
armen	arm	adj()	
mensche	mens	n(sing)	
ende	en	conj(coord)	
pooch	pogen	v(imp)

ontfaermcheit	ontfermigheid	n(sing)	
van	van	adp()	
moede	gemoed	n(sing)

god	god	n(sing)	
selue	zelf	pron(dem)	
die	die	pron(rel)	
noit	nooit	adv(neg)	
ende	en	conj(coord)	
loech	liegen	v(fin,past,lex)

enten	en+de	conj(coord)+art(def)	
milden	mild	adj()	
noit	nooit	adv(neg)	
bedroech	bedriegen	v(fin,past,lex)

sette	zetten	v(fin,past,lex)	
di	du	pron(pers,2,sing)	
in	in	adp()	
siere	zijn	pron(poss)	
hoede	hoede	n(sing)

buten	buiten	adp()	
des	de	art(def)	
viants	vijand	n(sing)	
roede	roede	n(sing)

iacop	jacob	n(prop)	
die	de	art(def)	
weerelt	wereld	n(sing)	
maect	maken	v(fin,pres,lex)	
ghescal	geschal	n(sing)

ende	en	conj(coord)	
thyent	tijgen+het	v(fin,pres,lex)+pron(pers,3,sing)	
den	de	art(def)	
vrouwen	vrouw	n(plu)	
al	al	adv(gener)

dat	dat	conj(subord)	
wi	wij	pron(pers,1,plu)	
in	in	adp()	
sonden	zonde	n(plu)	
sneuen	sneven	v(infin)

want	want	conj(subord)	
yeue	eva	n(prop)	
viel	vallen	v(fin,past,lex)	
den	de	art(def)	
eersten	eerst	num(ord)	
val	val	n(sing)

daer	daar	pronadv(rel)	
wi	wij	pron(pers,1,plu)	
omme	om	pronadv(rel)	
int	in+dat	adp()+art(def)	
erdsche	aards	adj()	
dal	dal	n(sing)

noch	nog	adv(gener)	
alle	al	pron(indef)	
sijn	zijn	v(fin,pres,aux_cop)	
verdreuen	verdrijven	v(participle,past)

so	zo	adv(dem)	
segghen	zeggen	v(fin,pres,lex)	
si	zij	pron(pers,3,plu)	
groot	groot	adj()	
ende	en	conj(coord)	
smal	smal	adj()

dat	dat	conj(subord)	
soe	zij	pron(pers,3,sing)	
adame	adam	n(prop)	
therte	dat+hart	art(def)+n(sing)	
stal	stelen	v(fin,past,lex)

die	die	pron(rel)	
hem	hij	pron(refl,3,sing)	
hare	zij	pron(pers,3,sing)	
liet	laten	v(fin,past,lex)	
vergheuen	vergeven	v(participle,past)

sech	zeggen	v(imp)	
mi	ik	pron(pers,1,sing)	
wien	wie	pron(inter)	
men	men	pron(indef)	
thyen	tijgen	v(infin)	
sal	zullen	v(fin,pres,aux_cop)

dit	dit	pron(dem)	
verlies	verlies	n(sing)	
sonder	zonder	adp()	
ghetal	getal	n(sing)

daer	daar	pronadv(dem)	
wi	wij	pron(pers,1,plu)	
in	in	pronadv(dem)	
moeten	moeten	v(fin,pres,aux_cop)	
sneuen	sneven	v(infin)

alse	als	conj(subord)	
enden	einden	v(infin)	
sal	zullen	v(fin,pres,aux_cop)	
dit	dit	pron(dem)	
leuen	leven	n(sing)

martin	martijn	n(prop)	
die+ghene	degene	pron(dem)	
en	ne	adv(neg)	
es	zijn	v(fin,pres,aux_cop)

die	die	pron(rel)	
mi	ik	pron(pers,1,sing)	
tyet	tijgen	v(fin,pres,lex)	
dat	dat	conj(subord)	
hi	hij	pron(pers,3,sing)	
m	misdoen	v(fin,pres,lex)

kent	kennen	v(fin,pres,lex)	
hi	hij	pron(pers,3,sing)	
vrome	vroom	n(sing)	
ende	en	conj(coord)	
scade	schade	n(sing)

ic	ik	pron(pers,1,sing)	
zie	zien	v(fin,pres,lex)	
die	de	art(def)	
zee	zee	n(sing)	
ic	ik	pron(pers,1,sing)	
zie	zien	v(fin,pres,lex)	
die	de	art(def)	
vloet	vloed	n(sing)

ic	ik	pron(pers,1,sing)	
settere	zetten+daar	v(fin,pres,lex)+adv(dem)	
willins	willens	adv(gener)	
in	in	adp()	
den	de	art(def)	
voet	voet	n(sing)

bi	bij	adp()	
eenen	een	art(indef)	
dommen	dom	adj()	
rade	raad	n(sing)

wien	wie	pron(inter)	
maghics	mogen+ik+dat	v(fin,pres,aux_cop)+pron(pers,1,sing)+pron(dem)	
draghen	dragen	v(infin)	
euel	euvel	adj()	
moet	moed	n(sing)

of	of	conj(subord)	
mi	ik	pron(pers,1,sing)	
die	de	art(def)	
stroem	stroom	n(sing)	
metter	met+de	adp()+art(def)	
spoet	spoed	n(sing)

draghet	dragen	v(fin,pres,lex)	
inden	in+de	adp()+art(def)	
ghewade	gewad	n(sing)

of	of	conj(subord)	
ic	ik	pron(pers,1,sing)	
quaet	kwaad	n(sing)	
kenne	kennen	v(fin,pres,lex)	
ende	en	conj(coord)	
goet	goed	n(sing)

ende	en	conj(coord)	
ic	ik	pron(pers,1,sing)	
mi	mij	pron(pers,1,sing)	
veinse	veinzen	v(fin,pres,lex)	
verwoet	verwoed	adj()

men	men	pron(indef)	
saelt	zullen+het	v(fin,pres,aux_cop)+pron(pers,3,sing)	
claghen	klagen	v(infin)	
spade	spade	adv(gener)

dat	dat	conj(subord)	
ic	ik	pron(pers,1,sing)	
mi	mij	pron(refl,1,sing)	
verlade	verladen	v(fin,pres,lex)

sulc	zulk	pron(indef)	
thyent	tijgen	v(fin,pres,lex)	
den	de	art(def)	
vrouwen	vrouw	n(plu)	
vpsien	opzien	v(infin)

dat	dat	conj(subord)	
si	zij	pron(pers,3,plu)	
hem	hij	pron(pers,3,plu)	
dat	dat	art(def)	
herte	hart	n(sing)	
ontien	onttijgen	v(fin,pres,lex)

alse	als	conj(comp)	
die	de	art(def)	
steen	steen	n(sing)	
die	de	art(def)	
naelde	naald	n(sing)

hi	hij	pron(pers,3,sing)	
dinct	dunken	v(fin,pres,aux_cop)	
mi	ik	pron(pers,1,sing)	
mesdoen	misdoen	v(infin)	
in+dien	indien	adv(gener)

wilde	willen	v(fin,past,aux_cop)	
hi	hij	pron(pers,3,sing)	
der	de	art(def)	
waerheit	waarheid	n(sing)	
ghien	gie‘n	v(infin)

dat	dat	pron(rel)	
hi	hij	pron(pers,3,sing)	
daer+toe	daartoe	pronadv(dem)	
taelde	talen	v(fin,past,lex)

wat	wat	pron(inter)	
moghens	mogen+het	v(fin,pres,lex)+pron(pers,3,sing)	
vrouwen	vrouw	n(plu)	
dat	dat	conj(subord)	
manne	man	n(plu)	
plien	plegen	v(fin,pres,lex)

so	zo	adv(gener)	
nauwe	nauw	adv(gener)	
om	om	adp()	
hare	haar	pron(poss)	
scoenheit	schoonheid	n(sing)	
spien	spieden	v(infin)

wies	wie+zijn	pron(inter)+v(fin,pres,aux_cop)	
diese	die+zij	pron(rel)+pron(pers,3,plu)	
daer+toe	daar+toe	pronadv(dem)	
haelde	halen	v(fin,past,lex)

wilde	willen	v(fin,past,aux_cop)	
die	de	art(def)	
claghere	klager	n(sing)	
in	in	adp()	
tijt	tijd	n(sing)	
vlien	vlieden	v(infin)

sone	zo+ne	adv(gener)+adv(neg)	
mochtem	mogen+hij	v(fin,past,aux_cop)+pron(pers,3,sing)	
niet	niet	adv(neg)	
messchien	misschieden	v(infin)

ende	en	conj(coord)	
hi	hij	pron(pers,3,sing)	
den	de	art(def)	
sin	zin	n(sing)	
verstaelde	verstalen	v(fin,past,lex)

eer	eer	conj(subord)	
hem	hij	pron(pers,3,sing)	
therte	het+hart	art(def)+n(sing)	
daelde	dalen	v(fin,past,lex)

vrauwen	vrouw	n(plu)	
sijn	zijn	v(fin,pres,aux_cop)	
bi	bij	adp()	
natueren	natuur	n(sing)	
goet	goed	adj()

si	zij	pron(pers,3,plu)	
slachten	slachten	v(fin,pres,lex)	
den	de	art(def)	
wine	wijn	n(sing)	
enter	en+de	conj(coord)+art(def)	
gloet	gloed	n(sing)

die	die	pron(rel)	
de	de	art(def)	
weerelt	wereld	n(sing)	
verbliden	verblijden	v(fin,past,lex)

want	want	conj(subord)	
wie	wie	pron(rel)	
des	de	art(def)	
wijns	wijn	n(sing)	
te	te	adv(gener)	
vele	veel	num(indef)	
in+doet	indoen	v(fin,pres,lex)

ende	en	conj(coord)	
te	te	adv(gener)	
naer	naar	adv(gener)	
den	de	art(def)	
viere	vuur	n(sing)	
set	zetten	v(fin,pres,lex)	
den	de	art(def)	
voet	voet	n(sing)

hine	hij+ne	pron(pers,3,sing)+adv(neg)	
caens	kunnen+het	v(fin,pres,lex)+pron(pers,3,sing)	
niet	niet	adv(neg)	
gheliden	gelijden	v(infin)

waren	zijn	v(fin,past,aux_cop)	
die	de	art(def)	
manne	man	n(plu)	
also	alzo	adv(dem)	
behoet	behoeden	v(participle,past)

dat	dat	conj(subord)	
si	zij	pron(pers,3,plu)	
oghen	oog	n(plu)	
sin	zin	n(sing)	
ende	en	conj(coord)	
moet	moed	n(sing)

wel	wel	adv(gener)	
consten	kunnen	v(fin,past,aux_cop)	
besniden	besnijden	v(infin)

o	zo	adv(gener)	
ware	zijn	v(fin,past,aux_cop)	
vrouwen	vrouw	n(plu)	
minne	min	n(sing)	
spoet	spoed	adj()

worden	worden	v(fin,past,aux_cop)	
si	zij	pron(pers,3,plu)	
van	van	adp()	
minnen	min	n(sing)	
verwoet	verwoed	adj()

dompelike	dommelijk	adv(gener)	
toe	te	adp()	
tiden	tijden	v(fin,pres,lex)

dit	dit	pron(dem)	
doet	doen	v(fin,pres,lex)	
vrouwen	vrouw	n(plu)	
beniden	benijden	v(participle,past)

dat	dat	conj(subord)	
men	men	pron(indef)	
te	te	adv(gener)	
lettel	luttel	adv(gener)	
ghetrouwe	getrouw	adj()	
kint	kennen	v(fin,pres,lex)

vrouwen	vrouw	n(plu)	
claghic	klagen+ik	v(fin,pres,lex)+pron(pers,1,sing)	
niet	niet	adv(neg)	
een	een	art(indef)	
twint	twint	n(sing)

bi	bij	adp()	
eere	een	art(indef)	
maniere	manier	n(sing)

want	want	conj(coord)	
wat	wat	pron(rel)	
so	zo	adv(gener)	
men	men	pron(indef)	
vele	veel	adv(gener)	
vint	vinden	v(fin,pres,lex)

wert	worden	v(fin,pres,aux_cop)	
onwert	onwaard	adj()	
ende	en	conj(coord)	
onghemint	ongemind	adj()

ende	en	conj(coord)	
men	men	pron(indef)	
copet	kopen+het	v(fin,pres,lex)+pron(pers,3,sing)	
ondiere	onduur	adv(gener)

manne	man	n(plu)	
sijn	zijn	pron(poss)	
loser	loos	adj()	
dan	dan	conj(comp)	
die	de	art(def)	
wint	wind	n(sing)

hare	haar	pron(poss)	
scone	schoon	adj()	
claghen	klaag	n(sing)	
vrouwen	vrouw	n(plu)	
verblint	verblinden	v(fin,pres,lex)

want	want	conj(subord)	
si	zij	pron(pers,3,plu)	
sijn	zijn	v(fin,pres,aux_cop)	
goedertiere	goedertieren	adj()

grote	groot	adj()	
sonden	zonde	n(plu)	
hi	hij	pron(pers,3,sing)	
hem	hij	pron(refl,3,sing)	
bewint	bewinden	v(fin,pres,lex)

die	die	pron(rel)	
valsche	vals	adj()	
worden	woord	n(plu)	
vrouwen	vrouw	n(plu)	
toe+sint	toezenden	v(fin,pres,lex)

god	god	n(sing)	
die	die	pron(rel)	
moetene	moeten+hij	v(fin,pres,aux_cop)+pron(pers,3,sing)	
schiere	schier	adv(gener)

senden	zenden	v(infin)	
ten	te+de	adp()+art(def)	
helschen	hels	adj()	
viere	vier	n(sing)

vvat	wat	pron(inter)	
mochte	mogen	v(fin,past,aux_cop)	
verhieue	vrouw+eva	n(sing)+n(prop)	
dat	dat	conj(subord)	
adm	adam	n(prop)

dor	door	adp()	
haren	haar	pron(poss)	
wille	wil	n(sing)	
den	de	art(def)	
appel	appel	n(sing)	
nam	nemen	v(fin,past,lex)

dat	dat	pron(rel)	
wi	wij	pron(pers,1,plu)	
noch	nog	adv(gener)	
besteruen	besterven	v(infin)

ic	ik	pron(pers,1,sing)	
waenre	wanen+het	v(fin,past,lex)+pron(pers,3,sing)	
ons	ons	pron(poss)	
vordeel	voordeel	n(sing)	
ane+quam	aankomen	v(fin,past,lex)

want	want	conj(subord)	
hier+omme	hierom	pronadv(dem)	
themelsche	dat+hemels	art(def)+adj()	
lam	lam	n(sing)

wart	worden	v(fin,past,aux_cop)	
mensche	mens	n(sing)	
tonser	te+ons	adp()+pron(poss)	
bederue	bederf	n(sing)

hi	hij	pron(pers,3,sing)	
versoende	verzoenen	v(fin,past,lex)	
den	de	art(def)	
vader	vader	n(sing)	
gram	gram	adj()

ende	en	conj(coord)	
wijsde	wijzen	v(fin,past,lex)	
den	de	art(def)	
wech	weg	n(sing)	
enten	en+de	conj(coord)+art(def)	
dam	dam	n(sing)

toter	tot+de	adp()+art(def)	
hogher	hoog	adj()	
heruen	erf	n(sing)

selsienre	zelsen	adj()	
dinc	ding	n(sing)	
noit	nooit	adv(neg)	
man	man	n(sing)	
vernam	vernemen	v(fin,past,lex)

dan	dan	conj(comp)	
die	de	art(def)	
maghet	maagd	n(sing)	
gode	god	n(prop)	
maecte	maken	v(fin,past,lex)	
so	zo	adv(gener)	
tam	tam	adj()

dat	dat	conj(subord)	
hi	hij	pron(pers,3,sing)	
eene+weruen	eenwerf	adv(gener)

om	om	adp()	
ons	wij	pron(pers,1,plu)	
wilde	willen	v(fin,past,aux_cop)	
steruen	sterven	v(infin)

vvat	wat	pron(inter)	
maken	maken	v(fin,pres,lex)	
quaet+sprekers	kwaadspreker	n(plu)	
ghescal	geschal	n(sing)

vrauwen	vrouw	n(plu)	
dadent	doen+het	v(fin,past,lex)+pron(pers,3,sing)	
wel+na	welna	adv(gener)	
al	al	adv(gener)

dat	dat	conj(subord)	
dit	dit	pron(dem)	
wonder	wonder	n(sing)	
ghesciede	geschieden	v(fin,past,lex)

al	al	pron(indef)	
dat	dat	pron(rel)	
es	zijn	v(fin,pres,lex)	
ende	en	conj(coord)	
wesen	wezen	v(infin)	
sal	zullen	v(fin,pres,aux_cop)

ende	en	conj(coord)	
dat	dat	pron(rel)	
oint	ooit	adv(indef)	
was	zijn	v(fin,past,aux_cop)	
sonder	zonder	adp()	
ghetal	getal	n(sing)

inghele	engel	n(plu)	
ende	en	conj(coord)	
liede	lieden	n(plu)

beueden	beveden	v(fin,past,lex)	
groot	groot	adj()	
ende	en	conj(coord)	
smal	smal	adj()

maria	maria	n(prop)	
ghenas	genezen	v(fin,past,lex)	
den	de	art(def)	
val	val	n(sing)

van	van	adp()	
meinscheliken	menselijk	adj()	
diede	diet	n(sing)

soe	zij	pron(pers,3,sing)	
was	zijn	v(fin,past,aux_cop)	
die	de	pron(dem)	
rouede	roven	v(fin,past,lex)	
ende	en	conj(coord)	
stal	stelen	v(fin,past,lex)

die	de	art(def)	
zielen	ziel	n(plu)	
int	in+dat	adp()+art(def)	
helsche	hels	adj()	
dal	dal	n(sing)

dies	die	pron(rel)	
lucifer	lucifer	n(prop)	
beghiede	begie‘n	v(fin,past,lex)

want	want	conj(coord)	
het	het	pron(pers,3,sing)	
was	zijn	v(fin,past,aux_cop)	
sine	zijn	pron(poss)	
meiseniede	meisniede	n(sing)

iacop	jacob	n(prop)	
du	du	pron(pers,2,sing)	
best	zijn	v(fin,pres,aux_cop)	
den	de	art(def)	
vrouwen	vrouw	n(plu)	
hout	houd	adj()

du	du	pron(pers,2,sing)	
gheues	geven	v(fin,pres,lex)	
den	de	art(def)	
mannen	man	n(plu)	
al	al	adv(gener)	
de	de	art(def)	
scout	schuld	n(sing)

ic	ik	pron(pers,1,sing)	
wanict	wanen+ic+het	v(fin,pres,aux_cop)+pron(pers,1,sing)+pron(pers,3,sing)	
best	best	adv(gener)	
ghedoghe	gedogen	v(infin)

ic	ik	pron(pers,1,sing)	
vergheue	vergeven	v(fin,pres,lex)	
al	al	adj()	
onghedout	ongeduld	n(sing)

allen	al	pron(indef)	
vrouwen	vrouw	n(plu)	
jonc	jong	adj()	
ende	en	conj(coord)	
hout	oud	adj()

omme	om	adp()	
die	de	art(def)	
vrouwe	vrouw	n(sing)	
hoghe	hoog	adj()

daer	daar	adv(rel)	
ons	wij	pron(pers,1,plu)	
af+quam	afkomen	v(fin,past,lex)	
onse	ons	pron(poss)	
behout	behoud	n(sing)

ghedanct	gedanken	v(fin,pres,lex)	
si	zij	pron(pers,3,sing)	
soes	zij+het	pron(pers,3,sing)+pron(pers,3,sing)	
menichfout	menigvoud	adv(gener)

dat	dat	conj(subord)	
soene	zij+hij	pron(pers,3,sing)+pron(pers,3,sing)	
vp+hilt	ophouden	v(fin,past,lex)	
met	met	adp()	
soghe	zog	n(sing)

die	die	pron(rel)	
ons	wij	pron(pers,1,plu)	
benam	benemen	v(fin,past,lex)	
dat	dat	art(def)	
helsche	hels	adj()	
cout	koud	n(sing)

in	in	adp()	
hare	zij	pron(pers,3,sing)	
bem	zijn	v(fin,pres,lex)	
ic	ik	pron(pers,1,sing)	
te	te	adp()	
hendene	einden	v(infin)	
bout	boud	adj()

onse	ons	pron(poss)	
dyaloghe	dialoog	n(sing)

in	ik+ne	pron(pers,1,sing)+adv(neg)	
vraghe	vraag	v(fin,pres,lex)	
nemmeer	nimmer	adv(neg)	
no	noch	conj(coord)	
ne	ne	adv(neg)	
toghe	togen	v(fin,pres,lex)

dander	de+ander	art(def)+adj()	
martijn	martijn	n(prop)

martijn	martijn	n(prop)	
slaepstu	slapen+du	v(fin,pres,lex)+pron(pers,2,sing)	
slaept	slapen	v(fin,pres,lex)	
dijn	dijn	pron(poss)	
sin	zin	n(sing)

spreect	spreken	v(imp)	
heuestu	hebben+du	v(fin,pres,aux_cop)+pron(pers,2,sing)	
gheen	geen	pron(indef)	
spreken	spreken	v(infin)	
in	in	adp()

du	du	pron(pers,2,sing)	
dinx	dunken	v(fin,pres,aux_cop)	
mi	ik	pron(pers,1,sing)	
al	al	adv(gener)	
verdoren	verdoren	v(infin)

dune	du+ne	pron(pers,2,sing)+adv(neg)	
achtes	achten+het	v(fin,past,lex)+pron(pers,3,sing)	
meer	meer	num(indef)	
no	noch	conj(coord)	
min	min	adv(gener)

dan	dan	conj(comp)	
omme	om	adp()	
weelde	weelde	n(sing)	
ende	en	conj(coord)	
om	om	adp()	
ghewin	gewin	n(sing)

wiltu	willen+du	v(fin,pres,aux_cop)+pron(pers,2,sing)	
di	du	pron(pers,2,sing)	
dus	dus	adv(dem)	
versmoren	versmoren	v(infin)

waert	zijn+het	v(fin,past,aux_cop)+pron(pers,3,sing)	
al	al	adv(gener)	
dijn	dijn	pron(poss)	
dat	dat	pron(dem)	
comt	komen	v(fin,pres,lex)	
int	in+dat	adp()+art(def)	
swin	zwin	n(sing)

gout	goud	n(sing)	
seluer	zilver	n(sing)	
stael	staal	n(sing)	
loet	lood	n(sing)	
yser	ijzer	n(sing)	
tin	tin	n(sing)

so	zo	adv(resum)	
bleuestu	blijven+du	pron(pers,2,sing)+v(fin,pres,aux_cop)	
verloren	verliezen	v(participle,past)

daetstu	doen+du	adv(gener)+conj(subord)+pron(pers,2,sing)	
ter	te+de	adp()+art(def)	
doghet	deugd	n(sing)	
gheen	geen	pron(indef)	
beghin	begin	n(sing)

hef	heffen	v(imp)	
vp	op	v(prtcl)	
dijn	dijn	pron(poss)	
houet	hoofd	n(sing)	
ende	en	conj(coord)	
dinen	dijn	pron(poss)	
kin	kin	n(sing)

tontijt	te+ontijd	adp()+n(sing)	
waerstu	zijn+du	v(fin,past,lex)+pron(pers,2,sing)	
gheboren	geboren	v(participle,past)

heuestu	hebben+du	v(fin,pres,aux_cop)+pron(pers,2,sing)	
dat	dat	art(def)	
dichten	dichten	v(infin)	
verzworen	verzworen	v(infin)

iacop	jacob	n(prop)	
du	du	pron(pers,2,sing)	
woens	wonen	v(fin,past,lex)	
inden	in+de	adp()+art(def)	
dam	dam	n(sing)

ende	en	conj(coord)	
ic	ik	pron(pers,1,sing)	
te	te	adp()	
dorderecht	dordrecht	n(prop)	
dies	dies	pron(resum)	
bem	zijn	v(fin,pres,aux_cop)	
ic	ik	pron(pers,1,sing)	
gram	gram	adj()

dat	dat	conj(subord)	
wi	wij	pron(pers,1,plu)	
dus	dus	adv(dem)	
sijn	zijn	v(fin,pres,aux_cop)	
versceeden	verscheiden	v(participle,past)

weetstu	weten+du	v(fin,pres,lex)+pron(pers,2,sing)	
wat	wat	pron(rel)	
mi	ik	pron(pers,1,sing)	
oit	ooit	adv(indef)	
mesquam	miskomen	v(fin,past,lex)

dat	dat	conj(subord)	
ic	ik	pron(pers,1,sing)	
bate	baat	n(sing)	
noch	nog	adv(gener)	
nie	niet	adv(neg)	
vernam	vernemen	v(fin,past,lex)

ant	aan+dat	adp()+art(def)	
dichten	dichten	v(infin)	
van	van	adp()	
ons	wij	pron(pers,1,plu)	
beeden	beide	num(indef)

so	zo	adv(resum)	
es	zijn	v(fin,pres,aux_cop)	
mi	ik	pron(pers,1,sing)	
die	de	art(def)	
sin	zin	n(sing)	
worden	worden	v(participle,past)	
so	zo	adv(gener)	
lam	lam	adj()

dat	dat	conj(subord)	
icker	ik+daar	pron(pers,1,sing)+adv(rel)	
node	node	adv(gener)	
weder	weder	adv(gener)	
an+quam	aankomen	v(fin,past,lex)

dit	dit	pron(dem)	
deet	doen	v(fin,past,aux_cop)	
mi	ik	pron(pers,1,sing)	
verleeden	verleden	v(infin)

du	du	pron(pers,2,sing)	
wecs	wekken	v(fin,pres,lex)	
mi	ik	pron(pers,1,sing)	
alse	als	conj(comp)	
een	een	art(indef)	
stotel	stotel	adj()	
ram	ram	n(sing)

al	al	conj(subord)	
bestu	zijn+du	v(fin,pres,aux_cop)+pron(pers,2,sing)	
wilt	wild	adj()	
du	du	pron(pers,2,sing)	
werts	worden	v(fin,pres,aux_cop)	
tam	tam	adj()

leere	leer	v(imp)	
dine	dijn	pron(poss)	
worden	woord	n(plu)	
cleeden	kleden	v(infin)

soetelike	zoetelijk	adv(gener)	
ende	en	conj(coord)	
ghereeden	gereden	v(participle,past)

martijn	martijn	n(prop)	
vrient	vriend	n(sing)	
hebbic	hebben+ik	v(fin,pres,aux_cop)+pron(pers,1,sing)	
messeit	miszeggen	v(participle,past)

ic	ik	pron(pers,1,sing)	
bems	zijn+het	v(fin,pres,aux_cop)+pron(pers,3,sing)	
te	te	adp()	
beterne	beteren	v(infin)	
ghereit	gereed	adj()

ic	ik	pron(pers,1,sing)	
wils	willen	v(fin,pres,aux_cop)	
al	al	adv(gener)	
vp	op	adp()	
hu	du	pron(pers,2,sing)	
bliuen	blijven	v(infin)

maer	maar	conj(coord)	
verstant	verstaan	v(imp)	
mi	ik	pron(pers,1,sing)	
ende	en	conj(coord)	
ontbint	ontbinden	v(imp)

eene	een	art(indef)	
dinc	ding	n(sing)	
die	die	pron(rel)	
mi	ik	pron(pers,1,sing)	
vp	op	adp()	
therte	dat+hart	art(def)+n(sing)	
leit	liggen	v(fin,pres,lex)

die	die	pron(dem)	
willic	willen+ik	v(fin,pres,aux_cop)+pron(pers,1,sing)	
hu	gij	pron(pers,2,sing)	
bescriuen	beschrijven	v(infin)

daer	daar	pronadv(rel)	
hare	zij	pron(refl,3,sing)	
die	de	art(def)	
weerelt	wereld	n(sing)	
mede	mede	pronadv(rel)	
meit	meien	v(fin,pres,lex)

ne	ne	adv(neg)	
dade	doen	v(fin,past,lex)	
dat	dat	conj(subord)	
lief	lief	n(sing)	
worde	worden	v(fin,pres,aux_cop)	
leit	leed	n(sing)

ende	en	conj(coord)	
dats	dat+zijn	pron(dem)+v(fin,pres,aux_cop)	
minne	min	n(sing)	
van	van	adp()	
wiuen	wijf	n(plu)

wat	wat	pron(indef)	
dat	dat	pron(dem)	
es	zijn	v(fin,pres,lex)	
in	in	adp()	
dese	deze	pron(dem)	
weerelt	wereld	n(sing)	
breit	breed	adj()

steden	stad	n(plu)	
bosch	bos	n(sing)	
berch	berg	n(sing)	
ende	en	conj(coord)	
preit	preet	n(sing)

soude	zullen	v(fin,past,aux_cop)	
men	men	pron(indef)	
verdriuen	verdrijven	v(infin)

wildemen	willen+men	v(fin,past,aux_cop)+pron(indef)	
minne	min	n(sing)	
ontliuen	ontlijven	v(infin)

so	zo	adv(gener)	
jacop	jacob	n(prop)	
dit	dit	pron(dem)	
was	zijn	v(fin,past,aux_cop)	
oint	ooit	adv(indef)	
dijn	dijn	pron(poss)	
doen	doen	n(sing)

van	van	adp()	
vrouwen	vrouw	n(plu)	
moeste	moeten	v(fin,past,aux_cop)	
dijn	dijn	pron(poss)	
sermoen	sermoen	n(sing)

of	of	conj(coord)	
beghinnen	beginnen	v(infin)	
of	of	conj(coord)	
enden	einden	v(infin)

waerstu	zijn+du	v(fin,past,lex)+pron(pers,2,sing)	
een	een	art(indef)	
dorper	dorper	n(sing)	
du	du	pron(pers,2,sing)	
spraex	spreken	v(fin,past,lex)	
van	van	adp()	
coen	koe	n(plu)

nu	nu	adv(dem)	
es	zijn	v(fin,pres,aux_cop)	
dine	dijn	pron(poss)	
herte	hart	n(sing)	
dies	dat	pron(dem)	
ontfloen	ontvlieden	v(participle,past)

doch	doch	adv(gener)	
willix	willen+ik+het	v(fin,pres,aux_cop)+pron(pers,1,sing)+pron(pers,3,sing)	
mi	ik	pron(refl,1,sing)	
ghenenden	genenden	v(infin)

ende	en	conj(coord)	
steken	steken	v(infin)	
af	af	v(prtcl)	
minen	mijn	pron(poss)	
caproen	kaproen	n(sing)

ende	en	conj(coord)	
horen	horen	v(infin)	
watti	wat+du	pron(inter)+pron(pers,2,sing)	
hier+toe	hiertoe	pronadv(dem)	
spoen	spoen	v(fin,pres,lex)

dattu	dat+du	conj(subord)+pron(pers,2,sing)	
den	de	art(def)	
onbekenden	onbekend	adj()

martine	martijn	n(prop)	
niene	niet+ne	adv(neg)+adv(neg)	
laets	laten	v(fin,pres,aux_cop)	
gheroen	geroe‘n	v(infin)

al	al	conj(subord)	
haddic	hebben+ik	v(fin,past,lex)+pron(pers,1,sing)	
ane	aan	adp()	
ii	2	num(card)	
yserine	ijzeren	adj()	
scoen	schoen	n(plu)

in	ik+ne	pron(pers,1,sing)+adv(neg)	
mochtu	mogen+du	v(fin,pres,aux_cop)+pron(pers,2,sing)	
niet	niet	adv(neg)	
ontwenden	ontwenden	v(infin)

nu	nu	adv(dem)	
sprec	spreken	v(imp)	
ic	ik	pron(pers,1,sing)	
saelt	zullen+het	v(fin,pres,aux_cop)+pron(pers,3,sing)	
ontbenden	ontbinden	v(infin)

martijn	martijn	n(prop)	
du	du	pron(pers,2,sing)	
sout	zullen	v(fin,past,aux_cop)	
mi	ik	pron(pers,1,sing)	
verstaen	verstaan	v(infin)

eene	een	art(indef)	
vrouwe	vrouw	n(sing)	
wel+ghedaen	welgedaan	adj()

heuet	hebben	v(fin,pres,aux_cop)	
mi	ik	pron(pers,1,sing)	
gheuaen	vangen	v(participle,past)	
met	met	adp()	
minnen	min	n(sing)

al	al	pron(indef)	
dat	dat	pron(rel)	
gode	god	n(sing)	
es	zijn	v(fin,pres,aux_cop)	
onderdaen	onderdaan	adj()

lietic	laten+ik	v(fin,past,lex)+pron(pers,1,sing)	
al	al	adv(gener)	
om	om	adp()	
hare	zij	pron(pers,3,sing)	
gaen	gaan	v(infin)

mochticse	mogen+ik+zij	v(fin,pres,aux_cop)+pron(pers,1,sing)+pron(pers,3,sing)	
ghewinnen	gewinnen	v(infin)

nochtan	nochtan	adv(gener)	
weetic	weten+ik	v(fin,pres,lex)+pron(pers,1,sing)	
wel	wel	adv(gener)	
sonder	zonder	adp()	
waen	waan	n(sing)

dat	dat	conj(subord)	
soe	zij	pron(pers,3,sing)	
mijns	ik	pron(pers,1,sing)	
niet	niet	adv(neg)	
en	ne	adv(neg)	
acht	achten	v(fin,pres,lex)	
i	een	num(card)	
spaen	spaan	n(sing)

mijn	mijn	pron(poss)	
herte	hart	n(sing)	
doet	doen	v(fin,pres,aux_cop)	
mi	ik	pron(pers,1,sing)	
bekinnen	bekennen	v(infin)

al	al	conj(subord)	
souder	zullen+daar	v(fin,past,aux_cop)+pronadv(dem)	
omme	om	pronadv(dem)	
die	de	art(def)	
weerelt	wereld	n(sing)	
vergaen	vergaan	v(infin)

dat	dat	conj(subord)	
soe	zij	pron(pers,3,sing)	
mi	ik	pron(pers,1,sing)	
niet	niet	adv(neg)	
en	ne	adv(neg)	
soude	zullen	v(fin,past,aux_cop)	
ontfaen	ontvangen	v(infin)

in	in	adp()	
hare	haar	pron(poss)	
herte	hart	n(sing)	
binnnen	binnen	adv(gener)

hier+toe	hiertoe	pronadv(dem)	
nes	ne+zijn	adv(neg)+v(fin,pres,aux_cop)	
gheen	geen	pron(indef)	
verwinnen	verwinnen	v(infin)

eene	een	art(indef)	
ander	ander	adj()	
vrouwe	vrouw	n(sing)	
es	zijn	v(fin,pres,aux_cop)	
die	die	pron(rel)	
mi	ik	pron(pers,1,sing)	
mint	minnen	v(fin,pres,lex)

bouen	boven	adp()	
al	al	pron(indef)	
dat	dat	pron(rel)	
so	zij	pron(pers,3,sing)	
leuende	levend	n(sing)	
kint	kennen	v(fin,pres,lex)

met	met	adp()	
ghestader	gestade	adj()	
trouwen	trouw	n(sing)

die	die	pron(rel)	
mi	ik	pron(pers,1,sing)	
gheprijst	prijzen	v(participle,past)	
es	zijn	v(fin,pres,aux_cop)	
niet	niet	adv(neg)	
i	een	num(card)	
twint	twint	n(sing)

maer	maar	conj(coord)	
die	de	art(def)	
scoenste	schoon	adj()	
die	die	pron(rel)	
men	men	pron(indef)	
vint	vinden	v(fin,pres,lex)

ende	en	conj(coord)	
bloeme	bloem	n(sing)	
van	van	adp()	
allen	al	pron(indef)	
vrouwen	vrouw	n(sing)

nu	nu	adv(dem)	
es	zijn	v(fin,pres,aux_cop)	
mijn	mijn	pron(poss)	
herte	hart	n(sing)	
so	zo	adv(gener)	
hart	hard	adj()	
i	een	num(card)	
vlint	vlint	n(sing)

dat	dat	conj(subord)	
soe	zij	pron(pers,3,sing)	
hare	zij	pron(refl,3,sing)	
jet	iet	pron(indef)	
daer+toe	daartoe	pronadv(dem)	
verbint	verbinden	v(fin,pres,lex)

dat	dat	conj(subord)	
soese	zij+zij	pron(pers,3,sing)+pron(pers,3,sing)	
wille	willen	v(fin,pres,aux_cop)	
scouwen	schouwen	v(infin)

hoe	hoe	adv(inter)	
lieue	lief	adj()	
vpsien	opzien	v(infin)	
soe	zij	pron(pers,3,sing)	
mi	ik	pron(pers,1,sing)	
toe+sint	toezenden	v(fin,pres,lex)

het	het	pron(pers,3,sing)	
dinct	dunken	v(fin,pres,aux_cop)	
mire	mijn	pron(poss)	
herte	hart	n(sing)	
sijn	zijn	v(infin)	
i	een	art(indef)	
wint	wind	n(sing)

soe	zij	pron(pers,3,sing)	
liete	laten	v(fin,past,aux_cop)	
hare	zij	pron(pers,3,sing)	
eer	eer	adv(gener)	
bedouwen	bedauwen	v(participle,past)

eer	eer	conj(subord)	
soere	zij+daar	pron(pers,3,sing)+adv(gener)	
omme	om	adp()	
quame	komen	v(fin,past,lex)	
in	in	adp()	
rouwen	rouw	n(sing)

martin	martijn	n(prop)	
nv	nu	adv(dem)	
hore	horen	v(imp)	
ende	en	conj(coord)	
verstant	verstaan	v(imp)

dese	deze	pron(dem)	
twee	twee	num(card)	
sijn	zijn	v(fin,pres,aux_cop)	
in	in	adp()	
een	een	art(indef)	
bewant	bewand	n(sing)

dat	dat+het	conj(subord)+pron(pers,3,sing)	
costen	kosten	v(infin)	
moet	moeten	v(fin,pres,aux_cop)	
seens	dat+een	pron(dem)+num(card)	
leuen	leven	n(sing)

nu	nu	adv(dem)	
hebbic	hebben+ik	v(fin,pres,aux_cop)+pron(pers,1,sing)	
de	de	art(def)	
macht	macht	n(sing)	
in	in	adp()	
mijn	mijn	pron(poss)	
hant	hand	n(sing)

welc	welk	pron(inter)	
ic	ik	pron(pers,1,sing)	
wille	willen	v(fin,pres,lex)	
ic	ik	pron(pers,1,sing)	
breke	breken	v(fin,pres,lex)	
den	de	art(def)	
bant	band	n(sing)

ende	en	conj(coord)	
maghet	mogen+het	v(fin,pres,lex)+pron(pers,3,sing)	
hare	zij	pron(pers,3,sing)	
al	al	pron(indef)	
vergheuen	vergeven	v(infin)

deene	de+een	art(def)+num(card)	
moeter	moeten+daar	v(fin,pres,aux_cop)+adv(dem)	
laten	laten	v(infin)	
den	de	art(def)	
pant	pand	n(sing)

den	die	pron(rel)	
liefsten	liefst	adj()	
die	die	pron(rel)	
god	god	n(prop)	
oint	ooit	adv(indef)	
vant	vinden	v(fin,past,lex)

hier+toe	hiertoe	pronadv(dem)	
sijn	zijn	v(fin,pres,aux_cop)	
si	zij	pron(pers,3,plu)	
verdreuen	verdrijven	v(participle,past)

ne	ne	adv(neg)	
liech	liegen	v(imp)	
mi	ik	pron(pers,1,sing)	
niet	niet	adv(neg)	
als	als	conj(comp)	
i	een	art(indef)	
triwant	trawant	n(sing)

maer	maar	conj(coord)	
sech	zeggen	v(imp)	
mi	ik	pron(pers,1,sing)	
an	aan	adp()	
welken	welk	pron(inter)	
cant	kant	n(sing)

dijn	dijn	pron(poss)	
herte	hart	n(sing)	
es	zijn	v(fin,pres,aux_cop)	
bleuen	blijven	v(participle,past)

ende	en	conj(coord)	
welke	welk	pron(rel)	
du	du	pron(pers,2,sing)	
liets	laten	v(fin,past,lex)	
sneuen	sneven	v(infin)

iacop	jacob	n(prop)	
dins	dit+ne+zijn	pron(dem)+adv(neg)+v(fin,pres,aux_cop)	
gheens	geen	pron(indef)	
vraghens	vraag	n(plu)	
waert	waard	adj()

die	die	pron(rel)	
de	de	art(def)	
waerheit	waarheid	n(sing)	
niene	niet+ne	adv(gener)+adv(neg)	
spaert	sparen	v(fin,pres,lex)

heuet	hebben	v(fin,pres,aux_cop)	
dit	dit	pron(dem)	
saen	zaan	adv(gener)	
ontbonden	ontbinden	v(participle,past)

het	het	pron(pers,3,sing)	
es	zijn	v(fin,pres,aux_cop)	
emmer	immer	adv(gener)	
der	de	art(def)	
herten	hart	n(sing)	
aert	aard	n(sing)

dat	dat	conj(subord)	
soe	zij	pron(pers,3,sing)	
daer+waert	daarwaarts	adv(dem)	
tijt	tijgen	v(fin,pres,lex)	
ende	en	conj(coord)	
vaert	varen	v(fin,pres,lex)

danen	danen	adv(dem)	
hare	zij	pron(pers,3,sing)	
quamen	komen	v(fin,past,lex)	
die	de	art(def)	
wonden	wond	n(plu)

al	al	conj(subord)	
sout	zijn+het	v(fin,past,aux_cop)+pron(pers,3,sing)	
al	al	pron(indef)	
varen	varen	v(infin)	
inder	in+de	adp()+art(def)	
vaert	vaart	n(sing)

wat	wat	pron(rel)	
so	zo	adv(dem)	
wel	wel	adv(gener)	
varens	varen	v(infin)	
begaert	begeren	v(fin,pres,lex)

nu	nu	adv(dem)	
ende	en	conj(coord)	
tallen	te+al	adp()+adj()	
stonden	stond	n(plu)

ic	ik	pron(pers,1,sing)	
verloeste	verlossen	v(fin,past,lex)	
die	die	pron(rel)	
mi	ik	pron(pers,1,sing)	
therte	dat+hart	art(def)+n(sing)	
bezwaert	bezwaren	v(fin,pres,lex)

soudic	zullen+ik	v(fin,past,aux_cop)+pron(pers,1,sing)	
hare	zij	pron(pers,3,sing)	
dan	dan	adv(gener)	
doen	doen	v(infin)	
smaken	smaken	v(infin)	
tswaert	dat+zwaard	art(def)+n(sing)

dat	dat	pron(dem)	
ware	zijn	v(fin,past,aux_cop)	
onder+vonden	ondervinden	v(fin,past,lex)

meerre	meer	adv(gener)	
moert	moord	n(sing)	
dan	dan	conj(comp)	
sonden	zonde	n(sing)

tonghe	tong	n(sing)	
lieghet	liegen	v(fin,pres,lex)	
maer	maar	conj(coord)	
therte	dat+hart	art(def)+n(sing)	
niet	niet	adv(neg)

want	want	conj(coord)	
so	zo	adv(indef)	
wat	wat	pron(rel)	
dat	dat	art(def)	
herte	hart	n(sing)	
ghebiet	gebieden	v(fin,pres,lex)

wilmen	willen+men	v(fin,pres,aux_cop)+pron(indef)	
emmer	immer	adv(gener)	
vulbringhen	volbrengen	v(infin)

wat	wat	pron(inter)	
es	zijn	v(fin,pres,aux_cop)	
naersins	narcissus	n(prop)	
ghesciet	geschieden	v(participle,past)

die	die	pron(rel)	
sine	zijn	pron(poss)	
vorme	vorm	n(sing)	
spieghelt	spiegelen	v(fin,pres,lex)	
ende	en	conj(coord)	
siet	zien	v(fin,pres,lex)

int	in+dat	adp()+art(def)	
water	water	n(sing)	
sonder	zonder	adp()	
minghen	mengen	v(infin)

hant	hand	n(sing)	
ende	en	conj(coord)	
mont	mond	n(sing)	
hi	hij	pron(pers,3,sing)	
dare+waert	daarwaarts	adv(dem)	
biet	bieden	v(fin,pres,lex)

hi	hij	pron(pers,3,sing)	
bit	bidden	v(fin,pres,lex)	
hi	hij	pron(pers,3,sing)	
claghet	klagen	v(fin,pres,lex)	
sijn	zijn	pron(poss)	
verdriet	verdriet	n(sing)

natuere	natuur	n(sing)	
ne	ne	adv(neg)	
wils	willen+het	v(fin,pres,aux_cop)+pron(pers,3,sing)	
niet	niet	adv(neg)	
ghehinghen	gehengen	v(infin)

dat	dat	conj(subord)	
hem	hij	pron(pers,3,sing)	
can	kunnen	v(fin,pres,aux_cop)	
ghehelpen	gehelpen	v(infin)	
niet	niet	adv(neg)

hi	hij	pron(pers,3,sing)	
dolt	dolen	v(fin,pres,lex)	
alse	als	conj(comp)	
hi	hij	pron(pers,3,sing)	
wel	wel	adv(gener)	
selue	zelf	pron(dem)	
siet	zien	v(fin,pres,lex)

hine	hij+ne	pron(pers,3,sing)+adv(neg)	
constem	kunnen+hij	v(fin,past,aux_cop)+pron(refl,3,sing)	
niet	niet	adv(neg)	
bedwinghen	bedwingen	v(infin)

hine	hij+ne	pron(pers,3,sing)+adv(neg)	
staerf	sterven	v(fin,past,lex)	
bi	bij	adp()	
desen	deze	pron(dem)	
dinghen	ding	n(plu)

medea	medea	n(prop)	
toghet	togen	v(fin,pres,lex)	
ons	wij	pron(pers,1,plu)	
selue	zelf	pron(indef)	
dat	dat	pron(dem)

die	die	pron(dem)	
rouede	roven	v(fin,past,lex)	
ende	en	conj(coord)	
stal	stelen	v(fin,past,lex)	
haers	haar	pron(poss)	
vader	vader	n(sing)	
scat	schat	n(sing)

ende	en	conj(coord)	
verslouch	verslaan	v(fin,past,lex)	
haren	haar	pron(poss)	
broeder	broeder	n(sing)

om	om	adp()	
jazoene	jason	n(prop)	
dies	die	pron(rel)	
haer	zij	pron(pers,3,sing)	
cume	kuim	adv(gener)	
bat	bidden	v(fin,past,lex)

soe	zij	pron(pers,3,sing)	
liet	laten	v(fin,past,lex)	
coninc+rike	koningrijk	n(sing)	
ende	en	conj(coord)	
scat	schat	n(sing)

vader	vader	n(sing)	
suster	zuster	n(sing)	
ende	en	conj(coord)	
moeder	moeder	n(sing)

nochtan	nochtan	adv(dem)	
daer	daar	adv(dem)	
soe	zij	pron(pers,3,sing)	
alleene	alleen	adv(gener)	
sat	zitten	v(fin,past,lex)

wijsde	wijzen	v(fin,past,lex)	
hare	haar	pron(poss)	
redene	reden	n(sing)	
den	de	art(def)	
rechten	recht	adj()	
pat	pad	n(sing)

al	al	conj(subord)	
volghede	volgen	v(fin,past,lex)	
soe	zij	pron(pers,3,sing)	
den	de	art(def)	
loeder	loeder	n(sing)

maer	maar	conj(coord)	
therte	dat+hart	art(def)+n(sing)	
was	zijn	v(fin,past,aux_cop)	
hare	zij	pron(pers,3,sing)	
so	zo	adv(resum)	
mat	mat	adj()

daer	daar	pronadv(rel)	
minne	min	n(sing)	
in	in	pronadv(prep)	
hadde	hebben	v(fin,past,aux_cop)	
ghemaect	maken	v(participle,past)	
i	een	art(indef)	
gat	gat	n(sing)

wille	wil	n(sing)	
hilt	houden	v(fin,past,lex)	
den	de	art(def)	
roeder	roer	n(sing)

al	al	conj(subord)	
was	zijn	v(fin,past,aux_cop)	
die	de	art(def)	
redene	reden	n(sing)	
vroeder	vroed	adj()

exempel	exempel	n(plu)	
vindic	vinden+ik	v(fin,pres,lex)+pron(pers,1,sing)	
sonder	zonder	adp()	
ghetal	getal	n(sing)

die	die	pron(rel)	
met	met	adp()	
mi	ik	pron(pers,1,sing)	
souden	zullen	v(fin,past,aux_cop)	
lyen	lijden	v(infin)	
al	al	adv(gener)

dat	dat	conj(subord)	
ic	ik	pron(pers,1,sing)	
hare	zij	pron(pers,3,sing)	
tleuen	dat+leven	art(def)+n(sing)	
gaue	geven	v(fin,past,lex)

die	die	pron(rel)	
mi	ik	pron(pers,1,sing)	
therte	dat+hart	art(def)+n(sing)	
rouede	roven	v(fin,past,lex)	
ende	en	conj(coord)	
stal	stelen	v(fin,past,lex)

iacop	jacob	n(prop)	
mac	maken	v(imp)	
mi	ik	pron(pers,1,sing)	
gheen	geen	pron(indef)	
ghescal	geschal	n(sing)

hier	hier	adv(dem)	
en	ne	adv(neg)	
sceedicx	scheiden+ik	v(fin,past,lex)+pron(pers,1,sing)	
niet	niet	adv(neg)	
ave	af	v(prtcl)

al	al	num(indef)	
tvolc	dat+volk	art(def)+n(sing)	
dat	dat	pron(rel)	
woent	wonen	v(fin,pres,lex)	
sonder	zonder	adp()	
ghetal	getal	n(sing)

beede	beide	num(indef)	
vp	op	adp()	
berch	berg	n(sing)	
ende	en	conj(coord)	
vp	op	adp()	
dal	dal	n(sing)

eist	zijn+het	v(fin,pres,aux_cop)+pron(pers,3,sing)	
coninc	koning	n(sing)	
ofte	of	conj(coord)	
graue	graaf	n(sing)

dijn	dijn	pron(poss)	
proeuen	proef	n(plu)	
wert	worden	v(fin,past,aux_cop)	
hier+jeghen	hierjegen	adv(dem)	
smal	smal	adj()

hen	het+ne	pron(pers,3,sing)+adv(neg)	
sal	zullen	v(fin,pres,aux_cop)	
niet	niet	adv(neg)	
wert	waard	adj()	
sijn	zijn	v(infin)	
een	een	art(indef)	
bal	bal	n(sing)

ghevullet	vullen	v(participle,past)	
met	met	adp()	
draue	draf	n(sing)

also	alzo	adv(dem)	
helpe	helpen	v(imp)	
mi	ik	pron(pers,1,sing)	
sente	sint	adj()	
baue	bavo	n(prop)

iacop	jacob	n(prop)	
du	du	pron(pers,2,sing)	
best	zijn	v(fin,pres,aux_cop)	
een	een	art(indef)	
stout	stout	adj()	
seriant	sergeant	n(sing)

dats	dat+zijn	pron(dem)+v(fin,pres,aux_cop)	
i	een	art(indef)	
vast	vast	adj()	
cnoep	knoop	n(sing)	
ende	en	conj(coord)	
i	een	art(indef)	
vast	vast	adj()	
bant	band	n(sing)

die	die	pron(rel)	
niemen	niemand	pron(indef)	
mach	mogen	v(fin,pres,aux_cop)	
ontbinden	ontbinden	v(infin)

die	de	art(def)	
cnoep	knoop	n(sing)	
die	die	pron(rel)	
alexander	alexander	n(prop)	
bant	binden	v(fin,past,lex)

ontcnochte	ontknopen	v(fin,past,lex)	
sijn	zijn	pron(poss)	
zwaert	zwaard	n(sing)	
niet	niet	adv(neg)	
sijn	zijn	pron(poss)	
hant	hand	n(sing)

alse	als	conj(subord)	
hijs	hij+het	pron(pers,3,sing)+pron(pers,3,sing)	
hem	hij	pron(refl,3,sing)	
wilde	willen	v(fin,past,aux_cop)	
bewinden	bewinden	v(infin)

laet	laten	v(imp)	
ghetaken	getaken	v(infin)	
an	aan	adp()	
uwen	uw	pron(poss)	
cant	kant	n(sing)

men	men	pron(indef)	
sal	zullen	v(fin,pres,aux_cop)	
hu	uw	pron(poss)	
vroetscap	vroedschap	n(sing)	
te+hant	tehand	adv(gener)

tellen	tellen	v(infin)	
metten	met+de	adp()+art(def)	
kinden	kind	n(plu)

also	alzo	adv(dem)	
vele	veel	adj()	
alse	als	conj(comp)	
dieden	duiden	v(infin)	
mach	mogen	v(fin,pres,aux_cop)	
i	een	num(card)	
zant	zand	n(sing)

ieghen	jegens	adp()	
casselberghe	kasselberg	n(prop)	
in	in	adp()	
vlaenderlant	vlaanderland	n(prop)

sal	zullen	v(fin,pres,aux_cop)	
dieden	duiden	v(infin)	
hier	hier	adv(dem)	
hu	uw	pron(poss)	
vinden	vinden	v(infin)

al	al	conj(subord)	
waendi	wanen+gij	v(fin,pres,lex)+pron(pers,2,sing)	
mi	ik	pron(refl,1,sing)	
verblinden	verblinden	v(infin)

ghi	gij	pron(pers,2,sing)	
wilt	willen	v(fin,pres,aux_cop)	
sterken	sterken	v(infin)	
uwe	uw	pron(poss)	
wort	woord	n(sing)

die	die	pron(rel)	
ghi	gij	pron(pers,2,sing)	
nv	nu	adv(dem)	
hier	hier	adv(dem)	
bringhet	brengen	v(fin,pres,lex)	
vort	voort	v(prtcl)

met	met	adp()	
truffen	truffe	n(plu)	
ende	en	conj(coord)	
met	met	adp()	
poetrien	po‘terij	n(plu)

of	of	conj(coord)	
medea	medea	n(prop)	
dede	doen	v(fin,past,lex)	
moort	moord	n(sing)

ende	en	conj(coord)	
hem	hij	pron(refl,3,sing)	
naersus	narcissus	n(prop)	
heuet	hebben	v(fin,pres,aux_cop)	
versmort	versmoren	v(participle,past)

dats	dat+zijn	pron(dem)+v(fin,pres,aux_cop)	
minne	min	n(sing)	
van	van	adp()	
sottien	sottie	n(sing)

dit	dit	pron(dem)	
wort	woord	n(sing)	
minne	min	n(sing)	
ende	en	conj(coord)	
datter	dat+daar	pron(rel)+adv(dem)	
toe+hort	toehoren	v(fin,pres,lex)

en	ne	adv(neg)	
was	zijn	v(fin,past,aux_cop)	
met	met	adp()	
minnen	min	n(sing)	
noit	nooit	adv(neg)	
begort	begorden	v(participle,past)

noch	noch	conj(coord)	
met	met	adp()	
ribaudien	rabauwie	n(sing)

wien	wie	pron(rel)	
dat	dat	conj(subord)	
reine	rein	adj()	
minne	min	n(sing)	
becort	bekoren	v(fin,pres,lex)

diene	die+ne	pron(rel)+adv(neg)	
mach	mogen	v(fin,pres,aux_cop)	
niet	niet	adv(neg)	
sijn	zijn	v(infin)	
bedort	bedoren	v(participle,past)

dies	die	pron(dem)	
sullen	zullen	v(fin,pres,aux_cop)	
met	met	adp()	
mi	ik	pron(pers,1,sing)	
lyen	lijden	v(fin,pres,lex)

die	de	art(def)	
meesters	meester	n(plu)	
van	van	adp()	
clergien	klergie	n(sing)

les	lezen	v(imp)	
toude	dat+oud	art(def)+adj()	
ende	en	conj(coord)	
tnieuwe	dat+nieuw	art(def)+adj()	
testament	testament	n(sing)

ende	en	conj(coord)	
besie	bezien	v(imp)	
al+omtrent	al+omtrent	adv(gener)

alle	al	pron(indef)	
die	de	art(def)	
heleghe	heilig	adj()	
liede	lieden	n(plu)

wie	wie	pron(inter)	
was	zijn	v(fin,past,aux_cop)	
van	van	adp()	
minnen	min	n(sing)	
oint	ooit	adv(indef)	
ghescent	schenden	v(participle,past)

wien	wie	pron(inter)	
maecte	maken	v(fin,past,lex)	
oint	ooit	adv(indef)	
minne	min	n(sing)	
blent	blind	adj()

die	die	pron(rel)	
ane	aan	adp()	
gode	god	n(prop)	
ghiede	gie‘n	v(fin,past,lex)

si	zij	pron(pers,3,plu)	
minden	minnen	v(fin,past,lex)	
vrouwen	vrouw	n(plu)	
wel	wel	adv(gener)	
bekent	bekend	adj()

scone	schoon	adj()	
ende	en	conj(coord)	
edel	edel	adj()	
vp	op	adp()	
sulc	zulk	pron(dem)	
couent	convent	n(sing)

dat	dat	conj(subord)	
hem	hij	pron(pers,3,sing)	
god	god	n(prop)	
hoyr	oir	n(sing)	
beriede	beraden	v(fin,past,lex)

al	al	conj(subord)	
dogheder	dogen+daar	v(fin,pres,lex)+pronadv(prep)	
omme	om	pronadv(prep)	
somich	sommig	pron(indef)	
torment	torment	n(sing)

sulc	zulk	pron(dem)	
alse	als	conj(comp)	
minne	min	n(sing)	
der	de	art(def)	
ioghet	jeugd	n(sing)	
sent	zenden	v(fin,pres,lex)

wie	wie	pron(inter)	
waest	zijn+het	v(fin,past,aux_cop)+pron(pers,3,sing)	
diere	die+daar	pron(rel)+pronadv(prep)	
omme	om	pronadv(prep)	
messciede	misschieden	v(fin,past,lex)

ghelijc	gelijk	conj(comp)	
heidinen	heiden	adj()	
diede	diet	n(sing)

abraham	abraham	n(prop)	
was	zijn	v(fin,past,aux_cop)	
versaren	vrouw+sara	n(sing)+n(prop)	
man	man	n(sing)

doe	toen	conj(subord)	
sine	zijn	pron(poss)	
amie	amie	n(sing)	
heffen	heffen	v(infin)	
began	beginnen	v(fin,past,aux_cop)

bouen	boven	adp()	
haerre	haar	pron(poss)	
vrouwen	vrouw	n(sing)

daer	daar	adv(rel)	
hen	ne	adv(neg)	
was	zijn	v(fin,past,aux_cop)	
gheen	geen	pron(indef)	
houden	houden	v(infin)	
an	aan	adp()

hine	hij+ne	pron(pers,3,sing)+adv(neg)	
deedse	doen+zij	v(fin,past,lex)+pron(pers,3,sing)	
wech	weg	v(prtcl)	
want	want	conj(coord)	
redene	reden	n(sing)	
vernam	vernemen	v(fin,past,lex)

ende	en	conj(coord)	
sine	zijn	pron(poss)	
herte	hart	n(sing)	
vultrouwen	vol+trouw	adj()+n(sing)

gheen	geen	pron(indef)	
edel	edel	adj()	
man	man	n(sing)	
no	noch	conj(coord)	
wijs	wijs	adj()	
en	ne	adv(neg)	
can	kunnen	v(fin,pres,aux_cop)

minnen	minnen	v(infin)	
sonder	zonder	adp()	
redene	reden	n(sing)	
dan	dan	adv(gener)

dit	dit	pron(dem)	
mach	mogen	v(fin,pres,aux_cop)	
men	men	pron(indef)	
wel	wel	adv(gener)	
bescouwen	beschouwen	v(infin)

sulke	zulk	pron(dem)	
minres	minnaar	n(plu)	
ghenieten	genieten	v(infin)	
den	de	art(def)	
ban	ban	n(sing)

die	die	pron(rel)	
metter	met+de	adp()+art(def)	
mesdaet	misdaad	n(sing)	
maken	maken	v(fin,pres,lex)	
ghespan	gespan	n(sing)

die	die	pron(rel)	
minres	minnaar	n(plu)	
willic	willen+ik	v(fin,pres,aux_cop)+pron(pers,1,sing)	
blouwen	blouwen	v(infin)

want	want	conj(coord)	
dats	dat+zijn	pron(dem)+v(fin,pres,aux_cop)	
minne	min	n(sing)	
vul	vol	adj()	
rouwen	rouw	n(sing)

of	of	conj(coord)	
ic	ik	pron(pers,1,sing)	
dan	dan	adv(dem)	
sette	zetten	v(fin,past,lex)	
minen	mijn	pron(poss)	
sin	zin	n(sing)

daer	daar	adv(rel)	
ic	ik	pron(pers,1,sing)	
en	ne	adv(neg)	
mach	mogen	v(fin,pres,aux_cop)	
meer	meer	num(indef)	
no	noch	conj(coord)	
min	min	adv(gener)

an	aan	adp()	
winnen	winnen	v(fin,pres,lex)	
dan	dan	conj(comp)	
al	al	pron(indef)	
scade	schade	n(sing)

ende	en	conj(subord)	
mi	ik	pron(pers,1,sing)	
eene	een	art(indef)	
andere	ander	pron(indef)	
so	zo	adv(resum)	
heuet	hebben	v(fin,pres,aux_cop)	
jn	in	v(prtcl)

dat	dat	conj(subord)	
soe	zij	pron(pers,3,sing)	
haer	haar	pron(refl,3,sing)	
seluen	zelf	pron(dem)	
ende	en	conj(coord)	
al	al	pron(indef)	
ghewin	gewin	n(sing)

mij	ik	pron(pers,1,sing)	
jan	gunnen	v(fin,past,lex)	
vro	vroeg	adv(gener)	
ende	en	conj(coord)	
spade	spade	adv(gener)

mi	ik	pron(pers,1,sing)	
dincke	dunken	v(fin,pres,aux_cop)	
dat	dat	conj(subord)	
ic	ik	pron(pers,1,sing)	
meer	meer	adv(gener)	
sculdich	schuldig	adj()	
bin	zijn	v(fin,pres,aux_cop)

hare	zij	pron(pers,3,sing)	
die	die	pron(rel)	
mi	ik	pron(pers,1,sing)	
coes	kiezen	v(fin,past,lex)	
int	in+het	adp()+art(def)	
beghin	begin	n(sing)

ende	en	conj(coord)	
ane	aan	adp()	
mi	ik	pron(pers,1,sing)	
bliuet	blijven	v(fin,pres,aux_cop)	
ghestade	gestade	adj()

dan	dan	conj(comp)	
hare	zij	pron(pers,3,sing)	
die	die	pron(rel)	
fierlike	fierlijk	adv(gener)	
haren	haar	pron(poss)	
kin	kin	n(sing)

te	te	adp()	
mi	ik	pron(pers,1,sing)	
waert	waart	adv(gener)	
draghet	dragen	v(fin,pres,lex)	
ende	en	conj(coord)	
haer	haar	pron(poss)	
ghespin	gespin	n(sing)

van	van	adp()	
minnen	min	n(prop)	
els	els	adv(gener)	
draghet	dragen	v(fin,pres,lex)	
te	te	adp()	
zade	zaad	n(sing)

ende	en	conj(coord)	
diere	die+daar	pron(rel)+pronadv(prep)	
ic	ik	pron(pers,1,sing)	
omme	om	pronadv(prep)	
niet	niet	adv(neg)	
bade	bidden	v(fin,past,lex)

iacop	jacob	n(prop)	
of	of	conj(subord)	
ghi	gij	pron(pers,2,sing)	
niet	niet	adv(neg)	
en	ne	adv(neg)	
acht	achten	v(fin,pres,lex)

eexempele	exempel	n(plu)	
die	die	pron(rel)	
ic	ik	pron(pers,1,sing)	
vort	voort	v(prtcl)	
hebbe	hebben	v(fin,pres,aux_cop)	
bracht	brengen	v(participle,past)

ic	ik	pron(pers,1,sing)	
wille	willen	v(fin,pres,aux_cop)	
te	te	adp()	
bybele	bijbel	n(prop)	
keeren	keren	v(infin)

die	de	art(def)	
minne	min	n(sing)	
hadde	hebben	v(fin,past,lex)	
ouer	over	adp()	
adame	adam	n(prop)	
macht	macht	n(sing)

soe	zij	pron(pers,3,sing)	
verwanne	verwinnen	v(fin,past,lex)	
met	met	adp()	
harer	haar	pron(poss)	
macht	macht	n(sing)

den	de	art(def)	
vroetsten	vroed	adj()	
van	van	adp()	
allen	al	pron(indef)	
heeren	heer	n(plu)

van	van	adp()	
hem	hij	pron(pers,3,sing)	
sijn	zijn	v(fin,pres,aux_cop)	
wi	wij	pron(pers,1,plu)	
alle	al	pron(indef)	
ghewracht	gewerken	v(participle,past)

so	zo	adv(resum)	
eist	zijn+het	v(fin,pres,aux_cop)+pron(pers,3,sing)	
recht	recht	adj()	
dat	dat	conj(subord)	
hem	hij	pron(pers,3,sing)	
elc	elk	pron(indef)	
slacht	slachten	v(fin,pres,lex)

men	men	pron(indef)	
maghet	mogen+het	v(fin,pres,aux_cop)+pron(pers,3,sing)	
wel	wel	adv(gener)	
doen	doen	v(infin)	
met	met	adp()	
eeren	eer	n(sing)

minne	min	n(sing)	
ouer	over	adp()	
redene	reden	n(sing)	
verwacht	vervachten	v(fin,pres,lex)

wie	wie	pron(inter)	
sore	zo+daar	adv(gener)+pronadv(dem)	
omme	om	pronadv(dem)	
weent	wenen	v(fin,pres,lex)	
of	of	conj(coord)	
lacht	lachen	v(fin,pres,lex)

vrouwe	vrouw	n(sing)	
yeue	eva	n(prop)	
moestem	moeten+hij	v(fin,past,aux_cop)+pron(pers,3,sing)	
leeren	leren	v(infin)

sijn	zijn	pron(poss)	
ontbeeren	ontberen	v(participle,past)

vvat	wat	pron(inter)	
machte	macht	n(sing)	
hadde	hebben	v(fin,past,aux_cop)	
samsoen	simson	n(prop)

of	of	conj(coord)	
dauid	david	n(prop)	
of	of	conj(coord)	
salomoen	salomo	n(prop)

ieghen	jegen	adp()	
die	de	art(def)	
cracht	kracht	n(sing)	
van	van	adp()	
minnen	min	n(sing)

daer	daar	pronadv(dem)	
ne	ne	adv(neg)	
es	zijn	v(fin,pres,lex)	
toe	toe	pronadv(dem)	
recht	recht	adj()	
toe	toe	adv(gener)	
gheen	geen	pron(indef)	
doen	doen	v(infin)

sorobabel	sorobabel	n(prop)	
in	in	adp()	
sijn	zijn	pron(poss)	
sermoen	sermoen	n(sing)

doet	doen	v(fin,pres,aux_cop)	
ons	wij	pron(pers,1,plu)	
wel	wel	adv(gener)	
bekinnen	bekennen	v(infin)

dat	dat	conj(subord)	
wien	wie	pron(inter)	
so	zo	adv(resum)	
vrouwen	vrouw	n(plu)	
minne	min	n(sing)	
ontspoen	ontspanen	v(infin)

hine	hij+ne	pron(pers,3,sing)+adv(neg)	
mochte	mogen	v(fin,past,aux_cop)	
nemmermeer	nimmermeer	adv(gener)	
gheroen	geroe‘n	v(infin)

in	in	adp()	
siere	zijn	pron(poss)	
herten	hart	n(sing)	
binnen	binnen	adv(gener)

hine	hij+ne	pron(pers,3,sing)+adv(neg)	
moeste	moeten	v(fin,past,aux_cop)	
al	al	pron(indef)	
sinen	zijn	pron(poss)	
sin	zin	n(sing)	
ondoen	ontdoen	v(infin)

ende	en	conj(coord)	
volghen	volgen	v(fin,pres,lex)	
hare	zij	pron(pers,3,sing)	
al	al	conj(subord)	
ware	zijn	v(fin,past,aux_cop)	
so	zij	pron(pers,3,plu)	
ghevloen	vlieden	v(participle,past)

oft	of	conj(coord)	
hem	hij	pron(refl,3,sing)	
seluen	zelf	pron(indef)	
ontsinnen	ontzinnen	v(infin)

hier+toe	hiertoe	pronadv(dem)	
es	zijn	v(fin,pres,aux_cop)	
gheen	geen	pron(indef)	
verwinnen	verwinnen	v(infin)

iacop	jacob	n(prop)	
sech	zeggen	v(imp)	
verstaestu	verstaan+du	v(fin,past,lex)+pron(pers,2,sing)	
niet	niet	adv(neg)

dat	dat	conj(subord)	
dit	dit	pron(dem)	
wort	woord	n(sing)	
amor	amor	n(prop)	
bediet	beduiden	v(fin,pres,lex)

dat	dat	pron(rel)	
in	in	adp()	
dietsch	diets	n(prop)	
luudt	luiden	v(fin,pres,lex)	
minne	min	n(sing)

elc	elk	pron(indef)	
letterkijn	lettertje	n(sing)	
diet	die+het	pron(rel)+pron(pers,3,sing)	
wel	wel	adv(gener)	
besiet	bezien	v(fin,pres,lex)

hout	houden	v(fin,pres,lex)	
in	in	v(prtcl)	
een	een	art(indef)	
wort	woord	adj()	
sinne	zinnen	v(imp)	
bespiet	bespieden	v(imp)

der	de	art(def)	
minnen	min	n(sing)	
cracht	kracht	n(sing)	
daer+inne	daarin	pronadv(dem)

aldus	aldus	adv(dem)	
ontbindet	ontbinden	v(fin,pres,lex)	
latijndsche	latijns	adj()	
diet	diet	n(sing)

porringhe	porring	n(sing)	
die	die	pron(rel)	
den	de	art(def)	
sin	zin	n(sing)	
wech+tyet	wegtijgen	v(fin,pres,lex)

ditser	die+dat+zeer	pron(rel)+pron(dem)+n(sing)	
een	een	art(indef)	
ten	te+de	adp()+art(def)	
beghinne	begin	n(sing)

entie	en+die	conj(coord)+pron(dem)	
redene	reden	n(sing)	
tontmoetene	te+ontmoeten	adp()+v(infin)	
pliet	plegen	v(fin,pres,lex)

aldus	aldus	adv(dem)	
ontbant	ontbinden	v(fin,past,lex)	
ende	en	conj(coord)	
besciet	bescheiden	v(fin,past,lex)

mijn	mijn	pron(poss)	
meester	meester	n(sing)	
als	als	conj(subord)	
ict	ik+het	pron(pers,1,sing)+pron(pers,3,sing)	
kinne	kennen	v(fin,pres,lex)

of	of	conj(coord)	
mijn	mijn	pron(poss)	
verstaen	verstaan	v(infin)	
es	zijn	v(fin,pres,aux_cop)	
dinne	dun	adj()

of	of	conj(subord)	
dit	dit	pron(dem)	
minne	min	n(sing)	
es	zijn	v(fin,pres,aux_cop)	
alset	als+het	conj(comp)+pron(pers,3,sing)	
es	zijn	v(fin,pres,aux_cop)

wes	wezen	v(imp)	
des	dat	pron(dem)	
seker	zeker	adj()	
ende	en	conj(coord)	
ghewes	gewis	adj()

ic	ik	pron(pers,1,sing)	
volghes	volgen	v(fin,pres,lex)	
minen	mijn	pron(poss)	
eersten	eerst	num(ord)	
worde	woord	n(sing)

ouer	over	adp()	
waerheit	waarheid	n(sing)	
lijc	lijden+ik	v(fin,pres,lex)+pron(pers,1,sing)	
des	dat	pron(dem)

soene	zij+ne	pron(pers,3,sing)+adv(neg)	
smaecter	smaken	v(fin,pres,lex)	
zwert	zwaard	n(sing)	
no	noch	conj(coord)	
mes	mes	n(sing)

die	die	pron(rel)	
mi	ik	pron(pers,1,sing)	
therte	dat+hart	art(def)+n(sing)	
dor+borde	doorboren	v(fin,past,lex)

herte	hart	n(sing)	
nemmermeer	nimmermeer	adv(neg)	
ghenes	genezen	adj()

no	noch	conj(coord)	
gherust	gerust	adj()	
no	noch	conj(coord)	
ghetes	getes	adj()

lieghic	liegen+ik	v(fin,pres,lex)+pron(pers,1,sing)	
van	van	adp()	
eenen	een	num(card)	
worde	woord	n(sing)

prouf	proeven	v(imp)	
dattu	dat+du	pron(rel)+pron(pers,2,sing)	
wilt	willen	v(fin,pres,lex)	
jacop	jacob	n(prop)	
ende	en	conj(coord)	
les	lezen	v(imp)

dies	dat	pron(dem)	
es	zijn	v(fin,pres,aux_cop)	
mijn	mijn	pron(poss)	
herte	hart	n(sing)	
wel	wel	adv(gener)	
gheles	geles	adj()

dat	dat	conj(subord)	
ic	ik	pron(pers,1,sing)	
mi	mij	pron(refl,1,sing)	
eer	eer	adv(gener)	
vermorde	vermoorden	v(fin,past,lex)

eer	eer	conj(subord)	
icse	ik+zij	pron(pers,1,sing)+pron(pers,3,sing)	
steruen	sterven	v(infin)	
horde	horen	v(fin,past,aux_cop)

martijn	martijn	n(prop)	
ruut	ruid	adj()	
gramarien	grammarijn	n(prop)

du	du	pron(pers,2,sing)	
pleghes	plegen	v(fin,pres,lex)	
dies	dat	pron(dem)	
rude	ruid	adj()	
liede	lieden	n(plu)	
plien	plegen	v(fin,pres,lex)

diet	die+dat	pron(rel)+arf(def)	
ware	waar	n(sing)	
niet	niet	adv(neg)	
wille	willen	v(fin,pres,aux_cop)	
lyen	lijden	v(infin)

mesdaden	misdaad	n(plu)	
die	die	pron(rel)	
den	de	art(def)	
wisen	wijs	adj()	
messchien	misschieden	v(fin,pres,lex)

salmen	zullen+men	v(fin,pres,aux_cop)+pron(indef)	
niet	niet	adv(neg)	
in	in	adp()	
exemple	exempel	n(sing)	
tyen	tijgen	v(infin)

maer	maar	conj(coord)	
gode	god	n(sing)	
benedyen	benedijen	v(infin)

die	die	pron(rel)	
ons	wij	pron(pers,1,plu)	
daer+bi	daarbij	pronadv(dem)	
leert	leren	v(fin,pres,lex)	
sonder	zonder	adp()	
vlien	vlieden	v(infin)

ende	en	conj(coord)	
vp	op	adp()	
gherechte	gerecht	adj()	
minne	min	n(sing)	
zien	zien	v(infin)

ic	ik	pron(pers,1,sing)	
zwerdi	zweren+du	v(fin,past,lex)+pron(pers,2,sing)	
dat	dat	conj(subord)	
bi	bij	adp()	
marien	maria	n(prop)

dat	dat	conj(subord)	
ic	ik	pron(pers,1,sing)	
di	du	pron(pers,2,sing)	
doe	doen	v(fin,pres,lex)	
noch	nog	adv(gener)	
heden	heden	adv(gener)	
ghien	gie‘n	v(infin)

met	met	adp()	
mi	ik	pron(pers,1,sing)	
oftu	of+du	conj(subord)+pron(pers,2,sing)	
best	zijn	v(fin,pres,aux_cop)	
een	een	art(indef)	
paijen	pajien	n(sing)

ofte	of	conj(coord)	
in	in	adp()	
heresien	heresie	n(sing)

of	of	conj(coord)	
van	van	adp()	
sduuels	de+duivel	art(def)+n(sing)	
partien	partij	n(plu)

nu	nu	adv(dem)	
hore	horen	v(imp)	
na	na	adp()	
mi	ik	pron(pers,1,sing)	
ende	en	conj(coord)	
verstant	verstaan	v(imp)

wie	wie	pron(inter)	
was	zijn	v(fin,past,aux_cop)	
die	die	pron(rel)	
eerst	eerst	adv(gener)	
minne	min	n(sing)	
vant	vinden	v(fin,past,aux_cop)

dan	dan	conj(comp)	
god	god	n(prop)	
die	die	pron(rel)	
selue	zelf	pron(dem)	
es	zijn	v(fin,pres,aux_cop)	
minne	min	n(sing)

al	al	pron(indef)	
dat	dat	pron(rel)	
oint	ooit	adv(indef)	
maecte	maken	v(fin,past,lex)	
sine	zijn	pron(poss)	
hant	hand	n(sing)

al	al	pron(indef)	
minnet	minnen	v(fin,pres,lex)	
sire	zijn	pron(poss)	
herten	hart	n(sing)	
bant	band	n(sing)

met	met	adp()	
besceedenen	bescheiden	adj()	
sinne	zin	n(sing)

ia	ja	interj()	
lucifer	lucifer	n(prop)	
den	de	art(def)	
helschen	hels	adj()	
viant	vijand	n(sing)

ne	ne	adv(neg)	
haet	haten	v(fin,pres,aux_cop)	
hi	hij	pron(pers,3,sing)	
niet	niet	adv(neg)	
dats	dat+zijn	pron(dem)+v(fin,pres,aux_cop)	
becant	bekend	adj()

noch	noch	conj(coord)	
en	ne	adv(neg)	
dede	doen	v(fin,past,lex)	
van	van	adp()	
beghinne	begin	n(sing)

dat	dat	conj(subord)	
hi	hij	pron(pers,3,sing)	
sit	zitten	v(fin,pres,lex)	
inder	in+de	adp()+art(def)	
hellen	hel	n(sing)	
brant	brand	n(sing)

dat	dat	pron(dem)	
dede	doen	v(fin,past,lex)	
der	de	art(def)	
houerden	hovaart	n(sing)	
pont	pond	n(sing)

der	de	art(def)	
helscher	hels	adj()	
coninghinnen	koningin	n(sing)

daer	daar	adv(dem)	
bliuet	blijven	v(fin,pres,lex)	
hi	hij	pron(pers,3,sing)	
altoes	altoos	adv(gener)	
inne	in	adp()

dat	dat	conj(subord)	
dit	dit	pron(dem)	
waer	waar	adj()	
es	zijn	v(fin,pres,aux_cop)	
proeft	proeven	v(imp)	
wel	wel	adv(gener)	
dat	dat	pron(dem)

ware	zijn	v(fin,past,aux_cop)	
eeneghe	enig	pron(indef)	
dinc	ding	n(plu)	
van	van	adp()	
gode	god	n(sing)	
ghehat	haten	v(participle,past)

hen	zij	pron(pers,3,plu)	
mochte	mogen	v(fin,past,aux_cop)	
niet	niet	adv(neg)	
ghedueren	geduren	v(infin)

die	de	art(def)	
onghetellede	ongeteld	adj()	
gods	god	n(prop)	
scat	schat	n(sing)

hen	het+ne	pron(pers,3,sing)+adv(neg)	
was	zijn	v(fin,past,lex)	
noit	nooit	adv(neg)	
tontfarmene	te+ontfermen	adp()+v(infin)	
mat	mat	adj()

sine	zijn	pron(poss)	
creaturen	creatuur	n(plu)

vp+dat	opdat	conj(subord)	
mens	men+het	pron(indef)+pron(pers,3,sing)	
hem	hij	pron(pers,3,sing)	
met	met	adp()	
trouwen	trouw	n(sing)	
bat	bidden	v(fin,past,lex)

maer	maar	conj(coord)	
lucifer	lucifer	n(prop)	
sit	zitten	v(fin,pres,lex)	
ende	en	conj(coord)	
sat	zitten	v(fin,past,lex)

altoes	altoos	adv(gener)	
ende	en	conj(coord)	
telker	te+elk	adp()+num(indef)	
huren	uur	n(plu)

inder	in+de	adp()+art(def)	
fierre	fier	n(sing)	
houerden	hovaart	n(sing)	
stat	staat	n(sing)

ende	en	conj(coord)	
nemmermeer	nimmermeer	adv(gener)	
wet	weten	v(fin,past,lex)	
hijs	hij+dat	pron(pers,3,sing)+pron(dem)	
sat	zat	adj()

dus	dus	adv(resum)	
en	ne	adv(neg)	
mach	mogen	v(fin,pres,aux_cop)	
sire	zijn	pron(poss)	
naturen	natuur	n(sing)

gheene	geen	pron(indef)	
ghenaden	genade	n(sing)	
ghebueren	gebeuren	v(infin)

of	of	conj(coord)	
men	men	pron(indef)	
dit	dit	pron(dem)	
bi	bij	adp()	
redenen	reden	n(sing)	
weet	weten	v(fin,pres,lex)

dat	dat	conj(subord)	
god	god	n(prop)	
niemene	niemand	pron(indef)	
heuet	hebben	v(fin,pres,lex)	
leet	leed	n(sing)

wien	wie	pron(inter)	
gheuet	geven	v(fin,pres,lex)	
hi	hij	pron(pers,3,sing)	
tlanghe	dat+lang	art(def)+n(sing)	
leuen	leven	v(infin)

so	zo	conj(coord)	
den+ghenen	degene	pron(dem)	
die	die	pron(rel)	
hem	hij	pron(pers,3,sing)	
es	zijn	v(fin,pres,aux_cop)	
wreet	wreed	adj()

so	zo	conj(coord)	
die	die	pron(rel)	
hem	hij	pron(pers,3,sing)	
met	met	adp()	
minnen	min	n(sing)	
heet	heet	adj()

onderdaen	onderdaan	adj()	
es	zijn	v(fin,pres,aux_cop)	
bleuen	blijven	v(participle,past)

ic	ik	pron(pers,1,sing)	
dart	dorren+het	pron(fin,pres,lex)+pron(pers,3,sing)	
wel	wel	adv(gener)	
segghen	zeggen	v(infin)	
vp	op	adp()	
mijn	mijn	pron(poss)	
beheet	beheet	n(sing)

sine	zijn	pron(poss)	
houescheit	hoofsheid	n(sing)	
ware	zijn	v(fin,past,aux_cop)	
onghecleet	ongekleed	adj()

liet	laten	v(fin,past,lex)	
hi	hij	pron(pers,3,sing)	
den+ghenen	degene	pron(dem)	
sneuen	sneven	v(infin)

die	die	pron(rel)	
al	al	adv(gener)	
tsinen	te+zijn	adp()+pron(poss)	
dienste	dienst	n(sing)	
steet	staan	v(fin,pres,lex)

dies	dies	adv(dem)	
ghelijcs	gelijke	n(sing)	
willic	willen+ik	v(fin,pres,aux_cop)+pron(pers,1,sing)	
ghereet	gereed	adj()

den	de	art(def)	
loen	loon	n(sing)	
hare	zij	pron(pers,3,sing)	
weder+gheuen	wedergeven	v(infin)

die	die	pron(rel)	
dor	door	adp()	
mi	ik	pron(pers,1,sing)	
lust	lusten	v(fin,pres,lex)	
beuen	beven	v(fin,pres,lex)

god	god	n(sing)	
gheuet	geven	v(fin,pres,lex)	
al	al	pron(indef)	
cleene	klein	adj()	
ende	en	conj(coord)	
groot	groot	adj()

dies	dat	pron(rel)	
die	de	art(def)	
mensche	mens	n(sing)	
heuet	hebben	v(fin,pres,lex)	
noot	nood	n(sing)

dit	dit	pron(dem)	
proeft	proeven	v(fin,pres,lex)	
men	men	pron(indef)	
bi	bij	adp()	
sinne	zin	n(sing)

hi	hij	pron(pers,3,sing)	
storte	storten	v(fin,past,lex)	
dor	door	adp()	
ons	wij	pron(pers,1,plu)	
sijn	zijn	pron(poss)	
bloet	bloed	n(sing)	
root	rood	adj()

ende	en	conj(coord)	
gheuet	geven	v(fin,pres,lex)	
ons	wij	pron(pers,1,plu)	
themelsche	dat+hemels	art(def)+adj()	
broot	brood	n(sing)

vp+dat	opdat	conj(subord)	
men	men	pron(indef)	
weder	weder	adv(gener)	
minne	minnen	v(fin,pres,lex)

dor	door	pronadv(dem)	
ne+gheenen	ne+geen	pron(indef)	
weder+stoot	wederstoot	n(sing)

daer	daar	pronadv(rel)	
ons	wij	pron(pers,1,plu)	
sonde	zonde	n(sing)	
oit	ooit	adv(indef)	
mede	mede	pronadv(prep)	
scoot	schieten	v(fin,past,lex)

ne	ne	adv(neg)	
laet	laten	v(fin,pres,lex)	
hi	hij	pron(pers,3,sing)	
ons	wij	pron(pers,1,plu)	
daer+inne	daarin	pronadv(dem)

legghen	leggen	v(fin,pres,lex)	
wi	wij	pron(pers,1,plu)	
thooft	dat+hoofd	art(def)+n(sing)	
hem	hij	pron(pers,3,sing)	
inden	in+de	adp()+art(def)	
scoot	schoot	n(sing)

soude	zullen	v(fin,past,aux_cop)	
so	zij	pron(pers,3,sing)	
maken	maken	v(infin)	
dan	dan	adv(resum)	
die	de	art(def)	
doot	dood	n(sing)

die	die	pron(rel)	
ic	ik	pron(pers,1,sing)	
mi	ik	pron(pers,1,sing)	
so	zo	adv(dem)	
hout	houd	adj()	
kinne	kennen	v(fin,pres,lex)

so	zo	adv(resum)	
ware	zijn	v(fin,past,aux_cop)	
mijn	mijn	pron(poss)	
vroeden	vroed	n(sing)	
dinne	dun	adj()

vvaerheit	waarheid	adv(gener)	
jacop	jacob	n(prop)	
du	du	pron(pers,2,sing)	
segghes	zeggen	v(fin,pres,lex)	
waer	waar	n(sing)

maer	maar	conj(coord)	
het	het	pron(pers,3,sing)	
was	zijn	v(fin,past,aux_cop)	
mi	ik	pron(pers,1,sing)	
te	te	adp()	
vindene	vinden	v(infin)	
zwaer	zwaar	adj()

dattu	dat+du	pron(dem)+pron(pers,2,sing)	
hier	hier	adv(dem)	
heues	hebben	v(fin,pres,aux_cop)	
ontbonden	ontbinden	v(participle,past)

ic	ik	pron(pers,1,sing)	
lye	lijden	v(fin,pres,lex)	
verwonnen	verwinnen	v(participle,past)	
openbaer	openbaar	adv(gener)

mine	mijn	pron(poss)	
minne	min	n(sing)	
es	zijn	v(fin,pres,aux_cop)	
der	de	art(def)	
zielen	ziel	n(sing)	
vaer	vaar	n(sing)

ende	en	conj(coord)	
besmet	besmetten	v(participle,past)	
met	met	adp()	
sonden	zonde	n(plu)

du	du	pron(pers,2,sing)	
seghes	zeggen	v(fin,pres,lex)	
daer	daar	pronadv(dem)	
an	aan	pronadv(prep)	
wel	wel	adv(gener)	
ende	en	conj(coord)	
waer	waar	n(sing)

redene	reden	n(sing)	
heuet	hebben	v(fin,pres,aux_cop)	
minen	mijn	pron(poss)	
waen	waan	n(sing)	
ommaer	onmaar	adj()

dit	dit	pron(dem)	
hebbic	hebben+ik	v(fin,pres,aux_cop)+pron(pers,1,sing)	
onder+vonden	ondervinden	v(participle,past)

nu	nu	adv(dem)	
moete	moeten	v(fin,pres,aux_cop)	
ons	wij	pron(pers,1,plu)	
god	god	n(sing)	
ghebringhen	brengen	v(infin)	
daer	daar	adv(rel)

minne	min	n(sing)	
niet	niet	adv(neg)	
en	ne	adv(neg)	
end	einden	conj(coord)	
haer	haar	pron(poss)	
jaer	jaar	n(sing)

enten	en+de	conj(coord)+art(def)	
lesten	laatst	adj()	
stonden	stond	n(plu)

vrien	vrijen	v(infin)	
met	met	adp()	
sinen	zijn	pron(poss)	
wonden	wond	n(plu)

dit	dit	pron(dem)	
es	zijn	v(fin,pres,aux_cop)	
de	de	art(def)	
derde	derde	num(ord)	
martijn	martijn	n(prop)

ic	ik	pron(pers,1,sing)	
mane	manen	v(fin,pres,lex)	
mannen	man	n(plu)	
metten	met+de	adp()+art(def)	
wiuen	wijf	n(plu)

die	die	pron(rel)	
dit	dit	pron(dem)	
sullen	zullen	v(fin,pres,aux_cop)	
lesen	lezen	v(infin)	
of	of	conj(coord)	
scriuen	schrijven	v(infin)

vpten	op+de	adp()+art(def)	
hoghesten	hoog	adj()	
ban	ban	n(sing)

dat	dat	conj(subord)	
si	zij	pron(pers,3,plu)	
dit	dit	pron(dem)	
dicht	dicht	n(sing)	
laten	laten	v(fin,pres,lex)	
bliuen	blijven	v(infin)

reene	rein	adj()	
dat	dat	conj(subord)	
siere	zij+daar	pron(pers,3,plu)+pronadv(dem)	
niet	niet	adv(neg)	
in	in	pronadv(prep)	
en	ne	adv(neg)	
driuen	drijven	v(fin,pres,lex)

lettre	letter	n(sing)	
wort	woord	n(sing)	
af	af	adp()	
no	noch	conj(coord)	
an	aan	adp()

doen	doen	v(fin,pres,lex)	
sijt	zij+het	pron(pers,3,plu)+pron(pers,3,sing)	
oec	ook	adv(gener)	
hem	hij	pron(pers,3,plu)	
sal	zullen	v(fin,pres,aux_cop)	
becliuen	beklijven	v(infin)

minen	mijn	pron(poss)	
ban	ban	n(sing)	
en	en	conj(coord)	
sine	zij+ne	pron(pers,3,plu)+adv(neg)	
sulne	zullen+hij	v(fin,pres,aux_cop)+pron(pers,3,sing)	
wriuen	wrijven	v(infin)

niet	niet	adv(neg)	
af	af	v(prtcl)	
moghen	mogen	v(infin)	
nochtan	nochtans	adv(gener)

hennes	het+ne+zijn	pron(pers,3,sing)+adv(neg)+v(fin,pres,lex)	
gheen	geen	pron(indef)	
spot	spot	n(sing)	
dit	dit	pron(dem)	
van	van	adp()	
keytiuen	katijf	n(plu)

hets	het+zijn	pron(pers,3,sing)+v(fin,pres,aux_cop)	
daer	daar	pronadv(rel)	
ic	ik	pron(pers,1,sing)	
mi	ik	pron(refl,1,sing)	
omme	om	pronadv(rel)	
liet	laten	v(fin,past,aux_cop)	
ontliuen	ontlijven	v(infin)

eer	eer	conj(subord)	
icker	ik+daar	pron(pers,1,sing)+pronadv(dem)	
sciede	scheiden	v(fin,past,lex)	
van	van	pronadv(prep)

nu	nu	adv(dem)	
hort	horen	v(imp)	
die	die	pron(rel)	
leeren	leren	v(infin)	
can	kunnen	v(fin,pres,aux_cop)

iacop	jacob	n(prop)	
wi	wij	pron(pers,1,plu)	
hebben	hebben	v(fin,pres,aux_cop)	
onderlinghe	onderling	adv(gener)

ghehandelt	handelen	v(participle,past)	
messelike	misselijk	adj()	
dinghen	ding	n(plu)

nu	nu	adv(dem)	
antwort	antwoorden	v(imp)	
mi	ik	pron(pers,1,sing)	
vp+een	opeen	adv(gener)

leert	leren	v(imp)	
mi	ik	pron(pers,1,sing)	
eer	eer	conj(subord)	
ic	ik	pron(pers,1,sing)	
hu	gij	pron(pers,2,plu)	
ontspringhe	ontspringen	v(fin,pres,lex)

hoe	hoe	adv(inter)	
ic	ik	pron(pers,1,sing)	
mijn	mijn	pron(poss)	
herte	hart	n(sing)	
daer+toe	daartoe	pronadv(dem)	
dwinghe	dwingen	v(fin,past,lex)

te	te	adp()	
kenne	kennen	v(infin)	
hem	hij	pron(pers,3,sing)	
dien	die	pron(rel)	
wi	wij	pron(pers,1,plu)	
vleen	vlee‘n	v(fin,pres,lex)

ic	ik	pron(pers,1,sing)	
lese	lezen	v(fin,pres,lex)	
somwile	somwijlen	adv(gener)	
ende	en	conj(coord)	
in	ik+ne	pron(pers,1,sing)+adv(neg)	
singhe	zingen	v(fin,pres,lex)

gode	god	n(prop)	
te	te	adp()	
kenne	kennen	v(infin)	
bi	bij	adp()	
sinen	zijn	pron(poss)	
dinghe	ding	n(plu)

es	zijn	v(fin,pres,aux_cop)	
leuen	leven	n(sing)	
sonder	zonder	adp()	
ween	ween	n(sing)

dits	dit+zijn	pron(dem)+v(fin,pres,aux_cop)	
claer	klaar	adj()	
waer	waar	adj()	
ende	en	conj(coord)	
ghehinghe	geheng	adj()

subtijl	subtiel	adv(gener)	
ware	zijn	v(fin,past,aux_cop)	
therte	dat+hart	art(def)+n(sing)	
diet	die+het	pron(rel)+pron(pers,3,sing)	
bevinghe	bevingen	v(fin,past,lex)

want	want	conj(subord)	
hogher	hoog	adj()	
dinc	ding	n(sing)	
en	ne	adv(neg)	
es	zijn	v(fin,pres,aux_cop)	
gheen	geen	pron(indef)

nu	nu	adv(dem)	
antwort	antwoorden	v(imp)	
onder	onder	adp()	
ons	wij	pron(pers,1,plu)	
tween	twee	num(card)

martijn	martijn	n(prop)	
du	du	pron(pers,2,sing)	
vraghes	vragen	v(fin,pres,lex)	
wel	wel	adv(gener)	
hoghe	hoog	adv(gener)

al	al	conj(subord)	
vloghic	vliegen+ik	v(fin,pres,lex)+pron(pers,1,sing)	
bouen	boven	adp()	
der	de	art(def)	
inghele	engel	n(plu)	
vloghe	vleug	n(sing)

bouen	boven	adp()	
cherubin	cherubijn	n(prop)	
ende	en	conj(coord)	
cheraf	serafijn	n(prop)

so	zo	adv(resum)	
weetic	weten+ik	v(fin,pres,lex)+pron(pers,1,sing)	
wel	wel	adv(gener)	
dat	dat	conj(subord)	
ic	ik	pron(pers,1,sing)	
en	ne	adv(neg)	
moghe	mogen	v(fin,pres,aux_cop)

berechten	berechten	v(infin)	
dat	dat	pron(dem)	
te	te	adp()	
vullen	volle	n(sing)	
doghe	deugen	v(fin,pres,lex)

met	met	adp()	
worden	woord	n(plu)	
hier+af	hier+af	adv(dem)

alle	al	pron(indef)	
sinne	zin	n(plu)	
sijn	zijn	v(fin,pres,aux_cop)	
te	te	adp()	
droghe	droog	adj()

alle	al	pron(indef)	
creaturen	creatuur	n(plu)	
hoemen	hoe+men	adv(inter)+pron(indef)	
poghe	pogen	v(fin,pres,lex)

ne	ne	adv(neg)	
doghen	deugen	v(fin,pres,lex)	
niet	niet	adv(neg)	
een	een	art(indef)	
caf	kaf	n(sing)

dat	dat+het	conj(subord)+pron(pers,3,sing)	
hare	zij	pron(pers,3,sing)	
eenich	enig	pron(indef)	
te	te	adp()	
vullen	volle	n(sing)	
toghe	togen	v(fin,pres,lex)

maer	maar	conj(coord)	
verscaerp	verscherpen	v(imp)	
dijns	dijn	pron(poss)	
sinnes	zin	n(sing)	
oghe	oog	n(sing)

hore	horen	v(imp)	
wat	wat	pron(inter)	
scrifture	schriftuur	n(sing)	
mi	ik	pron(pers,1,sing)	
gaf	geven	v(fin,past,lex)

hout	houden+het	v(imp)+pron(pers,3,sing)	
in	in	adp()	
diere	dijn	pron(poss)	
herten	hart	n(sing)	
graf	graf	n(sing)

moyses	mozes	n(prop)	
spreect	spreken	v(fin,pres,lex)	
in	in	adp()	
sinen	zijn	pron(poss)	
boeken	boek	n(plu)

beesten	beest	n(plu)	
die	die	pron(rel)	
den	de	art(def)	
berch	berg	n(sing)	
besoeken	bezoeken	v(infin)

moeten	moeten	v(fin,pres,aux_cop)	
sijn	zijn	v(infin)	
ghesteent	stenen	v(participle,past)

beeste	beest	n(sing)	
es	zijn	v(fin,pres,aux_cop)	
die	de	art(def)	
mensche	mens	n(sing)	
die	die	pron(rel)	
wille+roeken	willen+roeken	v(fin,past,aux_cop)+v(infin)

te	te	adp()	
nauwe	nauw	adv(gener)	
omme	om	adp()	
die	de	art(def)	
godheit	godheid	n(sing)	
loeken	loeken	v(infin)

hets	het+zijn	pron(pers,3,sing)+v(fin,pres,aux_cop)	
recht	recht	adj()	
dat	dat	conj(subord)	
hijt	hij+het	pron(pers,3,sing)+pron(pers,3,sing)	
beweent	bewenen	v(fin,pres,lex)

du	du	pron(pers,2,sing)	
soucs	zoeken	v(fin,pres,lex)	
mi	ik	pron(pers,1,sing)	
in	in	adp()	
allen	al	pron(indef)	
hoeken	hoek	n(plu)

met	met	adp()	
rimen	rijm	n(plu)	
sonder	zonder	adp()	
valsch	vals	n(sing)	
van	van	adp()	
doeken	doek	n(prop)

es	zijn	v(fin,pres,aux_cop)	
dit	dit	pron(dem)	
goed	goed	adj()	
ic	ik	pron(pers,1,sing)	
wane	wanen	v(fin,pres,lex)	
neent	neen+het	adv(neg)+pron(pers,3,sing)

du	du	pron(pers,2,sing)	
telles	tellen	v(fin,pres,lex)	
mi	ik	pron(pers,1,sing)	
metten	met+de	adp()+art(def)	
wisen	wijs	adj()	
cloeken	kloek	adj()

waert	zijn+het	v(fin,past,aux_cop)+pron(pers,3,sing)	
goet	goed	adj()	
ic	ik	pron(pers,1,sing)	
souder	zullen+er	v(fin,past,aux_cop)+pronadv(dem)	
hu	gij	pron(pers,2,plu)	
omme	om	pronadv(prep)	
vloeken	vloeken	v(infin)

ic	ik	pron(pers,1,sing)	
wane	wanen	v(fin,pres,lex)	
dine	dijn	pron(poss)	
herte	hart	n(sing)	
meent	menen	v(fin,pres,lex)

dattu	dat+du	conj(subord)+pron(pers,2,sing)	
mi	ik	pron(pers,1,sing)	
heues	hebben	v(fin,pres,aux_cop)	
verbeent	verbenen	v(participle,past)

iacop	jacob	n(prop)	
dune	du+ne	pron(pers,2,sing)+adv(neg)	
souds	zullen	v(fin,past,aux_cop)	
di	du	pron(refl,2,sing)	
niet	niet	adv(neg)	
vergramen	vergrammen	v(infin)

ic	ik	pron(pers,1,sing)	
wils	willen+dat	v(fin,pres,aux_cop)+pron(dem)	
mi	ik	pron(refl,1,sing)	
al	al	pron(indef)	
mijn	mijn	pron(poss)	
leuen	leven	n(sing)	
scamen	schamen	v(infin)

haddict	hebben+ik+het	v(fin,pres,aux_cop)+pron(pers,1,sing)+pron(pers,3,sing)	
oint	ooit	adv(indef)	
ghedocht	denken	v(participle,past)

oecs	ook	adv(gener)	
lijcs	lijden+ik+het	adj()	
metti	met+du	pron(pers,2,sing)+adp()	
te	te	adp()	
samen	samen	adv(gener)

dat	dat	conj(subord)	
die	de	art(def)	
hoecheit	hoogheid	n(sing)	
der	de	art(def)	
hogre	hoog	adj()	
namen	naam	n(sing)

te	te	adv(gener)	
verre	ver	adv(gener)	
niet	niet	adv(neg)	
en	ne	adv(neg)	
doech	deugen	v(fin,pres,aux_cop)	
ghesocht	zoeken	v(participle,past)

al	al	conj(subord)	
waert	zijn+het	v(fin,past,lex)+pron(pers,3,sing)	
dat	dat	conj(subord)	
alle	al	pron(indef)	
dingle	de+engel	art(def)+n(plu)	
quamen	komen	v(fin,past,lex)

sine	zij+ne	pron(pers,3,plu)+adv(neg)	
connen	kunnen	v(fin,pres,aux_cop)	
die	de	art(def)	
godheit	godheid	n(sing)	
ghehamen	gehamen	v(infin)

dits	dit+zijn	pron(dem)+v(fin,pres,aux_cop)	
al	al	adv(gener)	
af+ghenocht	afknopen	v(participle,past)

leere	leer	v(imp)	
minen	mijn	pron(poss)	
crancken	krank	adj()	
sin	zin	n(sing)	
minen	mijn	pron(poss)	
lamen	lam	adj()

ghewont	wonden	v(participle,past)	
metter	met+de	adp()+art(def)	
sonden	zonde	n(plu)	
bramen	braam	n(plu)

van	van	adp()	
dattu	dat+du	pron(rel)+pron(pers,2,sing)	
vermocht	vermogen	v(fin,pres,lex)

so	zo	adv(resum)	
es	zijn	v(fin,pres,aux_cop)	
mijn	mijn	pron(poss)	
wille	wil	n(sing)	
vulbrocht	volbrengen	v(participle,past)

martijn	martijn	n(prop)	
merc	merken	v(imp)	
in	in	adp()	
dinen	dijn	pron(poss)	
zinne	zin	n(sing)

god	god	n(prop)	
es	zijn	v(fin,pres,aux_cop)	
een	een	art(indef)	
wesen	wezen	n(sing)	
vor	voor	adp()	
alle	al	pron(indef)	
beghinne	begin	n(sing)

tedelste	dat+edel	art(def)+adj()	
bouen	boven	adp()	
al	al	pron(indef)

sijn	zijn	pron(poss)	
wesen	wezen	n(sing)	
es	zijn	v(fin,pres,aux_cop)	
als	als	conj(comp)	
ict	ik+het	pron(pers,1,sing)+pron(pers,3,sing)	
kinne	kennen	v(fin,pres,lex)

dupperste	de+opper	art(def)+adj()	
godheit	godheid	n(sing)	
dupperste	de+opper	art(def)+adj()	
minne	min	n(sing)

dat	dat	pron(dem)	
es	zijn	v(fin,pres,lex)	
of	of	conj(coord)	
wesen	wezen	v(infin)	
sal	zullen	v(fin,pres,aux_cop)

sine	zijn	pron(poss)	
ghewerken	gewerk	n(plu)	
daer	daar	pronadv(rel)	
men	men+hij	pron(indef)+pron(pers,3,sing)	
kent	kennen	v(fin,pres,lex)	
jnne	in	pronadv(prep)

sijn	zijn	v(fin,pres,aux_cop)	
si	zij	pron(pers,3,plu)	
so	zo	adv(dem)	
groot	groot	adj()	
dat	dat	conj(subord)	
si	zij	pron(pers,3,plu)	
sijn	zijn	v(fin,pres,aux_cop)	
dinne	dun	adj()

diet	die+het	pron(rel)+pron(pers,3,sing)	
bekennen	bekennen	v(fin,pres,lex)	
ende	en	conj(coord)	
smal	smal	adj()

sine	zijn	pron(poss)	
wijsheit	wijsheid	n(sing)	
es	zijn	v(fin,pres,aux_cop)	
coninghinne	koningin	n(sing)

bouen	boven	adp()	
alre+hande	allerhande	adj()	
ghewinne	gewin	n(sing)

ende	en	conj(coord)	
bouen	boven	adp()	
al	al	pron(indef)	
gheual	geval	n(sing)

daer	daar	adv(dem)	
bouen	boven	adv(gener)	
of	of	conj(coord)	
hier	hier	adv(dem)	
int	in+dat	adp()+art(def)	
dal	dal	n(sing)

den	de	art(def)	
hemel	hemel	n(sing)	
enten	en+de	conj(coord)+art(def)	
troen	troon	n(sing)	
nv	nu	adv(dem)	
merke	merken	v(imp)

god	god	n(sing)	
es	zijn	v(fin,pres,aux_cop)	
bouen	boven	adp()	
allen	al	pron(indef)	
sinen	zijn	pron(poss)	
ghewerke	gewerk	n(sing)

ende	en	conj(coord)	
onder	onder	adp()	
alle	al	pron(indef)	
sine	zijn	pron(poss)	
dinc	ding	n(plu)

hi	hij	pron(pers,3,sing)	
es	zijn	v(fin,pres,lex)	
buten	buiten	adv(gener)	
al	al	pron(indef)	
nv	nu	adv(dem)	
merke	merken	v(imp)

alse	als	conj(subord)	
diet	die+het	pron(rel)+pron(pers,3,sing)	
hout	houden	v(fin,pres,lex)	
wel	wel	adv(gener)	
ende	en	conj(coord)	
sterke	sterk	adv(gener)

hier	hier	adv(dem)	
vte	uit	v(prtcl)	
nine	ne+niet	adv(neg)+adv(neg)	
sprinc	springen	v(imp)

oec	ook	adv(gener)	
segghen	zeggen	v(fin,pres,lex)	
ons	wij	pron(pers,1,plu)	
die	de	art(def)	
wise	wijs	adj()	
clerke	klerk	n(plu)

hine	hij+ne	pron(pers,3,sing)+adv(neg)	
es	zijn	v(fin,pres,aux_cop)	
ghedeelt	delen	v(participle,past)	
niet	niet	adv(neg)	
in	in	adp()	
perke	park	n(sing)

hier+in	hierin	pronadv(dem)	
dine	dijn	pron(poss)	
herte	hart	n(sing)	
dwinc	dwingen	v(imp)

maer	maar	conj(coord)	
gheheel	geheel	adv(gener)	
in	in	adp()	
elken	elk	pron(indef)	
merke	mark	n(sing)

buten	buiten	adv(gener)	
binnen	binnen	adv(gener)	
in	in	adp()	
water	water	n(sing)	
in	in	adp()	
zwerke	zwerk	n(sing)

hier+toe	hiertoe	pronadv(prep)	
dine	dijn	pron(poss)	
herte	hart	n(sing)	
brinc	brengen	v(imp)

sonder	zonder	adp()	
eeneghen	enig	pron(indef)	
losen	loos	adj()	
winc	wenk	n(sing)

bouen	boven	adv(gener)	
es	zijn	v(fin,pres,aux_cop)	
god	god	n(sing)	
alse	als	conj(subord)	
heere	heer	n(sing)

die	de	pron(rel)	
besittere	bezitter	n(sing)	
es	zijn	v(fin,pres,aux_cop)	
emmermeere	immermeer	adv(gener)

alles	al	pron(indef)	
dies	dat	pron(rel)	
men	men	pron(indef)	
weet	weten	v(fin,pres,lex)

onder	onder	adp()	
alse	als	conj(subord)	
die	die	art(def)	
in	in	adp()	
allen	al	pron(indef)	
keere	keer	n(plu)

die	de	art(def)	
dinc	ding	n(plu)	
hout	houden	v(fin,pres,lex)	
moghendelike	mogendlijk	adv(gener)	
zeere	zeer	adv(gener)

ende	en	conj(coord)	
ieghen	jegen	adp()	
al	al	pron(indef)	
verscheet	verscheid	n(sing)

buten	buiten	adv(gener)	
alse	als	conj(subord)	
die	die	pron(dem)	
met	met	adp()	
sire	zijn	pron(poss)	
weere	weer	n(sing)

sijn	zijn	pron(poss)	
werc	werk	n(sing)	
vervult	vervullen	v(fin,lex,pres)	
dat	dat	conj(subord)	
hem	hij	pron(pers,3,sing)	
en	ne	adv(neg)	
dere	deren	v(fin,pres,lex)

ne+gheene	negeen	pron(indef)	
dinc	ding	n(sing)	
cout	koud	adj()	
no	noch	conj(coord)	
heet	heet	adj()

binnen	binnen	adv(gener)	
alse	als	conj(subord)	
die	die	pron(dem)	
met	met	adp()	
sire	zijn	pron(poss)	
leere	leer	n(sing)

sijn	zijn	pron(poss)	
werc	werk	n(sing)	
vervult	vervullen	v(fin,pres,lex)	
met	met	adp()	
selker	zulk	pron(dem)	
eere	eer	n(sing)

dat	dat+het	pron(rel)+pron(pers,3,sing)	
eewelike	eeuwelijk	adv(gener)	
steet	staan	v(fin,pres,lex)

wient	wie+het	pron(indef)+pron(pers,3,sing)	
lief	lief	adj()	
si	zijn	v(fin,pres,aux_cop)	
oft	of	conj(coord)	
leet	leed	adj()

bouen	boven	adv(gener)	
al	al	num(indef)	
es	zijn	v(fin,pres,aux_cop)	
god	god	n(sing)	
ghedraghen	gedragen	v(participle,past)

nv	nu	adv(dem)	
gheene	geen	pron(indef)	
dinc	ding	n(sing)	
en	ne	adv(neg)	
mach	mogen	v(fin,pres,aux_cop)	
beclaghen	beklagen	v(infin)