line_id	token	lemma	pos	
A_M1_1_001	vvaphene	wapen	interj()	
A_M1_1_001	martin	martijn	n(prop)	
A_M1_1_001	hoe	hoe	adv(inter)	
A_M1_1_001	salt	zullen+het	v(fin,pres,aux_cop)+pron(pers,3,sing)	
A_M1_1_001	gaen	gaan	v(infin)	
A_M1_1_002	sal	zullen	v(fin,pres,aux_cop)	
A_M1_1_002	die	de	art(def)	
A_M1_1_002	weerelt	wereld	n(sing)	
A_M1_1_002	hiet	iet	adv(gener)	
A_M1_1_002	langhe	lang	adv(gener)	
A_M1_1_002	staen	staan	v(infin)	
A_M1_1_003	in	in	adp()	
A_M1_1_003	dus	dus	adv(dem)	
A_M1_1_003	crancken	krank	adj()	
A_M1_1_003	loue	lof	n(sing)	
A_M1_1_004	so	zo	adv(resum)	
A_M1_1_004	moet	moeten	v(fin,pres,aux_cop)	
A_M1_1_004	vrouwe	vrouw	n(sing)	
A_M1_1_004	vereere	vrouw+eer	n(sing)+n(sing)	
A_M1_1_004	saen	zaan	adv(gener)	
A_M1_1_005	sonder	zonder	adp()	
A_M1_1_005	twifel	twijfel	n(sing)	
A_M1_1_005	ende	en	conj(coord)	
A_M1_1_005	waen	waan	n(sing)	
A_M1_1_006	rumen	ruimen	v(infin)	
A_M1_1_006	heeren	heer	n(plu)	
A_M1_1_006	houe	hof	n(sing)	
A_M1_1_007	ic	ik	pron(pers,1,sing)	
A_M1_1_007	zie	zien	v(fin,pres,lex)	
A_M1_1_007	den	de	art(def)	
A_M1_1_007	valschen	vals	adj()	
A_M1_1_007	wel	wel	adv(gener)	
A_M1_1_007	ontfaen	ontvangen	v(infin)	
A_M1_1_008	die	die	pron(rel)	
A_M1_1_008	de	de	art(def)	
A_M1_1_008	heeren	heer	n(plu)	
A_M1_1_008	conen	kunnen	v(fin,pres,aux_cop)	
A_M1_1_008	dwaen	dwaan	v(infin)	
A_M1_1_009	ende	en	conj(coord)	
A_M1_1_009	plucken	plukken	v(infin)	
A_M1_1_009	vanden	van+de	adp()+art(def)	
A_M1_1_009	stoue	stoof	n(sing)	
A_M1_1_010	ende	en	conj(coord)	
A_M1_1_010	ic	ik	pron(pers,1,sing)	
A_M1_1_010	zie	zien	v(fin,pres,lex)	
A_M1_1_010	den	de	art(def)	
A_M1_1_010	rechten	recht	adj()	
A_M1_1_010	slaen	slaan	v(infin)	
A_M1_1_011	beede	beide	num(indef)	
A_M1_1_011	bespotten	bespotten	v(infin)	
A_M1_1_011	ende	en	conj(coord)	
A_M1_1_011	beuaen	bevangen	v(infin)	
A_M1_1_012	alse	als	conj(subord)	
A_M1_1_012	die	de	art(def)	
A_M1_1_012	meese	mees	n(sing)	
A_M1_1_012	in	in	adp()	
A_M1_1_012	de	de	art(def)	
A_M1_1_012	cloue	kloof	n(sing)	
A_M1_1_013	rechts	rechts	adv(gener)	
A_M1_1_013	offene	of+zij	conj(subord)+pron(pers,3,plu)	
A_M1_1_013	god	god	n(sing)	
A_M1_1_013	verscroue	verschruiven	v(fin,past,lex)	
A_M1_2_014	hoe	hoe	adv(inter)	
A_M1_2_014	langhe	lang	adv(gener)	
A_M1_2_014	sal	zullen	v(fin,pres,aux_cop)	
A_M1_2_014	ghedoghen	gedogen	v(infin)	
A_M1_2_014	dit	dit	pron(dem)	
A_M1_2_015	god	god	n(sing)	
A_M1_2_015	die	die	pron(rel)	
A_M1_2_015	alle	al	pron(indef)	
A_M1_2_015	dinc	ding	n(plu)	
A_M1_2_015	besit	bezit	v(fin,pres,lex)	
A_M1_2_016	in	in	adp()	
A_M1_2_016	sine	zijn	pron(poss)	
A_M1_2_016	heerscapie	heerschappij	n(sing)	
A_M1_2_017	dat	dat	conj(subord)	
A_M1_2_017	die	de	art(def)	
A_M1_2_017	goede	goed	n(sing)	
A_M1_2_017	vleeuwet	vleeuwen	v(fin,pres,lex)	
A_M1_2_017	ende	en	conj(coord)	
A_M1_2_017	bit	bidden	v(fin,pres,lex)	
A_M1_2_018	ende	en	conj(coord)	
A_M1_2_018	hem	hij	pron(pers,3,sing)	
A_M1_2_018	ne	ne	adv(neg)	
A_M1_2_018	doech	deugen	v(fin,pres,lex)	
A_M1_2_018	no	no	conj(coord)	
A_M1_2_018	dat	dat	pron(dem)	
A_M1_2_018	no	no	conj(coord)	
A_M1_2_018	dit	dit	pron(dem)	
A_M1_2_019	dat	dat	conj(subord)	
A_M1_2_019	hi	hij	pron(pers,3,sing)	
A_M1_2_019	hiet	iet	adv(gener)	
A_M1_2_019	ghedie	gedijen	v(fin,pres,lex)	
A_M1_2_020	al	al	num(indef)	
A_M1_2_020	varet	varen	v(fin,pres,lex)	
A_M1_2_020	inden	in+de	adp()+art(def)	
A_M1_2_020	helschen	hels	adj()	
A_M1_2_020	pit	put	n(sing)	
A_M1_2_021	eist	zijn+het	v(fin,pres,aux_cop)+pron(pers,3,sing)	
A_M1_2_021	blaeu	blauw	adj()	
A_M1_2_021	graeu	grauw	adj()	
A_M1_2_021	zwart	zwart	adj()	
A_M1_2_021	of	of	conj(coord)	
A_M1_2_021	wit	wit	adj()	
A_M1_2_022	hets	het+zijn	pron(pers,3,sing)+v(fin,pres,aux_cop)	
A_M1_2_022	ghetrouwe	getrouw	adj()	
A_M1_2_022	als	als	conj(subord)	
A_M1_2_022	eene	een	art(indef)	
A_M1_2_022	zie	zij	n(sing)	
A_M1_2_023	recht	recht	adj()	
A_M1_2_023	man	man	n(sing)	
A_M1_2_023	deluet	delven	v(fin,pres,lex)	
A_M1_2_023	sonder	zonder	adp()	
A_M1_2_023	spit	spit	n(sing)	
A_M1_2_024	hine	hij+ne	pron(pers,3,sing)+adv(neg)	
A_M1_2_024	heuet	hebben	v(fin,pres,aux_cop)	
A_M1_2_024	te	te	adp()	
A_M1_2_024	pointe	punt	n(sing)	
A_M1_2_024	niet	niet	adv(neg)	
A_M1_2_024	ghehit	hitten	v(participle,past)	
A_M1_2_025	inne	in+ne	adp()+adv(neg)	
A_M1_2_025	gheer	geen	pron(indef)	
A_M1_2_025	balgye	balie	n(sing)	
A_M1_2_026	mi	ik	pron(pers,1,sing)	
A_M1_2_026	es	zijn	v(fin,pres,aux_cop)	
A_M1_2_026	leet	leed	adj()	
A_M1_2_026	dat	dat	conj(subord)	
A_M1_2_026	ic	ik	pron(pers,1,sing)	
A_M1_2_026	waer	waar	n(sing) 	
A_M1_2_026	lye	lijden	v(fin,pres,lex)	
A_M1_3_027	laet	laat	v(imp)	
A_M1_3_027	ons	wij	pron(pers,1,plu)	
A_M1_3_027	martin	martijn	n(prop)	
A_M1_3_027	ouer+een	overeen	adv(gener)	
A_M1_3_028	hier	hier	pronadv(dem)	
A_M1_3_028	af+spreken	afspreken	v(infin)	
A_M1_3_028	onder	onder	adp()	
A_M1_3_028	ons	wij	pron(pers,1,plu)	
A_M1_3_028	tween	twee	num(card)	
A_M1_3_029	in	in	adp()	
A_M1_3_029	dit	dit	pron(dem)	
A_M1_3_029	dyaloghe	dialoog	n(sing)	
A_M1_3_030	wanen	wanen	adv(inter)	
A_M1_3_030	dat	dat	conj(subord)	
A_M1_3_030	eerst	eerst	adv(gener)	
A_M1_3_030	quam	komen	v(fin,past,lex)	
A_M1_3_030	die	de	art(def)	
A_M1_3_030	ween	ween	n(sing)	
A_M1_3_031	die	die	pron(rel)	
A_M1_3_031	wilen	wijlen	adv(gener)	
A_M1_3_031	so	zo	adv(gener)	
A_M1_3_031	onwert	onwaard	adj()	
A_M1_3_031	sceen	schijnen	v(fin,past,aux_cop)	
A_M1_3_032	ende	en	conj(coord)	
A_M1_3_032	nv	nu	adv(dem)	
A_M1_3_032	sit	zitten	v(infin)	
A_M1_3_032	so	zo	adv(dem)	
A_M1_3_032	oghe	hoog	adj()	
A_M1_3_033	ic	ik	pron(pers,1,sing)	
A_M1_3_033	vraghe	vragen	v(fin,pres,lex)	
A_M1_3_033	hu	gij	pron(pers,2,plu)	
A_M1_3_033	ende	en	conj(coord)	
A_M1_3_033	vleen	vlee‘n	v(fin,pres,lex)	
A_M1_3_034	berecht	berichten	v(imp)	
A_M1_3_034	mi	ik	pron(pers,1,sing)	
A_M1_3_034	ia	ja	adv(gener)	
A_M1_3_034	of	of	conj(coord)	
A_M1_3_034	neen	neen	adv(neg)	
A_M1_3_035	van	van	adp()	
A_M1_3_035	dat	dat	pron(rel)	
A_M1_3_035	ic	ik	pron(pers,1,sing)	
A_M1_3_035	hu	gij	pron(pers,2,plu)	
A_M1_3_035	betoghe	betogen	v(fin,pres,lex)	
A_M1_3_036	ledichede	ledigheid	n(sing)	
A_M1_3_036	es	zijn	v(fin,pres,aux_cop)	
A_M1_3_036	vrome	vroom	n(sing)	
A_M1_3_036	ne+gheen	negeen	adv(neg)	
A_M1_3_037	aerbeit	arbeid	n(sing)	
A_M1_3_037	vint	vinden	v(fin,pres,lex)	
A_M1_3_037	vier	vuur	n(sing)	
A_M1_3_037	inden	in+de	adp()+art(def)	
A_M1_3_037	steen	steen	n(sing)	
A_M1_3_038	daer+bi	daarbij	pronadv(dem)	
A_M1_3_038	ontsteect	ontsteken	v(fin,pres,lex)	
A_M1_3_038	dat	dat	art(def)	
A_M1_3_038	droghe	droge	adj()	
A_M1_3_039	nu	nu	adv(dem)	
A_M1_3_039	spreect	spreken	v(imp)	
A_M1_3_039	ende	en	conj(coord)	
A_M1_3_039	ic	ik	pron(pers,1,sing)	
A_M1_3_039	ghedoghe	gedogen	v(fin,pres,lex)	
A_M1_4_040	spreken	spreken	v(infin)	
A_M1_4_040	jacop	jacob	n(prop)	
A_M1_4_040	lieue	lief	adj()	
A_M1_4_040	compaen	kompaan	n(prop)	
A_M1_4_041	waer	waar	adv(inter)	
A_M1_4_041	soudic	zullen+ik	v(fin,past,aux_cop)+pron(pers,1,sing)	
A_M1_4_041	dat	dat	pron(dem)	
A_M1_4_041	hebben	hebben	v(infin)	
A_M1_4_041	verstaen	verstaan	v(participle,past)	
A_M1_4_042	dat	dat	pron(rel)	
A_M1_4_042	ic	ik	pron(pers,1,sing)	
A_M1_4_042	daer	daar	pronadv(dem)	
A_M1_4_042	toe	toe	pronadv(prep)	
A_M1_4_042	dochte	deugen	v(fin,past,lex)	
A_M1_4_043	te	te	adp()	
A_M1_4_043	verclaerne	verklaren	v(infin)	
A_M1_4_043	dinen	dijn	pron(poss)	
A_M1_4_043	waen	waan	n(sing)	
A_M1_4_044	die	die	pron(rel)	
A_M1_4_044	in	in	adp()	
A_M1_4_044	twifele	twijfel	n(sing)	
A_M1_4_044	ware	zijn	v(fin,past,aux_cop)	
A_M1_4_044	beuaen	bevangen	v(participle,past)	
A_M1_4_045	dats	dat+zijn	pron(dem)+v(fin,pres,aux_cop)	
A_M1_4_045	dat	dat	conj(subord)	
A_M1_4_045	ic	ik	pron(pers,1,sing)	
A_M1_4_045	niet	niet	adv(neg)	
A_M1_4_045	en	ne	adv(neg)	
A_M1_4_045	vermochte	vermogen	v(fin,past,lex)	
A_M1_4_046	doch	doch	adv(gener)	
A_M1_4_046	en	ne	adv(neg)	
A_M1_4_046	willic	willen+ik	v(fin,pres,aux_cop)+pron(pers,1,sing)	
A_M1_4_046	niet	niet	adv(neg)	
A_M1_4_046	af+staen	afstaan	v(infin)	
A_M1_4_047	in	in	adp()	
A_M1_4_047	wille	wil	n(sing)	
A_M1_4_047	dine	dijn	pron(poss)	
A_M1_4_047	bede	bede	n(sing)	
A_M1_4_047	ontfaen	ontvangen	v(infin)	
A_M1_4_048	die	die	pron(rel)	
A_M1_4_048	dit	dit	pron(dem)	
A_M1_4_048	ane	aan	adp()	
A_M1_4_048	mi	ik	pron(pers,1,sing)	
A_M1_4_048	besochte	bezoeken	v(fin,past,lex)	
A_M1_4_049	god	god	n(sing)	
A_M1_4_049	sende	zenden	v(fin,past,lex)	
A_M1_4_049	mi	ik	pron(pers,1,sing)	
A_M1_4_049	den	de	art(def)	
A_M1_4_049	hemelschen	hemels	adj()	
A_M1_4_049	traen	traan	n(sing)	
A_M1_4_050	ende	en	conj(coord)	
A_M1_4_050	moet	moeten	v(fin,pres,aux_cop)	
A_M1_4_050	mine	mijn	pron(poss)	
A_M1_4_050	zinne	zin	n(sing)	
A_M1_4_050	dwaen	dwaan	v(infin)	
A_M1_4_051	want	want	conj(subord)	
A_M1_4_051	hi	hij	pron(pers,3,sing)	
A_M1_4_051	mi	ik	pron(pers,1,sing)	
A_M1_4_051	diere	duur	adv(gener)	
A_M1_4_051	cochte	kopen	v(fin,past,lex)	
A_M1_4_052	ende	en	conj(coord)	
A_M1_4_052	ict	ik+het	pron(pers,1,sing)+pron(pers,3,sing)	
A_M1_4_052	gherne	gaarne	adv(gener)	
A_M1_4_052	vulbrochte	volbrengen	v(fin,past,lex)	
A_M1_5_053	martin	martijn	n(prop)	
A_M1_5_053	doe	toen	conj(subord)	
A_M1_5_053	die	de	art(def)	
A_M1_5_053	weerelt	wereld	n(sing)	
A_M1_5_053	began	beginnen	v(fin,past,lex)	
A_M1_5_054	man	man	n(sing)	
A_M1_5_054	te	te	adp()	
A_M1_5_054	verheffene	verheffen	v(infin)	
A_M1_5_054	bouen	boven	adp()	
A_M1_5_054	man	man	n(sing)	
A_M1_5_055	doe	toen	adv(dem)	
A_M1_5_055	sciet	scheiden	v(fin,past,lex)	
A_M1_5_055	mijn	mijn	pron(poss)	
A_M1_5_055	vrouwe	vrouw	n(sing)	
A_M1_5_055	ver	vrouw	n(sing)	
A_M1_5_055	eere	eer	n(sing)	
A_M1_5_056	den	de	art(def)	
A_M1_5_056	dorper	dorpere	n(sing)	
A_M1_5_056	ende	en	conj(coord)	
A_M1_5_056	wijsdem	wijzen+hij	v(fin,past,lex)+pron(pers,3,sing)	
A_M1_5_056	den	de	art(def)	
A_M1_5_056	dan	dan	n(sing)	
A_M1_5_057	ende	en	conj(coord)	
A_M1_5_057	daer	daar	adv(dem)	
A_M1_5_057	trouwe	trouw	n(sing)	
A_M1_5_057	ende	en	conj(coord)	
A_M1_5_057	doghet	deugd	n(sing)	
A_M1_5_057	was	zijn	v(fin,past,aux_cop)	
A_M1_5_057	an	aan	adp()	
A_M1_5_058	dien	die	pron(dem)	
A_M1_5_058	hiet	heten	v(fin,past,lex)	
A_M1_5_058	soe	zij	adv(resum)	
A_M1_5_058	sijn	zijn	pron(poss)	
A_M1_5_058	heere	heer	n(sing)	
A_M1_5_059	nu	nu	adv(dem)	
A_M1_5_059	maken	maken	v(fin,pres,lex)	
A_M1_5_059	die	de	art(def)	
A_M1_5_059	heeren	heer	n(plu)	
A_M1_5_059	een	een	art(indef)	
A_M1_5_059	ghespan	gespan	n(sing)	
A_M1_5_060	ende	en	conj(coord)	
A_M1_5_060	gheuen	geven	v(fin,pres,lex)	
A_M1_5_060	der	de	art(def)	
A_M1_5_060	eeren	eer	n(sing)	
A_M1_5_060	eenen	een	art(indef)	
A_M1_5_060	ban	ban	n(sing)	
A_M1_5_061	ende	en	conj(coord)	
A_M1_5_061	willen	willen	v(fin,pres,lex)	
A_M1_5_061	niet	niet	adv(neg)	
A_M1_5_061	dat	dat	conj(subord)	
A_M1_5_061	soe	zij	pron(pers,3,sing)	
A_M1_5_061	keere	keren	v(fin,pres,lex)	
A_M1_5_062	sech	zeggen	v(imp)	
A_M1_5_062	mi	ik	pron(pers,1,sing)	
A_M1_5_062	wanen	wanen	adv(inter)	
A_M1_5_062	tfenijn	het+venijn	art(def)+n(sing)	
A_M1_5_062	ran	rinnen	v(fin,past,lex)	
A_M1_5_063	toech	togen	v(imp)	
A_M1_5_063	mi	ik	pron(pers,1,sing)	
A_M1_5_063	redene	reden	n(sing)	
A_M1_5_063	daer+van	daarvan	pronadv(dem)	
A_M1_5_064	want	want	conj(subord)	
A_M1_5_064	ic	ik	pron(pers,1,sing)	
A_M1_5_064	gherne	gaarne	adv(gener)	
A_M1_5_064	leere	leren	v(fin,pres,lex)	
A_M1_5_065	wies	wie	pron(inter)	
A_M1_5_065	scult	schuld	n(sing)	
A_M1_5_065	dat	dat	conj(subord)	
A_M1_5_065	het	het	pron(pers,3,sing)	
A_M1_5_065	were	zijn	v(fin,past,aux_cop)	
A_M1_6_066	martin	martijn	n(prop)	
A_M1_6_066	mi	ik	pron(pers,1,sing)	
A_M1_6_066	dinct	dunken	v(fin,pres,aux_cop)	
A_M1_6_066	ouer+waer	overwaar	adv(gener)	
A_M1_6_067	sint	sinds	adv(gener)	
A_M1_6_067	edelheit	edelheid	n(sing)	
A_M1_6_067	hadde	hebben	v(fin,past,aux_cop)	
A_M1_6_067	vaer	vaar	n(sing)	
A_M1_6_068	te	te	adp()	
A_M1_6_068	pijnne	pijnen	v(infin)	
A_M1_6_068	omme	om	adp()	
A_M1_6_068	die	de	art(def)	
A_M1_6_068	eere	eer	n(sing)	
A_M1_6_069	ende	en	conj(coord)	
A_M1_6_069	soe	zij	pron(pers,3,sing)	
A_M1_6_069	trac	trekken	v(fin,past,lex)	
A_M1_6_069	den	de	art(def)	
A_M1_6_069	scalcken	schalk	n(plu)	
A_M1_6_069	naer	naar	adp()	
A_M1_6_070	die	die	pron(rel)	
A_M1_6_070	raden	raden	v(fin,pres,lex)	
A_M1_6_070	nv	nu	adv(dem)	
A_M1_6_070	hier	hier	adv(dem)	
A_M1_6_070	nv	nu	adv(dem)	
A_M1_6_070	daer	daar	pronadv(dem)	
A_M1_6_071	ende	en	conj(coord)	
A_M1_6_071	niet	niet	adv(neg)	
A_M1_6_071	scelden	schelden	v(infin)	
A_M1_6_071	den	de	art(def)	
A_M1_6_071	heere	heer	n(sing)	
A_M1_6_072	so	zo	adv(resum)	
A_M1_6_072	es	zijn	v(fin,pres,aux_cop)	
A_M1_6_072	edelheit	edelheid	n(sing)	
A_M1_6_072	worden	worden	v(participle,past)	
A_M1_6_072	zwaer	zwaar	adj()	
A_M1_6_073	dat	dat	conj(subord)	
A_M1_6_073	soe	zij	pron(pers,3,sing)	
A_M1_6_073	te	te	adp()	
A_M1_6_073	clemmene	klimmen	v(infin)	
A_M1_6_073	heeft	hebben	v(fin,pres,lex)	
A_M1_6_073	ommaer	onmaar	adj()	
A_M1_6_074	ende	en	conj(coord)	
A_M1_6_074	sinct	zinken	v(fin,pres,lex)	
A_M1_6_074	in	in	adp()	
A_M1_6_074	lanc	lang	adj()	
A_M1_6_074	so	zo	adv(dem)	
A_M1_6_074	meere	meer	num(indef)	
A_M1_6_075	dits	dit+zijn	pron(dem)+v(fin,pres,aux_cop)	
A_M1_6_075	nv	nu	adv(dem)	
A_M1_6_075	alder	al+de	num(indef)+art(def)	
A_M1_6_075	weerelt	wereld	n(sing)	
A_M1_6_075	claer	klaar	adj()	
A_M1_6_076	ende	en	conj(coord)	
A_M1_6_076	oghe+sien	oogzien	adj()	
A_M1_6_076	ende	en	conj(coord)	
A_M1_6_076	openbaer	openbaar	adj()	
A_M1_6_077	dus	dus	adv(dem)	
A_M1_6_077	es	zijn	v(fin,pres,aux_cop)	
A_M1_6_077	verbannen	verbannen	v(participle,past)	
A_M1_6_077	eere	eer	n(sing)	
A_M1_6_078	ende	en	conj(coord)	
A_M1_6_078	weder+staen	weerstaan	v(participle,past)	
A_M1_6_078	ten	te+de	adp()+art(def)	
A_M1_6_078	keere	keer	n(sing)	
A_M1_7_079	nv	nu	adv(dem)	
A_M1_7_079	merct	merken	v(imp)	
A_M1_7_079	bider	bij+de	adp()+art(def)	
A_M1_7_079	sonnen	zon	n(sing)	
A_M1_7_079	lech	licht	n(sing)	
A_M1_7_080	die	die	pron(rel)	
A_M1_7_080	alder	al+de	num(indef)+art(def)	
A_M1_7_080	weerelt	wereld	n(sing)	
A_M1_7_080	oghen	oog	n(plu)	
A_M1_7_080	berecht	berechten	v(fin,pres,lex)	
A_M1_7_081	bi	bij	adp()	
A_M1_7_081	sire	zijn	pron(poss)	
A_M1_7_081	naturen	natuur	n(sing)	
A_M1_7_082	alse	als	conj(subord)	
A_M1_7_082	dat	dat	art(def)	
A_M1_7_082	zwerc	zwerk	n(sing)	
A_M1_7_082	daer	daar	pronadv(dem)	
A_M1_7_082	ieghen	jegen	pronadv(prep)	
A_M1_7_082	vecht	vechten	v(fin,pres,lex)	
A_M1_7_083	entie	en+de	conj(coord)+art(def)	
A_M1_7_083	neuel	nevel	n(sing)	
A_M1_7_083	met	met	adp()	
A_M1_7_083	zire	zijn	pron(poss)	
A_M1_7_083	drecht	dracht	n(sing)	
A_M1_7_084	sone	zo+ne	adv(resum)+adv(neg)	
A_M1_7_084	can	kunnen	v(fin,pres,aux_cop)	
A_M1_7_084	so	zij	pron(pers,3,sing)	
A_M1_7_084	tier	te+die	adp()+pron(dem)	
A_M1_7_084	vren	uur	n(plu)	
A_M1_7_085	niet	niet	adv(neg)	
A_M1_7_085	ghetoghen	getogen	v(infin)	
A_M1_7_085	haer	haar	pron(poss)	
A_M1_7_085	scone	schoon	adj()	
A_M1_7_085	lecht	licht	n(sing)	
A_M1_7_086	aldus	aldus	adv(dem)	
A_M1_7_086	verdonckert	verdonkeren	v(fin,pres,lex)	
A_M1_7_086	die	de	art(def)	
A_M1_7_086	scalcke	schalk	adj()	
A_M1_7_086	knecht	knecht	n(sing)	
A_M1_7_087	edele	edel	adj()	
A_M1_7_087	creaturen	creatuur	n(plu)	
A_M1_7_088	alse	als	conj(subord)	
A_M1_7_088	hi	hij	pron(pers,3,sing)	
A_M1_7_088	hem	hij	pron(refl,3,sing)	
A_M1_7_088	daer	daar	pronadv(dem)	
A_M1_7_088	ane	aan	pronadv(prep)	
A_M1_7_088	echt	hechten	v(fin,pres,lex)	
A_M1_7_089	ende	en	conj(coord)	
A_M1_7_089	hare	zij	pron(pers,3,sing)	
A_M1_7_089	die	de	art(def)	
A_M1_7_089	edelheit	edelheid	n(sing)	
A_M1_7_089	verplecht	verplichten	v(fin,pres,lex)	
A_M1_7_090	dat	dat	conj(subord)	
A_M1_7_090	soe	zij	pron(pers,3,sing)	
A_M1_7_090	laet	laten	v(fin,pres,aux_cop)	
A_M1_7_090	ghedueren	geduren	v(infin)	
A_M1_7_091	bi	bij	adp()	
A_M1_7_091	hare	zij	pron(refl,3,sing)	
A_M1_7_091	den	de	art(def)	
A_M1_7_091	scalcken	schalk	adj()	
A_M1_7_091	sueren	zuur	n(plu)	
A_M1_8_092	sint	sinds	adv(gener)	
A_M1_8_092	scalcke	schalk	n(plu)	
A_M1_8_092	droeghen	dragen	v(fin,past,lex)	
A_M1_8_092	ouer+een	overeen	adv(gener)	
A_M1_8_093	dat	dat	conj(subord)	
A_M1_8_093	neen	neen	interj()	
A_M1_8_093	wart	worden	v(fin,past,aux_cop)	
A_M1_8_093	ja	ja	interj()	
A_M1_8_093	ende	en	conj(coord)	
A_M1_8_093	ia	ja	interj()	
A_M1_8_093	neen	neen	interj()	
A_M1_8_094	ende	en	conj(coord)	
A_M1_8_094	hem	hij	pron(pers,3,plu)	
A_M1_8_094	dat	dat	conj(subord)	
A_M1_8_094	wijsheit	wijsheid	n(sing)	
A_M1_8_094	dochte	dunken	v(fin,past,aux_cop)	
A_M1_8_095	ende	en	conj(coord)	
A_M1_8_095	edelheit	edelheid	n(sing)	
A_M1_8_095	daer	daar	pronadv(dem)	
A_M1_8_095	omme	om	pronadv(prep)	
A_M1_8_095	green	grijnen	v(fin,past,lex)	
A_M1_8_096	want	want	conj(subord)	
A_M1_8_096	daer	daar	pronadv(dem)	
A_M1_8_096	waesdom	wasdom	n(sing)	
A_M1_8_096	vte	uit	pronadv(prep)	
A_M1_8_096	sceen	schijnen	v(fin,past,aux_cop)	
A_M1_8_097	wanen	wanen	adv(inter)	
A_M1_8_097	dat	dat	conj(subord)	
A_M1_8_097	comen	komen	v(infin)	
A_M1_8_097	mochte	mogen	v(fin,past,aux_cop)	
A_M1_8_098	so	zo	adv(resum)	
A_M1_8_098	es	zijn	v(fin,pres,aux_cop)	
A_M1_8_098	edel	edel	adj()	
A_M1_8_098	herte	hart	n(sing)	
A_M1_8_098	worden	worden	v(participle,past)	
A_M1_8_098	steen	steen	n(sing)	
A_M1_8_099	want	want	conj(subord)	
A_M1_8_099	haer	zij	pron(pers,3,sing)	
A_M1_8_099	ontfaremt	ontfermen	v(fin,pres,lex)	
A_M1_8_099	dinc	ding	n(plu)	
A_M1_8_099	gheen	geen	pron(indef)	
A_M1_8_100	van	van	adp()	
A_M1_8_100	daermen	daar+men	pronadv(rel)+pron(indef)	
A_M1_8_100	ghelt	geld	n(sing)	
A_M1_8_100	vte	uit	adp()	
A_M1_8_100	cnochte	knopen	v(fin,past,lex)	
A_M1_8_101	god	god	n(sing)	
A_M1_8_101	gheue	geven	v(fin,pres,lex)	
A_M1_8_101	hem	hij	pron(pers,3,sing)	
A_M1_8_101	den	de	art(def)	
A_M1_8_101	langhen	lang	adj()	
A_M1_8_101	wen	ween	n(sing)	
A_M1_8_102	die	die	pron(rel)	
A_M1_8_102	te	te	adp()	
A_M1_8_102	cnauwene	knauwen	v(infin)	
A_M1_8_102	gaf	geven	v(fin,past,lex)	
A_M1_8_102	dit	dit	pron(dem)	
A_M1_8_102	been	been	n(sing)	
A_M1_8_103	den	de	art(def)	
A_M1_8_103	edelen	edel	adj()	
A_M1_8_103	ghedochte	gedachte	n(sing)	
A_M1_8_104	want	want	conj(subord)	
A_M1_8_104	hire	hij+er	pron(pers,3,sing)+pronadv(pers)	
A_M1_8_104	mort	moord	n(prop)	
A_M1_8_104	an	aan	pronadv(pers)	
A_M1_8_104	wrochte	werken	v(fin,past,lex)	
A_M1_9_105	vvat	wat	pron(inter)	
A_M1_9_105	sal	zullen	v(fin,pres,aux_cop)	
A_M1_9_105	seghel	zegel	n(sing)	
A_M1_9_105	ende	en	conj(coord)	
A_M1_9_105	was	was	n(sing)	
A_M1_9_106	ende	en	conj(coord)	
A_M1_9_106	brieuen	brief	n(plu)	
A_M1_9_106	die	die	pron(rel)	
A_M1_9_106	ghewaghen	gewagen	v(fin,pres,lex)	
A_M1_9_106	das	dat	pron(dem)	
A_M1_9_107	wat	wat	pron(rel)	
A_M1_9_107	dese	deze	pron(dem)	
A_M1_9_107	heeren	heer	n(plu)	
A_M1_9_107	gheuen	geven	v(infin)	
A_M1_9_108	hets	het+zijn	pron(pers,3,sing)+v(fin,pres,aux_cop)	
A_M1_9_108	al	al	adv(gener)	
A_M1_9_108	niet	niet	adv(neg)	
A_M1_9_108	hes	het+zijn	pron(pers,3,sing)+v(fin,pres,aux_cop)	
A_M1_9_108	een	een	art(indef)	
A_M1_9_108	ghedwas	gedwaas	n(sing)	
A_M1_9_109	alse	als	adv(dem)	
A_M1_9_109	lief	lief	adj()	
A_M1_9_109	hadt	hebben	v(fin,past,aux_cop)	
A_M1_9_109	mi	ik	pron(pers,1,sing)	
A_M1_9_109	een	een	art(indef)	
A_M1_9_109	wilt	wild	adj()	
A_M1_9_109	sas	Saks	n(prop)	
A_M1_9_110	oft	of	conj(coord)	
A_M1_9_110	een	een	art(indef)	
A_M1_9_110	vrese	Fries	n(prop)	
A_M1_9_110	bescreuen	beschrijven	v(participle,past)	
A_M1_9_111	trouwe	trouw	n(sing)	
A_M1_9_111	es	zijn	v(fin,pres,aux_cop)	
A_M1_9_111	broscher	broos	adj()	
A_M1_9_111	dan	dan	conj(comp)	
A_M1_9_111	i	een	art(indef)	
A_M1_9_111	glas	glas	n(sing)	
A_M1_9_112	die	die	pron(rel)	
A_M1_9_112	hier	hier	adv(dem)	
A_M1_9_112	te	te	adp()	
A_M1_9_112	voren	voren	adv(gener)	
A_M1_9_112	so	zo	adv(dem)	
A_M1_9_112	sterc	sterk	adj()	
A_M1_9_112	was	zijn	v(fin,past,aux_cop)	
A_M1_9_113	so	zo	adv(resum)	
A_M1_9_113	es	zijn	v(fin,pres,aux_cop)	
A_M1_9_113	te+broken	tebreken	v(participle,past)	
A_M1_9_113	bleuen	blijven	v(participle,past)	
A_M1_9_114	ic	ik	pron(pers,1,sing)	
A_M1_9_114	wane	wanen	v(fin,pres,lex)	
A_M1_9_114	noyt	nooit	adv(gener)	
A_M1_9_114	dies	de	pron(dem)	
A_M1_9_114	lands + heere	landheer	n(sing)	
A_M1_9_114	genas	genezen	v(fin,past,lex)	
A_M1_9_116	hine	hij+ne	pron(pers,3,sing)+adv(neg)	
A_M1_9_116	moeste	moeten	v(fin,past,aux_cop)	
A_M1_9_116	int	in+het	adp()+art(def)	
A_M1_9_116	hende	eind	n(sing)	
A_M1_9_116	sneuen	sneven	v(infin)	
A_M1_9_117	ende	en	conj(coord)	
A_M1_9_117	sulc	zulk	pron(indef)	
A_M1_9_117	es	zijn	v(fin,pres,aux_cop)	
A_M1_9_117	slands	het+land	art(def)+n(sing)	
A_M1_9_117	verdreuen	verdrijven	v(participle,past)	
A_M1_10_118	martin	martijn	n(prop)	
A_M1_10_118	du	du	pron(pers,2,sing)	
A_M1_10_118	berechts	berechten	v(fin,pres,lex)	
A_M1_10_118	mi	ik	pron(pers,1,sing)	
A_M1_10_118	wel	wel	adv(gener)	
A_M1_10_119	hier+bi	hierbij	pronadv(dem)	
A_M1_10_119	sijn	zijn	v(fin,pres,aux_cop)	
A_M1_10_119	die	de	art(def)	
A_M1_10_119	heeren	heer	n(plu)	
A_M1_10_119	fel	fel	adj()	
A_M1_10_120	ende	en	conj(coord)	
A_M1_10_120	wandel	wandel	adj()	
A_M1_10_120	in	in	adp()	
A_M1_10_120	die	de	art(def)	
A_M1_10_120	tale	taal	n(sing)	
A_M1_10_121	in	ik+ne 	pron(pers,1,sing)+adv(neg)	
A_M1_10_121	weeter	weten+er	v(infin)+pronadv(pers)	
A_M1_10_121	wat	wat	pron(inter)	
A_M1_10_121	toe	toe	adv(gener)	
A_M1_10_121	segghen	zeggen	v(fin,pres,lex)	
A_M1_10_121	el	el	adv(gener)	
A_M1_10_122	die	de	art(def)	
A_M1_10_122	scalc	schalk	n(sing)	
A_M1_10_122	hout	houden	v(fin,pres,lex)	
A_M1_10_122	boesheit	boosheid	n(sing)	
A_M1_10_122	ouer	over	adp()	
A_M1_10_122	spel	spel	n(sing)	
A_M1_10_123	hij	hij	pron(pers,3,sing)	
A_M1_10_123	pijnt	pijnen	v(fin,pres,lex)	
A_M1_10_123	hoe	hoe	adv(inter)	
A_M1_10_123	hi	hij	pron(pers,3,sing)	
A_M1_10_123	die	de	art(def)	
A_M1_10_123	doghet	deugd	n(sing)	
A_M1_10_123	smale	smalen	v(infin)	
A_M1_10_124	caym	ka•n	n(prop)	
A_M1_10_124	slouch	slaan	v(fin,past,lex)	
A_M1_10_124	den	de	art(def)	
A_M1_10_124	edelen	edel	adj()	
A_M1_10_124	abel	abel	n(prop)	
A_M1_10_125	dus	dus	adv(dem)	
A_M1_10_125	souct	zoeken	v(fin,pres,lex)	
A_M1_10_125	die	de	art(def)	
A_M1_10_125	scalc	schalk	n(sing)	
A_M1_10_125	sijns	zijn	pron(poss)	
A_M1_10_125	heeren	heer	n(plu)	
A_M1_10_125	vel	vel	n(sing)	
A_M1_10_126	hoe	hoe	adv(inter)	
A_M1_10_126	hine	hij+hij	pron(pers,3,sing)+pron(pers,3,sing)	
A_M1_10_126	ghetrect	trekken	v(participle,past)	
A_M1_10_126	te	te	adp()	
A_M1_10_126	dale	dal	n(sing)	
A_M1_10_127	god	god	n(sing)	
A_M1_10_127	die	die	pron(rel)	
A_M1_10_127	ons	wij	pron(pers,1,plu)	
A_M1_10_127	noch	nog	adv(gener)	
A_M1_10_127	doemen	doemen	v(infin)	
A_M1_10_127	sel	zullen	v(fin,pres,aux_cop)	
A_M1_10_128	biddic	bidden+ik	v(fin,pres,lex)+pron(pers,1,sing)	
A_M1_10_128	dat	dat	conj(subord)	
A_M1_10_128	hi	hij	pron(pers,3,sing)	
A_M1_10_128	den	de	art(def)	
A_M1_10_128	duuel	duivel	n(sing)	
A_M1_10_129	inden	in+de	adp()+art(def)	
A_M1_10_129	joncsten	jongsten	adv(gener)	
A_M1_10_129	male	maal	n(sing)	
A_M1_10_130	metten	met+de	adp()+art(def)	
A_M1_10_130	scalken	schalk	n(prop)	
A_M1_10_130	betale	betalen	v(fin,pres,lex)	
A_M1_11_131	martin	martijn	n(prop)	
A_M1_11_131	nv	nu	adv(dem)	
A_M1_11_131	berecht	berechten	v(imp)	
A_M1_11_131	mi	ik	pron(pers,1,sing)	
A_M1_11_131	dies	die	pron(dem)	
A_M1_11_132	berecht	berechten	v(fin,pres,lex)	
A_M1_11_132	een	een	art(indef)	
A_M1_11_132	god	god	n(sing)	
A_M1_11_132	die	de	pron(rel)	
A_M1_11_132	noyt	nooit	adv(neg)	
A_M1_11_132	en	ne	adv(neg)	
A_M1_11_132	wies	wassen	v(fin,past,lex)	
A_M1_11_133	alle	al	pron(indef)	
A_M1_11_133	creatueren	creatuur	n(plu)	
A_M1_11_134	twi	twi	adv(inter)	
A_M1_11_134	heuet	hebben	v(fin,pres,lex)	
A_M1_11_134	die	de	art(def)	
A_M1_11_134	quade	kwade	n(sing)	
A_M1_11_134	dan	dan	conj(comp)	
A_M1_11_134	den	de	art(def)	
A_M1_11_134	kies	kies	n(sing)	
A_M1_11_135	entie	en+die	conj(coord)+pron(dem)	
A_M1_11_135	goede	goed	n(sing)	
A_M1_11_135	heeft	hebben	v(fin,pres,aux_cop)	
A_M1_11_135	al	al	num(indef)	
A_M1_11_135	tverlies	dat+verlies	art(def)+n(sing)	
A_M1_11_136	wie	wie	pron(inter)	
A_M1_11_136	saelt	zullen+het	v(fin,pres,aux_cop)+pron(pers,3,sing)	
A_M1_11_136	ouer	over	adp()	
A_M1_11_136	recht	recht	adj()	
A_M1_11_136	curen	keuren	v(infin)	
A_M1_11_137	mijn	mijn	pron(poss)	
A_M1_11_137	sin	zin	n(sing)	
A_M1_11_137	seghet	zeggen	v(fin,pres,lex)	
A_M1_11_137	mi	ik	pron(pers,1,sing)	
A_M1_11_137	als	als	conj(comp)	
A_M1_11_137	eenen	een	art(indef)	
A_M1_11_137	ries	ries	n(sing)	
A_M1_11_138	hi	hij	pron(pers,3,sing)	
A_M1_11_138	die	de	pron(rel)	
A_M1_11_138	adame	adam	n(prop)	
A_M1_11_138	tlijf	het+lijf	art(def)+n(sing)	
A_M1_11_138	in	in	adp()	
A_M1_11_138	blies	blazen	v(fin,past,lex)	
A_M1_11_139	die	de	art(def)	
A_M1_11_139	meester	meester	n(sing)	
A_M1_11_139	der	de	art(def)	
A_M1_11_139	natueren	natuur	n(sing)	
A_M1_11_140	heuet	hebben	v(fin,pres,aux_cop)	
A_M1_11_140	beuolen	bevelen	v(participle,past)	
A_M1_11_140	merc	merken	v(imp)	
A_M1_11_140	ende	en	conj(coord)	
A_M1_11_140	besies	bezien	v(imp)	
A_M1_11_142	der	de	art(def)	
A_M1_11_142	blender	blind	adj()	
A_M1_11_142	auentueren	avontuur	n(sing)	
A_M1_11_143	die	die	art(def)	
A_M1_11_143	verkeert	verkeren	v(fin,pres,lex)	
A_M1_11_143	telker	te+elk	adp()+num(indef)	
A_M1_11_143	vren	uur	n(plu)	
A_M1_12_144	iacop	jacob	n(prop)	
A_M1_12_144	sech	zeggen	v(imp)	
A_M1_12_144	bestu	zijn+du	v(fin,pres,aux_cop)+pron(pers,2,sing)	
A_M1_12_144	verdort	verdoren	v(participle,past)	
A_M1_12_145	dauenture	de+avontuur	art(def)+n(sing)	
A_M1_12_145	es	zijn	v(fin,pres,lex)	
A_M1_12_145	maer	maar	conj(coord)	
A_M1_12_145	een	een	art(indef)	
A_M1_12_145	wort	woord	n(sing)	
A_M1_12_146	van	van	adp()	
A_M1_12_146	gheveinsder	geveinsd	adj()	
A_M1_12_146	spraken	spraak	n(sing)	
A_M1_12_147	brincstu	brengen+du	v(fin,pres,lex)+pron(pers,2,sing)	
A_M1_12_147	ongheloue	ongeloof	n(sing)	
A_M1_12_147	vort	voort	v(prtcl)	
A_M1_12_148	god	god	n(sing)	
A_M1_12_148	siet	zien	v(fin,pres,lex)	
A_M1_12_148	alle	al	pron(indef)	
A_M1_12_148	dinc	ding	n(plu)	
A_M1_12_148	ende	en	conj(coord)	
A_M1_12_148	hort	horen	v(fin,pres,lex)	
A_M1_12_149	wiltu	willen+du	v(fin,pres,aux_cop)+pron(pers,2,sing)	
A_M1_12_149	den	de	art(def)	
A_M1_12_149	duuel	duivel	n(sing)	
A_M1_12_149	maken	maken	v(infin)	
A_M1_12_150	wie	wie	pron(inter)	
A_M1_12_150	heuet	hebben	v(fin,pres,aux_cop)	
A_M1_12_150	dijn	dijn	pron(poss)	
A_M1_12_150	herte	hart	n(sing)	
A_M1_12_150	dus	dus	adv(dem)	
A_M1_12_150	becort	bekoren	v(participle,past)	
A_M1_12_151	dattu	dat+du	conj(subord)+pron(pers,2,sing)	
A_M1_12_151	helts	hellen	v(fin,pres,lex)	
A_M1_12_151	ant	aan+het	adp()+art(def)	
A_M1_12_151	legher	laag	adj()	
A_M1_12_151	bort	boord	n(sing)	
A_M1_12_152	die	de	art(def)	
A_M1_12_152	papen	paap	n(plu)	
A_M1_12_152	sullent	zullen+het	v(fin,pres,aux_cop)+pron(pers,3,sing)	
A_M1_12_152	smaken	smaken	v(infin)	
A_M1_12_153	so	zo	adv(resum)	
A_M1_12_153	werdstu	worden+du	v(fin,pres,aux_cop)+pron(pers,2,sing)	
A_M1_12_153	verbrant	verbranden	v(participle,past)	
A_M1_12_153	ende	en	conj(coord)	
A_M1_12_153	versmort	versmoren	v(participle,past)	
A_M1_12_154	in	ik+ne	pron(pers,1,sing)+adv(neg)	
A_M1_12_154	gaue	geven	v(fin,past,lex)	
A_M1_12_154	om	om	adp()	
A_M1_12_154	dine	dijn	pron(poss)	
A_M1_12_154	ziele	ziel	n(sing)	
A_M1_12_154	niet	niet	adv(neg)	
A_M1_12_154	i	een	num(card)	
A_M1_12_154	ort	oord	n(sing)	
A_M1_12_155	men	men	pron(indef)	
A_M1_12_155	mach	mogen	v(fin,pres,aux_cop)	
A_M1_12_155	met	met	adp()	
A_M1_12_155	dusdanen	dusdaan	pron(dem)	
A_M1_12_155	saken	zaak	n(plu)	
A_M1_12_156	gode	god	n(sing)	
A_M1_12_156	niet	niet	adv(neg)	
A_M1_12_156	ghenaken	genaken	v(infin)	
A_M1_13_157	god	god	n(prop)	
A_M1_13_157	en	ne	adv(neg)	
A_M1_13_157	was	zijn	v(fin,past,aux_cop)	
A_M1_13_157	noyt	nooit	adv(neg)	
A_M1_13_157	moede	moede	adj()	
A_M1_13_157	no	no	conj(coord)	
A_M1_13_157	mat	mat	adj()	
A_M1_13_158	int	in+het	adp()+art(def)	
A_M1_13_158	wout	woud	n(sing)	
A_M1_13_158	en	ne	adv(neg)	
A_M1_13_158	es	zijn	v(fin,pres,aux_cop)	
A_M1_13_158	loef	loof	n(sing)	
A_M1_13_158	no	no	conj(coord)	
A_M1_13_158	blat	blad	n(sing)	
A_M1_13_159	buten	buiten	adp()	
A_M1_13_159	ziere	zijn	pron(poss)	
A_M1_13_159	hoeden	hoede	n(sing)	
A_M1_13_160	al	al	num(indef)	
A_M1_13_160	dat	dat	pron(dem)	
A_M1_13_160	es	zijn	v(fin,pres,aux_cop)	
A_M1_13_160	in	in	adp()	
A_M1_13_160	elke	elk	num(indef)	
A_M1_13_160	stat	stad	n(sing)	
A_M1_13_161	dat	dat	pron(rel)	
A_M1_13_161	behoet	behoeden	v(fin,pres,lex)	
A_M1_13_161	hi	hij	pron(pers,3,sing)	
A_M1_13_161	ende	en	conj(coord)	
A_M1_13_161	besat	bezetten	v(fin,past,lex)	
A_M1_13_162	met	met	adp()	
A_M1_13_162	godliken	goddelijk	adj()	
A_M1_13_162	goede	goed	n(plu)	
A_M1_13_163	al	al	adv(gener)	
A_M1_13_163	ghehinghet	gehengen	v(fin,pres,lex)	
A_M1_13_163	hi	hij	pron(pers,3,sing)	
A_M1_13_163	dan	dan	conj(comp)	
A_M1_13_163	dat	dat	pron(dem)	
A_M1_13_164	dat	dat	conj(subord)	
A_M1_13_164	die	de	art(def)	
A_M1_13_164	quade	kwade	n(sing)	
A_M1_13_164	ghewinnet	gewinnen	v(fin,pres,lex)	
A_M1_13_164	scat	schat	n(sing)	
A_M1_13_165	ende	en	conj(coord)	
A_M1_13_165	menne	men+hij	pron(indef)+pron(pers,3,sing)	
A_M1_13_165	heet	heten	v(fin,pres,aux_cop)	
A_M1_13_165	den	de	art(def)	
A_M1_13_165	vroeden	vroed	adj()	
A_M1_13_166	so	zo	adv(gener)	
A_M1_13_166	hi	hij	pron(pers,3,sing)	
A_M1_13_166	hoghere	hoog	adj()	
A_M1_13_166	sit	zitten	v(fin,pres,lex)	
A_M1_13_166	vpt	op+het	adp()+art(def)	
A_M1_13_166	rat	rad	n(sing)	
A_M1_13_167	so	zo	adv(dem)	
A_M1_13_167	hogher	hoog	adj()	
A_M1_13_167	val	val	n(sing)	
A_M1_13_167	so	zo	adv(dem)	
A_M1_13_167	meerre	meer	adv(gener)	
A_M1_13_167	plat	plat	n(sing)	
A_M1_13_168	inder	in+de	adp()+art(def)	
A_M1_13_168	helscher	hels	adj()	
A_M1_13_168	gloeden	gloed	n(sing)	
A_M1_13_169	onder	onder	adp()	
A_M1_13_169	der	de	art(def)	
A_M1_13_169	duuele	duivel	n(sing)	
A_M1_13_169	roeden	roede	n(sing)	
A_M1_14_170	die	de	art(def)	
A_M1_14_170	rechtste	recht	adj()	
A_M1_14_170	wech	weg	n(sing)	
A_M1_14_170	ter	te+de	adp()+art(def)	
A_M1_14_170	hellen	hel	n(sing)	
A_M1_14_170	waert	waart	adv(gener)	
A_M1_14_171	entie	en+die	conj(coord)+pron(dem)	
A_M1_14_171	alre	al	adj()	
A_M1_14_171	cortste	kortst	adj()	
A_M1_14_171	vaert	vaart	n(sing)	
A_M1_14_172	dats	dat+zijn	pron(dem)+v(fin,pres,aux_cop)	
A_M1_14_172	gheluc	geluk	n(sing)	
A_M1_14_172	in	in	adp()	
A_M1_14_172	sonden	zonde	n(plu)	
A_M1_14_173	als	als	conj(subord)	
A_M1_14_173	men	men	pron(indef)	
A_M1_14_173	gheen	geen	num(indef)	
A_M1_14_173	mesdoen	misdoen	v(infin)	
A_M1_14_173	ne	ne	adv(neg)	
A_M1_14_173	spaert	sparen	v(fin,pres,lex)	
A_M1_14_174	ende	en	conj(coord)	
A_M1_14_174	men	men	pron(indef)	
A_M1_14_174	emmer	immer	adv(gener)	
A_M1_14_174	vort	voorts	adv(gener)	
A_M1_14_174	bezwaert	bezwaren	v(fin,pres,lex)	
A_M1_14_175	die	de	art(def)	
A_M1_14_175	zielen	ziel	n(plu)	
A_M1_14_175	ghebonden	binden	v(participle,past)	
A_M1_14_176	ende	en	conj(coord)	
A_M1_14_176	dan	dan	adv(dem)	
A_M1_14_176	ghesciet	geschieden	v(participle,past)	
A_M1_14_176	als	als	conj(subord)	
A_M1_14_176	hem	hij	pron(pers,3,sing)	
A_M1_14_176	begaert	begeren	v(fin,pres,lex)	
A_M1_14_177	ende	en	conj(coord)	
A_M1_14_177	men	men	pron(indef)	
A_M1_14_177	en	ne	adv(neg)	
A_M1_14_177	rouct	roeken	v(fin,pres,lex)	
A_M1_14_177	wiere	wij+er	pron(pers,1,plu)+pronadv(pers)	
A_M1_14_177	mesbaert	misbaren	v(fin,pres,lex)	
A_M1_14_178	nu	nu	adv(dem)	
A_M1_14_178	noch	nog	adv(gener)	
A_M1_14_178	te	te	adp()	
A_M1_14_178	gheenen	geen	num(indef)	
A_M1_14_178	stonden	stond	n(plu)	
A_M1_14_179	so	zo	adv(resum)	
A_M1_14_179	comt	komen	v(fin,pres,lex)	
A_M1_14_179	die	de	art(def)	
A_M1_14_179	doet	dood	n(sing)	
A_M1_14_179	diet	die+het	pron(rel)+pron(pers,3,sing)	
A_M1_14_179	al	al	adv(gener)	
A_M1_14_179	vertaert	verteren	v(fin,pres,lex)	
A_M1_14_180	onversien	onverzien	adv(gener)	
A_M1_14_180	want	want	conj(subord)	
A_M1_14_180	hets	het+zijn	pron(pers,3,sing)+v(fin,pres,aux_cop)	
A_M1_14_180	haer	haar	pron(poss)	
A_M1_14_180	aert	aard	n(sing)	
A_M1_14_181	panden	panden	v(infin)	
A_M1_14_181	van	van	adp()	
A_M1_14_181	haren	haar	pron(poss)	
A_M1_14_181	ponden	pond	n(plu)	
A_M1_14_182	die	die	pron(rel)	
A_M1_14_182	niemene	niemand 	pron(indef)	
A_M1_14_182	can	kunnen	v(fin,pres,aux_cop)	
A_M1_14_182	ghegronden	gegronden	v(infin)	
A_M1_15_183	iacop	jacob	n(prop)	
A_M1_15_183	du	du	pron(pers,2,sing)	
A_M1_15_183	heues	hebben	v(fin,pres,aux_cop)	
A_M1_15_183	mi	ik	pron(pers,1,sing)	
A_M1_15_183	bekeert	bekeren	v(participle,past)	
A_M1_15_184	ende	en	conj(coord)	
A_M1_15_184	ghewijst	wijzen	v(participle,past)	
A_M1_15_184	ende	en	conj(coord)	
A_M1_15_184	gheleert	leren	v(participle,past)	
A_M1_15_185	van	van	adp()	
A_M1_15_185	dies	die	pron(rel)	
A_M1_15_185	ic	ik	pron(pers,1,sing)	
A_M1_15_185	niet	niet	adv(neg)	
A_M1_15_185	en	ne	adv(neg)	
A_M1_15_185	wiste	weten	v(fin,past,lex)	
A_M1_15_186	al	al	conj(subord)	
A_M1_15_186	sie	zien	v(fin,pres,lex)	
A_M1_15_186	ic	ik	pron(pers,1,sing)	
A_M1_15_186	meer	meer	num(indef)	
A_M1_15_186	den	de	art(def)	
A_M1_15_186	quaden	kwade	n(plu)	
A_M1_15_186	gheheert	eren	v(participle,past)	
A_M1_15_187	mijn	mijn	pron(poss)	
A_M1_15_187	herte	hart	n(sing)	
A_M1_15_187	en	ne	adv(neg)	
A_M1_15_187	werdes	worden	v(fin,past,aux_cop)	
A_M1_15_187	niet	niet	adv(neg)	
A_M1_15_187	verseert	verzeren	v(participle,past)	
A_M1_15_188	noch	noch	conj(coord)	
A_M1_15_188	in	in	adp()	
A_M1_15_188	gheenen	geen	pron(indef)	
A_M1_15_188	twiste	twist	n(sing)	
A_M1_15_189	al	al	conj(subord)	
A_M1_15_189	heuet	hebben	v(fin,pres,lex)	
A_M1_15_189	hi	hij	pron(pers,3,sing)	
A_M1_15_189	meer	meer	adv(gener)	
A_M1_15_189	dan	dan	conj(comp)	
A_M1_15_189	hi	hij	pron(pers,3,sing)	
A_M1_15_189	vertert	verteren	v(fin,pres,lex)	
A_M1_15_190	ende	en	conj(coord)	
A_M1_15_190	hi	hij	pron(pers,3,sing)	
A_M1_15_190	wint	winnen	v(fin,pres,lex)	
A_M1_15_190	dat	dat	conj(subord)	
A_M1_15_190	hi	hij	pron(pers,3,sing)	
A_M1_15_190	begaert	begeren	v(fin,pres,lex)	
A_M1_15_191	met	met	adp()	
A_M1_15_191	scalcheit	schalkheid	n(sing)	
A_M1_15_191	ende	en	conj(coord)	
A_M1_15_191	met	met	adp()	
A_M1_15_191	liste	list	n(sing)	
A_M1_15_192	ghinder	ginder	adv(dem)	
A_M1_15_192	wert	worden	v(fin,pres,aux_cop)	
A_M1_15_192	hi	hij	pron(pers,3,sing)	
A_M1_15_192	ghedestruweert	destrueren	v(participle,past)	
A_M1_15_193	ende	en	conj(coord)	
A_M1_15_193	ghebonden	binden	v(participle,past)	
A_M1_15_193	ende	en	conj(coord)	
A_M1_15_193	ghemeert	meren	v(participle,past)	
A_M1_15_194	sine	zijn	pron(poss)	
A_M1_15_194	kindere	kind	n(plu)	
A_M1_15_194	gaen	gaan	v(infin)	
A_M1_15_194	te	te	adp()	
A_M1_15_194	quiste	kwist	n(sing)	
A_M1_15_195	ghelijc	gelijk	adv(gener)	
A_M1_15_195	eenen	een	art(indef)	
A_M1_15_195	miste	mist	n(sing)	
A_M1_16_196	martin	martijn	n(prop)	
A_M1_16_196	waerstu	zijn+du	v(fin,past,aux_cop)+pron(pers,2,sing)	
A_M1_16_196	niet	niet	adv(neg)	
A_M1_16_196	so	zo	adv(resum)	
A_M1_16_196	vreet	vreed	adj()	
A_M1_16_197	eene	een	art(indef)	
A_M1_16_197	dinc	ding	n(sing)	
A_M1_16_197	die	die	pron(rel)	
A_M1_16_197	ic	ik	pron(pers,1,sing)	
A_M1_16_197	niet	niet	adv(neg)	
A_M1_16_197	en	ne	adv(neg)	
A_M1_16_197	weet	weten	v(fin,pres,lex)	
A_M1_16_198	soudic	zullen+ik	v(fin,past,aux_cop)+pron(pers,1,sing)	
A_M1_16_198	hu	gij	pron(pers,2,plu)	
A_M1_16_198	gherne	gaarne	adv(gener)	
A_M1_16_198	vraghen	vragen	v(infin)	
A_M1_16_199	twi	twi	adv(inter)	
A_M1_16_199	sijn	zijn	v(fin,pres,aux_cop)	
A_M1_16_199	die	de	art(def)	
A_M1_16_199	sonden	zonde	n(plu)	
A_M1_16_199	gode	god	n(sing)	
A_M1_16_199	so	zo	adv(dem)	
A_M1_16_199	leet	leden	v(fin,past,lex)	
A_M1_16_200	dat	dat	conj(subord)	
A_M1_16_200	hi	hij	pron(pers,3,sing)	
A_M1_16_200	den	de	art(def)	
A_M1_16_200	sondare	zondaar	n(sing)	
A_M1_16_200	es	zijn	v(fin,pres,aux_cop)	
A_M1_16_200	so	zo	adv(resum)	
A_M1_16_200	heet	heet	adj()	
A_M1_16_201	in	in	adp()	
A_M1_16_201	wraken	wraak	n(plu)	
A_M1_16_201	ende	en	conj(coord)	
A_M1_16_201	in	in	adp()	
A_M1_16_201	plaghen	plaag	n(plu)	
A_M1_16_202	want	want	conj(subord)	
A_M1_16_202	gheen	geen	pron(indef)	
A_M1_16_202	sondare	zondaar	n(sing)	
A_M1_16_202	langher	lang	adv(gener)	
A_M1_16_202	steet	staan	v(fin,pres,lex)	
A_M1_16_203	in	in	adp()	
A_M1_16_203	sonden	zonde	n(plu)	
A_M1_16_203	dan	dan	conj(comp)	
A_M1_16_203	sijn	zijn	pron(poss)	
A_M1_16_203	lijf	lijf	n(sing)	
A_M1_16_203	es	zijn	v(fin,pres,aux_cop)	
A_M1_16_203	breet	breed	adj()	
A_M1_16_204	twi	twi	adv(inter)	
A_M1_16_204	torment	tormenten	v(fin,pres,lex)	
A_M1_16_204	hine	hij+hij	pron(pers,3,sing)+pron(pers,3,sing)	
A_M1_16_204	met	met	adp()	
A_M1_16_204	slaghen	slag	n(plu)	
A_M1_16_205	eewelike	eeuwelijk	adv(gener)	
A_M1_16_205	sonder	zonder	adp()	
A_M1_16_205	versceet	verscheid	n(sing)	
A_M1_16_206	dit	dit	pron(dem)	
A_M1_16_206	en	en	adv(neg)	
A_M1_16_206	scijnt	schijnen	v(fin,pres,aux_cop)	
A_M1_16_206	te	te	adp()	
A_M1_16_206	pointe	punt	n(sing)	
A_M1_16_206	niet	niet	adv(neg)	
A_M1_16_206	gheleet	leiden	v(participle,past)	
A_M1_16_207	tordeel	het+oordeel	art(def)+n(sing)	
A_M1_16_207	dorstics	durven+ik+dat	v(fin,pres,lex)+pron(pers,1,sing)+pron(dem)	
A_M1_16_207	ghewaghen	gewagen	v(infin)	
A_M1_16_208	al	al	conj(subord)	
A_M1_16_208	weten	weten	v(fin,pres,lex)	
A_M1_16_208	wijs	wij+het	pron(pers,1,plu)+pron(pers,3,sing)	
A_M1_16_208	wien	wie	pron(inter)	
A_M1_16_208	claghen	klagen	v(infin)	
A_M1_17_209	iacop	jacob	n(prop)	
A_M1_17_209	god	god	n(sing)	
A_M1_17_209	die	die	pron(rel)	
A_M1_17_209	herten	hart	n(plu)	
A_M1_17_209	kent	kennen	v(fin,pres,lex)	
A_M1_17_210	sent	zenden	v(fin,pres,lex)	
A_M1_17_210	den	de	art(def)	
A_M1_17_210	sondare	zondaar	n(sing)	
A_M1_17_210	recht	recht	adj()	
A_M1_17_210	torment	torment	n(sing)	
A_M1_17_211	nader	na+de	adp()+art(def)	
A_M1_17_211	herten	hart	n(sing)	
A_M1_17_211	ghedochte	gedachte	n(sing)	
A_M1_17_212	omme + dat	omdat	conj(subord)	
A_M1_17_212	hi	hij	pron(pers,3,sing)	
A_M1_17_212	wilde	willen	v(fin,past,lex)	
A_M1_17_212	als	als	conj(comp)	
A_M1_17_212	i	een	art(indef)	
A_M1_17_212	rent	rund	n(sing)	
A_M1_17_213	altoes	altoos	adv(gener)	
A_M1_17_213	leuen	leven	v(infin)	
A_M1_17_213	ende	en	conj(coord)	
A_M1_17_213	onghehent	onge‘ind	adv(gener)	
A_M1_17_214	vp+dat	opdat	conj(subord)	
A_M1_17_214	wesen	wezen	v(infin)	
A_M1_17_214	mochte	mogen	v(fin,past,aux_cop)	
A_M1_17_215	so	zo	adv(resum)	
A_M1_17_215	es	zijn	v(fin,pres,aux_cop)	
A_M1_17_215	hi	hij	pron(pers,3,sing)	
A_M1_17_215	ter	te+de	adp()+art(def)	
A_M1_17_215	hellen	hel	n(sing)	
A_M1_17_215	ghesent	zenden	v(participle,past)	
A_M1_17_216	daer	daar	adv(rel)	
A_M1_17_216	hi	hij	pron(pers,3,sing)	
A_M1_17_216	eewelijc	eeuwelijk	adv(gener)	
A_M1_17_216	es	zijn	v(fin,pres,aux_cop)	
A_M1_17_216	ghescent	schenden	v(participle,past)	
A_M1_17_217	want	want	conj(subord)	
A_M1_17_217	sijn	zijn	pron(poss)	
A_M1_17_217	wille	wil	n(sing)	
A_M1_17_217	dat	dat	pron(dem)	
A_M1_17_217	wrochte	werken	v(fin,past,lex)	
A_M1_17_218	besie	bezien	v(imp)	
A_M1_17_218	dine	dijn	pron(poss)	
A_M1_17_218	herte	hart	n(sing)	
A_M1_17_218	al	al	adv(gener)	
A_M1_17_218	omtrent	omtrent	adv(gener)	
A_M1_17_219	dincti	dunken+gij	v(fin,pres,aux_cop)+pron(pers,2,plu)	
A_M1_17_219	dese	deze	pron(dem)	
A_M1_17_219	redene	reden	n(sing)	
A_M1_17_219	blent	blind	adj()	
A_M1_17_220	die	die	pron(rel)	
A_M1_17_220	ic	ik	pron(pers,1,sing)	
A_M1_17_220	hier	hier	pronadv(dem)	
A_M1_17_220	toe+brochte	toebrengen	v(fin,past,lex)	
A_M1_17_221	neent	neen+het	adv(neg)+pron(pers,3,sing)	
A_M1_17_221	diet	die+het	pron(rel)+pron(pers,3,sing)	
A_M1_17_221	wel	wel	adv(gener)	
A_M1_17_221	besochte	bezoeken	v(fin,past,lex)	
A_M1_18_222	martin	martijn	n(prop)	
A_M1_18_222	du	du	pron(pers,2,sing)	
A_M1_18_222	seghes	zeggen	v(fin,pres,lex)	
A_M1_18_222	wel	wel	adv(gener)	
A_M1_18_222	ende	en	conj(coord)	
A_M1_18_222	waer	waar	n(sing)	
A_M1_18_223	ende	en	conj(coord)	
A_M1_18_223	dine	dijn	pron(poss)	
A_M1_18_223	redene	reden	n(sing)	
A_M1_18_223	die	die	pron(rel)	
A_M1_18_223	es	zijn	v(fin,pres,aux_cop)	
A_M1_18_223	claer	klaar	adj()	
A_M1_18_224	ende	en	conj(coord)	
A_M1_18_224	licht	licht	adv(gener)	
A_M1_18_224	te	te	adp()	
A_M1_18_224	verstane	verstaan	v(infin)	
A_M1_18_225	al	al	num(indef)	
A_M1_18_225	ghepeins	gepeins	n(sing)	
A_M1_18_225	es	zijn	v(fin,pres,aux_cop)	
A_M1_18_225	openbaer	openbaar	adj()	
A_M1_18_226	vor	voor	adp()	
A_M1_18_226	hem	hij	pron(pers,3,sing)	
A_M1_18_226	die	die	pron(dem)	
A_M1_18_226	tellet	tellen	v(fin,pres,lex)	
A_M1_18_226	alle	al	pron(indef)	
A_M1_18_226	haer	haar	n(sing)	
A_M1_18_227	ende	en	conj(coord)	
A_M1_18_227	wat	wat	pron(rel)	
A_M1_18_227	die	de	art(def)	
A_M1_18_227	hemel	hemel	n(sing)	
A_M1_18_227	heeft	hebben	v(fin,pres,lex)	
A_M1_18_227	ane	aan	adp()	
A_M1_18_228	ia	ja	interj()	
A_M1_18_228	louere	loof	n(plu)	
A_M1_18_228	gras	gras	n(sing)	
A_M1_18_228	dach	dag	n(sing)	
A_M1_18_228	ende	en	conj(coord)	
A_M1_18_228	jaer	jaar	n(sing)	
A_M1_18_229	dropele	druppel	n(plu)	
A_M1_18_229	zants	zand	n(plu)	
A_M1_18_229	es	zijn	v(fin,pres,aux_cop)	
A_M1_18_229	hem	hij	pron(pers,3,sing)	
A_M1_18_229	niet	niet	adv(neg)	
A_M1_18_229	zwaer	zwaar	adj()	
A_M1_18_230	in	in	adp()	
A_M1_18_230	telne	te+tellen	adp()+v(infin)	
A_M1_18_230	te	te	adp()	
A_M1_18_230	beuane	bevangen	v(infin)	
A_M1_18_231	hi	hij	pron(pers,3,sing)	
A_M1_18_231	heuet	hebben	v(fin,pres,lex)	
A_M1_18_231	ypocricie	hypocrisie	n(sing)	
A_M1_18_231	ommaer	onmaar	adj()	
A_M1_18_232	ende	en	conj(coord)	
A_M1_18_232	leghet	liggen	v(fin,pres,lex)	
A_M1_18_232	hem	hij	pron(pers,3,sing)	
A_M1_18_232	met	met	adp()	
A_M1_18_232	wraken	wraak	n(sing)	
A_M1_18_232	naer	naar	adp()	
A_M1_18_233	die	die	pron(rel)	
A_M1_18_233	in	in	adp()	
A_M1_18_233	hare	haar	pron(poss)	
A_M1_18_233	bane	baan	n(sing)	
A_M1_18_234	pleghen	plegen	v(fin,pres,lex)	
A_M1_18_234	omme	om	adp()	
A_M1_18_234	te	te	adp()	
A_M1_18_234	gane	gaan	v(infin)	
A_M1_19_235	soete	zoet	adj()	
A_M1_19_235	martin	martijn	n(prop)	
A_M1_19_235	men	men	pron(indef)	
A_M1_19_235	leset	lezen	v(fin,pres,lex)	
A_M1_19_235	dat	dat	conj(subord)	
A_M1_19_236	al	al	conj(subord)	
A_M1_19_236	gauic	geven+ik	v(fin,past,lex)+pron(pers,1,sing)	
A_M1_19_236	wech	weg	n(sing)	
A_M1_19_236	lijf	lijf	n(sing)	
A_M1_19_236	ende	en	conj(coord)	
A_M1_19_236	scat	schat	n(sing)	
A_M1_19_237	ende	en	conj(coord)	
A_M1_19_237	ghedoghede	gedogen	v(fin,past,lex)	
A_M1_19_237	grote	groot	adj()	
A_M1_19_237	coude	koude	n(sing)	
A_M1_19_238	ware	zijn	v(fin,past,lex)	
A_M1_19_238	ic	ik	pron(pers,1,sing)	
A_M1_19_238	in	in	adp()	
A_M1_19_238	hooft+sonden	hoofdzonde	n(plu)	
A_M1_19_238	mat	mat	adj()	
A_M1_19_239	het	het	pron(pers,3,sing)	
A_M1_19_239	en	ne	adv(neg)	
A_M1_19_239	diedde	duiden	v(fin,past,lex)	
A_M1_19_239	mi	ik	pron(pers,1,sing)	
A_M1_19_239	niet	niet	adv(neg)	
A_M1_19_239	een	een	art(indef)	
A_M1_19_239	blat	blad	n(sing)	
A_M1_19_240	die	de	art(def)	
A_M1_19_240	nieuwe	nieuw	adj()	
A_M1_19_240	wet	wet	n(sing)	
A_M1_19_240	spreect	spreken	v(fin,pres,lex)	
A_M1_19_240	ende	en	conj(coord)	
A_M1_19_240	toude	het+oud	art(def)+adj()	
A_M1_19_241	die	die	pron(rel)	
A_M1_19_241	ons	wij	pron(pers,1,plu)	
A_M1_19_241	dus	dus	adv(dem)	
A_M1_19_241	nauwe	nauw	adv(gener)	
A_M1_19_241	maken	maken	v(fin,pres,lex)	
A_M1_19_241	den	de	art(def)	
A_M1_19_241	pat	pad	n(sing)	
A_M1_19_242	te	te	adp()	
A_M1_19_242	hemele+waert	hemelwaarts	adj()	
A_M1_19_242	ende	en	conj(coord)	
A_M1_19_242	so	zo	adv(resum)	
A_M1_19_242	glat	glad	adj()	
A_M1_19_243	ic	ik	pron(pers,1,sing)	
A_M1_19_243	wilde	willen	v(fin,past,aux_cop)	
A_M1_19_243	god	god	n(sing)	
A_M1_19_243	selue	zelf	pron(dem)	
A_M1_19_243	woude	willen	v(fin,past,aux_cop)	
A_M1_19_244	dat	dat	conj(subord)	
A_M1_19_244	si	zij	pron(pers,3,plu)	
A_M1_19_244	portiers	portier	n(plu)	
A_M1_19_244	waren	zijn	v(fin,past,aux_cop)	
A_M1_19_244	ghesat	zetten	v(participle,past)	
A_M1_19_245	ter	te+de	adp()+art(def)	
A_M1_19_245	hellen	hel	n(sing)	
A_M1_19_245	si	zij	pron(pers,3,plu)	
A_M1_19_245	souden	zullen	v(fin,past,aux_cop)	
A_M1_19_245	tgat	het+gat	art(def)+n(sing)	
A_M1_19_246	so	zo	adv(resum)	
A_M1_19_246	houden	houden	v(infin)	
A_M1_19_246	met	met	adp()	
A_M1_19_246	ghewoude	gewoud	n(sing)	
A_M1_19_247	dattre	dat+er	pron(rel)+pronadv(pers)	
A_M1_19_247	cume	kuim	adv(gener)	
A_M1_19_247	iemene	iemand	pron(indef)	
A_M1_19_247	in	in	pronadv(pers)	
A_M1_19_247	soude	zullen	v(fin,past,aux_cop)	
A_M1_20_248	iacop	jacob	n(prop)	
A_M1_20_248	menech	menig	num(indef)	
A_M1_20_248	prouft	proeven	v(fin,pres,lex)	
A_M1_20_248	ende	en	conj(coord)	
A_M1_20_248	coort	keuren	v(fin,pres,lex)	
A_M1_20_249	der	de	art(def)	
A_M1_20_249	helegher	heilig	adj()	
A_M1_20_249	scrifturen	schriftuur	n(sing)	
A_M1_20_249	wort	woord	n(sing)	
A_M1_20_250	ende	en	conj(coord)	
A_M1_20_250	waense	wanen+zij	v(fin,past,aux_cop)+pron(pers,3,sing)	
A_M1_20_250	wel	wel	adv(gener)	
A_M1_20_250	ghegronden	gegronden	v(infin)	
A_M1_20_251	so	zo	adv(resum)	
A_M1_20_251	clapt	klappen	v(fin,past,lex)	
A_M1_20_251	hijt	hij+het	pron(pers,3,sing)+pron(pers,3,sing)	
A_M1_20_251	leeken	leek	adj()	
A_M1_20_251	lieden	lieden	n(plu)	
A_M1_20_251	vort	voort	adv(gener)	
A_M1_20_252	die	die	pron(rel)	
A_M1_20_252	gherne	gaarne	adv(gener)	
A_M1_20_252	nieuwe	nieuw	adj()	
A_M1_20_252	dinghen	ding	n(plu)	
A_M1_20_252	hort	horen	v(fin,pres,aux_cop)	
A_M1_20_253	wat	wat	pron(rel)	
A_M1_20_253	hi	hij	pron(pers,3,sing)	
A_M1_20_253	heuet	hebben	v(fin,pres,aux_cop)	
A_M1_20_253	vonden	vinden	v(participle,past)	
A_M1_20_254	selue	zelf	pron(dem)	
A_M1_20_254	verstaet	verstaan	v(fin,pres,lex)	
A_M1_20_254	hijs	hij+het	pron(pers,3,sing)+pron(dem)	
A_M1_20_254	niet	niet	adv(neg)	
A_M1_20_254	een	een	art(indef)	
A_M1_20_254	ort	oord	n(sing)	
A_M1_20_255	dits	dit+zijn	pron(dem)+v(fin,pres,aux_cop)	
A_M1_20_255	meerre	meer	adj()	
A_M1_20_255	mesdaet	misdaad	n(sing)	
A_M1_20_255	dan	dan	conj(comp)	
A_M1_20_255	mort	moord	n(sing)	
A_M1_20_256	dat	dat	conj(subord)	
A_M1_20_256	si	zij	pron(pers,3,plu)	
A_M1_20_256	gods	god	n(sing)	
A_M1_20_256	wort	woord	n(sing)	
A_M1_20_256	dus	dus	adv(dem)	
A_M1_20_256	wonden	wonden	v(fin,past,lex)	
A_M1_20_257	hier	hier	adv(dem)	
A_M1_20_257	naeyen	naaien	v(fin,pres,lex)	
A_M1_20_257	sijt	zij+het	pron(pers,3,sing)+pron(pers,3,sing)	
A_M1_20_257	hier	hier	adv(dem)	
A_M1_20_257	eyst	zijn+het	v(fin,pres,aux_cop)+pron(pers,3,sing)	
A_M1_20_257	ghescort	scheuren	v(participle,past)	
A_M1_20_258	hier	hier	adv(dem)	
A_M1_20_258	breect	breken	v(fin,pres,lex)	
A_M1_20_258	een	een	art(indef)	
A_M1_20_258	naghel	nagel	n(sing)	
A_M1_20_258	hier	hier	pronadv(dem)	
A_M1_20_258	i	een	art(indef)	
A_M1_20_258	bort	bord	n(sing)	
A_M1_20_259	wapene	wapen	interj()	
A_M1_20_259	vanden	van+de	adp()+art(def)	
A_M1_20_259	honden	hond	n(plu)	
A_M1_20_260	nu	nu	adv(dem)	
A_M1_20_260	ende	en	conj(coord)	
A_M1_20_260	tallen	te+al	adp()+pron(indef)	
A_M1_20_260	stonden	stond	n(plu)	
A_M1_21_261	vvanen	wanen	v(fin,pres,lex)	
A_M1_21_261	si	zij	pron(pers,3,plu)	
A_M1_21_261	die	de	art(def)	
A_M1_21_261	wort	woord	n(plu)	
A_M1_21_261	ghegronden	gegronden	v(infin)	
A_M1_21_261	saen	zaan	adv(gener)	
A_M1_21_262	daer	daar	pronadv(rel)	
A_M1_21_262	die	de	art(def)	
A_M1_21_262	wortele	wortel	n(plu)	
A_M1_21_262	ane	aan	pronadv(rel)	
A_M1_21_262	staen	staan	v(fin,pres,lex)	
A_M1_21_263	gheplant	planten	v(participle,past)	
A_M1_21_263	in	in	adp()	
A_M1_21_263	hemelrike	hemelrijk	n(sing)	
A_M1_21_264	si	zij	pron(pers,3,plu)	
A_M1_21_264	iaghen	jagen	v(fin,pres,lex)	
A_M1_21_264	vele	veel	adv(gener)	
A_M1_21_264	ende	en	conj(coord)	
A_M1_21_264	cleene	klein	adv(gener)	
A_M1_21_264	si	zij	pron(pers,3,plu)	
A_M1_21_264	vaen	vangen	v(fin,pres,lex)	
A_M1_21_265	so	zo	adv(resum)	
A_M1_21_265	willen	willen	v(fin,pres,aux_cop)	
A_M1_21_265	si	zij	pron(pers,3,plu)	
A_M1_21_265	tsamen	tezamen	adv(gener)	
A_M1_21_265	slaen	slaan	v(infin)	
A_M1_21_266	ghelike	gelijke	n(sing)	
A_M1_21_266	ende	en	conj(coord)	
A_M1_21_266	onghelike	ongelijke	n(sing)	
A_M1_21_267	dies	dies	adv(gener)	
A_M1_21_267	latic	laten+ik	v(fin,pres,lex)+pron(pers,1,sing)	
A_M1_21_267	mijn	mijn	pron(poss)	
A_M1_21_267	vraghen	vragen	n(plu)	
A_M1_21_267	gaen	gaan	v(infin)	
A_M1_21_268	want	want	conj(coord)	
A_M1_21_268	het	het	pron(pers,3,sing)	
A_M1_21_268	dinct	dunken	v(fin,pres,aux_cop)	
A_M1_21_268	mi	ik	pron(pers,1,sing)	
A_M1_21_268	best	best	adv(gener)	
A_M1_21_268	ghedaen	doen	v(participle,past)	
A_M1_21_269	dat	dat	conj(subord)	
A_M1_21_269	ic	ik	pron(pers,1,sing)	
A_M1_21_269	hier	hier	pronadv(dem)	
A_M1_21_269	af	af	pronadv(prep)	
A_M1_21_269	wike	wijken	v(fin,pres,lex)	
A_M1_21_270	dan	dan	conj(comp)	
A_M1_21_270	ic	ik	pron(pers,1,sing)	
A_M1_21_270	viel	vallen	v(fin,past,lex)	
A_M1_21_270	in	in	adp()	
A_M1_21_270	dommen	dom	adj()	
A_M1_21_270	waen	waan	n(sing)	
A_M1_21_271	ende	en	conj(coord)	
A_M1_21_271	nutter	nut	adj()	
A_M1_21_271	eist	zijn+het	v(fin,pres,aux_cop)+pron(pers,3,sing)	
A_M1_21_271	dat	dat	conj(subord)	
A_M1_21_271	hi	hij	pron(pers,3,sing)	
A_M1_21_271	vliet	vlieden	v(fin,pres,lex)	
A_M1_21_271	de	de	art(def)	
A_M1_21_271	naen	naan	n(sing)	
A_M1_21_272	dan	dan	conj(comp)	
A_M1_21_272	hi	hij	pron(pers,3,sing)	
A_M1_21_272	te	te	adp()	
A_M1_21_272	campe	kamp	n(sing)	
A_M1_21_272	strike	strijken	v(fin,past,lex)	
A_M1_21_273	ieghen	jegen	adp()	
A_M1_21_273	den	de	art(def)	
A_M1_21_273	kempe	kempe	n(sing)	
A_M1_21_273	eerlike	eerlijk	adj()	
A_M1_22_274	of	of	conj(coord)	
A_M1_22_274	god	god	n(sing)	
A_M1_22_274	ten	te+de	adp()+art(def)	
A_M1_22_274	joncsten	jongsten	adv(gener)	
A_M1_22_274	daghe	dag	n(sing)	
A_M1_22_274	sal	zullen	v(fin,pres,aux_cop)	
A_M1_22_275	ghepeins	gepeins	n(sing)	
A_M1_22_275	ende	en	conj(coord)	
A_M1_22_275	wort	woord	n(sing)	
A_M1_22_275	berechten	berechten	v(infin)	
A_M1_22_275	al	al	num(indef)	
A_M1_22_276	daer	daar	pronadv(rel)	
A_M1_22_276	wi	wij	pron(pers,1,plu)	
A_M1_22_276	in	in	adp()	
A_M1_22_276	oint	ooit	adv(indef)	
A_M1_22_276	mesdaden	misdoen	v(fin,past,lex)	
A_M1_22_277	soudi	zullen+hij	v(fin,past,aux_cop)+pron(pers,3,sing)	
A_M1_22_277	alse	als	conj(comp)	
A_M1_22_277	eenen	een	art(indef)	
A_M1_22_277	onwerden	onwaard	adj()	
A_M1_22_277	bal	bal	n(sing)	
A_M1_22_278	weldaet	weldaad	n(sing)	
A_M1_22_278	werpen	werpen	v(fin,pres,lex)	
A_M1_22_278	int	in+dat	adp()+art(def)	
A_M1_22_278	helsche	hels	adj()	
A_M1_22_278	dal	dal	n(sing)	
A_M1_22_279	so	zo	adv(resum)	
A_M1_22_279	ware	zijn	v(fin,past,aux_cop)	
A_M1_22_279	hi	hij	pron(pers,3,sing)	
A_M1_22_279	sonder	zonder	adp()	
A_M1_22_279	ghenaden	genade	n(sing)	
A_M1_22_280	neen	neen	interj()	
A_M1_22_280	hi	hij	pron(pers,3,sing)	
A_M1_22_280	en	ne	adv(neg)	
A_M1_22_280	es	zijn	v(fin,pres,aux_cop)	
A_M1_22_280	niet	niet	adv(neg)	
A_M1_22_280	so	zo	adv(dem)	
A_M1_22_280	smal	smal	adj()	
A_M1_22_281	van	van	adp()	
A_M1_22_281	wel+daden	weldaad	n(plu)	
A_M1_22_281	dat	dat	art(def)	
A_M1_22_281	ghetal	getal	n(sing)	
A_M1_22_282	hen	zij	pron(pers,3,plu)	
A_M1_22_282	wert	worden	v(fin,past,lex)	
A_M1_22_282	van	van	adp()	
A_M1_22_282	grade	graad	n(sing)	
A_M1_22_282	te	te	adp()	
A_M1_22_282	graden	graad	n(plu)	
A_M1_22_283	van	van	adp()	
A_M1_22_283	gode	god	n(prop)	
A_M1_22_283	ghedanct	danken	v(participle,past)	
A_M1_22_283	die	die	pron(rel)	
A_M1_22_283	noyt	nooit	adv(neg)	
A_M1_22_283	en	ne	adv(neg)	
A_M1_22_283	al	helen	v(fin,past,lex)	
A_M1_22_284	wat	wat	pron(rel)	
A_M1_22_284	men	men	pron(indef)	
A_M1_22_284	wel	wel	adv(gener)	
A_M1_22_284	dede	doen	v(fin,past,lex)	
A_M1_22_284	ofte	of	conj(coord)	
A_M1_22_284	stal	stelen	v(fin,past,lex)	
A_M1_22_285	gherechtichede	gerechtigheid	n(sing)	
A_M1_22_285	soude	zullen	v(fin,past,aux_cop)	
A_M1_22_285	scaden	schaden	v(infin)	
A_M1_22_286	hen	zij	pron(pers,3,plu)	
A_M1_22_286	horde	horen	v(fin,past,lex)	
A_M1_22_286	god	god	n(sing)	
A_M1_22_286	niet	niet	adv(neg)	
A_M1_22_286	die	die	pron(dem)	
A_M1_22_286	baden	bidden	v(fin,past,lex)	
A_M1_23_287	dat	dat	pron(dem)	
A_M1_23_287	seit	zeggen	v(fin,pres,lex)	
A_M1_23_287	dat	dat	pron(dem)	
A_M1_23_287	gheloue	geloof	n(sing)	
A_M1_23_287	mijn	mijn	pron(poss)	
A_M1_23_288	god	god	n(sing)	
A_M1_23_288	moet	moeten	v(fin,pres,aux_cop)	
A_M1_23_288	in	in	adp()	
A_M1_23_288	hem	hij	pron(refl,3,sing)	
A_M1_23_288	seluen	zelf	pron(dem)	
A_M1_23_288	sijn	zijn	v(infin)	
A_M1_23_289	hine	hij+ne	pron(pers,3,sing)+adv(neg)	
A_M1_23_289	mach	mogen	v(fin,pres,aux_cop)	
A_M1_23_289	el	el	adv(dem)	
A_M1_23_289	nieweren	niewer	adv(dem)	
A_M1_23_289	wesen	wezen	v(infin)	
A_M1_23_290	hi	hij	pron(pers,3,sing)	
A_M1_23_290	es	zijn	v(fin,pres,aux_cop)	
A_M1_23_290	gherechticheden	gerechtigheid	n(plu)	
A_M1_23_290	fijn	fijn	n(sing)	
A_M1_23_291	ende	en	conj(coord)	
A_M1_23_291	ghenadichede	genadigheid	n(sing)	
A_M1_23_291	dats	dat+zijn	pron(dem)+v(fin,pres,aux_cop)	
A_M1_23_291	anschijn	aanschijn	adv(gener)	
A_M1_23_292	hets	het+zijn	pron(pers,3,sing)+v(fin,pres,aux_cop)	
A_M1_23_292	al	al	adv(gener)	
A_M1_23_292	een	een	num(card)	
A_M1_23_292	van	van	adp()	
A_M1_23_292	desen	deze	pron(dem)	
A_M1_23_293	die	die	pron(rel)	
A_M1_23_293	vanden	van+de	adp()+art(def)	
A_M1_23_293	watre	water	n(sing)	
A_M1_23_293	maecte	maken	v(fin,past,lex)	
A_M1_23_293	wijn	wijn	n(sing)	
A_M1_23_294	hine	hij+ne	pron(pers,3,sing)+adv(neg)	
A_M1_23_294	es	zijn	v(fin,pres,aux_cop)	
A_M1_23_294	sijns	zijn	pron(refl,3,sing)	
A_M1_23_294	selues	zelf	pron(dem)	
A_M1_23_294	niet	niet	adv(neg)	
A_M1_23_294	eyghijn	eigen	adj()	
A_M1_23_295	wat	wat	pron(rel)	
A_M1_23_295	so	zo	adv(gener)	
A_M1_23_295	die	de	art(def)	
A_M1_23_295	dore	door	n(sing)	
A_M1_23_295	lesen	lezen	v(infin)	
A_M1_23_296	iacop	jacob	n(prop)	
A_M1_23_296	hout	houden	v(imp)	
A_M1_23_296	dat	dat	pron(dem)	
A_M1_23_296	gheloue	geloof	n(sing)	
A_M1_23_296	dijn	dijn	pron(poss)	
A_M1_23_297	hets	het+zijn	pron(pers,3,sing)+v(fin,pres,aux_cop)	
A_M1_23_297	menich	menig	num(indef)	
A_M1_23_297	onbesceeden	onbescheiden	adj()	
A_M1_23_297	zwijn	zwijn	n(sing)	
A_M1_23_298	te	te	adp()	
A_M1_23_298	priesterscap	priesterschap	n(sing)	
A_M1_23_298	gheresen	gerezen	v(infin)	
A_M1_23_299	dies	die	pron(dem)	
A_M1_23_299	niet	niet	adv(neg)	
A_M1_23_299	en	en	adv(neg)	
A_M1_23_299	mach	mogen	v(fin,pres,aux_cop)	
A_M1_23_299	ghenesen	genezen	v(infin)	
A_M1_24_300	martijn	martijn	n(prop)	
A_M1_24_300	dijn	dijn	pron(poss)	
A_M1_24_300	gheloue	geloof	n(sing)	
A_M1_24_300	es	zijn	v(fin,pres,aux_cop)	
A_M1_24_300	goet	goed	adj()	
A_M1_24_301	ic	ik	pron(pers,1,sing)	
A_M1_24_301	bem	zijn	v(fin,pres,aux_cop)	
A_M1_24_301	dies	dat	pron(dem)	
A_M1_24_301	seker	zeker	adj()	
A_M1_24_301	ende	en	conj(coord)	
A_M1_24_301	vroet	vroed	adj()	
A_M1_24_302	weldaet	weldaad	n(sing)	
A_M1_24_302	wert	worden	v(fin,pres,aux_cop)	
A_M1_24_302	niet	niet	adv(neg)	
A_M1_24_302	vergheten	vergeten	v(participle,past)	
A_M1_24_303	laet	laten	v(fin,pres,aux_cop)	
A_M1_24_303	hem	hij	pron(pers,3,sing)	
A_M1_24_303	begaen	begaan	v(infin)	
A_M1_24_303	diet	die+het	pron(rel)+pron(pers,3,sing)	
A_M1_24_303	ghelden	gelden	v(infin)	
A_M1_24_303	moet	moeten	v(fin,pres,aux_cop)	
A_M1_24_304	ende	en	conj(coord)	
A_M1_24_304	diet	die+het	pron(rel)+pron(pers,3,sing)	
A_M1_24_304	al	al	pron(indef)	
A_M1_24_304	bi	bij	adp()	
A_M1_24_304	redenen	reden	n(plu)	
A_M1_24_304	doet	doen	v(fin,pres,lex)	
A_M1_24_305	nemmeer	nimmer	adv(gener)	
A_M1_24_305	en	ne	adv(neg)	
A_M1_24_305	willix	willen+ik 	v(fin,pres,lex)+pron(pers,1,sing)	
A_M1_24_305	weten	weten	v(infin)	
A_M1_24_306	hi	hij	pron(pers,3,sing)	
A_M1_24_306	es	zijn	v(fin,pres,aux_cop)	
A_M1_24_306	die+ghene	diegene	pron(dem)	
A_M1_24_306	diet	die+het	pron(rel)+pron(pers,3,sing)	
A_M1_24_306	al	al	adv(gener)	
A_M1_24_306	behoet	behoeden	v(fin,pres,lex)	
A_M1_24_307	alse	als	conj(subord)	
A_M1_24_307	die	de	art(def)	
A_M1_24_307	hinne	hen	n(sing)	
A_M1_24_307	hare	haar	pron(poss)	
A_M1_24_307	kiekine	kuiken	n(plu)	
A_M1_24_307	broet	broeden	v(fin,pres,lex)	
A_M1_24_308	heeft	hebben	v(fin,pres,aux_cop)	
A_M1_24_308	hijt	hij+het	pron(pers,3,sing)+pron(pers,3,sing)	
A_M1_24_308	al	al	adv(gener)	
A_M1_24_308	beseten	bezitten	v(participle,past)	
A_M1_24_309	hi	hij	pron(pers,3,sing)	
A_M1_24_309	gheuet	geven	v(fin,pres,lex)	
A_M1_24_309	ons	wij	pron(poss)	
A_M1_24_309	ziele	ziel	n(sing)	
A_M1_24_309	vleesch	vlees	n(sing)	
A_M1_24_309	ende	en	conj(coord)	
A_M1_24_309	bloet	bloed	n(sing)	
A_M1_24_310	hi	hij	pron(pers,3,sing)	
A_M1_24_310	hoet	hoeden	v(fin,pres,lex)	
A_M1_24_310	ons	wij	pron(pers,1,plu)	
A_M1_24_310	vorden	voor+de	adp()+art(def)	
A_M1_24_310	helschen	hels	adj()	
A_M1_24_310	gloet	gloed	n(sing)	
A_M1_24_311	dat	dat	conj(subord)	
A_M1_24_311	wi	wij	pron(pers,1,plu)	
A_M1_24_311	niet	niet	adv(neg)	
A_M1_24_311	werden	worden	v(infin)	
A_M1_24_311	te	te	adp()	
A_M1_24_311	sleten	slijten	v(infin)	
A_M1_24_312	ten	te+de	adp()+art(def)	
A_M1_24_312	ioncsten	jongsten	adv(gener)	
A_M1_24_312	noch	noch	adv(gener)	
A_M1_24_312	verbeten	verbijten	v(participle,past)	
A_M1_25_313	martin	martin	n(prop)	
A_M1_25_313	menich	menig	num(indef)	
A_M1_25_313	parlement	parlementen	v(fin,pres,lex)	
A_M1_25_314	ende	en	conj(coord)	
A_M1_25_314	seghet	zeggen	v(fin,pres,lex)	
A_M1_25_314	die	de	art(def)	
A_M1_25_314	minne	min	n(sing)	
A_M1_25_314	es	zijn	v(fin,pres,aux_cop)	
A_M1_25_314	blent	blind	adj()	
A_M1_25_315	oec	ook	adv(gener)	
A_M1_25_315	eist	zijn+het	v(fin,pres,aux_cop)+pron(pers,3,sing)	
A_M1_25_315	een	een	art(indef)	
A_M1_25_315	woert	woord	n(sing)	
A_M1_25_315	ghemeene	gemeen	adj()	
A_M1_25_316	omme+dat	omdat	conj(subord)	
A_M1_25_316	ic	ik	pron(pers,1,sing)	
A_M1_25_316	ben	zijn	v(fin,pres,aux_cop)	
A_M1_25_316	een	een	art(indef)	
A_M1_25_316	onwijs	onwijs	adj()	
A_M1_25_316	rent	rund	n(sing)	
A_M1_25_317	so	zo	adv(resum)	
A_M1_25_317	mac	maken	v(imp)	
A_M1_25_317	mi	ik	pron(pers,1,sing)	
A_M1_25_317	dese	deze	pron(dem)	
A_M1_25_317	wort	woord	n(sing)	
A_M1_25_317	bekent	bekend	v(participle,past)	
A_M1_25_318	want	want	conj(coord)	
A_M1_25_318	ennes	ne+zijn	adv(neg)+v(fin,pres,lex)	
A_M1_25_318	niet	niet	adv(neg)	
A_M1_25_318	cleene	klein	adj()	
A_M1_25_319	es	zijn	v(fin,pres,aux_cop)	
A_M1_25_319	dat	dat	conj(subord)	
A_M1_25_319	waer	waar	adj()	
A_M1_25_319	so	zo	adv(resum)	
A_M1_25_319	es	zijn	v(fin,pres,aux_cop)	
A_M1_25_319	minne	min	n(sing)	
A_M1_25_319	torment	torment	n(sing)	
A_M1_25_320	entie	en+die	conj(coord)+pron(dem)	
A_M1_25_320	hare	zij	pron(pers,3,sing)	
A_M1_25_320	volghet	volgen	v(fin,pres,lex)	
A_M1_25_320	es	zijn	v(fin,pres,aux_cop)	
A_M1_25_320	ghescent	schenden	v(participle,past)	
A_M1_25_321	ende	en	conj(coord)	
A_M1_25_321	onteert	onteren	v(fin,pres,lex)	
A_M1_25_321	al+reene	alrein	adv(gener)	
A_M1_25_322	nu	nu	adv(dem)	
A_M1_25_322	seghet	zeggen	v(fin,pres,lex)	
A_M1_25_322	elc	elk	num(indef)	
A_M1_25_322	wise	wijs	adj()	
A_M1_25_322	al	al	adv(gener)	
A_M1_25_322	omtrent	omtrent	adp()	
A_M1_25_323	dat	dat	art(def)	
A_M1_25_323	minne	min	n(sing)	
A_M1_25_323	dat	dat	art(def)	
A_M1_25_323	edele	edel	adj()	
A_M1_25_323	instrument	instrument	n(sing)	
A_M1_25_324	gode	god	n(sing)	
A_M1_25_324	van	van	adp()	
A_M1_25_324	nazareene	nazareen	n(prop)	
A_M1_25_325	brochte	brengen	v(fin,past,lex)	
A_M1_25_325	in	in	adp()	
A_M1_25_325	desen	deze	pron(dem)	
A_M1_25_325	weene	ween	n(sing)	
A_M1_26_326	iacop	jacob	n(prop)	
A_M1_26_326	dijn	dijn	pron(poss)	
A_M1_26_326	vraghen	vragen	n(sing)	
A_M1_26_326	es	zijn	v(fin,pres,aux_cop)	
A_M1_26_326	swaer	zwaar	adj()	
A_M1_26_327	doch	toch	adv(gener)	
A_M1_26_327	proeftmen	proeven+men	v(fin,past,lex)+pron(indef)	
A_M1_26_327	in	in	adp()	
A_M1_26_327	redene	reden	n(sing)	
A_M1_26_327	claer	klaar	adj()	
A_M1_26_328	drierhande	drie‘rhande	num(ord)	
A_M1_26_328	minne	min	n(sing)	
A_M1_26_329	deerste	de+eerst	art(def)+num(ord)	
A_M1_26_329	dats	dat+zijn	pron(dem)+v(fin,pres,aux_cop)	
A_M1_26_329	caritate	caritaat	n(sing)	
A_M1_26_329	dats	dat+zijn	pron(dem)+v(fin,pres,aux_cop)	
A_M1_26_329	waer	waar	adj()	
A_M1_26_330	dies	die+zijn	pron(dem)+v(fin,pres,aux_cop)	
A_M1_26_330	sonder	zonder	adp()	
A_M1_26_330	pine	pijn	n(sing)	
A_M1_26_330	ende	en	conj(coord)	
A_M1_26_330	vaer	vaar	n(sing)	
A_M1_26_331	ende	en	conj(coord)	
A_M1_26_331	daer	daar	pronadv(dem)	
A_M1_26_331	woent	wonen	v(fin,pres,lex)	
A_M1_26_331	god	god	n(sing)	
A_M1_26_331	inne	in	pronadv(prep)	
A_M1_26_332	dander	de+ander	art(def)+pron(indef)	
A_M1_26_332	trect	trekken	v(fin,pres,lex)	
A_M1_26_332	die	de	art(def)	
A_M1_26_332	weerelt	wereld	n(sing)	
A_M1_26_332	naer	naar	adp()	
A_M1_26_333	om	om	adp()	
A_M1_26_333	eere	eer	n(sing)	
A_M1_26_333	om	om	adp()	
A_M1_26_333	goet	goed	n(sing)	
A_M1_26_333	staet	staan	v(fin,pres,lex)	
A_M1_26_333	al	al	num(indef)	
A_M1_26_333	haer	haar	pron(poss)	
A_M1_26_333	gaer	gaar	n(sing)	
A_M1_26_334	dits	dit+zijn	pron(dem)+v(fin,pres,aux_cop)	
A_M1_26_334	eene	een	art(indef)	
A_M1_26_334	bastaerdinne	bastaardin	n(sing)	
A_M1_26_335	die	de	art(def)	
A_M1_26_335	derde	derde	num(ord)	
A_M1_26_335	minne	min	n(sing)	
A_M1_26_335	heescht	eisen	v(fin,pres,lex)	
A_M1_26_335	die	de	art(def)	
A_M1_26_335	jaer	jaar	n(sing)	
A_M1_26_336	als	als	conj(subord)	
A_M1_26_336	bi	bij	adp()	
A_M1_26_336	naturen	natuur	n(sing)	
A_M1_26_336	elc	elk	num(indef)	
A_M1_26_336	doet	doen	v(fin,pres,lex)	
A_M1_26_336	sijn	zijn	pron(poss)	
A_M1_26_336	paer	paar	n(sing)	
A_M1_26_337	al	al	adv(gener)	
A_M1_26_337	noch	nog	adv(gener)	
A_M1_26_337	sijn	zijn	v(fin,pres,aux_cop)	
A_M1_26_337	si	zij	pron(pers,3,plu)	
A_M1_26_337	dinne	dun	adj()	
A_M1_26_338	die	die	pron(rel)	
A_M1_26_338	deser	deze	pron(dem)	
A_M1_26_338	volghen	volgen	v(fin,pres,lex)	
A_M1_26_338	bi	bij	adp()	
A_M1_26_338	sinne	zin	n(sing)	
A_M1_27_339	deerste	de+eerst	art(def)+num(ord)	
A_M1_27_339	minne	min	n(sing)	
A_M1_27_339	es	zijn	v(fin,pres,aux_cop)	
A_M1_27_339	so	zo	adv(dem)	
A_M1_27_339	groot	groot	adj()	
A_M1_27_340	dat	dat	pron(rel)	
A_M1_27_340	alleene	alleen	adv(gener)	
A_M1_27_340	dat	dat	pron(rel)	
A_M1_27_340	god	god	n(sing)	
A_M1_27_340	gheboot	gebieden	v(fin,past,lex)	
A_M1_27_341	vul+prijsde	volprijzen	v(fin,past,lex)	
A_M1_27_341	niet	niet	adv(neg)	
A_M1_27_341	haer	haar	pron(poss)	
A_M1_27_341	werde	waarde	n(sing)	
A_M1_27_342	iane	ja+ne	n(prop)	
A_M1_27_342	trac	trekken	v(fin,past,lex)	
A_M1_27_342	so	zij	pron(pers,3,sing)	
A_M1_27_342	themesche	hemels	adj()	
A_M1_27_342	broot	brood	n(sing)	
A_M1_27_343	hier	hier	adv(dem)	
A_M1_27_343	neder	neder	adv(gener)	
A_M1_27_343	inder	in+de	adp()+art(def)	
A_M1_27_343	magheden	maagd	n(sing)	
A_M1_27_343	scoot	schoot	n(sing)	
A_M1_27_344	onder	onder	adp()	
A_M1_27_344	der	de	art(def)	
A_M1_27_344	ioden	jood	n(plu)	
A_M1_27_344	zwerde	zwaard	n(plu)	
A_M1_27_345	minne	min	n(sing)	
A_M1_27_345	es	zijn	v(fin,pres,aux_cop)	
A_M1_27_345	god	god	n(sing)	
A_M1_27_345	dat	dat	pron(dem)	
A_M1_27_345	merct	merken	v(imp)	
A_M1_27_345	al	al	adv(gener)	
A_M1_27_345	bloot	bloot	adv(gener)	
A_M1_27_346	wie	wie	pron(inter)	
A_M1_27_346	mochte	mogen	v(fin,past,aux_cop)	
A_M1_27_346	els	els	pron(indef)	
A_M1_27_346	bringhen	brengen	v(infin)	
A_M1_27_346	inder	in+de	adp()+art(def)	
A_M1_27_346	noot	nood	n(sing)	
A_M1_27_347	hem	hij	pron(pers,3,sing)	
A_M1_27_347	diet	die+het	pron(rel)+pron(pers,3,sing)	
A_M1_27_347	al	al	pron(indef)	
A_M1_27_347	verwerde	vervaren	v(fin,past,lex)	
A_M1_27_348	dan	dan	conj(comp)	
A_M1_27_348	die	die	pron(rel)	
A_M1_27_348	hem	hij	pron(refl,3,sing)	
A_M1_27_348	seluen	zelf	pron(dem)	
A_M1_27_348	daer	daar	pronadv(dem)	
A_M1_27_348	in	in	pronadv(prep)	
A_M1_27_348	besloot	besloten	v(fin,pres,lex)	
A_M1_27_349	ende	en	conj(coord)	
A_M1_27_349	dor	door	adp()	
A_M1_27_349	ons	wij	pron(pers,1,plu)	
A_M1_27_349	sijn	zijn	pron(poss)	
A_M1_27_349	bloet	bloed	n(sing)	
A_M1_27_349	root	rood	adj()	
A_M1_27_350	storte	storten	v(fin,past,lex)	
A_M1_27_350	hier	hier	pronadv(dem)	
A_M1_27_350	neder	neder	adv(gener)	
A_M1_27_350	vp	op	adp()	
A_M1_27_350	derde	derde	art(def)+n(sing)	
A_M1_27_351	ende	en	conj(coord)	
A_M1_27_351	in	in	adp()	
A_M1_27_351	minnen	min	n(sing)	
A_M1_27_351	hem	hij	pron(pers,3,sing)	
A_M1_27_351	openberde	openbaren	v(fin,past,lex)	
A_M1_28_352	vvien	wie	pron(inter)	
A_M1_28_352	dat	dat	conj(subord)	
A_M1_28_352	selke	zulk	pron(dem)	
A_M1_28_352	minne	min	n(sing)	
A_M1_28_352	es	zijn	v(fin,pres,aux_cop)	
A_M1_28_352	cont	kond	adj()	
A_M1_28_353	alse	als	conj(comp)	
A_M1_28_353	caritate	caritaat	n(sing)	
A_M1_28_353	hi	hij	pron(pers,3,sing)	
A_M1_28_353	es	zijn	v(fin,pres,aux_cop)	
A_M1_28_353	ghesont	gezond	adj()	
A_M1_28_354	men	men	pron(indef)	
A_M1_28_354	machene	mogen+hij	v(fin,pres,aux_cop)+pron(pers,3,sing)	
A_M1_28_354	niet	niet	adv(neg)	
A_M1_28_354	verblenden	verblinden	v(infin)	
A_M1_28_355	al	al	conj(subord)	
A_M1_28_355	laghe	liggen	v(fin,past,lex)	
A_M1_28_355	hi	hij	pron(pers,3,sing)	
A_M1_28_355	inder	in+de	adp()+art(def)	
A_M1_28_355	hellen	hel	n(sing)	
A_M1_28_355	gront	grond	n(sing)	
A_M1_28_356	ware	zijn	v(fin,past,aux_cop)	
A_M1_28_356	hi	hij	pron(pers,3,sing)	
A_M1_28_356	daer+mede	daarmede	pronadv(dem)	
A_M1_28_356	ghewont	wonden	v(participle,past)	
A_M1_28_357	hine	hij+ne	pron(pers,3,sing)+adv(neg)	
A_M1_28_357	ware	zijn	v(fin,past,aux_cop)	
A_M1_28_357	niet	niet	adv(neg)	
A_M1_28_357	in	in	adp()	
A_M1_28_357	ellenden	ellende	n(sing)	
A_M1_28_358	maer	maar	conj(coord)	
A_M1_28_358	god	god	n(sing)	
A_M1_28_358	en	ne	adv(neg)	
A_M1_28_358	wille	willen	v(fin,pres,aux_cop)	
A_M1_28_358	den	de	art(def)	
A_M1_28_358	riken	rijk	adj()	
A_M1_28_358	vont	vond	n(sing)	
A_M1_28_359	gheenen	geen	num(indef)	
A_M1_28_359	sondare	zondaar	n(sing)	
A_M1_28_359	gheenen	geen	num(indef)	
A_M1_28_359	hont	hond	n(sing)	
A_M1_28_360	nemmermeer	nimmermeer	adv(gener)	
A_M1_28_360	toe+senden	toezenden	v(infin)	
A_M1_28_361	die	de	art(def)	
A_M1_28_361	edele	edel	adj()	
A_M1_28_361	haue	have	n(sing)	
A_M1_28_361	dat	dat	conj(subord)	
A_M1_28_361	diere	duur	adj()	
A_M1_28_361	pont	pond	n(sing)	
A_M1_28_362	smaect	smaken	v(fin,pres,lex)	
A_M1_28_362	alleene	alleen	adv(gener)	
A_M1_28_362	der	de	art(def)	
A_M1_28_362	vriende	vriend	n(plu)	
A_M1_28_362	mont	mond	n(sing)	
A_M1_28_363	men	men	pron(indef)	
A_M1_28_363	mach	mogen	v(fin,pres,aux_cop)	
A_M1_28_363	haer	haar	pron(poss)	
A_M1_28_363	lijf	lijf	n(sing)	
A_M1_28_363	doen	doen	v(infin)	
A_M1_28_363	henden	einden	v(fin,pres,lex)	
A_M1_28_364	ende	en	conj(coord)	
A_M1_28_364	niet	niet	adv(neg)	
A_M1_28_364	die	de	art(def)	
A_M1_28_364	ziele	ziel	n(sing)	
A_M1_28_364	scenden	schenden	v(fin,past,lex)	
A_M1_29_365	dander	de+ander	art(def)+num(ord)	
A_M1_29_365	minne	min	n(sing)	
A_M1_29_365	es	zijn	v(fin,pres,aux_cop)	
A_M1_29_365	onbehoet	onbehoed	adj()	
A_M1_29_366	want	want	conj(subord)	
A_M1_29_366	soe	zij	pron(pers,3,sing)	
A_M1_29_366	staet	staan	v(fin,pres,lex)	
A_M1_29_366	om	om	adp()	
A_M1_29_366	terdsche	het+aards	art(def)+adj()	
A_M1_29_366	goet	goed	n(sing)	
A_M1_29_367	ende	en	conj(coord)	
A_M1_29_367	om	om	adp()	
A_M1_29_367	der	de	art(def)	
A_M1_29_367	weerelt	wereld	n(sing)	
A_M1_29_367	eere	eer	n(sing)	
A_M1_29_368	dits	dit+zijn	pron(dem)+v(fin,pres,aux_cop)	
A_M1_29_368	die	de	art(def)	
A_M1_29_368	minne	min	n(sing)	
A_M1_29_368	die	die	pron(rel)	
A_M1_29_368	dicken	dik	adv(gener)	
A_M1_29_368	doet	doen	v(fin,pres,lex)	
A_M1_29_369	rudderscap	ridderschap	n(sing)	
A_M1_29_369	wesen	zijn	v(infin)	
A_M1_29_369	verwoet	verwoed	adj()	
A_M1_29_370	enten	en+de	conj(coord)+art(def)	
A_M1_29_370	woeke+heere	woekeraar	n(sing)	
A_M1_29_371	want	want	conj(subord)	
A_M1_29_371	die	de	art(def)	
A_M1_29_371	rudder	ridder	n(sing)	
A_M1_29_371	niet	niet	adv(neg)	
A_M1_29_371	gheroet	geroe‘n	v(fin,pres,lex)	
A_M1_29_372	hine	hij+ne	pron(pers,3,sing)+conj(neg)	
A_M1_29_372	verslijt	verslinden	v(fin,pres,lex)	
A_M1_29_372	vleesch	vlees	n(sing)	
A_M1_29_372	ende	en	conj(coord)	
A_M1_29_372	bloet	bloed	n(sing)	
A_M1_29_373	vp+dat	opdat	conj(subord)	
A_M1_29_373	sijn	zijn	pron(poss)	
A_M1_29_373	prijs	prijs	n(sing)	
A_M1_29_373	meere	meren	v(fin,pres,lex)	
A_M1_29_374	tander	het+ander	art(def)+pron(indef)	
A_M1_29_374	al	al	adv(gener)	
A_M1_29_374	ware	zijn	v(fin,past,aux_cop)	
A_M1_29_374	ghelt	geld	n(sing)	
A_M1_29_374	de	de	art(def)	
A_M1_29_374	vloet	vloed	n(sing)	
A_M1_29_375	ende	en	conj(coord)	
A_M1_29_375	hem	hij	pron(pers,3,sing)	
A_M1_29_375	vloyde	vloeien	v(fin,past,lex)	
A_M1_29_375	in	in	adp()	
A_M1_29_375	sinen	zijn	pron(poss)	
A_M1_29_375	moet	moet	n(sing)	
A_M1_29_376	hem	hij	pron(pers,3,sing)	
A_M1_29_376	soude	zullen	v(fin,past,aux_cop)	
A_M1_29_376	noch	nog	adv(gener)	
A_M1_29_376	also	alzo	adv(dem)	
A_M1_29_376	zeere	zeer	adv(gener)	
A_M1_29_377	dorsten	dorsten	v(fin,pres,lex)	
A_M1_29_377	dant	dan+het	conj(comp)+pron(pers,3,sing)	
A_M1_29_377	dede	doen	v(fin,past,lex)	
A_M1_29_377	eere	eer	adv(gener)	
A_M1_30_378	dese	deze	pron(dem)	
A_M1_30_378	minne	min	n(sing)	
A_M1_30_378	heeft	hebben	v(fin,pres,aux_cop)	
A_M1_30_378	ondersceet	onderscheid	n(sing)	
A_M1_30_379	van	van	adp()	
A_M1_30_379	hem	hij	pron(pers,3,sing)	
A_M1_30_379	die	die	pron(rel)	
A_M1_30_379	om	om	adp()	
A_M1_30_379	die	die	pron(rel)	
A_M1_30_379	om	om	adp()	
A_M1_30_379	die	de	art(def)	
A_M1_30_379	eere	eer	n(sing)	
A_M1_30_379	steet	staan	v(fin,pres,lex)	
A_M1_30_380	entie	en+die	conj(coord)+pron(dem)	
A_M1_30_380	pijnt	pijnen	v(fin,pres,lex)	
A_M1_30_380	omden	om+de	adp()+art(def)	
A_M1_30_380	scatte	schat	n(plu)	
A_M1_30_381	wiltu	willen+du	v(fin,pres,aux_cop)+pron(pers,2,sing)	
A_M1_30_381	eere	eer	n(sing)	
A_M1_30_381	hebben	hebben	v(infin)	
A_M1_30_381	wes	wezen	v(imp)	
A_M1_30_381	ghereet	gereed	adj()	
A_M1_30_382	te	te	adp()	
A_M1_30_382	latene	laten	v(infin)	
A_M1_30_382	dat	dat	pron(rel)	
A_M1_30_382	gode	god	n(sing)	
A_M1_30_382	es	zijn	v(fin,pres,aux_cop)	
A_M1_30_382	leet	leed	adj()	
A_M1_30_383	pijndi	pijnen+dij	v(fin,past,lex)+pron(pers,3,sing)	
A_M1_30_383	omme	om	adp()	
A_M1_30_383	datte	dat+de	pron(dem)	
A_M1_30_384	dat	dat	pron(rel)	
A_M1_30_384	hem	hij	pron(pers,3,sing)	
A_M1_30_384	lief	lief	adj()	
A_M1_30_384	es	zijn	v(fin,pres,aux_cop)	
A_M1_30_384	ende	en	conj(coord)	
A_M1_30_384	dat	dat	pron(rel)	
A_M1_30_384	hi	hij	pron(pers,3,sing)	
A_M1_30_384	heet	heten	v(fin,pres,aux_cop)	
A_M1_30_385	wes	wezen	v(imp)	
A_M1_30_385	vromech	vromig	adj()	
A_M1_30_385	ende	en	conj(coord)	
A_M1_30_385	om	om	adp()	
A_M1_30_385	die	de	art(def)	
A_M1_30_385	eere	eer	n(sing)	
A_M1_30_385	sneet	snijden	v(fin,past,lex)	
A_M1_30_386	houtti	houden+du	v(fin,pres,lex)+pron(pers,2,sing)	
A_M1_30_386	dat	dat	conj(subord)	
A_M1_30_386	men	men	pron(indef)	
A_M1_30_386	di	du	pron(pers,2,sing)	
A_M1_30_386	niet	niet	adv(neg)	
A_M1_30_386	en	ne	adv(neg)	
A_M1_30_386	matte	matten	v(fin,pres,lex)	
A_M1_30_387	onder	onder	adp()	
A_M1_30_387	der	de	art(def)	
A_M1_30_387	ydelre	ijdel	adj()	
A_M1_30_387	glorien	glorie	n(sing)	
A_M1_30_387	cleet	kleed	n(sing)	
A_M1_30_388	daer	daar	pronadv(rel)	
A_M1_30_388	menestraudie	menestraudie	n(sing)	
A_M1_30_388	met	mede	pronadv(rel)	
A_M1_30_388	omme+gheet	omgaan	v(fin,pres,lex)	
A_M1_30_389	want	want	conj(coord)	
A_M1_30_389	hare	haar	pron(poss)	
A_M1_30_389	tonghe+platte	tongenplat	n(sing)	
A_M1_30_390	smelten	smelten	v(fin,pres,lex)	
A_M1_30_390	alse	als	conj(comp)	
A_M1_30_390	snee+clatte	sneeuwklad	n(sing)	
A_M1_31_391	eere	eer	n(sing)	
A_M1_31_391	te	te	adp()	
A_M1_31_391	minne	minnen	v(infin)	
A_M1_31_391	dats	dat+zijn	pron(dem)+v(fin,pres,aux_cop)	
A_M1_31_391	eene	een	art(indef)	
A_M1_31_391	dinc	ding	n(sing)	
A_M1_31_392	daer	daar	pronadv(rel)	
A_M1_31_392	noit	nooit	adv(neg)	
A_M1_31_392	herte	hart	n(sing)	
A_M1_31_392	met	mede	pronadv(rel)	
A_M1_31_392	omme+ghinc	omgaan	v(fin,past,lex)	
A_M1_31_393	sone	zo+ne	adv(resum)+adv(neg)	
A_M1_31_393	was	zijn	v(fin,past,aux_cop)	
A_M1_31_393	van	van	adp()	
A_M1_31_393	reenen	rein	adj()	
A_M1_31_393	aerde	aarde	n(sing)	
A_M1_31_394	bestu	zijn+du	v(fin,pres,aux_cop)+pron(pers,2,sing)	
A_M1_31_394	hout	oud	adj()	
A_M1_31_394	of	of	conj(coord)	
A_M1_31_394	ionghelinc	jongeling	n(sing)	
A_M1_31_395	doe	doen	v(imp)	
A_M1_31_395	wel	wel	v(prtcl)	
A_M1_31_395	altoes	altoos	adv(gener)	
A_M1_31_395	ende	en	conj(coord)	
A_M1_31_395	ontsprinc	ontspringen	v(imp)	
A_M1_31_396	die	de	art(def)	
A_M1_31_396	herten	hart	n(sing)	
A_M1_31_396	houaerde	hovaart	n(sing)	
A_M1_31_397	prijs	prijs	n(sing)	
A_M1_31_397	die	die	pron(rel)	
A_M1_31_397	in	in	adp()	
A_M1_31_397	lodders	lodder	n(prop)	
A_M1_31_397	tonghe	tong	n(sing)	
A_M1_31_397	hinc	hangen	v(fin,past,lex)	
A_M1_31_398	hen	zij	pron(pers,3,plu)	
A_M1_31_398	was	zijn	v(fin,past,lex)	
A_M1_31_398	noyt	nooit	adv(neg)	
A_M1_31_398	wert	waard	adj()	
A_M1_31_398	eere	een	art(indef)	
A_M1_31_398	oghen+winc	oogwenk	n(sing)	
A_M1_31_399	onder	onder	adp()	
A_M1_31_399	die	de	art(def)	
A_M1_31_399	goede	goed	adj()	
A_M1_31_399	waerde	waarde	n(sing)	
A_M1_31_400	onwerden	onwaarde	adj()	
A_M1_31_400	lof	lof	n(sing)	
A_M1_31_400	vlie	vlieden	v(imp)	
A_M1_31_400	ende	en	conj(coord)	
A_M1_31_400	ontsprinc	ontspringen	v(imp)	
A_M1_31_401	die	die	pron(rel)	
A_M1_31_401	meneghen	menig	num(indef)	
A_M1_31_401	vaet	vangen	v(fin,pres,lex)	
A_M1_31_401	ende	en	conj(coord)	
A_M1_31_401	wilen	wijlen	adv(gener)	
A_M1_31_401	vinc	vangen	v(fin,past,lex)	
A_M1_31_402	die	die	pron(rel)	
A_M1_31_402	dat	dat	art(def)	
A_M1_31_402	wort	woord	n(plu)	
A_M1_31_402	begaerde	begeren	v(fin,past,lex)	
A_M1_31_403	ende	en	conj(coord)	
A_M1_31_403	dat	dat	pron(rel)	
A_M1_31_403	weldoen	weldoen	n(sing)	
A_M1_31_403	spaerde	sparen	v(fin,past,lex)	
A_M1_32_404	goet	goed	n(sing)	
A_M1_32_404	te	te	adp()	
A_M1_32_404	hebbene	hebben	v(infin)	
A_M1_32_404	ende	en	conj(coord)	
A_M1_32_404	scat	schat	n(sing)	
A_M1_32_405	ende	en	conj(coord)	
A_M1_32_405	tamelike	tamelijk	adv(gener)	
A_M1_32_405	te	te	adp()	
A_M1_32_405	nuttene	nutten	v(infin)	
A_M1_32_405	dat	dat	conj(subord)	
A_M1_32_406	dats	dat+zijn	pron(dem)+v(fin,pres,aux_cop)	
A_M1_32_406	een	een	art(indef)	
A_M1_32_406	salich	zalig	adj()	
A_M1_32_406	leuen	leven	n(sing)	
A_M1_32_407	maer	maar	conj(coord)	
A_M1_32_407	goets	goed	n(sing)	
A_M1_32_407	minne	minnen	v(infin)	
A_M1_32_407	maect	maken	v(fin,pres,lex)	
A_M1_32_407	i	een	art(indef)	
A_M1_32_407	gat	gat	n(sing)	
A_M1_32_408	dat	dat	pron(rel)	
A_M1_32_408	nemmermee	nimmermee	adv(gener)	
A_M1_32_408	mach	mogen	v(fin,pres,aux_cop)	
A_M1_32_408	werden	worden	v(infin)	
A_M1_32_408	sat	zat	adj()	
A_M1_32_409	al	al	conj(subord)	
A_M1_32_409	wildement	willen+men+het	v(fin,past,lex)+pron(indef)+pron(pers,3,sing)	
A_M1_32_409	hem	hij	pron(pers,3,sing)	
A_M1_32_409	al	al	num(indef)	
A_M1_32_409	gheuen	geven	v(infin)	
A_M1_32_410	minne	minnen	v(infin)	
A_M1_32_410	van	van	adp()	
A_M1_32_410	goede	goed	n(sing)	
A_M1_32_410	wert	worden	v(fin,past,aux_cop)	
A_M1_32_410	ghehat	haten	v(participle,past)	
A_M1_32_411	vor	voor	adp()	
A_M1_32_411	gode	god	n(sing)	
A_M1_32_411	in	in	adp()	
A_M1_32_411	die	de	art(def)	
A_M1_32_411	hoghe	hoog	adj()	
A_M1_32_411	stat	stad	n(sing)	
A_M1_32_412	daer	daar	adv(rel)	
A_M1_32_412	die	de	art(def)	
A_M1_32_412	inghelen	engel	n(plu)	
A_M1_32_412	beuen	beven	v(fin,pres,lex)	
A_M1_32_413	dese	deze	pron(dem)	
A_M1_32_413	scuwen	schuwen	v(fin,pres,lex)	
A_M1_32_413	der	de	art(def)	
A_M1_32_413	eeren	eer	n(sing)	
A_M1_32_413	pat	pad	n(sing)	
A_M1_32_414	want	want	conj(coord)	
A_M1_32_414	soe	zij	pron(pers,3,sing)	
A_M1_32_414	moet	moeten	v(fin,pres,aux_cop)	
A_M1_32_414	int	in+het	adp()+art(def)	
A_M1_32_414	helsche	hels	adj()	
A_M1_32_414	vat	vat	n(sing)	
A_M1_32_415	salemoen	salomo	n(prop)	
A_M1_32_415	heuet	hebben	v(fin,pres,aux_cop)	
A_M1_32_415	bescreuen	beschrijven	v(participle,past)	
A_M1_32_416	ennes	ne+zijn	adv(neg)+v(fin,pres,aux_cop)	
A_M1_32_416	niet	niet	adv(neg)	
A_M1_32_416	erghers	erg	adv(gener)	
A_M1_32_416	bleuen	blijven	v(participle,past)	
A_M1_33_417	die	de	art(def)	
A_M1_33_417	derde	derde	num(ord)	
A_M1_33_417	minne	min	n(sing)	
A_M1_33_417	heeschet	eisen	v(fin,pres,lex)	
A_M1_33_417	de	de	art(def)	
A_M1_33_417	tijt	tijd	n(sing)	
A_M1_33_418	alse	als	conj(subord)	
A_M1_33_418	die	de	art(def)	
A_M1_33_418	nature	natuur	n(sing)	
A_M1_33_418	ontbijt	ontbeiden	v(fin,pres,lex)	
A_M1_33_419	die	de	art(def)	
A_M1_33_419	bloyende	bloeiend	adj()	
A_M1_33_419	jare	jaar	n(sing)	
A_M1_33_420	dat	dat	pron(dem)	
A_M1_33_420	es	zijn	v(fin,pres,aux_cop)	
A_M1_33_420	tedelste	het+edel	art(def)+adj()	
A_M1_33_420	delijt	delijt	n(sing)	
A_M1_33_421	alse	als	conj(subord)	
A_M1_33_421	hare	haar	pron(poss)	
A_M1_33_421	scamelheit	schamelheid	n(sing)	
A_M1_33_421	besnijt	besnijden	v(fin,pres,lex)	
A_M1_33_422	ende	en	conj(coord)	
A_M1_33_422	men	men	pron(indef)	
A_M1_33_422	doghet	deugd	n(sing)	
A_M1_33_422	heuet	hebben	v(fin,pres,lex)	
A_M1_33_422	mare	maar	adj()	
A_M1_33_423	die	die	pron(rel)	
A_M1_33_423	men	men	pron(indef)	
A_M1_33_423	vint	vinden	v(fin,pres,lex)	
A_M1_33_423	ter	te+de	adp()+art(def)	
A_M1_33_423	weerelt	wereld	n(sing)	
A_M1_33_423	wijt	wijd	adj()	
A_M1_33_424	want	want	conj(subord)	
A_M1_33_424	soe	zij	pron(pers,3,sing)	
A_M1_33_424	talre	te+al	adp()+num(indef)	
A_M1_33_424	stont	stond	n(sing)	
A_M1_33_424	verblijt	verblijden	v(fin,pres,lex)	
A_M1_33_425	rechts	rechts	adv(gener)	
A_M1_33_425	oft	of	conj(coord)	
A_M1_33_425	al	al	adv(gener)	
A_M1_33_425	hare	hun	pron(poss)	
A_M1_33_425	ware	waar 	n(sing)	
A_M1_33_426	hope	hoop	n(sing)	
A_M1_33_426	nemmermeer	nimmermeer	adv(gener)	
A_M1_33_426	te+glijt	teglijden	v(fin,pres,lex)	
A_M1_33_427	die	die	pron(rel)	
A_M1_33_427	aldus	aldus	adv(dem)	
A_M1_33_427	sijn	zijn	pron(poss)	
A_M1_33_427	lijf	lijf	n(sing)	
A_M1_33_427	verslijt	verslijten	v(fin,pres,lex)	
A_M1_33_428	maect	maken	v(fin,pres,lex)	
A_M1_33_428	sine	zijn	pron(poss)	
A_M1_33_428	zinne	zin	n(sing)	
A_M1_33_428	claer	klaar	adj()	
A_M1_33_429	want	want	conj(subord)	
A_M1_33_429	god	god	n(prop)	
A_M1_33_429	en	ne	adv(neg)	
A_M1_33_429	es	zijn	v(fin,pres,aux_cop)	
A_M1_33_429	gheen	geen	pron(indef)	
A_M1_33_429	futselaer	futselaar	n(sing)	
A_M1_34_430	minne	min	n(sing)	
A_M1_34_430	es	zijn	v(fin,pres,aux_cop)	
A_M1_34_430	alse	als	conj(comp)	
A_M1_34_430	men	men	pron(indef)	
A_M1_34_430	bescreuen	beschrijven	v(participle,past)	
A_M1_34_430	vint	vinden	v(fin,pres,aux_cop)	
A_M1_34_431	cracht	kracht	n(sing)	
A_M1_34_431	die	die	pron(rel)	
A_M1_34_431	twee	twee	num(card)	
A_M1_34_431	herten	hart	n(plu)	
A_M1_34_431	bint	binden	v(fin,pres,lex)	
A_M1_34_432	tsamen	tezamen	adv(gener)	
A_M1_34_432	in	in	adp()	
A_M1_34_432	een	een	art(indef)	
A_M1_34_432	reene	rein	adj()	
A_M1_34_432	wanen	waan	n(sing)	
A_M1_34_433	dattie	dat+de	conj(subord)+art(def)	
A_M1_34_433	minne	min	n(sing)	
A_M1_34_433	heetet	heten	v(fin,pres,aux_cop)	
A_M1_34_433	blint	blind	adj()	
A_M1_34_434	doet	doen	v(fin,pres,lex)	
A_M1_34_434	dat	dat	conj(subord)	
A_M1_34_434	menich	menig	num(indef)	
A_M1_34_434	es	zijn	v(fin,pres,aux_cop)	
A_M1_34_434	so	zo	adv(resum)	
A_M1_34_434	kint	kind	n(sing)	
A_M1_34_435	dat	dat	conj(subord)	
A_M1_34_435	hi	hij	pron(pers,3,sing)	
A_M1_34_435	hem	hij	pron(pers,3,sing)	
A_M1_34_435	laet	laten	v(fin,pres,aux_cop)	
A_M1_34_435	verspanen	verspanen	v(infin)	
A_M1_34_436	sine	zij+ne	pron(pers,3,sing)+adv(neg)	
A_M1_34_436	conen	kunnen	v(fin,pres,aux_cop)	
A_M1_34_436	minnen	minnen	v(infin)	
A_M1_34_436	niet	niet	adv(neg)	
A_M1_34_436	i	een	art(indef)	
A_M1_34_436	twint	twint	n(sing)	
A_M1_34_437	die	die	art(def)	
A_M1_34_437	wandel	wandel	adj()	
A_M1_34_437	sijn	zijn	v(fin,pres,aux_cop)	
A_M1_34_437	alse	als	conj(comp)	
A_M1_34_437	die	de	art(def)	
A_M1_34_437	wint	wind	n(sing)	
A_M1_34_438	si	zij	pron(pers,3,plu)	
A_M1_34_438	rollen	rollen	v(fin,pres,lex)	
A_M1_34_438	buter	buiten+de	adp()+art(def)	
A_M1_34_438	banen	baan	n(sing)	
A_M1_34_439	ic	ik	pron(pers,1,sing)	
A_M1_34_439	waen	wanen	v(fin,pres,lex)	
A_M1_34_439	mer	men+er	pron(indef)+pronadv(pers)	
A_M1_34_439	also	alzo	adv(dem)	
A_M1_34_439	vele	veel	num(indef)	
A_M1_34_439	vint	vinden	v(fin,pres,lex)	
A_M1_34_440	minres	minnaar	n(plu)	
A_M1_34_440	in	in	adp()	
A_M1_34_440	trouwen	trouw	n(sing)	
A_M1_34_440	ghehint	enten	v(participle,past)	
A_M1_34_441	alse	als	conj(subord)	
A_M1_34_441	men	men	pron(indef)	
A_M1_34_441	doet	doen	v(fin,pres,lex)	
A_M1_34_441	zwarter	zwart	adj()	
A_M1_34_441	zwanen	zwaan	n(plu)	
A_M1_34_442	dus	dus	adv(dem)	
A_M1_34_442	laet	laten	v(fin,pres,lex)	
A_M1_34_442	hare	haar	pron(poss)	
A_M1_34_442	minne	min	n(sing)	
A_M1_34_442	af+plane	afplanen	v(infin)	
A_M1_35_443	martin	martijn	n(prop)	
A_M1_35_443	ic	ik	pron(pers,1,sing)	
A_M1_35_443	ben	zijn	v(fin,pres,aux_cop)	
A_M1_35_443	des	dat	art(def)	
A_M1_35_443	wel	wel	adv(gener)	
A_M1_35_443	berecht	berechten	v(participle,past)	
A_M1_35_444	het	het	pron(pers,3,sing)	
A_M1_35_444	seghet	zeggen	v(fin,pres,lex)	
A_M1_35_444	al	al	num(indef)	
A_M1_35_444	heeren	heer	n(plu)	
A_M1_35_444	ende	en	conj(coord)	
A_M1_35_444	knecht	knecht	n(sing)	
A_M1_35_445	vrouwen	vrouw	n(plu)	
A_M1_35_445	ende	en	conj(coord)	
A_M1_35_445	ioncvrouwen	jonkvrouw	n(plu)	
A_M1_35_447	dat	dat	conj(subord)	
A_M1_35_447	si	zij	pron(pers,3,plu)	
A_M1_35_447	met	met	adp()	
A_M1_35_447	minnen	min	n(sing)	
A_M1_35_447	sijn	zijn	v(fin,pres,aux_cop)	
A_M1_35_447	verplecht	verplegen	v(participle,past)	
A_M1_35_446	in	in	adp()	
A_M1_35_446	sanghe	zang	n(sing)	
A_M1_35_446	ende	en	conj(coord)	
A_M1_35_446	in	in	adp()	
A_M1_35_446	rime	rijm	n(plu)	
A_M1_35_446	slecht	slecht	adj()	
A_M1_35_448	ende	en	conj(coord)	
A_M1_35_448	men	men	pron(indef)	
A_M1_35_448	caens	kunnen+het	v(fin,pres,aux_cop)+pron(pers,3,sing)	
A_M1_35_448	niet	niet	adv(neg)	
A_M1_35_448	bescauwen	beschouwen	v(infin)	
A_M1_35_449	mi	ik	pron(pers,1,sing)	
A_M1_35_449	dincke	dunken	v(fin,pres,lex)	
A_M1_35_449	dat	dat	conj(subord)	
A_M1_35_449	al	al	num(indef)	
A_M1_35_449	die	de	art(def)	
A_M1_35_449	weerelt	wereld	n(sing)	
A_M1_35_449	vecht	vechten	v(fin,pres,lex)	
A_M1_35_450	ieghen	jegen	adp()	
A_M1_35_450	reenre	rein	adj()	
A_M1_35_450	minnen	min	n(sing)	
A_M1_35_450	lecht	licht	n(sing)	
A_M1_35_451	ende	en	conj(coord)	
A_M1_35_451	volghen	volgen	v(fin,pres,lex)	
A_M1_35_451	ontrouwen	ontrouw	n(sing)	
A_M1_35_452	menech	menig	num(indef)	
A_M1_35_452	seghet	zeggen	v(fin,pres,lex)	
A_M1_35_452	nv	nu	adv(dem)	
A_M1_35_452	ende	en	conj(coord)	
A_M1_35_452	echt	echt	adv(gener)	
A_M1_35_453	mijn	mijn	pron(poss)	
A_M1_35_453	sin	zin	n(sing)	
A_M1_35_453	es	zijn	v(fin,pres,aux_cop)	
A_M1_35_453	so	zo	adv(gener)	
A_M1_35_453	ane	aan	adp()	
A_M1_35_453	v	gij	pron(pers,2,plu)	
A_M1_35_453	ghehecht	hechten	v(participle,past)	
A_M1_35_454	dat	dat	conj(subord)	
A_M1_35_454	ic	ik	pron(pers,1,sing)	
A_M1_35_454	wane	wanen	v(fin,pres,lex)	
A_M1_35_454	bedouwen	bedauwen	v(infin)	
A_M1_35_455	achtre	achter	adv(gener)	
A_M1_35_455	maken	maken	v(fin,pres,lex)	
A_M1_35_455	si	zij	pron(pers,3,plu)	
A_M1_35_455	de	de	art(def)	
A_M1_35_455	mouwen	mouw	n(plu)	
A_M1_36_456	iacop	jacob	n(prop)	
A_M1_36_456	du	du	pron(pers,2,sing)	
A_M1_36_456	hebs	hebben	v(fin,pres,aux_cop)	
A_M1_36_456	mi	ik	pron(pers,1,sing)	
A_M1_36_456	oit	ooit	adv(indef)	
A_M1_36_456	ghevraghet	vragen	v(participle,past)	
A_M1_36_457	ende	en	conj(coord)	
A_M1_36_457	ic	ik	pron(pers,1,sing)	
A_M1_36_457	andwort	antwoorden	v(fin,pres,lex)	
A_M1_36_457	ende	en	conj(coord)	
A_M1_36_457	verdraghet	verdragen+het	v(fin,pres,lex)+pron(pers,3,sing)	
A_M1_36_458	nu	nu	adv(dem)	
A_M1_36_458	willic	willen+ik	v(fin,pres,lex)+pron(pers,1,sing)	
A_M1_36_458	martin	martin	n(prop)	
A_M1_36_458	vraghen	vragen	v(infin)	
A_M1_36_459	waenstu	wanen+du	v(fin,pres,lex)+pron(pers,2,sing)	
A_M1_36_459	dat	dat	conj(subord)	
A_M1_36_459	mi	ik	pron(pers,1,sing)	
A_M1_36_459	wel	wel	adv(gener)	
A_M1_36_459	behaghet	behagen	v(fin,pres,lex)	
A_M1_36_460	dattu	dat+du	conj(subord)+pron(pers,2,sing)	
A_M1_36_460	mi	ik	pron(pers,1,sing)	
A_M1_36_460	dus	dus	adv(dem)	
A_M1_36_460	heues	hebben	v(fin,pres,aux_cop)	
A_M1_36_460	gheiaghet	jagen	v(participle,past)	
A_M1_36_461	neent	neen+het	adv(neg)+pron(pers,3,sing)	
A_M1_36_461	wistics	weten+ik+dat	v(fin,pres,lex)+pron(pers,1,sing)+pron(dem)	
A_M1_36_461	wien	wie	pron(inter)	
A_M1_36_461	claghen	klagen	v(infin)	
A_M1_36_462	martin	martijn	n(prop)	
A_M1_36_462	vrient	vriend	n(sing)	
A_M1_36_462	wat	wat	pron(inter)	
A_M1_36_462	helpt	helpen	v(fin,pres,lex)	
A_M1_36_462	gheclaghet	klagen	v(participle,past)	
A_M1_36_463	vrach	vragen	v(imper)	
A_M1_36_463	dattu	dat+du	conj(subord)+pron(pers,2,sing)	
A_M1_36_463	wilt	willen	v(fin,pres,lex)	
A_M1_36_463	ende	en	conj(coord)	
A_M1_36_463	ic	ik	pron(pers,1,sing)	
A_M1_36_463	ghewaghet	gewagen+het	v(fin,pres,lex)+pron(pers,2,sing)	
A_M1_36_464	ic	ik	pron(pers,1,sing)	
A_M1_36_464	wilt	willen+het	v(fin,pres,aux_cop)+pron(pers,3,sing)	
A_M1_36_464	al	al	adv(gener)	
A_M1_36_464	verdraghen	verdragen	v(infin)	
A_M1_36_465	god	god	n(sing)	
A_M1_36_465	helpe	helpen	v(imp)	
A_M1_36_465	mi	ik	pron(pers,1,sing)	
A_M1_36_465	want	want	conj(subord)	
A_M1_36_465	hi	hij	pron(pers,3,sing)	
A_M1_36_465	vermaghet	vermogen+het	v(fin,pres,lex)+pron(pers,3,sing)	
A_M1_36_466	dat	dat	conj(subord)	
A_M1_36_466	mijn	mijn	pron(poss)	
A_M1_36_466	sin	zin	n(sing)	
A_M1_36_466	so	zo	adv(resum)	
A_M1_36_466	werde	worden	v(fin,past,aux_cop)	
A_M1_36_466	ghevaghet	vagen	v(participle,past)	
A_M1_36_467	dats	dat+het	conj(subord)+pron(pers,3,sing)	
A_M1_36_467	di	du	pron(pers,2,sing)	
A_M1_36_467	moete	moeten	v(fin,pres,aux_cop)	
A_M1_36_467	behaghen	behagen	v(infin)	
A_M1_36_468	ic	ik	pron(pers,1,sing)	
A_M1_36_468	wille	willen	v(fin,pres,lex)	
A_M1_36_468	dandworde	de+antwoorden	art(def)+v(infin)	
A_M1_36_468	waghen	wagen	n(sing)	
A_M1_37_469	lieue	lief	adj()	
A_M1_37_469	iacop	jacob	n(prop)	
A_M1_37_469	so	zo	adv(resum)	
A_M1_37_469	berecht	berichten	v(imp)	
A_M1_37_469	mi	ik	pron(pers,1,sing)	
A_M1_37_470	of	of	conj(coord)	
A_M1_37_470	dat	dat	art(def)	
A_M1_37_470	volc	volk	n(sing)	
A_M1_37_470	al	al	num(indef)	
A_M1_37_470	comen	komen	v(fin,pres,lex)	
A_M1_37_470	si	zij	pron(pers,3,plu)	
A_M1_37_471	vanden	van+de	adp()+art(def)	
A_M1_37_471	eersten	eerst	num(ord)	
A_M1_37_471	adame	adam	n(prop)	
A_M1_37_472	twi	twi	adv(inter)	
A_M1_37_472	es	zijn	v(fin,pres,aux_cop)	
A_M1_37_472	deen	de+een	art(def)+num(def)	
A_M1_37_472	edel	edel	adj()	
A_M1_37_472	dander	de+ander	art(def)+pron(indef)	
A_M1_37_472	vri	vrij	adj()	
A_M1_37_473	die	de	art(def)	
A_M1_37_473	derde	derde	num(ord)	
A_M1_37_473	eyghin+man	eigenman	n(sing)	
A_M1_37_473	daer+bi	daarbij	pronadv(dem)	
A_M1_37_474	wanen	wanen	adv(inter)	
A_M1_37_474	quam	komen	v(fin,past,lex)	
A_M1_37_474	desen	deze	pron(dem)	
A_M1_37_474	name	naam	n(sing)	
A_M1_37_475	twi	twi	adv(inter)	
A_M1_37_475	seghemen	zeggen+men	v(fin,pres,lex)+pron(indef)	
A_M1_37_475	ten	te+de	adp()+art(def)	
A_M1_37_475	dorpere	dorper	n(sing)	
A_M1_37_475	spi	spij	interj()	
A_M1_37_476	ganc+wech	gaan+weg	v(imp)+v(prtcl)	
A_M1_37_476	god	god	n(sing)	
A_M1_37_476	onneere	oneren	v(fin,pres,lex)	
A_M1_37_476	di	du	pron(pers,2,sing)	
A_M1_37_477	du	du	pron(pers,2,sing)	
A_M1_37_477	best	zijn	v(fin,pres,aux_cop)	
A_M1_37_477	der	de	art(def)	
A_M1_37_477	weerelt	wereld	n(sing)	
A_M1_37_477	scame	schaam	n(sing)	
A_M1_37_478	die	de	art(def)	
A_M1_37_478	edele	edel	n(sing)	
A_M1_37_478	heuet	hebben	v(fin,pres,lex)	
A_M1_37_478	al	al	num(indef)	
A_M1_37_478	tghecri	het+gecri	art(def)+n(sing)	
A_M1_37_479	men	men	pron(indef)	
A_M1_37_479	seghet	zeggen	v(fin,pres,lex)	
A_M1_37_479	willecome	welkom	interj()	
A_M1_37_479	ghi	gij	pron(pers,2,plu)	
A_M1_37_480	dats	dat+zijn	pron(dem)+v(fin,pres,aux_cop)	
A_M1_37_480	dies	dat	pron(rel)	
A_M1_37_480	ic	ik	pron(pers,1,sing)	
A_M1_37_480	nu	nu	adv(dem)	
A_M1_37_480	vergrame	vergrammen	v(fin,pres,lex)	
A_M1_37_481	want	want	conj(coord)	
A_M1_37_481	het	het	pron(pers,3,sing)	
A_M1_37_481	dinct	dunken	v(fin,pres,aux_cop)	
A_M1_37_481	mi	ik	pron(pers,1,sing)	
A_M1_37_481	ontame	ontaam	adj()	
A_M1_38_482	martin	martijn	n(prop)	
A_M1_38_482	den	de	art(def)	
A_M1_38_482	meneghen	menige	n(sing)	
A_M1_38_482	es	zijn	v(fin,pres,aux_cop)	
A_M1_38_482	bedect	bedekken	v(participle,past)	
A_M1_38_483	die	de	art(def)	
A_M1_38_483	dinc	ding	n(plu)	
A_M1_38_483	daer	daar	pronadv(rel)	
A_M1_38_483	dijn	dijn	pron(poss)	
A_M1_38_483	sin	zin	n(sing)	
A_M1_38_483	vp	op	pronadv(rel)	
A_M1_38_483	mect	mikken	v(fin,pres,lex)	
A_M1_38_484	ende	en	conj(coord)	
A_M1_38_484	du	du	pron(pers,2,sing)	
A_M1_38_484	vraghes	vragen	v(fin,pres,lex)	
A_M1_38_484	wel	wel	adv(gener)	
A_M1_38_484	verre	ver	adv(gener)	
A_M1_38_485	want	want	conj(subord)	
A_M1_38_485	heuet	hebben	v(fin,pres,aux_cop)	
A_M1_38_485	een	een	art(indef)	
A_M1_38_485	persemier	persemier	n(sing)	
A_M1_38_485	geblect	blekken	v(participle,past)	
A_M1_38_486	enten	en+de	conj(coord)+art(def)	
A_M1_38_486	lieden	lieden	n(plu)	
A_M1_38_486	thare	het+haar	pron(pers,3,sing)+pron(poss)	
A_M1_38_486	ontpect	ontpikken	v(participle,past)	
A_M1_38_487	so	zo	adv(resum)	
A_M1_38_487	wille	willen	v(fin,pres,aux_cop)	
A_M1_38_487	hi	hij	pron(pers,3,sing)	
A_M1_38_487	sonder	zonder	adp()	
A_M1_38_487	merre	meer	num(indef)	
A_M1_38_488	onder	onder	adp()	
A_M1_38_488	die	de	art(def)	
A_M1_38_488	edele	edel	n(plu)	
A_M1_38_488	sijn	zijn	v(fin,pres,aux_cop)	
A_M1_38_488	ghetrect	trekken	v(participle,past)	
A_M1_38_489	al	al	conj(subord)	
A_M1_38_489	ware	zijn	v(fin,past,aux_cop)	
A_M1_38_489	hi	hij	pron(pers,3,sing)	
A_M1_38_489	c+fout	honderdvoud	num(def)	
A_M1_38_489	beulect	bevlekken	v(participle,past)	
A_M1_38_490	tghelt	dat+geld	art(def)+n(sing)	
A_M1_38_490	claerten	klaren+hem	n(prop)	
A_M1_38_490	vanden	van+de	adp()+art(def)	
A_M1_38_490	terre	teer	n(sing)	
A_M1_38_491	dits	dit+zijn	pron(dem)+v(fin,pres,aux_cop)	
A_M1_38_491	die	de	art(def)	
A_M1_38_491	dinc	ding	n(sing)	
A_M1_38_491	die	de	pron(rel)	
A_M1_38_491	lieden	lieden	n(plu)	
A_M1_38_491	wect	wekken	v(fin,pres,lex)	
A_M1_38_492	ende	en	conj(coord)	
A_M1_38_492	menich	menig	num(indef)	
A_M1_38_492	sins	zijn	pron(poss)	
A_M1_38_492	te	te	adp()	
A_M1_38_492	winne	winnen	v(infin)	
A_M1_38_492	trect	trekken	v(fin,pres,lex)	
A_M1_38_493	ende	en	conj(coord)	
A_M1_38_493	maecter	maken+er	v(fin,pres,lex)+pron(pers,3,sing)	
A_M1_38_493	gode	god	n(sing)	
A_M1_38_493	om	om	adp()	
A_M1_38_493	erre	erre	adj()	
A_M1_38_494	entie	en+de	conj(coord)+art(def)	
A_M1_38_494	ziele	ziel	n(sing)	
A_M1_38_494	in	in	adp()	
A_M1_38_494	die	de	art(def)	
A_M1_38_494	werre	war	n(sing)	
A_M1_39_495	nv	nu	adv(dem)	
A_M1_39_495	waent	wanen	v(fin,pres,lex)	
A_M1_39_495	sulc	zulk	pron(indef)	
A_M1_39_495	dat	dat	conj(subord)	
A_M1_39_495	tfolc	het+volk	art(def)+n(sing)	
A_M1_39_495	eyghijn	eigen	adj()	
A_M1_39_496	comen	komen	v(participle,past)	
A_M1_39_496	es	zijn	v(fin,pres,aux_cop)	
A_M1_39_496	vanden	van+de	adp()+art(def)	
A_M1_39_496	quaden	kwaad	adj()	
A_M1_39_496	cayhijn	ka•n	n(prop)	
A_M1_39_497	die	de	pron(rel)	
A_M1_39_497	vermorde	vermoorden	v(fin,past,lex)	
A_M1_39_497	abelle	abel	n(prop)	
A_M1_39_498	ende	en	conj(coord)	
A_M1_39_498	dien	die	pron(rel)	
A_M1_39_498	god	god	n(sing)	
A_M1_39_498	verdoemt	verdoemd	adj()	
A_M1_39_498	hiet	heten	v(fin,past,aux_cop)	
A_M1_39_498	sijn	zijn	v(infin)	
A_M1_39_499	dit	dit	pron(dem)	
A_M1_39_499	en	en	adv(neg)	
A_M1_39_499	es	zijn	v(fin,pres,aux_cop)	
A_M1_39_499	niet	niet	adv(neg)	
A_M1_39_499	waer	waar	adj()	
A_M1_39_499	martijn	martijn	n(prop)	
A_M1_39_500	bi	bij	adp()	
A_M1_39_500	redenen	reden	n(plu)	
A_M1_39_500	die	die	pron(rel)	
A_M1_39_500	ic	ik	pron(pers,1,sing)	
A_M1_39_500	telle	tellen	v(fin,pres,lex)	
A_M1_39_501	want	want	conj(subord)	
A_M1_39_501	al	al	num(indef)	
A_M1_39_501	dat	dat	art(def)	
A_M1_39_501	gheslachte	geslacht	n(sing)	
A_M1_39_501	sijn	zijn	v(fin,pres,aux_cop)	
A_M1_39_502	bescrijft	beschrijven	v(fin,pres,lex)	
A_M1_39_502	ons	wij	pron(pers,1,plu)	
A_M1_39_502	die	de	art(def)	
A_M1_39_502	bibele	bijbel	n(sing)	
A_M1_39_502	fijn	fijn	adj()	
A_M1_39_503	verdranc	verdrinken	v(fin,past,lex)	
A_M1_39_503	die	de	art(def)	
A_M1_39_503	louie	luvie	n(sing)	
A_M1_39_503	felle	fel	adj()	
A_M1_39_504	maer	maar	conj(coord)	
A_M1_39_504	dat	dat	conj(subord)	
A_M1_39_504	dorplijc	dorpelijk	adj()	
A_M1_39_504	venijn	venijn	n(sing)	
A_M1_39_505	dat	dat	conj(subord)	
A_M1_39_505	caym	ka•n	n(prop)	
A_M1_39_505	drouch	dragen	v(fin,past,lex)	
A_M1_39_505	dats	dat+zijn	pron(dem)+v(fin,pres,aux_cop)	
A_M1_39_505	noch	noch	adv(gener)	
A_M1_39_505	anschijn	aanschijn	adv(gener)	
A_M1_39_506	an	aan	adp()	
A_M1_39_506	meneghen	menig	num(indef)	
A_M1_39_506	die	die	pron(rel)	
A_M1_39_506	ic	ik	pron(pers,1,sing)	
A_M1_39_506	telle	tellen	v(fin,pres,lex)	
A_M1_39_507	van	van	adp()	
A_M1_39_507	herten	hart	n(sing)	
A_M1_39_507	sijn	zijn	pron(poss)	
A_M1_39_507	gheselle	gezel	n(sing)	
A_M1_40_508	sulc	zulk	pron(indef)	
A_M1_40_508	waent	wanen	v(fin,pres,lex)	
A_M1_40_508	dat	dat	conj(subord)	
A_M1_40_508	vanden	van+de	art(def)+adp()	
A_M1_40_508	quaden	kwaad	adj()	
A_M1_40_508	cam	cham	n(prop)	
A_M1_40_509	doe	toen	conj(subord)	
A_M1_40_509	noe	noach	n(prop)	
A_M1_40_509	sijn	zijn	pron(poss)	
A_M1_40_509	vader	vader	n(sing)	
A_M1_40_509	was	zijn	v(fin,past,aux_cop)	
A_M1_40_509	gram	gram	adj()	
A_M1_40_510	want	want	conj(subord)	
A_M1_40_510	hine	hij+hij	pron(pers,3,sing)+pron(pers,3,sing)	
A_M1_40_510	niet	niet	adv(neg)	
A_M1_40_510	en	ne	adv(neg)	
A_M1_40_510	decte	dekken	v(fin,past,lex)	
A_M1_40_511	dat	het	art(def)	
A_M1_40_511	eyghin	eigen	adj()	
A_M1_40_511	volc	volk	n(sing)	
A_M1_40_511	van	van	adp()	
A_M1_40_511	hem	hij	pron(pers,3,sing)	
A_M1_40_511	quam	komen	v(fin,past,lex)	
A_M1_40_512	want	want	conj(subord)	
A_M1_40_512	hem	hij	pron(pers,3,sing)	
A_M1_40_512	sijns	zijn	pron(poss)	
A_M1_40_512	vader	vader	n(sing)	
A_M1_40_512	vlouc	vloek	n(sing)	
A_M1_40_512	mesquam	miskomen	v(fin,past,lex)	
A_M1_40_513	hi	hij	pron(pers,3,sing)	
A_M1_40_513	dolde	dolen	v(fin,past,lex)	
A_M1_40_513	diere	die+er	pron(rel)+pronadv(pers)	
A_M1_40_513	vp	op	adp()	
A_M1_40_513	mecte	mikken	v(fin,past,lex)	
A_M1_40_514	al	al	num(indef)	
A_M1_40_514	vindmen	vinden+men	v(fin,pres,lex)+pron(indef)	
A_M1_40_514	dattie	dat+de	conj(subord)+art(def)	
A_M1_40_514	goede	goed	adj()	
A_M1_40_514	ram	ram	n(sing)	
A_M1_40_515	dicken	dik	adv(gener)	
A_M1_40_515	wint	winnen	v(fin,pres,lex)	
A_M1_40_515	dongaue	de+ongaaf	art(def)+adj()	
A_M1_40_515	lam	lam	n(sing)	
A_M1_40_516	dits	dit+zijn	pron(dem)+v(fin,pres,aux_cop)	
A_M1_40_516	der	de	art(def)	
A_M1_40_516	rudarise	rudaris	n(sing)	
A_M1_40_516	secte	sekte	n(sing)	
A_M1_40_517	vanden	van+de	adp()+art(def)	
A_M1_40_517	edelen	edel	adj()	
A_M1_40_517	abraham	abraham	n(prop)	
A_M1_40_518	quam	komen	v(fin,past,lex)	
A_M1_40_518	eyghin	eigen	adj()	
A_M1_40_518	volc	volk	n(sing)	
A_M1_40_518	als	als	conj(comp)	
A_M1_40_518	ic	ik	pron(pers,1,sing)	
A_M1_40_518	vernam	vernemen	v(fin,past,lex)	
A_M1_40_519	dat	dat	conj(subord)	
A_M1_40_519	oint	ooit	adv(indef)	
A_M1_40_519	ter	te+de	adp()+art(def)	
A_M1_40_519	eeren	eer	n(sing)	
A_M1_40_519	trecte	trekken	v(fin,past,lex)	
A_M1_40_520	noch	nog	conj(coord)	
A_M1_40_520	noit	nooit	adv(neg)	
A_M1_40_520	hem	hij	pron(pers,3,sing)	
A_M1_40_520	beulecte	bevlekken	v(fin,past,lex)	
A_M1_41_521	martin	martijn	n(prop)	
A_M1_41_521	tduudsche	het+duitse	art(def)+adj()	
A_M1_41_521	loy	looi	n(sing)	
A_M1_41_521	vertelt	vertellen	v(fin,pres,lex)	
A_M1_41_522	dat	dat	conj(subord)	
A_M1_41_522	van	van	adp()	
A_M1_41_522	onrechtre	onrecht	adj()	
A_M1_41_522	ghewelt	geweld	n(sing)	
A_M1_41_523	eyghindoem	eigendom	n(sing)	
A_M1_41_523	es	zijn	v(fin,pres,aux_cop)	
A_M1_41_523	comen	komen	v(participle,past)	
A_M1_41_524	alse	als	conj(comp)	
A_M1_41_524	een	een	art(indef)	
A_M1_41_524	prinche	prins	n(sing)	
A_M1_41_524	verwan	verwinnen	v(fin,past,lex)	
A_M1_41_524	wijch	wijg	n(sing)	
A_M1_41_524	vp	op	adp()	
A_M1_41_524	tvelt	het+veld	art(def)+n(sing)	
A_M1_41_525	ende	en	conj(coord)	
A_M1_41_525	sine	zijn	pron(poss)	
A_M1_41_525	viande	vijand	n(plu)	
A_M1_41_525	hadde	hebben	v(fin,past,aux_cop)	
A_M1_41_525	gheuelt	vellen	v(participle,past)	
A_M1_41_526	dat	dat	pron(dem)	
A_M1_41_526	hiet	heten	v(fin,past,aux_cop)	
A_M1_41_526	hi	hij	pron(pers,3,sing)	
A_M1_41_526	verdoemen	verdoemen	v(infin)	
A_M1_41_527	ende	en	conj(coord)	
A_M1_41_527	vercopen	verkopen	v(infin)	
A_M1_41_527	omme	om	adp()	
A_M1_41_527	ghelt	geld	n(sing)	
A_M1_41_528	dits	dit+zijn	pron(dem)+v(fin,pres,aux_cop)	
A_M1_41_528	volc	volk	n(sing)	
A_M1_41_528	dat	dat	pron(rel)	
A_M1_41_528	men	men	pron(indef)	
A_M1_41_528	noch	nog	adv(gener)	
A_M1_41_528	eyghin	eigen	adj()	
A_M1_41_528	telt	tellen	v(fin,pres,lex)	
A_M1_41_529	ende	en	conj(coord)	
A_M1_41_529	men	men	pron(indef)	
A_M1_41_529	scalc	schalk	n(sing)	
A_M1_41_529	hort	horen	v(fin,pres,lex)	
A_M1_41_529	noemen	noemen	v(infin)	
A_M1_41_530	natuere	natuur	n(sing)	
A_M1_41_530	gaet	gaan	v(fin,pres,lex)	
A_M1_41_530	haren	haar	pron(poss)	
A_M1_41_530	rechten	recht	adj()	
A_M1_41_530	telt	telt	n(sing)	
A_M1_41_531	maer	maar	conj(coord)	
A_M1_41_531	auenture	avontuur	n(sing)	
A_M1_41_531	wast	wassen	pron(pers,3,sing)+v(fin,past,aux_cop)	
A_M1_41_531	ende	en	conj(coord)	
A_M1_41_531	snelt	snellen	v(fin,pres,lex)	
A_M1_41_532	meneghen	menig	num(indef)	
A_M1_41_532	te	te	adp()	
A_M1_41_532	vromen	vroom	n(sing)	
A_M1_41_533	ende	en	conj(coord)	
A_M1_41_533	tonneeren	te+oneer	adp()+n(sing)	
A_M1_41_533	hem	hij	pron(pers,3,plu)	
A_M1_41_533	somen	som	pron(indef)	
A_M1_42_534	god	god	n(sing)	
A_M1_42_534	ghedoghet	gedogen	v(fin,pres,lex)	
A_M1_42_534	om	om	adp()	
A_M1_42_534	onse	ons	pron(poss)	
A_M1_42_534	mesdaet	misdaad	n(sing)	
A_M1_42_535	dat	dat	conj(subord)	
A_M1_42_535	een	een	art(indef)	
A_M1_42_535	gheslachte	geslacht	n(sing)	
A_M1_42_535	neder	neder	adv(gener)	
A_M1_42_535	gaet	gaan	v(fin,pres,lex)	
A_M1_42_536	ende	en	conj(coord)	
A_M1_42_536	een	een	art(indef)	
A_M1_42_536	ander	ander	pron(indef)	
A_M1_42_536	riset	rijzen	v(fin,pres,lex)	
A_M1_42_537	wie	wie	pron(inter)	
A_M1_42_537	mach	mogen	v(fin,pres,aux_cop)	
A_M1_42_537	weten	weten	v(infin)	
A_M1_42_537	sinen	zijn	pron(poss)	
A_M1_42_537	staet	staat	n(sing)	
A_M1_42_538	hi	hij	pron(pers,3,sing)	
A_M1_42_538	weet	weten	v(fin,pres,lex)	
A_M1_42_538	wiene	wie+hij	pron(rel)+pron(pers,3,sing)	
A_M1_42_538	mint	minnen	v(fin,pres,lex)	
A_M1_42_538	of	of	conj(coord)	
A_M1_42_538	haet	haten	v(fin,pres,lex)	
A_M1_42_539	die	die	pron(rel)	
A_M1_42_539	aldie	al+de	art(def)+adj()	
A_M1_42_539	weerelt	wereld	n(sing)	
A_M1_42_539	spiset	spijzen	v(fin,pres,lex)	
A_M1_42_540	die	die	pron(rel)	
A_M1_42_540	meest	meest	adv(gener)	
A_M1_42_540	tsinen	te+zijn	adp()+pron(poss)	
A_M1_42_540	dienste	dienst	n(sing)	
A_M1_42_540	staet	staan	v(fin,pres,lex)	
A_M1_42_541	men	men	pron(indef)	
A_M1_42_541	siet	zien	v(fin,pres,lex)	
A_M1_42_541	dat	dat	conj(subord)	
A_M1_42_541	sijn	zijn	pron(poss)	
A_M1_42_541	oyr	oir	n(sing)	
A_M1_42_541	ende	en	conj(coord)	
A_M1_42_541	sijn	zijn	pron(poss)	
A_M1_42_541	saet	zaad	n(sing)	
A_M1_42_542	meest	meest	adv(gener)	
A_M1_42_542	in	in	adp()	
A_M1_42_542	die	de	art(def)	
A_M1_42_542	eere	eer	n(sing)	
A_M1_42_542	gheriset	gerijzen	v(fin,pres,lex)	
A_M1_42_543	dan	dan	conj(comp)	
A_M1_42_543	alse	als	conj(subord)	
A_M1_42_543	tfolc	het+volk	art(def)+n(sing)	
A_M1_42_543	wert	worden	v(fin,pres,aux_cop)	
A_M1_42_543	so	zo	adv(dem)	
A_M1_42_543	quaet	kwaad	adj()	
A_M1_42_544	dat	dat	conj(subord)	
A_M1_42_544	die	de	art(def)	
A_M1_42_544	wet	wet	n(sing)	
A_M1_42_544	gods	god	n(prop)	
A_M1_42_544	versmaet	versmaden	v(fin,pres,lex)	
A_M1_42_545	wert	worden	v(fin,pres,aux_cop)	
A_M1_42_545	het	het	pron(pers,3,sing)	
A_M1_42_545	te	te	adp()	
A_M1_42_545	valle	val	n(sing)	
A_M1_42_545	ghewiset	wijzen	v(participle,past)	
A_M1_42_546	ende	en	conj(coord)	
A_M1_42_546	van	van	adp()	
A_M1_42_546	niemene	niemand	pron(indef)	
A_M1_42_546	ghepriset	prijzen	v(participle,past)	
A_M1_43_547	mine	ik+ne	pron(pers,1,sing)+adv(neg)	
A_M1_43_547	rouc	roeken	v(fin,pres,lex)	
A_M1_43_547	wiene	wie+hij	pron(rel)+pron(pers,3,sing)	
A_M1_43_547	drouch	dragen	v(fin,past,lex)	
A_M1_43_547	of	of	conj(coord)	
A_M1_43_547	wan	winnen	v(fin,past,lex)	
A_M1_43_548	daer	daar	adv(dem)	
A_M1_43_548	trouwe	trouw	n(sing)	
A_M1_43_548	ende	en	conj(coord)	
A_M1_43_548	doghet	deugd	n(sing)	
A_M1_43_548	es	zijn	v(fin,pres,aux_cop)	
A_M1_43_548	an	aan	adp()	
A_M1_43_549	ende	en	conj(coord)	
A_M1_43_549	reene	rein	adj()	
A_M1_43_549	es	zijn	v(fin,pres,aux_cop)	
A_M1_43_549	van	van	adp()	
A_M1_43_549	seden	zede	n(plu)	
A_M1_43_550	huut	uit	adp()	
A_M1_43_550	wat	wat	pron(inter)	
A_M1_43_550	lande	land	n(sing)	
A_M1_43_550	dat	dat	pron(rel)	
A_M1_43_550	hi	hij	pron(pers,3,sing)	
A_M1_43_550	ran	rinnen	v(fin,past,lex)	
A_M1_43_551	dats	dat+zijn	pron(dem)+v(fin,pres,aux_cop)	
A_M1_43_551	dien	die	pron(rel)	
A_M1_43_551	ic	ik	pron(pers,1,sing)	
A_M1_43_551	der	de	art(def)	
A_M1_43_551	namen	naam	n(plu)	
A_M1_43_551	an	aan	adp()	
A_M1_43_552	vander	van+de	adp()+art(def)	
A_M1_43_552	edelheden	edelheid	n(sing)	
A_M1_43_553	al	al	conj(subord)	
A_M1_43_553	vercochtmen	verkopen+men	v(fin,past,lex)+pron(indef)	
A_M1_43_553	selken	zulk	pron(dem)	
A_M1_43_553	man	man	n(sing)	
A_M1_43_554	hens	het+en+zijn	pron(pers,3,sing)+conj(neg)+v(fin,pres,lex)	
A_M1_43_554	niemen	niemand	pron(indef)	
A_M1_43_554	die	die	pron(rel)	
A_M1_43_554	hem	hij	pron(pers,3,sing)	
A_M1_43_554	gherouen	geroven	v(infin)	
A_M1_43_554	can	kunnen	v(fin,pres,aux_cop)	
A_M1_43_555	siere	zijn	pron(poss)	
A_M1_43_555	doghedachticheden	deugdachtigheid	n(sing)	
A_M1_43_556	mi	ik	pron(pers,1,sing)	
A_M1_43_556	dincke	dunken	v(fin,pres,lex)	
A_M1_43_556	dat	dat	conj(subord)	
A_M1_43_556	edelheit	edelheid	n(sing)	
A_M1_43_556	began	beginnen	v(fin,past,lex)	
A_M1_43_557	huter	uit+de	adp()+art(def)	
A_M1_43_557	reinre	rein	adj()	
A_M1_43_557	herten	hart	n(sing)	
A_M1_43_557	dan	dan	adv(dem)	
A_M1_43_558	met	met	adp()	
A_M1_43_558	dogheden	deugd	n(plu)	
A_M1_43_558	besneden	besnijden	v(participle,past)	
A_M1_43_559	ende	en	conj(coord)	
A_M1_43_559	beghint	beginnen	v(fin,pres,lex)	
A_M1_43_559	noch	nog	adv(gener)	
A_M1_43_559	heden	heden	adv(gener)	
A_M1_44_560	martijn	martijn	n(prop)	
A_M1_44_560	oftu	of+du	conj(subord)+pron(pers,2,sing)	
A_M1_44_560	clemmen	klimmen	v(infin)	
A_M1_44_560	wout	willen	v(fin,past,aux_cop)	
A_M1_44_561	ter	te+de	adp()+art(def)	
A_M1_44_561	edelheit	edelheid	n(sing)	
A_M1_44_561	drie	drie	num(card)	
A_M1_44_561	pointe	punt	n(plu)	
A_M1_44_561	hout	houden	v(imp)	
A_M1_44_562	die	die	pron(rel)	
A_M1_44_562	jc	ik	pron(pers,1,sing)	
A_M1_44_562	di	du	pron(pers,2,sing)	
A_M1_44_562	sal	zullen	v(fin,pres,aux_cop)	
A_M1_44_562	leeren	leren	v(infin)	
A_M1_44_563	wes	wezen	v(imp)	
A_M1_44_563	nerachtich	neerachtig	adj()	
A_M1_44_563	ende	en	conj(coord)	
A_M1_44_563	minne	minnen	v(imp)	
A_M1_44_563	niet	niet	adv(neg)	
A_M1_44_563	tgout	het+goud	art(def)+n(sing)	
A_M1_44_564	wes	wezen	v(imp)	
A_M1_44_564	eerachtich	eerachtig	adj()	
A_M1_44_564	menich+fout	menigvoud	num(indef)	
A_M1_44_565	dese	deze	pron(dem)	
A_M1_44_565	twee	twee	num(card)	
A_M1_44_565	hout	houden	v(imp)	
A_M1_44_565	niet	niet	adv(neg)	
A_M1_44_565	vor	voor	adp()	
A_M1_44_565	sceren	scheren	n(sing)	
A_M1_44_566	wes	wezen	v(imp)	
A_M1_44_566	werachtich	weerachtig	adj()	
A_M1_44_566	ende	en	conj(coord)	
A_M1_44_566	stout	stout	adj()	
A_M1_44_567	dese	deze	pron(dem)	
A_M1_44_567	drie	drie	num(card)	
A_M1_44_567	pointe	punt	n(plu)	
A_M1_44_567	vaste	vast	adj()	
A_M1_44_567	hout	houden	v(imp)	
A_M1_44_568	so	zo	adv(resum)	
A_M1_44_568	bestu	zijn+du	v(fin,pres,aux_cop)+pron(pers,2,sing)	
A_M1_44_568	vul	vol	adj()	
A_M1_44_568	eeren	eer	n(sing)	
A_M1_44_569	hennes	het+ne+zijn	pron(pers,3,sing)+adv(neg)+v(fin,pres,lex)	
A_M1_44_569	niemen	niemand	pron(indef)	
A_M1_44_569	jonc	jong	adj()	
A_M1_44_569	no	no	conj(coord)	
A_M1_44_569	out	oud	adj()	
A_M1_44_570	dien	die	pron(rel)	
A_M1_44_570	du	du	pron(pers,2,sing)	
A_M1_44_570	scal	schalk	n(sing)	
A_M1_44_570	dan	dan	conj(comp)	
A_M1_44_570	dincken	dunken	v(infin)	
A_M1_44_570	sout	zullen	v(fin,past,aux_cop)	
A_M1_44_571	sonder	zonder	adp()	
A_M1_44_571	die	de	art(def)	
A_M1_44_571	weldaet	weldaad	n(sing)	
A_M1_44_571	deeren	deren	v(infin)	
A_M1_44_572	ende	en	conj(coord)	
A_M1_44_572	doghet	deugd	n(sing)	
A_M1_44_572	tondogheden	te+ondeugd	adp()+n(sing)	
A_M1_44_572	keeren	keren	v(infin)	
A_M1_45_573	vvaerheit	waarheid	adv(gener)	
A_M1_45_573	jacop	jacob	n(prop)	
A_M1_45_573	ic	ik	pron(pers,1,sing)	
A_M1_45_573	hebbe	hebben	v(fin,pres,aux_cop)	
A_M1_45_573	verstaen	verstaan	v(participle,past)	
A_M1_45_574	vut	uit	adp()	
A_M1_45_574	dinen	dijn	pron(poss)	
A_M1_45_574	monde	mond	n(sing)	
A_M1_45_574	redene	reden	n(sing)	
A_M1_45_574	gaen	gaan	v(infin)	
A_M1_45_575	vul	vol	adj()	
A_M1_45_575	rechtre	recht	adj()	
A_M1_45_575	waerhede	waarheid	n(sing)	
A_M1_45_576	al	al	conj(subord)	
A_M1_45_576	spreect	spreken	v(fin,pres,lex)	
A_M1_45_576	in	in	adp()	
A_M1_45_576	sinen	zijn	pron(poss)	
A_M1_45_576	bouc	boek	n(sing)	
A_M1_45_576	alaen	alan	n(prop)	
A_M1_45_577	dat	dat	conj(subord)	
A_M1_45_577	edelheit	edelheid	n(sing)	
A_M1_45_577	quam	komen	v(fin,past,lex)	
A_M1_45_577	sonder	zonder	adp()	
A_M1_45_577	waen	waan	n(sing)	
A_M1_45_578	van	van	adp()	
A_M1_45_578	verhouderder	verouden	adj()	
A_M1_45_578	rijcheden	rijkheid	n(sing)	
A_M1_45_579	die	de	art(def)	
A_M1_45_579	delheit	edelheid	n(sing)	
A_M1_45_579	mach	mogen	v(fin,pres,aux_cop)	
A_M1_45_579	men	men	pron(indef)	
A_M1_45_579	af+dwaen	afdwaan	v(infin)	
A_M1_45_580	wertmen	worden+men	v(fin,past,aux_cop)+pron(indef)	
A_M1_45_580	arem	arm	adj()	
A_M1_45_580	so	zo	adv(resum)	
A_M1_45_580	eist	zijn+het	v(fin,pres,aux_cop)+pron(pers,3,sing)	
A_M1_45_580	ghedaen	doen	v(participle,past)	
A_M1_45_581	men	men	pron(indef)	
A_M1_45_581	valt	vallen	v(fin,pres,lex)	
A_M1_45_581	in	in	adp()	
A_M1_45_581	doude	de+oud	art(def)+adj()	
A_M1_45_581	steden	stad	n(sing)	
A_M1_45_582	maer	maar	conj(coord)	
A_M1_45_582	reene	rein	adj()	
A_M1_45_582	edelheit	edelheid	n(sing)	
A_M1_45_582	dats	dat+zijn	pron(dem)+v(fin,pres,aux_cop)	
A_M1_45_582	i	een	art(indef)	
A_M1_45_582	traen	traan	n(sing)	
A_M1_45_583	die	die	pron(rel)	
A_M1_45_583	dorper	dorper	adj()	
A_M1_45_583	herte	hart	n(sing)	
A_M1_45_583	nie	niet	adv(neg)	
A_M1_45_583	conste	kunnen	v(fin,past,aux_cop)	
A_M1_45_583	ontfaen	ontvangen	v(infin)	
A_M1_45_584	die	die	pron(dem)	
A_M1_45_584	gheuet	geven	v(fin,pres,lex)	
A_M1_45_584	dor	door	adp()	
A_M1_45_584	smeinschen	de+mens	art(def)+n(sing)	
A_M1_45_584	beden	bede	n(plu)	
A_M1_45_585	god	god	n(prop)	
A_M1_45_585	in	in	adp()	
A_M1_45_585	sire	zijn	pron(poss)	
A_M1_45_585	miltheden	mildheid	n(sing)	
A_M1_46_586	iacop	jacob	n(prop)	
A_M1_46_586	ic	ik	pron(pers,1,sing)	
A_M1_46_586	hore	horen	v(fin,pres,lex)	
A_M1_46_586	an	aan	adp()	
A_M1_46_586	dine	dijn	pron(poss)	
A_M1_46_586	wort	woord	n(sing)	
A_M1_46_587	dat	dat	conj(subord)	
A_M1_46_587	alle	al	pron(indef)	
A_M1_46_587	menschelike	menselijk	adj()	
A_M1_46_587	ghebort	geboorte	n(sing)	
A_M1_46_588	van	van	adp()	
A_M1_46_588	adame	adam	n(prop)	
A_M1_46_588	begonde	beginnen	v(fin,past,lex)	
A_M1_46_589	hoe	hoe	adv(inter)	
A_M1_46_589	es	zijn	v(fin,pres,aux_cop)	
A_M1_46_589	die	de	art(def)	
A_M1_46_589	maechscap	maagschap	n(sing)	
A_M1_46_589	so	zo	adv(resum)	
A_M1_46_589	te+stort	testoren	v(participle,past)	
A_M1_46_590	dat	dat	conj(subord)	
A_M1_46_590	deen	de+een	art(def)+num(card)	
A_M1_46_590	den	de	art(def)	
A_M1_46_590	andren	ander	pron(indef)	
A_M1_46_590	vermort	vermoorden	v(fin,pres,lex)	
A_M1_46_591	dits	dit+zijn	pron(dem)+v(fin,pres,aux_cop)	
A_M1_46_591	iammer	jammer	n(sing)	
A_M1_46_591	ende	en	conj(coord)	
A_M1_46_591	sonde	zonde	n(sing)	
A_M1_46_592	nijt	nijd	adv(neg)	
A_M1_46_592	es	zijn	v(fin,pres,aux_cop)	
A_M1_46_592	weder	weder	adv(gener)	
A_M1_46_592	ende	en	conj(coord)	
A_M1_46_592	voort	voort	adv(gener)	
A_M1_46_593	meester	meester	n(sing)	
A_M1_46_593	int	in+het	adp()+art(def)	
A_M1_46_593	lant	land	n(sing)	
A_M1_46_593	ende	en	conj(coord)	
A_M1_46_593	in	in	adp()	
A_M1_46_593	die	de	art(def)	
A_M1_46_593	port	poort	n(sing)	
A_M1_46_594	tfolc	dat+volk	art(def)+n(sing)	
A_M1_46_594	es	zijn	v(fin,pres,aux_cop)	
A_M1_46_594	worden	worden	v(participle,past)	
A_M1_46_594	honde	hond	n(sing)	
A_M1_46_595	sech	zeggen	v(imp)	
A_M1_46_595	mi	ik	pron(pers,1,sing)	
A_M1_46_595	alse	als	conj(subord)	
A_M1_46_595	diet	die+het	pron(rel)+pron(pers,3,sing)	
A_M1_46_595	gherne	gaarne	adv(gener)	
A_M1_46_595	hort	horen	v(fin,pres,lex)	
A_M1_46_596	te	te	adp()	
A_M1_46_596	vraghene	vragen	v(infin)	
A_M1_46_596	bem	zijn	v(fin,pres,aux_cop)	
A_M1_46_596	ic	ik	pron(pers,1,sing)	
A_M1_46_596	becoort	bekoren	v(participle,past)	
A_M1_46_597	alse	als	conj(subord)	
A_M1_46_597	diet	die+het	pron(rel)+pron(pers,3,sing)	
A_M1_46_597	gherne	gaarne	adv(gener)	
A_M1_46_597	onder+vonde	ondervinden	v(fin,past,lex)	
A_M1_46_598	van	van	adp()	
A_M1_46_598	beghinne	begin	n(sing)	
A_M1_46_598	ten	te+de	adp()+art(def)	
A_M1_46_598	gronde	grond	n(sing)	
A_M1_47_599	martin	martijn	n(prop)	
A_M1_47_599	houerde	hovaart	n(sing)	
A_M1_47_599	ende	en	conj(coord)	
A_M1_47_599	nijt	nijd	adv(neg)	
A_M1_47_600	entie	en+de	conj(coord)+art(def)	
A_M1_47_600	alre+eerste	allereerst	adj()	
A_M1_47_600	strijt	strijd	n(sing)	
A_M1_47_601	begonste	beginnen	v(fin,past,lex)	
A_M1_47_601	in	in	adp()	
A_M1_47_601	hemelrike	hemelrijk	n(sing)	
A_M1_47_602	alse	als	adv(dem)	
A_M1_47_602	lucifer	lucifer	n(prop)	
A_M1_47_602	te	te	adp()	
A_M1_47_602	sire	zijn	pron(poss)	
A_M1_47_602	ontijt	ontijd	n(sing)	
A_M1_47_603	inden	in+de	adp()+art(def)	
A_M1_47_603	hemelschen	hemels	adj()	
A_M1_47_603	delijt	delijt	n(sing)	
A_M1_47_604	wilde	willen	v(fin,past,aux_cop)	
A_M1_47_604	sijn	zijn	v(infin)	
A_M1_47_604	gods	god	n(sing)	
A_M1_47_604	ghelike	gelijke	n(sing)	
A_M1_47_605	daer	daar	adv(dem)	
A_M1_47_605	viel	vallen	v(fin,past,lex)	
A_M1_47_605	hi	hij	pron(pers,3,sing)	
A_M1_47_605	inden	in+de	art(def)+adp()	
A_M1_47_605	helschen	hels	adj()	
A_M1_47_605	bijt	bijt	n(sing)	
A_M1_47_606	daer	daar	adv(rel)	
A_M1_47_606	hi	hij	pron(pers,3,sing)	
A_M1_47_606	nemmermeer	nimmermeer	adv(gener)	
A_M1_47_606	en	ne	adv(neg)	
A_M1_47_606	slijt	slijten	v(fin,pres,lex)	
A_M1_47_607	maer	maar	conj(coord)	
A_M1_47_607	bliuet	blijven	v(fin,pres,lex)	
A_M1_47_607	eewelike	eeuwelijk	adv(gener)	
A_M1_47_608	nu	nu	adv(dem)	
A_M1_47_608	sent	zenden	v(fin,pres,lex)	
A_M1_47_608	hi	hij	pron(pers,3,sing)	
A_M1_47_608	dor	door	adp()	
A_M1_47_608	die	de	art(def)	
A_M1_47_608	weerelt	wereld	n(sing)	
A_M1_47_608	wijt	wijd	adj()	
A_M1_47_609	mijn	mijn	pron(poss)	
A_M1_47_609	venijn	venijn	n(sing)	
A_M1_47_609	ende	en	conj(coord)	
A_M1_47_609	sijn	zijn	pron(poss)	
A_M1_47_609	vlijt	vlijt	n(sing)	
A_M1_47_610	ende	en	conj(coord)	
A_M1_47_610	wille	willen	v(fin,pres,lex)	
A_M1_47_610	dat	dat	conj(subord)	
A_M1_47_610	het	het	pron(pers,3,sing)	
A_M1_47_610	blike	blijken	v(fin,pres,lex)	
A_M1_47_611	alset	als+het	conj(comp)+pron(pers,3,sing)	
A_M1_47_611	doet	doen	v(fin,pres,lex)	
A_M1_47_611	iammerlike	jammerlijk	adv(gener)	
A_M1_48_612	twee	twee	num(card)	
A_M1_48_612	worde	woord	n(plu)	
A_M1_48_612	in	in	adp()	
A_M1_48_612	die	de	art(def)	
A_M1_48_612	weerelt	wereld	n(sing)	
A_M1_48_612	sijn	zijn	v(infin)	
A_M1_48_613	dats	dat+zijn	pron(dem)+v(fin,pres,aux_cop)	
A_M1_48_613	alleene	alleen	adv(gener)	
A_M1_48_613	mijn	mijn	pron(poss)	
A_M1_48_613	ende	en	conj(coord)	
A_M1_48_613	dijn	dijn	pron(poss)	
A_M1_48_614	mochtmen	mogen+men	v(fin,past,aux_cop)+pron(indef)	
A_M1_48_614	die	die	pron(rel)	
A_M1_48_614	verdriuen	verdrijven	v(infin)	
A_M1_48_615	pays	pais	n(sing)	
A_M1_48_615	ende	en	conj(coord)	
A_M1_48_615	vrede	vrede	n(sing)	
A_M1_48_615	bleue	blijven	v(fin,past,lex)	
A_M1_48_615	fijn	fijn	adj()	
A_M1_48_616	het	het	pron(pers,3,sing)	
A_M1_48_616	ware	zijn	v(fin,past,aux_cop)	
A_M1_48_616	al	al	pron(indef)	
A_M1_48_616	vri	vrij	adj()	
A_M1_48_616	ende	en	conj(coord)	
A_M1_48_616	niemen	niemand	pron(indef)	
A_M1_48_616	eyghijn	eigen	adj()	
A_M1_48_617	manne	man	n(plu)	
A_M1_48_617	metten	met+de	adp()+art(def)	
A_M1_48_617	wiuen	wijf	n(plu)	
A_M1_48_618	het	het	pron(pers,3,sing)	
A_M1_48_618	war	zijn	v(fin,past,aux_cop)	
A_M1_48_618	ghemeene	gemeen	adj()	
A_M1_48_618	tarwe	tarwe	n(sing)	
A_M1_48_618	ende	en	conj(coord)	
A_M1_48_618	wijn	wijn	n(sing)	
A_M1_48_619	ouer	over	adp()	
A_M1_48_619	zee	zee	n(sing)	
A_M1_48_619	noch	noch	conj(coord)	
A_M1_48_619	vpten	op+de	adp()+art(def)	
A_M1_48_619	rijn	rijn	n(prop)	
A_M1_48_620	ne	ne	adv(neg)	
A_M1_48_620	soudemen	zullen+men	v(fin,past,aux_cop)+pron(indef)	
A_M1_48_620	niemen	niemand	pron(indef)	
A_M1_48_620	ontliuen	ontlijven	v(infin)	
A_M1_48_621	nu	nu	adv(dem)	
A_M1_48_621	benemet	benemen	v(imp)	
A_M1_48_621	dat	dat	art(def)	
A_M1_48_621	venijn	venijn	n(sing)	
A_M1_48_622	van	van	adp()	
A_M1_48_622	ghiericheden	gierigheid	n(sing)	
A_M1_48_622	dit	dit	pron(dem)	
A_M1_48_622	martijn	martin	n(prop)	
A_M1_48_623	ende	en	conj(coord)	
A_M1_48_623	doet	doen	v(fin,pres,aux_cop)	
A_M1_48_623	al	al	num(indef)	
A_M1_48_623	achtre+bliuen	achterblijven	v(infin)	
A_M1_48_624	ende	en	conj(coord)	
A_M1_48_624	ander	ander	adj()	
A_M1_48_624	loy	looi	n(sing)	
A_M1_48_624	bescriuen	beschrijven	v(infin)	
A_M1_49_625	god	god	n(sing)	
A_M1_49_625	diet	die+het	pron(rel)+pron(pers,3,sing)	
A_M1_49_625	al	al	adv(gener)	
A_M1_49_625	bi	bij	adp()	
A_M1_49_625	redenen	reden	n(plu)	
A_M1_49_625	doet	doen	v(fin,pres,lex)	
A_M1_49_626	gaf	geven	v(fin,past,lex)	
A_M1_49_626	dat	dat	art(def)	
A_M1_49_626	wandel	wandel	adj()	
A_M1_49_626	herdsche	aards	adj()	
A_M1_49_626	goet	goed	n(sing)	
A_M1_49_627	der	de	art(def)	
A_M1_49_627	menscheit	mensheid	n(sing)	
A_M1_49_627	ghemeene	gemeen	adj()	
A_M1_49_628	dattere	dat+er	pron(rel)+pronadv(pers)	
A_M1_49_628	mede	mede	adv(gener)	
A_M1_49_628	ware	zijn	v(fin,past,aux_cop)	
A_M1_49_628	ghevoet	voeden	v(participle,past)	
A_M1_49_629	ende	en	conj(coord)	
A_M1_49_629	ghecleet	kleden	v(participle,past)	
A_M1_49_629	ende	en	conj(coord)	
A_M1_49_629	ghescoet	geschut	v(participle,past)	
A_M1_49_630	ende	en	conj(coord)	
A_M1_49_630	leuen	leven	v(infin)	
A_M1_49_630	souden	zullen	v(fin,past,aux_cop)	
A_M1_49_630	reene	rein	adj()	
A_M1_49_631	nu	nu	adv(dem)	
A_M1_49_631	es	zijn	v(fin,pres,aux_cop)	
A_M1_49_631	ghiericheit	gierigheid	n(sing)	
A_M1_49_631	so	zo	adv(gener)	
A_M1_49_631	verwoet	verwoed	adj()	
A_M1_49_632	dat	dat	conj(subord)	
A_M1_49_632	elc	elk	num(indef)	
A_M1_49_632	settet	zetten	v(fin,pres,lex)	
A_M1_49_632	sinen	zijn	pron(poss)	
A_M1_49_632	moet	moed	n(sing)	
A_M1_49_633	omme	om	adp()	
A_M1_49_633	al	al	adv(gener)	
A_M1_49_633	te	te	adp()	
A_M1_49_633	hebbene	hebben	v(infin)	
A_M1_49_633	alleene	alleen	adv(gener)	
A_M1_49_634	hier+omme	hierom	pronadv(dem)	
A_M1_49_634	stordmen	storten+men	v(fin,pres,lex)+pron(indef)	
A_M1_49_634	menschen	mens	n(plu)	
A_M1_49_634	bloet	bloed	n(sing)	
A_M1_49_635	hier+omme	hierom	pronadv(dem)	
A_M1_49_635	stichtmen	stichten+men	v(fin,pres,lex)+pron(indef)	
A_M1_49_635	metter	met+de	adp()+art(def)	
A_M1_49_635	spoet	spoed	n(sing)	
A_M1_49_636	borghe	burcht	n(plu)	
A_M1_49_636	ende	en	conj(coord)	
A_M1_49_636	hoghe	hoog	adj()	
A_M1_49_636	steene	steen	n(plu)	
A_M1_49_637	meneghen	menig	num(indef)	
A_M1_49_637	te	te	adp()	
A_M1_49_637	weene	wenen	v(infin)	
A_M1_50_638	iacop	jacob	n(prop)	
A_M1_50_638	ic	ik	pron(pers,1,sing)	
A_M1_50_638	hebbe	hebben	v(fin,pres,aux_cop)	
A_M1_50_638	wel	wel	adv(gener)	
A_M1_50_638	verstaen	verstaan	v(infin)	
A_M1_50_639	dat	dat	conj(subord)	
A_M1_50_639	het	het	pron(pers,3,sing)	
A_M1_50_639	waer	waar	adj()	
A_M1_50_639	es	zijn	v(fin,pres,aux_cop)	
A_M1_50_639	sonder	zonder	adp()	
A_M1_50_639	waen	waan	n(sing)	
A_M1_50_640	dattu	dat+du	conj(subord)+pron(pers,2,sing)	
A_M1_50_640	hier	hier	adv(dem)	
A_M1_50_640	heues	hebben	v(fin,pres,aux_cop)	
A_M1_50_640	ontbonden	ontbinden	v(participle,past)	
A_M1_50_641	goets	goed	n(sing)	
A_M1_50_641	es	zijn	v(fin,pres,aux_cop)	
A_M1_50_641	ghenouch	genoeg	adv(gener)	
A_M1_50_641	lietment	laten+men+het	v(fin,pres,aux_cop)+pron(indef)+pron(pers,3,sing)	
A_M1_50_641	gaen	gaan	v(infin)	
A_M1_50_642	int	in+dat	adp()+art(def)	
A_M1_50_642	ghemeene	gemeen	n(sing)	
A_M1_50_642	ende	en	conj(coord)	
A_M1_50_642	hem	hij	pron(pers,3,sing)	
A_M1_50_642	ontfaen	ontvangen	v(participle,past)	
A_M1_50_643	die	de	pron(rel)	
A_M1_50_643	arem	arm	adj()	
A_M1_50_643	worden	worden	v(fin,past,aux_cop)	
A_M1_50_643	vonden	vinden	v(participle,past)	
A_M1_50_644	dus	dus	adv(dem)	
A_M1_50_644	viele	vallen	v(fin,past,lex)	
A_M1_50_644	alle	al	pron(indef)	
A_M1_50_644	orloghe	oorlog	n(plu)	
A_M1_50_644	saen	zaan	adv(gener)	
A_M1_50_645	dus	dus	adv(dem)	
A_M1_50_645	mochtmen	mogen+men	v(fin,past,aux_cop)+pron(indef)	
A_M1_50_645	die	de	art(def)	
A_M1_50_645	zielen	ziel	n(sing)	
A_M1_50_645	dwaen	dwaan	v(infin)	
A_M1_50_646	ende	en	conj(coord)	
A_M1_50_646	claren	klaren	v(infin)	
A_M1_50_646	vanden	van+de	adp()+art(def)	
A_M1_50_646	sonden	zonde	n(plu)	
A_M1_50_647	miltheit	mildheid	n(sing)	
A_M1_50_647	heeft	hebben	v(fin,pres,aux_cop)	
A_M1_50_647	hare	haar	pron(poss)	
A_M1_50_647	macht	macht	n(sing)	
A_M1_50_647	ghedaen	doen	v(participle,past)	
A_M1_50_648	vrecheit	vrekheid	n(sing)	
A_M1_50_648	leert	leren	v(fin,pres,lex)	
A_M1_50_648	die	de	art(def)	
A_M1_50_648	weerelt	wereld	n(sing)	
A_M1_50_648	vlaen	vlaan	v(infin)	
A_M1_50_649	dit	dit	pron(dem)	
A_M1_50_649	proeuen	proeven	v(infin)	
A_M1_50_649	ende	en	conj(coord)	
A_M1_50_649	orconden	oorkonden	v(infin)	
A_M1_50_650	die	de	art(def)	
A_M1_50_650	minres	minnaar	n(plu)	
A_M1_50_650	vanden	van+de	adp()+art(def)	
A_M1_50_650	ponden	pond	n(plu)	
A_M1_51_651	iacop	jacob	n(prop)	
A_M1_51_651	eene	een	art(indef)	
A_M1_51_651	dinc	ding	n(sing)	
A_M1_51_651	mac	mogen	v(imp)	
A_M1_51_651	mi	ik	pron(pers,1,sing)	
A_M1_51_651	cont	kond	adj()	
A_M1_51_652	alse	als	conj(subord)	
A_M1_51_652	die	de	art(def)	
A_M1_51_652	mensche	mens	n(sing)	
A_M1_51_652	es	zijn	v(fin,pres,aux_cop)	
A_M1_51_652	ghewont	wonden	v(participle,past)	
A_M1_51_653	van	van	adp()	
A_M1_51_653	gherechtre	gerecht	adj()	
A_M1_51_653	minnen	min	n(sing)	
A_M1_51_654	doet	doen	v(fin,pres,lex)	
A_M1_51_654	der	de	art(def)	
A_M1_51_654	oghen	oog	n(plu)	
A_M1_51_654	wandel	wandel	adj()	
A_M1_51_654	vont	vond	n(sing)	
A_M1_51_655	al	al	conj(coord)	
A_M1_51_655	comet	komen	v(fin,pres,lex)	
A_M1_51_655	vter	uit+de	adp()+art(def)	
A_M1_51_655	herten	hart	n(sing)	
A_M1_51_655	gront	grond	n(sing)	
A_M1_51_656	dit	dit	pron(dem)	
A_M1_51_656	euel	euvel	n(sing)	
A_M1_51_656	te	te	adp()	
A_M1_51_656	beghinne	begin	n(sing)	
A_M1_51_657	ic	ik	pron(pers,1,sing)	
A_M1_51_657	liet	laten	v(fin,past,lex)	
A_M1_51_657	mi	ik	pron(pers,1,sing)	
A_M1_51_657	costen	kosten	v(infin)	
A_M1_51_657	wel	wel	adv(gener)	
A_M1_51_657	een	een	num(card)	
A_M1_51_657	pont	pond	n(sing)	
A_M1_51_658	ende	en	conj(coord)	
A_M1_51_658	ics	ik+dat	pron(pers,1,sing)+pron(dem)	
A_M1_51_658	vroet	vroed	adj()	
A_M1_51_658	ware	zijn	v(fin,past,aux_cop)	
A_M1_51_658	teser	te+deze	adp()+pron(dem)	
A_M1_51_658	stont	stond	n(sing)	
A_M1_51_659	mac	maken	v(imp)	
A_M1_51_659	mi	ik	pron(pers,1,sing)	
A_M1_51_659	dies	dat	pron(dem)	
A_M1_51_659	in	in	adp()	
A_M1_51_659	inne	in	n(sing)	
A_M1_51_660	mine	mijn	pron(poss)	
A_M1_51_660	redene	reden	n(sing)	
A_M1_51_660	bliuet	blijven	v(fin,pres,aux_cop)	
A_M1_51_660	onghesont	ongezond	adj()	
A_M1_51_662	hennes	het+ne+zijn	pron(pers,3,sing)+adv(neg)+v(fin,pres,lex)	
A_M1_51_662	wijsheit	wijsheid	n(sing)	
A_M1_51_662	niet	niet	adv(neg)	
A_M1_51_662	dinne	dun	adj()	
A_M1_51_663	naer+dat	nadat	conj(subord)	
A_M1_51_663	ic	ik	pron(pers,1,sing)	
A_M1_51_663	redene	reden	n(sing)	
A_M1_51_663	kinne	kennen	v(fin,pres,lex)	
A_M1_52_664	martin	martijn	n(prop)	
A_M1_52_664	du	du	pron(pers,2,sing)	
A_M1_52_664	best	zijn	v(fin,pres,aux_cop)	
A_M1_52_664	eene	een	art(indef)	
A_M1_52_664	vri	vrij	adj()	
A_M1_52_664	druut	druit	n(sing)	
A_M1_52_665	du	du	pron(pers,2,sing)	
A_M1_52_665	spreex	spreken	v(fin,pres,lex)	
A_M1_52_665	recht	recht	adv(gener)	
A_M1_52_665	als	als	conj(subord)	
A_M1_52_665	een	een	art(indef)	
A_M1_52_665	vriese	Fries	n(prop)	
A_M1_52_665	ruut	ruid	adj()	
A_M1_52_666	die	die	pron(rel)	
A_M1_52_666	noch	nog	adv(gener)	
A_M1_52_666	noit	nooit	adv(neg)	
A_M1_52_666	en	ne	adv(neg)	
A_M1_52_666	minde	minnen	v(fin,past,lex)	
A_M1_52_667	alre+hande	allerhande	adj()	
A_M1_52_667	edele	edel	adj()	
A_M1_52_667	fruut	fruit	n(sing)	
A_M1_52_668	comt	komen	v(fin,pres,lex)	
A_M1_52_668	van	van	adp()	
A_M1_52_668	minnen	min	n(sing)	
A_M1_52_668	vut	uit	adv(gener)	
A_M1_52_668	ende	en	conj(coord)	
A_M1_52_668	vut	uit	adv(gener)	
A_M1_52_669	die	die	pron(rel)	
A_M1_52_669	noit	nooit	adv(neg)	
A_M1_52_669	dorper	dorper	n(sing)	
A_M1_52_669	en	ne	adv(neg)	
A_M1_52_669	kinde	kennen	v(fin,past,lex)	
A_M1_52_670	hem	hij	pron(pers,3,sing)	
A_M1_52_670	can	kunnen	v(fin,pres,aux_cop)	
A_M1_52_670	ghehelpen	gehelpen	v(infin)	
A_M1_52_670	el	el	adj()	
A_M1_52_670	gheen	geen	pron(indef)	
A_M1_52_670	cruut	kruid	n(sing)	
A_M1_52_671	die	die	pron(rel)	
A_M1_52_671	stille	stil	adv(gener)	
A_M1_52_671	mint	minnen	v(fin,pres,lex)	
A_M1_52_671	of	of	conj(coord)	
A_M1_52_671	ouer+luut	overluid	adv(gener)	
A_M1_52_672	dan	dan	conj(comp)	
A_M1_52_672	hem	hij	pron(pers,3,sing)	
A_M1_52_672	teuel	dat+euvel	art(def)+n(sing)	
A_M1_52_672	toe+sinde	toezenden	v(fin,pres,lex)	
A_M1_52_673	der	de	art(def)	
A_M1_52_673	herten	hart	n(sing)	
A_M1_52_673	enter	en+de	conj(coord)+art(def)	
A_M1_52_673	oghen	oog	n(plu)	
A_M1_52_673	virtuut	virtuut	n(sing)	
A_M1_52_674	willic	willen+ik	v(fin,pres,lex)+pron(pers,1,sing)	
A_M1_52_674	dat	dat	conj(subord)	
A_M1_52_674	hier+mede	hiermede	pronadv(dem)	
A_M1_52_674	si	zijn	v(fin,pres,aux_cop)	
A_M1_52_674	beduut	beduiden	v(fin,pres,lex)	
A_M1_52_675	prouf	proeven	v(imp)	
A_M1_52_675	of	of	conj(coord)	
A_M1_52_675	ic	ik	pron(pers,1,sing)	
A_M1_52_675	dit	dit	pron(dem)	
A_M1_52_675	ontbinde	ontbinden	v(fin,pres,lex)	
A_M1_52_676	entie	en+de	conj(coord)+art(def)	
A_M1_52_676	redene	reden	n(sing)	
A_M1_52_676	bevinde	bevinden	v(fin,pres,lex)	
A_M1_53_677	een	een	art(indef)	
A_M1_53_677	zwaer	zwaar	adj()	
A_M1_53_677	orloghe	oorlog	n(sing)	
A_M1_53_677	ende	en	conj(coord)	
A_M1_53_677	een	een	art(indef)	
A_M1_53_677	groet	groot	adj()	
A_M1_53_677	strijt	strijd	n(sing)	
A_M1_53_678	ende	en	conj(coord)	
A_M1_53_678	daer+toe	daartoe	pronadv(dem)	
A_M1_53_678	een	een	art(indef)	
A_M1_53_678	eewelijc	eeuwelijk	adj()	
A_M1_53_678	nijt	nijd	n(sing)	
A_M1_53_679	es	zijn	v(fin,pres,aux_cop)	
A_M1_53_679	tusschen	tussen	adp()	
A_M1_53_679	der	de	art(def)	
A_M1_53_679	herten	hart	n(sing)	
A_M1_53_679	enten	en+de	conj(coord)+art(def)	
A_M1_53_679	oghen	oog	n(plu)	
A_M1_53_680	therte	dat+hart	art(def)+n(sing)	
A_M1_53_680	den	de	art(def)	
A_M1_53_680	oghen	oog	n(plu)	
A_M1_53_680	verwijt	verwijt	v(fin,pres,lex)	
A_M1_53_681	du	du	pron(pers,2,sing)	
A_M1_53_681	best	zijn	v(fin,pres,aux_cop)	
A_M1_53_681	die	die	pron(rel)	
A_M1_53_681	mijns	ik	pron(pers,1,sing)	
A_M1_53_681	niet	niet	adv(neg)	
A_M1_53_681	ne	ne	adv(neg)	
A_M1_53_681	vermijt	vermijden	v(fin,pres,lex)	
A_M1_53_682	bidi	bij+du	adp()+pron(pers,2,sing)	
A_M1_53_682	bem	zijn	v(fin,pres,aux_cop)	
A_M1_53_682	ic	ik	pron(pers,1,sing)	
A_M1_53_682	bedroghen	bedriegen	v(participle,past)	
A_M1_53_683	du	du	pron(pers,2,sing)	
A_M1_53_683	best	zijn	v(fin,pres,aux_cop)	
A_M1_53_683	open	open	adj()	
A_M1_53_683	talre	te+al	adp()+num(indef)	
A_M1_53_683	tijt	tijd	n(sing)	
A_M1_53_684	elken	elk	num(indef)	
A_M1_53_684	besonder	bijzonder	adv(gener)	
A_M1_53_684	die	die	pron(rel)	
A_M1_53_684	vordi	voor+du	adp()+pron(pers,3,sing)	
A_M1_53_684	lijt	lijden	v(fin,pres,lex)	
A_M1_53_685	du	du	pron(pers,2,sing)	
A_M1_53_685	best	zijn	v(fin,pres,aux_cop)	
A_M1_53_685	vrient	vriend	n(sing)	
A_M1_53_685	dits	dit+zijn	pron(dem)+v(fin,pres,aux_cop)	
A_M1_53_685	gheloghen	liegen	v(participle,past)	
A_M1_53_686	sluut	sluiten	v(imp)	
A_M1_53_686	dine	dijn	pron(poss)	
A_M1_53_686	dore	deur	n(sing)	
A_M1_53_686	teenegher	te+enig	adp()+pron(indef)	
A_M1_53_686	tijt	tijd	n(sing)	
A_M1_53_687	daer	daar	adv(dem)	
A_M1_53_687	menich	menig	num(indef)	
A_M1_53_687	dief	dief	n(sing)	
A_M1_53_687	voren	voor	adp()	
A_M1_53_687	lijt	lijden	v(fin,pres,lex)	
A_M1_53_688	bidi	bij+du	adp()+pron(pers,2,sing)	
A_M1_53_688	ben	zijn	v(fin,pres,aux_cop)	
A_M1_53_688	ic	ik	pron(pers,1,sing)	
A_M1_53_688	bedroghen	bedriegen	v(participle,past)	
A_M1_53_689	dies	dat	pron(dem)	
A_M1_53_689	claghic	klagen+ik	v(fin,pres,lex)+pron(pers,1,sing)	
A_M1_53_689	den	de	art(def)	
A_M1_53_689	oghen	oog	n(plu)	
A_M1_54_690	vvapene	wapen	interj()	
A_M1_54_690	vriendelijc	vriendelijk	adj()	
A_M1_54_690	viant	vijand	n(sing)	
A_M1_54_691	dor	door	adp()	
A_M1_54_691	di	du	pron(pers,2,sing)	
A_M1_54_691	doghic	dogen+ik	v(fin,pres,lex)+pron(pers,1,sing)	
A_M1_54_691	meneghen	menig	num(indef)	
A_M1_54_691	pant	pand	n(sing)	
A_M1_54_692	ende	en	conj(coord)	
A_M1_54_692	meneghe	menig	num(indef)	
A_M1_54_692	coude	koude	n(sing)	
A_M1_54_693	wach	wach	interj()	
A_M1_54_693	datti	dat+du	conj(subord)+pron(pers,2,sing)	
A_M1_54_693	nature	natuur	n(sing)	
A_M1_54_693	oit	ooit	adv(indef)	
A_M1_54_693	vant	vinden	v(fin,past,lex)	
A_M1_54_694	waerdi	zijn+gij	v(fin,past,aux_cop)+pron(pers,2,plu)	
A_M1_54_694	verboden	verbieden	v(participle,past)	
A_M1_54_694	huus	huis	n(sing)	
A_M1_54_694	ende	en	conj(coord)	
A_M1_54_694	lant	land	n(sing)	
A_M1_54_695	ende	en	conj(coord)	
A_M1_54_695	des	de	art(def)	
A_M1_54_695	meinschen	mens	n(sing)	
A_M1_54_695	houde	hulde	n(sing)	
A_M1_54_696	sone	zo+ne	adv(resum)+adv(neg)	
A_M1_54_696	bonde	binden	v(fin,past,lex)	
A_M1_54_696	mi	ik	pron(pers,1,sing)	
A_M1_54_696	gheen	geen	pron(indef)	
A_M1_54_696	bant	band	n(sing)	
A_M1_54_697	lichtre	licht	adj()	
A_M1_54_697	ware	zijn	v(fin,past,aux_cop)	
A_M1_54_697	dan	dan	conj(comp)	
A_M1_54_697	een	een	art(indef)	
A_M1_54_697	zant	zand	n(sing)	
A_M1_54_698	al+gader	algader	adv(gener)	
A_M1_54_698	mine	mijn	pron(poss)	
A_M1_54_698	scoude	schuld	n(sing)	
A_M1_54_699	men	men	pron(indef)	
A_M1_54_699	stake	steken	v(fin,past,lex)	
A_M1_54_699	bet	bet	adv(gener)	
A_M1_54_699	vut	uit	v(prtcl)	
A_M1_54_699	metter	met+de	adp()+art(def)	
A_M1_54_699	hant	hand	n(sing)	
A_M1_54_700	ende	en	conj(coord)	
A_M1_54_700	versmorde	versmoren	v(fin,past,lex)	
A_M1_54_700	sulken	zulk	pron(dem)	
A_M1_54_700	pant	pand	n(sing)	
A_M1_54_701	onder	onder	adp()	
A_M1_54_701	donreene	de+onrein	art(def)+adj()	
A_M1_54_701	moude	moude	n(sing)	
A_M1_54_702	vp+dat	opdat	conj(subord)	
A_M1_54_702	nature	natuur	n(sing)	
A_M1_54_702	woude	willen	v(fin,past,aux_cop)	
A_M1_55_703	therte	het+hart	art(def)+n(sing)	
A_M1_55_703	zweech	zwijgen	v(fin,past,lex)	
A_M1_55_703	ende	en	conj(coord)	
A_M1_55_703	toghe	het+oog	art(def)+n(sing)	
A_M1_55_703	sprac	spreken	v(fin,past,lex)	
A_M1_55_704	mi	ik	pron(pers,1,sing)	
A_M1_55_704	dinct	dunken	v(fin,pres,aux_cop)	
A_M1_55_704	dat	dat	conj(subord)	
A_M1_55_704	hu	uw	pron(poss)	
A_M1_55_704	sin	zin	n(sing)	
A_M1_55_704	ghebrac	gebreken	v(fin,past,lex)	
A_M1_55_705	vrouwe	vrouw	n(sing)	
A_M1_55_705	coninghinne	koningin	n(sing)	
A_M1_55_706	dat	dat	conj(subord)	
A_M1_55_706	ghi	gij	pron(pers,2,plu)	
A_M1_55_706	mi	ik	pron(pers,1,sing)	
A_M1_55_706	tyet	tijgen	v(fin,pres,lex)	
A_M1_55_706	hu	uw	pron(poss)	
A_M1_55_706	onghemac	ongemak	n(sing)	
A_M1_55_707	want	want	conj(subord)	
A_M1_55_707	noit	nooit	adv(neg)	
A_M1_55_707	van	van	adp()	
A_M1_55_707	mi	ik	pron(pers,1,sing)	
A_M1_55_707	tuwaert	te+uwaart	adp()+adv(gener)	
A_M1_55_707	lac	lak	n(sing)	
A_M1_55_708	een	een	art(indef)	
A_M1_55_708	stof	stof	n(sing)	
A_M1_55_708	al	al	conj(subord)	
A_M1_55_708	quaemt	komen+het	pron(pers,3,sing)+v(fin,past,lex)	
A_M1_55_708	mi	ik	pron(pers,1,sing)	
A_M1_55_708	inne	in	adp()	
A_M1_55_709	alse	als	conj(subord)	
A_M1_55_709	men	men	pron(indef)	
A_M1_55_709	mi	ik	pron(pers,1,sing)	
A_M1_55_709	somwile	somwijl	adv(gener)	
A_M1_55_709	vte+stac	uitsteken	v(fin,past,lex)	
A_M1_55_710	wat	wat	pron(inter)	
A_M1_55_710	dochte	deugen	v(fin,past,lex)	
A_M1_55_710	daer+na	daarna	adv(gener)	
A_M1_55_710	smeinschen	de+mens	art(def)+n(sing)	
A_M1_55_710	sac	zak	n(sing)	
A_M1_55_711	sijn	zijn	v(fin,pres,aux_cop)	
A_M1_55_711	wel+varen	welvaar	n(sing)	
A_M1_55_711	was	zijn	v(fin,past,aux_cop)	
A_M1_55_711	dinne	dun	adj()	
A_M1_55_712	sonder	zonder	adp()	
A_M1_55_712	noot	nood	n(sing)	
A_M1_55_712	maecti	maken+hij	 v(fin,pres,lex)+hij	
A_M1_55_712	ghecrac	gekraak	n(sing)	
A_M1_55_713	ende	en	conj(coord)	
A_M1_55_713	werpt	werpen	v(fin,pres,lex)	
A_M1_55_713	vp	op	adp()	
A_M1_55_713	mi	ik	pron(pers,1,sing)	
A_M1_55_713	uwen	uw	pron(poss)	
A_M1_55_713	hac	hak	n(sing)	
A_M1_55_714	dat	dat	conj(subord)	
A_M1_55_714	ic	ik	pron(pers,1,sing)	
A_M1_55_714	hu	gij	pron(pers,2,plu)	
A_M1_55_714	vrouwe	vrouw	n(sing)	
A_M1_55_714	kinne	kennen	v(fin,pres,lex)	
A_M1_55_715	ende	en	conj(coord)	
A_M1_55_715	mine	mijn	pron(poss)	
A_M1_55_715	coninghinne	koningin	n(sing)	
A_M1_56_716	merket	merken	v(imp)	
A_M1_56_716	vrouwe	vrouw	n(sing)	
A_M1_56_716	ende	en	conj(coord)	
A_M1_56_716	besiet	bezien	v(imp)	
A_M1_56_717	dat	dat	conj(subord)	
A_M1_56_717	ghi	gij	pron(pers,2,plu)	
A_M1_56_717	ouer	over	adp()	
A_M1_56_717	mi	ik	pron(pers,1,sing)	
A_M1_56_717	ghebiet	gebieden	v(fin,pres,lex)	
A_M1_56_718	alse	als	conj(comp)	
A_M1_56_718	ouer	over	adp()	
A_M1_56_718	alle	al	pron(indef)	
A_M1_56_718	huwe	uw	pron(poss)	
A_M1_56_718	lede	lede	n(plu)	
A_M1_56_719	menne	men+ne	pron(indef)+adv(neg)	
A_M1_56_719	conde	kunnen	v(fin,past,aux_cop)	
A_M1_56_719	hu	gij	pron(pers,2,plu)	
A_M1_56_719	ghescaden	geschaden	v(infin)	
A_M1_56_719	niet	niet	adv(neg)	
A_M1_56_720	waert	zijn+het	v(fin,past,aux_cop)+pron(pers,3,sing)	
A_M1_56_720	so	zo	adv(dem)	
A_M1_56_720	dat	dat	conj(subord)	
A_M1_56_720	ghi	gij	pron(pers,2,sing)	
A_M1_56_720	van	van	adp()	
A_M1_56_720	hu	gij	pron(pers,2,plu)	
A_M1_56_720	sciet	scheiden	v(fin,past,lex)	
A_M1_56_721	alle	al	pron(indef)	
A_M1_56_721	dorperhede	dorperheid	n(sing)	
A_M1_56_722	maer	maar	conj(coord)	
A_M1_56_722	alse	als	conj(subord)	
A_M1_56_722	ghi	gij	pron(pers,2,plu)	
A_M1_56_722	bi	bij	adp()	
A_M1_56_722	mi	ik	pron(pers,1,sing)	
A_M1_56_722	bespiet	bespieden	v(fin,pres,lex)	
A_M1_56_723	dinghen	ding	n(plu)	
A_M1_56_723	die	die	pron(rel)	
A_M1_56_723	ghi	gij	pron(pers,2,sing)	
A_M1_56_723	ane	aan	v(prtcl)	
A_M1_56_723	v	gij	pron(pers,2,plu)	
A_M1_56_723	tiet	tijgen	v(fin,pres,lex)	
A_M1_56_724	volghedijs	volgen+du+het	v(fin,past,lex)+pron(pers,3,plu)+pron(pers,3,sing)	
A_M1_56_724	gherne	gaarne	adv(gener)	
A_M1_56_724	mede	mede	adv(gener)	
A_M1_56_725	ghi	gij	pron(pers,2,sing)	
A_M1_56_725	sijt	zijn	v(fin,pres,aux_cop)	
A_M1_56_725	alse	als	conj(subord)	
A_M1_56_725	tcrancke	het+krank	art(def)+adj()	
A_M1_56_725	riet	riet	n(sing)	
A_M1_56_726	dat	dat	pron(rel)	
A_M1_56_726	den	de	art(def)	
A_M1_56_726	winde	wind	n(sing)	
A_M1_56_726	volghet	volgen	v(fin,pres,lex)	
A_M1_56_726	ende	en	conj(coord)	
A_M1_56_726	vliet	vlieden	v(fin,pres,lex)	
A_M1_56_727	hu	uw	pron(poss)	
A_M1_56_727	onghestadichede	ongestadigheid	n(sing)	
A_M1_56_728	maect	maken	v(fin,pres,lex)	
A_M1_56_728	hu	gij	pron(pers,2,sing)	
A_M1_56_728	den	de	art(def)	
A_M1_56_728	onvrede	onvrede	n(sing)	
A_M1_57_729	dit	dit	pron(dem)	
A_M1_57_729	orloghe	oorlog	n(sing)	
A_M1_57_729	heuet	hebben	v(fin,pres,aux_cop)	
A_M1_57_729	ghevelt	vellen	v(participle,past)	
A_M1_57_730	alse	als	conj(subord)	
A_M1_57_730	men	men	pron(indef)	
A_M1_57_730	hare	zij	pron(pers,3,sing)	
A_M1_57_730	den	de	art(def)	
A_M1_57_730	twist	twist	n(sing)	
A_M1_57_730	vertelt	vertellen	v(fin,pres,lex)	
A_M1_57_731	vrouwe	vrouw	n(sing)	
A_M1_57_731	redene	reden	n(sing)	
A_M1_57_731	bi	bij	adp()	
A_M1_57_731	besceede	bescheid	n(sing)	
A_M1_57_732	beede+gader	beidegader	num(indef)	
A_M1_57_732	soese	zij+zij	pron(pers,3,sing)+pron(pers,3,plu)	
A_M1_57_732	scelt	schelden	v(fin,pres,lex)	
A_M1_57_733	elken	elk	pron(indef)	
A_M1_57_733	deelt	delen	v(fin,pres,lex)	
A_M1_57_733	soe	zij	pron(pers,3,sing)	
A_M1_57_733	daer	daar	adv(dem)	
A_M1_57_733	sijn	zijn	pron(poss)	
A_M1_57_733	ghelt	geld	n(sing)	
A_M1_57_734	niet	niet	adv(neg)	
A_M1_57_734	ghelike	gelijk	adv(gener)	
A_M1_57_734	beede	beide	num(indef)	
A_M1_57_735	baersculdich	baarschuldig	adj()	
A_M1_57_735	soe	zij	pron(pers,3,sing)	
A_M1_57_735	die	de	art(def)	
A_M1_57_735	herte	hart	n(sing)	
A_M1_57_735	spelt	spellen	v(fin,pres,lex)	
A_M1_57_736	alse	als	conj(subord)	
A_M1_57_736	diese	die+zij	pron(rel)+pron(pers,3,sing)	
A_M1_57_736	ouer	over	adp()	
A_M1_57_736	voghet	voogd	n(sing)	
A_M1_57_736	helt	houden	v(fin,pres,lex)	
A_M1_57_737	ende	en	conj(coord)	
A_M1_57_737	vrouwe	vrouw	n(sing)	
A_M1_57_737	bi	bij	adp()	
A_M1_57_737	haren	haar	pron(poss)	
A_M1_57_737	heede	eed	n(sing)	
A_M1_57_738	maer	maar	conj(coord)	
A_M1_57_738	des	de	art(def)	
A_M1_57_738	ongheuals	ongeval	n(sing)	
A_M1_57_738	ghewelt	geweld	n(sing)	
A_M1_57_739	dat	dat	pron(dem)	
A_M1_57_739	bi	bij	adp()	
A_M1_57_739	ziene	zien	v(infin)	
A_M1_57_739	therte	het+hart	art(def)+n(sing)	
A_M1_57_739	dwelt	dwellen	v(fin,pres,lex)	
A_M1_57_740	tyet	tijgen	v(fin,pres,lex)	
A_M1_57_740	soe	zij	pron(pers,3,sing)	
A_M1_57_740	des	de	art(def)	
A_M1_57_740	oghes	oog	n(sing)	
A_M1_57_740	gheleede	geleide	n(sing)	
A_M1_57_741	dus	dus	adv(dem)	
A_M1_57_741	deelet	delen	v(fin,pres,lex)	
A_M1_57_741	soe	zij	pron(pers,3,sing)	
A_M1_57_741	die	de	art(def)	
A_M1_57_741	veede	vede	n(sing)	
A_M1_58_742	martin	martijn	n(prop)	
A_M1_58_742	hier+bi	hierbij	pronadv(dem)	
A_M1_58_742	moghestu	mogen+du	v(fin,pres,lex)+pron(pers,2,sing)	
A_M1_58_742	sien	zien	v(infin)	
A_M1_58_743	weder	weder	conj(coord)	
A_M1_58_743	die	de	art(def)	
A_M1_58_743	oghen	oog	n(plu)	
A_M1_58_743	therte	het+hart	art(def)+n(sing)	
A_M1_58_743	vlien	vlieden	v(fin,pres,lex)	
A_M1_58_744	so	zo	conj(coord)	
A_M1_58_744	therte	het+hart	art(def)+n(sing)	
A_M1_58_744	die	de	art(def)	
A_M1_58_744	oghen	oog	n(plu)	
A_M1_58_745	alse	als	conj(subord)	
A_M1_58_745	therte	het+hart	art(def)+n(sing)	
A_M1_58_745	wille	wil	v(fin,pres,aux_cop)	
A_M1_58_745	ontien	onttijgen	v(infin)	
A_M1_58_746	om	om	adp()	
A_M1_58_746	niet	niet	adv(neg)	
A_M1_58_746	dan	dan	conj(comp)	
A_M1_58_746	die	de	art(def)	
A_M1_58_746	oghen	oog	n(plu)	
A_M1_58_746	spien	spieden	v(fin,pres,lex)	
A_M1_58_747	daer	daar	pronadv(dem)	
A_M1_58_747	nes	ne+zijn	adv(neg)+v(fin,pres,aux_cop)	
A_M1_58_747	gheen	geen	pron(indef)	
A_M1_58_747	ghedoghen	gedogen	v(infin)	
A_M1_58_748	maer	maar	conj(coord)	
A_M1_58_748	hets	het+zijn	pron(pers,3,sing)+v(fin,pres,aux_cop)	
A_M1_58_748	emmer	immer	adv(gener)	
A_M1_58_748	der	de	art(def)	
A_M1_58_748	herten	hart	n(sing)	
A_M1_58_748	plien	plegen	v(infin)	
A_M1_58_749	alst	als+het	conj(subord)+pron(pers,3,sing)	
A_M1_58_749	dor	door	adp()	
A_M1_58_749	doghen	de+oog	art(def)+n(plu)	
A_M1_58_749	siet	zien	v(fin,pres,lex)	
A_M1_58_749	desen	deze	pron(dem)	
A_M1_58_749	of	of	conj(subord)	
A_M1_58_749	dien	die	pron(dem)	
A_M1_58_750	daert	daar+het	pronadv(rel)+pron(pers,3,sing)	
A_M1_58_750	hem	hij	pron(pers,3,sing)	
A_M1_58_750	toe	toe	pronadv(rel)	
A_M1_58_750	wille	wil	v(fin,pres,aux_cop)	
A_M1_58_750	boghen	bogen	v(infin)	
A_M1_58_751	so	zo	adv(resum)	
A_M1_58_751	moet	moeten	v(fin,pres,aux_cop)	
A_M1_58_751	al	al	num(indef)	
A_M1_58_751	sijn	zijn	pron(poss)	
A_M1_58_751	wille	wil	n(sing)	
A_M1_58_751	ghescien	geschieden	v(infin)	
A_M1_58_752	toghe	het+oog	art(def)+n(sing)	
A_M1_58_752	moet	moeten	v(fin,pres,aux_cop)	
A_M1_58_752	lyen	lijden	v(infin)	
A_M1_58_752	ende	en	conj(coord)	
A_M1_58_752	ghien	gie‘n	v(infin)	
A_M1_58_753	daer+dore	daardoor	pronadv(rel)	
A_M1_58_753	quam	komen	v(fin,past,aux_cop)	
A_M1_58_753	ghevloghen	vliegen	v(participle,past)	
A_M1_58_754	minne	min	n(sing)	
A_M1_58_754	int	in+dat	adp()+art(def)	
A_M1_58_754	vertoghen	vertogen	n(sing)	
A_M1_59_755	iacop	jacob	n(prop)	
A_M1_59_755	dine	dijn	pron(poss)	
A_M1_59_755	redene	reden	n(sing)	
A_M1_59_755	es	zijn	v(fin,pres,aux_cop)	
A_M1_59_755	claer	klaar	adj()	
A_M1_59_756	al	al	conj(subord)	
A_M1_59_756	dinct	dunken	v(fin,pres,lex)	
A_M1_59_756	soe	zij	pron(pers,3,sing)	
A_M1_59_756	den+ghenen	degene	pron(dem)	
A_M1_59_756	zwaer	zwaar	adj()	
A_M1_59_757	die	die	pron(rel)	
A_M1_59_757	lettel	luttel	adv(gener)	
A_M1_59_757	ghevroeden	gevroeden	v(fin,pres,lex)	
A_M1_59_758	ic	ik	pron(pers,1,sing)	
A_M1_59_758	weet	weten	v(fin,pres,lex)	
A_M1_59_758	dat	dat	conj(subord)	
A_M1_59_758	wel	wel	adv(gener)	
A_M1_59_758	ouer+waer	overwaar	adv(gener)	
A_M1_59_759	die	de	art(def)	
A_M1_59_759	ziele	ziel	n(sing)	
A_M1_59_759	ware	zijn	v(fin,past,aux_cop)	
A_M1_59_759	al	al	adv(gener)	
A_M1_59_759	sonder	zonder	adp()	
A_M1_59_759	vaer	vaar	n(sing)	
A_M1_59_760	ende	en	conj(coord)	
A_M1_59_760	in	in	adp()	
A_M1_59_760	sekerre	zeker	adj()	
A_M1_59_760	hoeden	hoede	n(sing)	
A_M1_59_761	wilde	willen	v(fin,past,aux_cop)	
A_M1_59_761	therte	dat+hart	art(def)+n(sing)	
A_M1_59_761	maken	maken	v(infin)	
A_M1_59_761	ommaer	onmaar	adj()	
A_M1_59_762	daer	daar	pronadv(rel)	
A_M1_59_762	hare	zij	pron(pers,3,sing)	
A_M1_59_762	die	de	art(def)	
A_M1_59_762	oghen	oog	n(plu)	
A_M1_59_762	sendden	zenden	v(fin,past,lex)	
A_M1_59_762	naer	naar	adv(gener)	
A_M1_59_763	niemen	niemand	pron(indef)	
A_M1_59_763	dorstem	durven+hij	v(fin,past,aux_cop)+pron(pers,3,sing)	
A_M1_59_763	vermoeden	vermoeden	v(infin)	
A_M1_59_764	dat	dat	conj(subord)	
A_M1_59_764	hi	hij	pron(pers,3,sing)	
A_M1_59_764	beuen	beven	v(infin)	
A_M1_59_764	soude	zullen	v(fin,past,aux_cop)	
A_M1_59_764	daer	daar	pronadv(rel)	
A_M1_59_766	ende	en	conj(coord)	
A_M1_59_766	wisen	wijzen	v(infin)	
A_M1_59_766	ten	te+de	adp()+art(def)	
A_M1_59_766	gloeden	gloed	n(plu)	
A_M1_59_767	die	die	pron(rel)	
A_M1_59_767	hier	hier	adv(dem)	
A_M1_59_767	ten	te+de	adp()+art(def)	
A_M1_59_767	sonden	zonde	n(plu)	
A_M1_59_767	spoeden	spoeden	v(fin,past,lex)	
A_M1_60_768	berecht	berechten	v(imp)	
A_M1_60_768	mi	ik	pron(pers,1,sing)	
A_M1_60_768	jacop	jacob	n(prop)	
A_M1_60_768	oftu	of+du	conj(subord)+pron(pers,2,sing)	
A_M1_60_768	wout	willen	v(fin,pres,lex)	
A_M1_60_769	weder	weder	conj(coord)	
A_M1_60_769	es	zijn	v(fin,pres,aux_cop)	
A_M1_60_769	sekerst	zeker	adj()	
A_M1_60_769	int	in+dat	adp()+art(def)	
A_M1_60_769	behout	behoud	n(sing)	
A_M1_60_770	rijcheit	rijkheid	n(sing)	
A_M1_60_770	so	zo	conj(coord)	
A_M1_60_770	aermoede	armoede	n(sing)	
A_M1_60_771	eist	zijn+het	v(fin,pres,aux_cop)+pron(pers,3,sing)	
A_M1_60_771	leec	leek	n(sing)	
A_M1_60_771	clerc	klerk	n(sing)	
A_M1_60_771	ionc	jong	adj()	
A_M1_60_771	of	of	conj(coord)	
A_M1_60_771	hout	oud	adj()	
A_M1_60_772	het	het	pron(pers,3,sing)	
A_M1_60_772	dinc	dunken	v(fin,pres,lex)	
A_M1_60_772	mi	ik	pron(pers,1,sing)	
A_M1_60_772	wesen	wezen	v(infin)	
A_M1_60_772	gader+gout	gadergoud	n(sing)	
A_M1_60_773	al	al	pron(indef)	
A_M1_60_773	staet	staan	v(fin,pres,lex)	
A_M1_60_773	naer	na	v(prtcl)	
A_M1_60_773	den	dat	art(def)	
A_M1_60_773	goede	goed	n(sing)	
A_M1_60_774	aermoede	armoede	n(sing)	
A_M1_60_774	prijstmen	prijzen+men	v(fin,pres,lex)+pron(indef)	
A_M1_60_774	menich+fout	menigvoud	adj()	
A_M1_60_775	men	men	pron(indef)	
A_M1_60_775	seghet	zeggen	v(fin,pres,lex)	
A_M1_60_775	soe	zij	pron(pers,3,sing)	
A_M1_60_775	es	zijn	v(fin,pres,aux_cop)	
A_M1_60_775	seker	zeker	adj()	
A_M1_60_775	ende	en	conj(coord)	
A_M1_60_775	bout	boud	adj()	
A_M1_60_776	vor	voor	adp()	
A_M1_60_776	rouers	rover	n(plu)	
A_M1_60_776	sonder	zonder	adp()	
A_M1_60_776	hoede	hoede	n(sing)	
A_M1_60_777	doch	doch	adv(gener)	
A_M1_60_777	minnen	minnen	v(fin,pres,lex)	
A_M1_60_777	si	zij	pron(pers,3,plu)	
A_M1_60_777	vor	voor	adp()	
A_M1_60_777	dwater	dat+water	art(def)+n(sing)	
A_M1_60_777	smout	smout	n(sing)	
A_M1_60_778	si	zij	pron(pers,3,plu)	
A_M1_60_778	scuwen	schuwen	v(fin,pres,lex)	
A_M1_60_778	hongher	honger	n(sing)	
A_M1_60_778	ende	en	conj(coord)	
A_M1_60_778	cout	koude	n(sing)	
A_M1_60_779	eist	zijn+het	v(fin,pres,aux_cop)+pron(pers,3,sing)	
A_M1_60_779	alsic	als+ik	conj(comp)+pron(pers,1,sing)	
A_M1_60_779	mi	ik	pron(pers,1,sing)	
A_M1_60_779	gheuroede	gevroeden	v(fin,past,lex)	
A_M1_60_780	so	zo	adv(gener)	
A_M1_60_780	dolen	dolen	v(fin,pres,lex)	
A_M1_60_780	dese	deze	pron(dem)	
A_M1_60_780	vroede	vroed	adj()	
A_M1_61_781	martin	martijn	n(prop)	
A_M1_61_781	ic	ik	pron(pers,1,sing)	
A_M1_61_781	mete	meten	v(fin,pres,lex)	
A_M1_61_781	di	du	pron(pers,2,sing)	
A_M1_61_781	vul	vol	v(prtcl)	
A_M1_61_781	dit	dit	pron(dem)	
A_M1_61_781	vat	vat	n(sing)	
A_M1_61_782	vpten	op+de	adp()+art(def)	
A_M1_61_782	stoel	stoel	n(sing)	
A_M1_61_782	daer	daar	adv(rel)	
A_M1_61_782	moyses	mozes	n(prop)	
A_M1_61_782	sat	zitten	v(fin,past,lex)	
A_M1_61_783	daer	daar	adv(rel)	
A_M1_61_783	sitten	zitten	v(infin)	
A_M1_61_783	die	de	pron(rel)	
A_M1_61_783	gheleerde	geleerd	adj()	
A_M1_61_784	dat	dat	pron(rel)	
A_M1_61_784	si	zij	pron(pers,3,plu)	
A_M1_61_784	wisen	wijzen	v(fin,pres,lex)	
A_M1_61_784	doe	doen	v(imp)	
A_M1_61_784	al	al	num(indef)	
A_M1_61_784	dat	dat	pron(dem)	
A_M1_61_785	si	zij	pron(pers,3,plu)	
A_M1_61_785	wisen	wijzen	v(fin,pres,lex)	
A_M1_61_785	bi	bij	adp()	
A_M1_61_785	den	de	art(def)	
A_M1_61_785	rechten	recht	adj()	
A_M1_61_785	pat	pad	n(sing)	
A_M1_61_786	wel	wel	adv(gener)	
A_M1_61_786	hem	hij	pron(pers,3,sing)	
A_M1_61_786	diere	die+er	pron(rel)+pronadv(pers)	
A_M1_61_786	hem	hij	pron(pers,3,sing)	
A_M1_61_786	an+keerde	aankeren	v(fin,past,lex)	
A_M1_61_787	maer	maar	conj(coord)	
A_M1_61_787	in	in	adp()	
A_M1_61_787	wel+deene	weldoen	v(infin)	
A_M1_61_787	sijn	zijn	v(fin,pres,aux_cop)	
A_M1_61_787	si	zij	pron(pers,3,plu)	
A_M1_61_787	lat	lat	adj()	
A_M1_61_788	si	zij	pron(pers,3,plu)	
A_M1_61_788	heeten	heten	v(fin,pres,aux_cop)	
A_M1_61_788	vasten	vasten	v(infin)	
A_M1_61_788	si	zij	pron(pers,3,plu)	
A_M1_61_788	sijn	zijn	v(fin,pres,aux_cop)	
A_M1_61_788	sat	zat	adj()	
A_M1_61_789	ne	ne	adv(neg)	
A_M1_61_789	volghe	volgen	v(imp)	
A_M1_61_789	niet	niet	adv(neg)	
A_M1_61_789	sulken	zulk	pron(dem)	
A_M1_61_789	heerde	herder	n(sing)	
A_M1_61_790	sine	zij+ne	pron(pers,3,sing)+adv(neg)	
A_M1_61_790	minnen	minnen	v(fin,pres,lex)	
A_M1_61_790	niet	niet	adv(neg)	
A_M1_61_790	vorden	voor+de	adp()+art(def)	
A_M1_61_790	scat	schat	n(sing)	
A_M1_61_791	haer	haar	pron(poss)	
A_M1_61_791	hant	hand	n(sing)	
A_M1_61_791	es	zijn	v(fin,pres,aux_cop)	
A_M1_61_791	altoes	altoos	adv(gener)	
A_M1_61_791	sonder	zonder	adp()	
A_M1_61_791	gat	gat	n(sing)	
A_M1_61_792	noint	nooit	adv(indef)	
A_M1_61_792	volc	volk	n(sing)	
A_M1_61_792	was	zijn	v(fin,past,aux_cop)	
A_M1_61_792	bouen	boven	adp()	
A_M1_61_792	der	de	art(def)	
A_M1_61_792	erde	aarde	n(sing)	
A_M1_61_793	dat	dat	pron(rel)	
A_M1_61_793	meer	meer	num(indef)	
A_M1_61_793	goeds	goed	n(sing)	
A_M1_61_793	begherde	begeren	v(fin,past,lex)	
A_M1_62_794	die	de	pron(rel)	
A_M1_62_794	meerre	meer	num(indef)	
A_M1_62_794	menechte	menigte	n(sing)	
A_M1_62_794	es	zijn	v(fin,pres,aux_cop)	
A_M1_62_794	dus+daen	dusdan	pron(dem)	
A_M1_62_795	doch	toch	adv(gener)	
A_M1_62_795	vint	vinden	v(fin,pres,lex)	
A_M1_62_795	mer	men+er	pron(indef)+pronadv(pers)	
A_M1_62_795	sonder	zonder	adp()	
A_M1_62_795	waen	waan	n(sing)	
A_M1_62_796	al	al	conj(subord)	
A_M1_62_796	sijn	zijn	v(fin,pres,aux_cop)	
A_M1_62_796	si	zij	pron(pers,3,plu)	
A_M1_62_796	selsiene	zelsen	adj()	
A_M1_62_797	die	die	pron(rel)	
A_M1_62_797	den	de	art(def)	
A_M1_62_797	erdschen	aards	adj()	
A_M1_62_797	goede	goed	n(sing)	
A_M1_62_797	ontgaen	ontgaan	v(infin)	
A_M1_62_798	ende	en	conj(coord)	
A_M1_62_798	aermoede	armoede	n(sing)	
A_M1_62_798	anevaen	aanvangen	v(infin)	
A_M1_62_799	bi	bij	adp()	
A_M1_62_799	heleghen	heilig	adj()	
A_M1_62_799	engiene	engien	n(sing)	
A_M1_62_800	si	zij	pron(pers,3,plu)	
A_M1_62_800	lieten	laten	v(fin,past,lex)	
A_M1_62_800	hem	hij	pron(pers,3,sing)	
A_M1_62_800	bluwen	blouwen	v(infin)	
A_M1_62_800	ende	en	conj(coord)	
A_M1_62_800	slaen	slaan	v(infin)	
A_M1_62_801	tormenteren	tormenteren	v(infin)	
A_M1_62_801	ende	en	conj(coord)	
A_M1_62_801	vaen	vangen	v(infin)	
A_M1_62_802	omme	om	adp()	
A_M1_62_802	die	de	art(def)	
A_M1_62_802	helle	hel	n(sing)	
A_M1_62_802	tontvliene	te+ontvlieden	adp()+v(infin)	
A_M1_62_803	hier+in	hierin	pronadv(dem)	
A_M1_62_803	waert	zijn+het	v(fin,past,aux_cop)	
A_M1_62_803	sekerst	zeker	adj()	
A_M1_62_803	vulstaen	volstaan	v(participle,past)	
A_M1_62_804	want	want	conj(subord)	
A_M1_62_804	dien	die	pron(rel)	
A_M1_62_804	hem	hij	pron(pers,3,sing)	
A_M1_62_804	in	in	adp()	
A_M1_62_804	dit	dit	pron(dem)	
A_M1_62_804	doepsel	doopsel	n(sing)	
A_M1_62_804	dwaen	dwaan	v(infin)	
A_M1_62_805	sijn	zijn	v(fin,pres,aux_cop)	
A_M1_62_805	seker	zeker	adj()	
A_M1_62_805	gode	god	n(prop)	
A_M1_62_805	te	te	adp()	
A_M1_62_805	ziene	zien	v(infin)	
A_M1_62_806	noch	noch	conj(coord)	
A_M1_62_806	niet	niet	adv(neg)	
A_M1_62_806	te	te	adp()	
A_M1_62_806	messchiene	misschieden	v(infin)	
A_M1_63_807	die	de	art(def)	
A_M1_63_807	gods	god	n(prop)	
A_M1_63_807	sone	zoon	n(sing)	
A_M1_63_807	toghet	togen	v(fin,pres,lex)	
A_M1_63_807	ons	wij	pron(pers,1,plu)	
A_M1_63_807	dat	dat	pron(dem)	
A_M1_63_808	die	de	pron(rel)	
A_M1_63_808	euen+gheweldich	evengeweldig	adj()	
A_M1_63_808	sit	zitten	v(fin,pres,lex)	
A_M1_63_808	ende	en	conj(coord)	
A_M1_63_808	sat	zitten	v(fin,past,lex)	
A_M1_63_809	den	de	art(def)	
A_M1_63_809	vader	vader	n(sing)	
A_M1_63_809	in	in	adp()	
A_M1_63_809	sijn	zijn	pron(poss)	
A_M1_63_809	rike	rijk	n(sing)	
A_M1_63_810	hi	hij	pron(pers,3,sing)	
A_M1_63_810	beete	beten	v(fin,past,lex)	
A_M1_63_810	in	in	adp()	
A_M1_63_810	dese	deze	pron(dem)	
A_M1_63_810	aerme	arm	adj()	
A_M1_63_810	stat	stad	n(sing)	
A_M1_63_811	inder	in+de	adp()+art(def)	
A_M1_63_811	reynre	rein	n(sing)	
A_M1_63_811	marien	maria	n(prop)	
A_M1_63_811	vat	vat	n(sing)	
A_M1_63_812	harde	hard	adv(gener)	
A_M1_63_812	omoedelike	ootmoedelijk	adv(gener)	
A_M1_63_813	daer	daar	adv(rel)	
A_M1_63_813	hi	hij	pron(pers,3,sing)	
A_M1_63_813	cume	kuim	adv(gener)	
A_M1_63_813	soghes	zog	n(sing)	
A_M1_63_813	was	zijn	v(fin,past,aux_cop)	
A_M1_63_813	sat	zat	adj()	
A_M1_63_814	ende	en	conj(coord)	
A_M1_63_814	ghedoghede	gedogen	v(fin,past,lex)	
A_M1_63_814	meneghen	menig	num(indef)	
A_M1_63_814	gadsat	godsat	n(sing)	
A_M1_63_815	van	van	adp()	
A_M1_63_815	sinen	zijn	pron(poss)	
A_M1_63_815	onghelike	ongelijke	n(sing)	
A_M1_63_816	dat	dat	conj(subord)	
A_M1_63_816	aermoede	armoede	n(sing)	
A_M1_63_816	es	zijn	v(fin,pres,aux_cop)	
A_M1_63_816	een	een	art(indef)	
A_M1_63_816	pat	pad	n(sing)	
A_M1_63_817	die	die	pron(rel)	
A_M1_63_817	dor	door	adp()	
A_M1_63_817	den	de	art(def)	
A_M1_63_817	hemel	hemel	n(sing)	
A_M1_63_817	maect	maken	v(fin,pres,lex)	
A_M1_63_817	een	een	art(indef)	
A_M1_63_817	gat	gat	n(sing)	
A_M1_63_818	ende	en	conj(coord)	
A_M1_63_818	soe	zij	pron(pers,3,sing)	
A_M1_63_818	niet	niet	adv(neg)	
A_M1_63_818	en	ne	adv(neg)	
A_M1_63_818	beswike	bezwijken	v(fin,pres,lex)	
A_M1_63_819	die	die	pron(rel)	
A_M1_63_819	hare	zij	pron(pers,3,sing)	
A_M1_63_819	met	met	adp()	
A_M1_63_819	trouwen	trouw	n(sing)	
A_M1_63_819	wike	wijken	v(fin,pres,lex)	
A_M1_64_820	vvaenstu	wanen+du	v(fin,pres,lex)+pron(pers,2,sing)	
A_M1_64_820	martin	martijn	n(prop)	
A_M1_64_820	weeldich	weeldig	adj()	
A_M1_64_820	vet	vet	adj()	
A_M1_64_821	ende	en	conj(coord)	
A_M1_64_821	ghecleet	kleden	v(participle,past)	
A_M1_64_821	nv	nu	adv(dem)	
A_M1_64_821	wel	wel	adv(gener)	
A_M1_64_821	nv	nu	adv(dem)	
A_M1_64_821	bet	bet	adv(gener)	
A_M1_64_822	varen	varen	v(infin)	
A_M1_64_822	int	in+dat	adp()+art(def)	
A_M1_64_822	langhe	lang	adj()	
A_M1_64_822	leuen	leven	n(sing)	
A_M1_64_823	ende	en	conj(coord)	
A_M1_64_823	jhesus	jezus	n(prop)	
A_M1_64_823	naect	naakt	adv(gener)	
A_M1_64_823	int	in+dat	adp()+art(def)	
A_M1_64_823	bloet	bloed	n(sing)	
A_M1_64_823	besmet	besmetten	v(participle,past)	
A_M1_64_824	ende	en	conj(coord)	
A_M1_64_824	sine	zijn	pron(poss)	
A_M1_64_824	rechtre	rechter	adj()	
A_M1_64_824	side	zijde	n(sing)	
A_M1_64_824	ghesplet	splijten	v(participle,past)	
A_M1_64_825	ende	en	conj(coord)	
A_M1_64_825	an	aan	adp()	
A_M1_64_825	thout	dat+hout	art(def)+n(sing)	
A_M1_64_825	verheuen	verheffen	v(participle,past)	
A_M1_64_826	of	of	conj(coord)	
A_M1_64_826	thouet	dat+hoofd	art(def)+n(sing)	
A_M1_64_826	van	van	adp()	
A_M1_64_826	onser	ons	pron(poss)	
A_M1_64_826	wet	wet	n(sing)	
A_M1_64_827	met	met	adp()	
A_M1_64_827	scarpen	scherp	adj()	
A_M1_64_827	dornen	doorn	n(plu)	
A_M1_64_827	was	zijn	v(fin,past,aux_cop)	
A_M1_64_827	beset	bezetten	v(participle,past)	
A_M1_64_828	alset	als+het	conj(subord)+pron(pers,3,sing)	
A_M1_64_828	noch	nog	adv(gener)	
A_M1_64_828	es	zijn	v(fin,pres,aux_cop)	
A_M1_64_828	bescreuen	beschrijven	v(participle,past)	
A_M1_64_829	eist	zijn+het	v(fin,pres,aux_cop)+pron(pers,3,sing)	
A_M1_64_829	dattu	dat+du	conj(subord)+pron(pers,2,sing)	
A_M1_64_829	wilt	willen	v(fin,pres,aux_cop)	
A_M1_64_829	sijn	zijn	v(infin)	
A_M1_64_829	sijn	zijn	pron(poss)	
A_M1_64_829	let	lid	n(sing)	
A_M1_64_830	magherlike	magerlijk	adv(gener)	
A_M1_64_830	drinc	drinken	v(imp)	
A_M1_64_830	ende	en	conj(coord)	
A_M1_64_830	et	eten	v(imp)	
A_M1_64_831	leere	leer	v(imp)	
A_M1_64_831	weelde	weelde	n(sing)	
A_M1_64_831	begheuen	begeven	v(infin)	
A_M1_64_832	oftu	of+du	conj(subord)+pron(pers,2,sing)	
A_M1_64_832	moets	moeten	v(fin,pres,aux_cop)	
A_M1_64_832	zware	zwaar	adv(gener)	
A_M1_64_832	sneuen	sneven	v(infin)	
A_M1_65_833	niet	niet	adv(neg)	
A_M1_65_833	en	ne	adv(neg)	
A_M1_65_833	segghic	zeggen+ik	v(fin,pres,aux_cop)+pron(pers,1,sing)	
A_M1_65_833	dat	dat	conj(subord)	
A_M1_65_833	rijcheit	rijkheid	n(sing)	
A_M1_65_833	sent	zenden	v(fin,pres,lex)	
A_M1_65_834	die	de	art(def)	
A_M1_65_834	zielen	ziel	n(plu)	
A_M1_65_834	inden	in+de	adp()+art(def)	
A_M1_65_834	torment	torment	n(sing)	
A_M1_65_835	vp+dat	opdat	conj(subord)	
A_M1_65_835	ment	men+het	pron(indef)+pron(pers,3,sing)	
A_M1_65_835	nutte	nutten	v(fin,pres,lex)	
A_M1_65_835	met	met	adp()	
A_M1_65_835	rechte	recht	n(sing)	
A_M1_65_836	maer	maar	conj(coord)	
A_M1_65_836	sekerst	zeker	adj()	
A_M1_65_836	es	zijn	v(fin,pres,aux_cop)	
A_M1_65_836	vlien	vlieden	v(infin)	
A_M1_65_836	dat	dat	art(def)	
A_M1_65_836	serpent	serpent	n(sing)	
A_M1_65_837	dan	dan	conj(comp)	
A_M1_65_837	te	te	adp()	
A_M1_65_837	wandelen	wandelen	v(infin)	
A_M1_65_837	daer+om+trent	daaromtrent	pronadv(dem)	
A_M1_65_838	dat	dat	conj(subord)	
A_M1_65_838	het	het	pron(pers,3,sing)	
A_M1_65_838	di	du	pron(pers,2,sing)	
A_M1_65_838	niet	niet	adv(neg)	
A_M1_65_838	bevlechte	bevlechten	v(fin,past,lex)	
A_M1_65_839	maer	maar	conj(coord)	
A_M1_65_839	rijcheit	rijkheid	n(sing)	
A_M1_65_839	maect	maken	v(fin,pres,lex)	
A_M1_65_839	den	de	art(def)	
A_M1_65_839	mensche	mens	n(sing)	
A_M1_65_839	so	zo	adv(dem)	
A_M1_65_839	blent	blind	adj()	
A_M1_65_840	dat	dat	conj(subord)	
A_M1_65_840	hi	hij	pron(pers,3,sing)	
A_M1_65_840	gode	god	n(sing)	
A_M1_65_840	nine	niene	adv(neg)	
A_M1_65_840	kent	kennen	v(fin,pres,lex)	
A_M1_65_841	dus	dus	adv(dem)	
A_M1_65_841	sceet	scheiden	v(fin,past,lex)	
A_M1_65_841	men	men	pron(indef)	
A_M1_65_841	vanden	van+de	adp()+art(def)	
A_M1_65_841	lechte	licht	n(sing)	
A_M1_65_842	ende	en	conj(coord)	
A_M1_65_842	wert	worden	v(fin,pres,aux_cop)	
A_M1_65_842	van	van	adp()	
A_M1_65_842	leuene	leven	n(sing)	
A_M1_65_842	een	een	art(indef)	
A_M1_65_842	rent	rund	n(sing)	
A_M1_65_843	daer	daar	adv(dem)	
A_M1_65_843	valt	vallen	v(fin,pres,lex)	
A_M1_65_843	men	men	pron(indef)	
A_M1_65_843	inden	in+de	adp()+art(def)	
A_M1_65_843	helschen	hels	adj()	
A_M1_65_843	scent	schende	n(sing)	
A_M1_65_844	dus	dus	adv(dem)	
A_M1_65_844	bringhet	brengen	v(fin,pres,lex)	
A_M1_65_844	in	in	adp()	
A_M1_65_844	die	de	art(def)	
A_M1_65_844	echte	hecht	n(sing)	
A_M1_66_845	die	de	art(def)	
A_M1_66_845	duuel	duivel	n(sing)	
A_M1_66_845	sine	zijn	pron(poss)	
A_M1_66_845	knechte	knecht	n(plu)	
A_M1_66_846	iacop	jacob	n(prop)	
A_M1_66_846	du	du	pron(pers,2,sing)	
A_M1_66_846	spreex	spreken	v(fin,past,lex)	
A_M1_66_846	wel	wel	adv(gener)	
A_M1_66_846	ende	en	conj(coord)	
A_M1_66_846	waer	waar	adv(gener)	
A_M1_66_847	maer	maar	conj(coord)	
A_M1_66_847	die	de	art(def)	
A_M1_66_847	wech	weg	n(sing)	
A_M1_66_847	es	zijn	v(fin,pres,aux_cop)	
A_M1_66_847	nauwe	nauw	adj()	
A_M1_66_847	ende	en	conj(coord)	
A_M1_66_847	zwaer	zwaar	adj()	
A_M1_66_848	ende	en	conj(coord)	
A_M1_66_848	zeere	zeer	adv(gener)	
A_M1_66_848	onghetreden	ongetreden	adj()	
A_M1_66_849	met	met	adp()	
A_M1_66_849	aermoeden	armoede	n(sing)	
A_M1_66_849	te	te	adp()	
A_M1_66_849	clemmene	klimmen	v(infin)	
A_M1_66_849	daer	daar	pronadv(rel)	
A_M1_66_850	daer	daar	adv(rel)	
A_M1_66_850	men	men	pron(indef)	
A_M1_66_850	leuet	leven	v(fin,pres,lex)	
A_M1_66_850	sonder	zonder	adp()	
A_M1_66_850	vaer	vaar	n(sing)	
A_M1_66_851	in	in	adp()	
A_M1_66_851	eeweliken	eeuwelijk	adj()	
A_M1_66_851	vreden	vrede	n(sing)	
A_M1_66_852	martin	martijn	n(prop)	
A_M1_66_852	so	zo	adv(resum)	
A_M1_66_852	trec	trekken	v(imp)	
A_M1_66_852	die	de	art(def)	
A_M1_66_852	aerme	arm	n(plu)	
A_M1_66_852	naer	naar	adp()	
A_M1_66_853	deele	delen	v(imp)	
A_M1_66_853	hem	hij	pron(refl,3,sing)	
A_M1_66_853	stille	stil	adv(gener)	
A_M1_66_853	ende	en	conj(coord)	
A_M1_66_853	openbaer	openbaar	adv(gener)	
A_M1_66_854	van	van	adp()	
A_M1_66_854	dire	dijn	pron(poss)	
A_M1_66_854	weeldicheden	weeldigheid	n(sing)	
A_M1_66_855	eere	eren	v(imp)	
A_M1_66_855	der	de	art(def)	
A_M1_66_855	kerken	kerk	n(sing)	
A_M1_66_855	enten	en+de	conj(coord)+art(def)	
A_M1_66_855	outaer	altaar	n(sing)	
A_M1_66_856	het	het	pron(pers,3,sing)	
A_M1_66_856	wert	worden	v(fin,pres,aux_cop)	
A_M1_66_856	ten	te+de	adp()+art(def)	
A_M1_66_856	joncsten	jongsten	adj()	
A_M1_66_856	daghe	dag	n(sing)	
A_M1_66_856	claer	klaar	adj()	
A_M1_66_857	daer	daar	adv(rel)	
A_M1_66_857	di	du	pron(pers,2,sing)	
A_M1_66_857	god	god	n(sing)	
A_M1_66_857	sal	zullen	v(fin,pres,aux_cop)	
A_M1_66_857	besteden	besteden	v(infin)	
A_M1_66_858	met	met	adp()	
A_M1_66_858	sinen	zijn	pron(poss)	
A_M1_66_858	lieuen	lief	adj()	
A_M1_66_858	leden	lede	n(plu)	
A_M1_67_859	die	de	art(def)	
A_M1_67_859	wech	weg	n(sing)	
A_M1_67_859	es	zijn	v(fin,pres,aux_cop)	
A_M1_67_859	nauwe	nauw	adj()	
A_M1_67_859	ende	en	conj(coord)	
A_M1_67_859	hooch	hoog	adj()	
A_M1_67_860	daer	daar	pronadv(rel)	
A_M1_67_860	jhesus	jezus	n(prop)	
A_M1_67_860	bi	bij	pronadv(rel)	
A_M1_67_860	te	te	adp()	
A_M1_67_860	hemele	hemel	n(sing)	
A_M1_67_860	vlooch	vliegen	v(fin,past,lex)	
A_M1_67_861	dats	dat+zijn	pron(dem)+v(fin,pres,aux_cop)	
A_M1_67_861	passie	passie	n(sing)	
A_M1_67_861	ende	en	conj(coord)	
A_M1_67_861	aermoede	armoede	n(sing)	
A_M1_67_862	oftu	of+du	conj(subord)+pron(pers,2,sing)	
A_M1_67_862	meer	meer	adv(gener)	
A_M1_67_862	hebs	hebben	v(fin,pres,aux_cop)	
A_M1_67_862	dan	dan	conj(comp)	
A_M1_67_862	di	du	pron(pers,2,sing)	
A_M1_67_862	dooch	deugen	v(fin,pres,lex)	
A_M1_67_863	om	om	adp()	
A_M1_67_863	die	de	art(def)	
A_M1_67_863	gods	god	n(sing)	
A_M1_67_863	hulde	hulde	n(sing)	
A_M1_67_863	pooch	pogen	v(imp)	
A_M1_67_864	deele	delen	v(imp)	
A_M1_67_864	van	van	adp()	
A_M1_67_864	dinen	dijn	pron(poss)	
A_M1_67_864	goede	goed	n(sing)	
A_M1_67_865	dine	dijn	pron(poss)	
A_M1_67_865	fiere	fier	adj()	
A_M1_67_865	herte	hart	n(sing)	
A_M1_67_865	booch	bogen	v(imp)	
A_M1_67_866	ten	te+de	adp()+art(def)	
A_M1_67_866	armen	arm	adj()	
A_M1_67_866	mensche	mens	n(sing)	
A_M1_67_866	ende	en	conj(coord)	
A_M1_67_866	pooch	pogen	v(imp)	
A_M1_67_867	ontfaermcheit	ontfermigheid	n(sing)	
A_M1_67_867	van	van	adp()	
A_M1_67_867	moede	gemoed	n(sing)	
A_M1_67_868	god	god	n(sing)	
A_M1_67_868	selue	zelf	pron(dem)	
A_M1_67_868	die	die	pron(rel)	
A_M1_67_868	noit	nooit	adv(neg)	
A_M1_67_868	ende	en	conj(coord)	
A_M1_67_868	loech	liegen	v(fin,past,lex)	
A_M1_67_869	enten	en+de	conj(coord)+art(def)	
A_M1_67_869	milden	mild	adj()	
A_M1_67_869	noit	nooit	adv(neg)	
A_M1_67_869	bedroech	bedriegen	v(fin,past,lex)	
A_M1_67_870	sette	zetten	v(fin,past,lex)	
A_M1_67_870	di	du	pron(pers,2,sing)	
A_M1_67_870	in	in	adp()	
A_M1_67_870	siere	zijn	pron(poss)	
A_M1_67_870	hoede	hoede	n(sing)	
A_M1_67_871	buten	buiten	adp()	
A_M1_67_871	des	de	art(def)	
A_M1_67_871	viants	vijand	n(sing)	
A_M1_67_871	roede	roede	n(sing)	
A_M1_68_872	iacop	jacob	n(prop)	
A_M1_68_872	die	de	art(def)	
A_M1_68_872	weerelt	wereld	n(sing)	
A_M1_68_872	maect	maken	v(fin,pres,lex)	
A_M1_68_872	ghescal	geschal	n(sing)	
A_M1_68_873	ende	en	conj(coord)	
A_M1_68_873	thyent	tijgen+het	v(fin,pres,lex)+pron(pers,3,sing)	
A_M1_68_873	den	de	art(def)	
A_M1_68_873	vrouwen	vrouw	n(plu)	
A_M1_68_873	al	al	adv(gener)	
A_M1_68_874	dat	dat	conj(subord)	
A_M1_68_874	wi	wij	pron(pers,1,plu)	
A_M1_68_874	in	in	adp()	
A_M1_68_874	sonden	zonde	n(plu)	
A_M1_68_874	sneuen	sneven	v(infin)	
A_M1_68_875	want	want	conj(subord)	
A_M1_68_875	yeue	eva	n(prop)	
A_M1_68_875	viel	vallen	v(fin,past,lex)	
A_M1_68_875	den	de	art(def)	
A_M1_68_875	eersten	eerst	num(ord)	
A_M1_68_875	val	val	n(sing)	
A_M1_68_876	daer	daar	pronadv(rel)	
A_M1_68_876	wi	wij	pron(pers,1,plu)	
A_M1_68_876	omme	om	pronadv(rel)	
A_M1_68_876	int	in+dat	adp()+art(def)	
A_M1_68_876	erdsche	aards	adj()	
A_M1_68_876	dal	dal	n(sing)	
A_M1_68_877	noch	nog	adv(gener)	
A_M1_68_877	alle	al	pron(indef)	
A_M1_68_877	sijn	zijn	v(fin,pres,aux_cop)	
A_M1_68_877	verdreuen	verdrijven	v(participle,past)	
A_M1_68_878	so	zo	adv(dem)	
A_M1_68_878	segghen	zeggen	v(fin,pres,lex)	
A_M1_68_878	si	zij	pron(pers,3,plu)	
A_M1_68_878	groot	groot	adj()	
A_M1_68_878	ende	en	conj(coord)	
A_M1_68_878	smal	smal	adj()	
A_M1_68_879	dat	dat	conj(subord)	
A_M1_68_879	soe	zij	pron(pers,3,sing)	
A_M1_68_879	adame	adam	n(prop)	
A_M1_68_879	therte	dat+hart	art(def)+n(sing)	
A_M1_68_879	stal	stelen	v(fin,past,lex)	
A_M1_68_880	die	die	pron(rel)	
A_M1_68_880	hem	hij	pron(refl,3,sing)	
A_M1_68_880	hare	zij	pron(pers,3,sing)	
A_M1_68_880	liet	laten	v(fin,past,lex)	
A_M1_68_880	vergheuen	vergeven	v(participle,past)	
A_M1_68_881	sech	zeggen	v(imp)	
A_M1_68_881	mi	ik	pron(pers,1,sing)	
A_M1_68_881	wien	wie	pron(inter)	
A_M1_68_881	men	men	pron(indef)	
A_M1_68_881	thyen	tijgen	v(infin)	
A_M1_68_881	sal	zullen	v(fin,pres,aux_cop)	
A_M1_68_882	dit	dit	pron(dem)	
A_M1_68_882	verlies	verlies	n(sing)	
A_M1_68_882	sonder	zonder	adp()	
A_M1_68_882	ghetal	getal	n(sing)	
A_M1_68_883	daer	daar	pronadv(dem)	
A_M1_68_883	wi	wij	pron(pers,1,plu)	
A_M1_68_883	in	in	pronadv(dem)	
A_M1_68_883	moeten	moeten	v(fin,pres,aux_cop)	
A_M1_68_883	sneuen	sneven	v(infin)	
A_M1_68_884	alse	als	conj(subord)	
A_M1_68_884	enden	einden	v(infin)	
A_M1_68_884	sal	zullen	v(fin,pres,aux_cop)	
A_M1_68_884	dit	dit	pron(dem)	
A_M1_68_884	leuen	leven	n(sing)	
A_M1_69_885	martin	martijn	n(prop)	
A_M1_69_885	die+ghene	degene	pron(dem)	
A_M1_69_885	en	ne	adv(neg)	
A_M1_69_885	es	zijn	v(fin,pres,aux_cop)	
A_M1_69_886	die	die	pron(rel)	
A_M1_69_886	mi	ik	pron(pers,1,sing)	
A_M1_69_886	tyet	tijgen	v(fin,pres,lex)	
A_M1_69_886	dat	dat	conj(subord)	
A_M1_69_886	hi	hij	pron(pers,3,sing)	
A_M1_69_886	m	misdoen	v(fin,pres,lex)	
A_M1_69_887	kent	kennen	v(fin,pres,lex)	
A_M1_69_887	hi	hij	pron(pers,3,sing)	
A_M1_69_887	vrome	vroom	n(sing)	
A_M1_69_887	ende	en	conj(coord)	
A_M1_69_887	scade	schade	n(sing)	
A_M1_69_888	ic	ik	pron(pers,1,sing)	
A_M1_69_888	zie	zien	v(fin,pres,lex)	
A_M1_69_888	die	de	art(def)	
A_M1_69_888	zee	zee	n(sing)	
A_M1_69_888	ic	ik	pron(pers,1,sing)	
A_M1_69_888	zie	zien	v(fin,pres,lex)	
A_M1_69_888	die	de	art(def)	
A_M1_69_888	vloet	vloed	n(sing)	
A_M1_69_889	ic	ik	pron(pers,1,sing)	
A_M1_69_889	settere	zetten+daar	v(fin,pres,lex)+adv(dem)	
A_M1_69_889	willins	willens	adv(gener)	
A_M1_69_889	in	in	adp()	
A_M1_69_889	den	de	art(def)	
A_M1_69_889	voet	voet	n(sing)	
A_M1_69_890	bi	bij	adp()	
A_M1_69_890	eenen	een	art(indef)	
A_M1_69_890	dommen	dom	adj()	
A_M1_69_890	rade	raad	n(sing)	
A_M1_69_891	wien	wie	pron(inter)	
A_M1_69_891	maghics	mogen+ik+dat	v(fin,pres,aux_cop)+pron(pers,1,sing)+pron(dem)	
A_M1_69_891	draghen	dragen	v(infin)	
A_M1_69_891	euel	euvel	adj()	
A_M1_69_891	moet	moed	n(sing)	
A_M1_69_892	of	of	conj(subord)	
A_M1_69_892	mi	ik	pron(pers,1,sing)	
A_M1_69_892	die	de	art(def)	
A_M1_69_892	stroem	stroom	n(sing)	
A_M1_69_892	metter	met+de	adp()+art(def)	
A_M1_69_892	spoet	spoed	n(sing)	
A_M1_69_893	draghet	dragen	v(fin,pres,lex)	
A_M1_69_893	inden	in+de	adp()+art(def)	
A_M1_69_893	ghewade	gewad	n(sing)	
A_M1_69_894	of	of	conj(subord)	
A_M1_69_894	ic	ik	pron(pers,1,sing)	
A_M1_69_894	quaet	kwaad	n(sing)	
A_M1_69_894	kenne	kennen	v(fin,pres,lex)	
A_M1_69_894	ende	en	conj(coord)	
A_M1_69_894	goet	goed	n(sing)	
A_M1_69_895	ende	en	conj(coord)	
A_M1_69_895	ic	ik	pron(pers,1,sing)	
A_M1_69_895	mi	mij	pron(pers,1,sing)	
A_M1_69_895	veinse	veinzen	v(fin,pres,lex)	
A_M1_69_895	verwoet	verwoed	adj()	
A_M1_69_896	men	men	pron(indef)	
A_M1_69_896	saelt	zullen+het	v(fin,pres,aux_cop)+pron(pers,3,sing)	
A_M1_69_896	claghen	klagen	v(infin)	
A_M1_69_896	spade	spade	adv(gener)	
A_M1_69_897	dat	dat	conj(subord)	
A_M1_69_897	ic	ik	pron(pers,1,sing)	
A_M1_69_897	mi	mij	pron(refl,1,sing)	
A_M1_69_897	verlade	verladen	v(fin,pres,lex)	
A_M1_70_898	sulc	zulk	pron(indef)	
A_M1_70_898	thyent	tijgen	v(fin,pres,lex)	
A_M1_70_898	den	de	art(def)	
A_M1_70_898	vrouwen	vrouw	n(plu)	
A_M1_70_898	vpsien	opzien	v(infin)	
A_M1_70_899	dat	dat	conj(subord)	
A_M1_70_899	si	zij	pron(pers,3,plu)	
A_M1_70_899	hem	hij	pron(pers,3,plu)	
A_M1_70_899	dat	dat	art(def)	
A_M1_70_899	herte	hart	n(sing)	
A_M1_70_899	ontien	onttijgen	v(fin,pres,lex)	
A_M1_70_900	alse	als	conj(comp)	
A_M1_70_900	die	de	art(def)	
A_M1_70_900	steen	steen	n(sing)	
A_M1_70_900	die	de	art(def)	
A_M1_70_900	naelde	naald	n(sing)	
A_M1_70_901	hi	hij	pron(pers,3,sing)	
A_M1_70_901	dinct	dunken	v(fin,pres,aux_cop)	
A_M1_70_901	mi	ik	pron(pers,1,sing)	
A_M1_70_901	mesdoen	misdoen	v(infin)	
A_M1_70_901	in+dien	indien	adv(gener)	
A_M1_70_902	wilde	willen	v(fin,past,aux_cop)	
A_M1_70_902	hi	hij	pron(pers,3,sing)	
A_M1_70_902	der	de	art(def)	
A_M1_70_902	waerheit	waarheid	n(sing)	
A_M1_70_902	ghien	gie‘n	v(infin)	
A_M1_70_903	dat	dat	pron(rel)	
A_M1_70_903	hi	hij	pron(pers,3,sing)	
A_M1_70_903	daer+toe	daartoe	pronadv(dem)	
A_M1_70_903	taelde	talen	v(fin,past,lex)	
A_M1_70_904	wat	wat	pron(inter)	
A_M1_70_904	moghens	mogen+het	v(fin,pres,lex)+pron(pers,3,sing)	
A_M1_70_904	vrouwen	vrouw	n(plu)	
A_M1_70_904	dat	dat	conj(subord)	
A_M1_70_904	manne	man	n(plu)	
A_M1_70_904	plien	plegen	v(fin,pres,lex)	
A_M1_70_905	so	zo	adv(gener)	
A_M1_70_905	nauwe	nauw	adv(gener)	
A_M1_70_905	om	om	adp()	
A_M1_70_905	hare	haar	pron(poss)	
A_M1_70_905	scoenheit	schoonheid	n(sing)	
A_M1_70_905	spien	spieden	v(infin)	
A_M1_70_906	wies	wie+zijn	pron(inter)+v(fin,pres,aux_cop)	
A_M1_70_906	diese	die+zij	pron(rel)+pron(pers,3,plu)	
A_M1_70_906	daer+toe	daar+toe	pronadv(dem)	
A_M1_70_906	haelde	halen	v(fin,past,lex)	
A_M1_70_907	wilde	willen	v(fin,past,aux_cop)	
A_M1_70_907	die	de	art(def)	
A_M1_70_907	claghere	klager	n(sing)	
A_M1_70_907	in	in	adp()	
A_M1_70_907	tijt	tijd	n(sing)	
A_M1_70_907	vlien	vlieden	v(infin)	
A_M1_70_908	sone	zo+ne	adv(gener)+adv(neg)	
A_M1_70_908	mochtem	mogen+hij	v(fin,past,aux_cop)+pron(pers,3,sing)	
A_M1_70_908	niet	niet	adv(neg)	
A_M1_70_908	messchien	misschieden	v(infin)	
A_M1_70_909	ende	en	conj(coord)	
A_M1_70_909	hi	hij	pron(pers,3,sing)	
A_M1_70_909	den	de	art(def)	
A_M1_70_909	sin	zin	n(sing)	
A_M1_70_909	verstaelde	verstalen	v(fin,past,lex)	
A_M1_70_910	eer	eer	conj(subord)	
A_M1_70_910	hem	hij	pron(pers,3,sing)	
A_M1_70_910	therte	het+hart	art(def)+n(sing)	
A_M1_70_910	daelde	dalen	v(fin,past,lex)	
A_M1_71_911	vrauwen	vrouw	n(plu)	
A_M1_71_911	sijn	zijn	v(fin,pres,aux_cop)	
A_M1_71_911	bi	bij	adp()	
A_M1_71_911	natueren	natuur	n(sing)	
A_M1_71_911	goet	goed	adj()	
A_M1_71_912	si	zij	pron(pers,3,plu)	
A_M1_71_912	slachten	slachten	v(fin,pres,lex)	
A_M1_71_912	den	de	art(def)	
A_M1_71_912	wine	wijn	n(sing)	
A_M1_71_912	enter	en+de	conj(coord)+art(def)	
A_M1_71_912	gloet	gloed	n(sing)	
A_M1_71_913	die	die	pron(rel)	
A_M1_71_913	de	de	art(def)	
A_M1_71_913	weerelt	wereld	n(sing)	
A_M1_71_913	verbliden	verblijden	v(fin,past,lex)	
A_M1_71_914	want	want	conj(subord)	
A_M1_71_914	wie	wie	pron(rel)	
A_M1_71_914	des	de	art(def)	
A_M1_71_914	wijns	wijn	n(sing)	
A_M1_71_914	te	te	adv(gener)	
A_M1_71_914	vele	veel	num(indef)	
A_M1_71_914	in+doet	indoen	v(fin,pres,lex)	
A_M1_71_915	ende	en	conj(coord)	
A_M1_71_915	te	te	adv(gener)	
A_M1_71_915	naer	naar	adv(gener)	
A_M1_71_915	den	de	art(def)	
A_M1_71_915	viere	vuur	n(sing)	
A_M1_71_915	set	zetten	v(fin,pres,lex)	
A_M1_71_915	den	de	art(def)	
A_M1_71_915	voet	voet	n(sing)	
A_M1_71_916	hine	hij+ne	pron(pers,3,sing)+adv(neg)	
A_M1_71_916	caens	kunnen+het	v(fin,pres,lex)+pron(pers,3,sing)	
A_M1_71_916	niet	niet	adv(neg)	
A_M1_71_916	gheliden	gelijden	v(infin)	
A_M1_71_917	waren	zijn	v(fin,past,aux_cop)	
A_M1_71_917	die	de	art(def)	
A_M1_71_917	manne	man	n(plu)	
A_M1_71_917	also	alzo	adv(dem)	
A_M1_71_917	behoet	behoeden	v(participle,past)	
A_M1_71_918	dat	dat	conj(subord)	
A_M1_71_918	si	zij	pron(pers,3,plu)	
A_M1_71_918	oghen	oog	n(plu)	
A_M1_71_918	sin	zin	n(sing)	
A_M1_71_918	ende	en	conj(coord)	
A_M1_71_918	moet	moed	n(sing)	
A_M1_71_919	wel	wel	adv(gener)	
A_M1_71_919	consten	kunnen	v(fin,past,aux_cop)	
A_M1_71_919	besniden	besnijden	v(infin)	
A_M1_71_920	o	zo	adv(gener)	
A_M1_71_920	ware	zijn	v(fin,past,aux_cop)	
A_M1_71_920	vrouwen	vrouw	n(plu)	
A_M1_71_920	minne	min	n(sing)	
A_M1_71_920	spoet	spoed	adj()	
A_M1_71_921	worden	worden	v(fin,past,aux_cop)	
A_M1_71_921	si	zij	pron(pers,3,plu)	
A_M1_71_921	van	van	adp()	
A_M1_71_921	minnen	min	n(sing)	
A_M1_71_921	verwoet	verwoed	adj()	
A_M1_71_922	dompelike	dommelijk	adv(gener)	
A_M1_71_922	toe	te	adp()	
A_M1_71_922	tiden	tijden	v(fin,pres,lex)	
A_M1_71_923	dit	dit	pron(dem)	
A_M1_71_923	doet	doen	v(fin,pres,lex)	
A_M1_71_923	vrouwen	vrouw	n(plu)	
A_M1_71_923	beniden	benijden	v(participle,past)	
A_M1_72_924	dat	dat	conj(subord)	
A_M1_72_924	men	men	pron(indef)	
A_M1_72_924	te	te	adv(gener)	
A_M1_72_924	lettel	luttel	adv(gener)	
A_M1_72_924	ghetrouwe	getrouw	adj()	
A_M1_72_924	kint	kennen	v(fin,pres,lex)	
A_M1_72_925	vrouwen	vrouw	n(plu)	
A_M1_72_925	claghic	klagen+ik	v(fin,pres,lex)+pron(pers,1,sing)	
A_M1_72_925	niet	niet	adv(neg)	
A_M1_72_925	een	een	art(indef)	
A_M1_72_925	twint	twint	n(sing)	
A_M1_72_926	bi	bij	adp()	
A_M1_72_926	eere	een	art(indef)	
A_M1_72_926	maniere	manier	n(sing)	
A_M1_72_927	want	want	conj(coord)	
A_M1_72_927	wat	wat	pron(rel)	
A_M1_72_927	so	zo	adv(gener)	
A_M1_72_927	men	men	pron(indef)	
A_M1_72_927	vele	veel	adv(gener)	
A_M1_72_927	vint	vinden	v(fin,pres,lex)	
A_M1_72_928	wert	worden	v(fin,pres,aux_cop)	
A_M1_72_928	onwert	onwaard	adj()	
A_M1_72_928	ende	en	conj(coord)	
A_M1_72_928	onghemint	ongemind	adj()	
A_M1_72_929	ende	en	conj(coord)	
A_M1_72_929	men	men	pron(indef)	
A_M1_72_929	copet	kopen+het	v(fin,pres,lex)+pron(pers,3,sing)	
A_M1_72_929	ondiere	onduur	adv(gener)	
A_M1_72_930	manne	man	n(plu)	
A_M1_72_930	sijn	zijn	pron(poss)	
A_M1_72_930	loser	loos	adj()	
A_M1_72_930	dan	dan	conj(comp)	
A_M1_72_930	die	de	art(def)	
A_M1_72_930	wint	wind	n(sing)	
A_M1_72_931	hare	haar	pron(poss)	
A_M1_72_931	scone	schoon	adj()	
A_M1_72_931	claghen	klaag	n(sing)	
A_M1_72_931	vrouwen	vrouw	n(plu)	
A_M1_72_931	verblint	verblinden	v(fin,pres,lex)	
A_M1_72_932	want	want	conj(subord)	
A_M1_72_932	si	zij	pron(pers,3,plu)	
A_M1_72_932	sijn	zijn	v(fin,pres,aux_cop)	
A_M1_72_932	goedertiere	goedertieren	adj()	
A_M1_72_933	grote	groot	adj()	
A_M1_72_933	sonden	zonde	n(plu)	
A_M1_72_933	hi	hij	pron(pers,3,sing)	
A_M1_72_933	hem	hij	pron(refl,3,sing)	
A_M1_72_933	bewint	bewinden	v(fin,pres,lex)	
A_M1_72_934	die	die	pron(rel)	
A_M1_72_934	valsche	vals	adj()	
A_M1_72_934	worden	woord	n(plu)	
A_M1_72_934	vrouwen	vrouw	n(plu)	
A_M1_72_934	toe+sint	toezenden	v(fin,pres,lex)	
A_M1_72_935	god	god	n(sing)	
A_M1_72_935	die	die	pron(rel)	
A_M1_72_935	moetene	moeten+hij	v(fin,pres,aux_cop)+pron(pers,3,sing)	
A_M1_72_935	schiere	schier	adv(gener)	
A_M1_72_936	senden	zenden	v(infin)	
A_M1_72_936	ten	te+de	adp()+art(def)	
A_M1_72_936	helschen	hels	adj()	
A_M1_72_936	viere	vier	n(sing)	
A_M1_73_937	vvat	wat	pron(inter)	
A_M1_73_937	mochte	mogen	v(fin,past,aux_cop)	
A_M1_73_937	verhieue	vrouw+eva	n(sing)+n(prop)	
A_M1_73_937	dat	dat	conj(subord)	
A_M1_73_937	adm	adam	n(prop)	
A_M1_73_938	dor	door	adp()	
A_M1_73_938	haren	haar	pron(poss)	
A_M1_73_938	wille	wil	n(sing)	
A_M1_73_938	den	de	art(def)	
A_M1_73_938	appel	appel	n(sing)	
A_M1_73_938	nam	nemen	v(fin,past,lex)	
A_M1_73_939	dat	dat	pron(rel)	
A_M1_73_939	wi	wij	pron(pers,1,plu)	
A_M1_73_939	noch	nog	adv(gener)	
A_M1_73_939	besteruen	besterven	v(infin)	
A_M1_73_940	ic	ik	pron(pers,1,sing)	
A_M1_73_940	waenre	wanen+het	v(fin,past,lex)+pron(pers,3,sing)	
A_M1_73_940	ons	ons	pron(poss)	
A_M1_73_940	vordeel	voordeel	n(sing)	
A_M1_73_940	ane+quam	aankomen	v(fin,past,lex)	
A_M1_73_941	want	want	conj(subord)	
A_M1_73_941	hier+omme	hierom	pronadv(dem)	
A_M1_73_941	themelsche	dat+hemels	art(def)+adj()	
A_M1_73_941	lam	lam	n(sing)	
A_M1_73_942	wart	worden	v(fin,past,aux_cop)	
A_M1_73_942	mensche	mens	n(sing)	
A_M1_73_942	tonser	te+ons	adp()+pron(poss)	
A_M1_73_942	bederue	bederf	n(sing)	
A_M1_73_943	hi	hij	pron(pers,3,sing)	
A_M1_73_943	versoende	verzoenen	v(fin,past,lex)	
A_M1_73_943	den	de	art(def)	
A_M1_73_943	vader	vader	n(sing)	
A_M1_73_943	gram	gram	adj()	
A_M1_73_944	ende	en	conj(coord)	
A_M1_73_944	wijsde	wijzen	v(fin,past,lex)	
A_M1_73_944	den	de	art(def)	
A_M1_73_944	wech	weg	n(sing)	
A_M1_73_944	enten	en+de	conj(coord)+art(def)	
A_M1_73_944	dam	dam	n(sing)	
A_M1_73_945	toter	tot+de	adp()+art(def)	
A_M1_73_945	hogher	hoog	adj()	
A_M1_73_945	heruen	erf	n(sing)	
A_M1_73_946	selsienre	zelsen	adj()	
A_M1_73_946	dinc	ding	n(sing)	
A_M1_73_946	noit	nooit	adv(neg)	
A_M1_73_946	man	man	n(sing)	
A_M1_73_946	vernam	vernemen	v(fin,past,lex)	
A_M1_73_947	dan	dan	conj(comp)	
A_M1_73_947	die	de	art(def)	
A_M1_73_947	maghet	maagd	n(sing)	
A_M1_73_947	gode	god	n(prop)	
A_M1_73_947	maecte	maken	v(fin,past,lex)	
A_M1_73_947	so	zo	adv(gener)	
A_M1_73_947	tam	tam	adj()	
A_M1_73_948	dat	dat	conj(subord)	
A_M1_73_948	hi	hij	pron(pers,3,sing)	
A_M1_73_948	eene+weruen	eenwerf	adv(gener)	
A_M1_73_949	om	om	adp()	
A_M1_73_949	ons	wij	pron(pers,1,plu)	
A_M1_73_949	wilde	willen	v(fin,past,aux_cop)	
A_M1_73_949	steruen	sterven	v(infin)	
A_M1_74_950	vvat	wat	pron(inter)	
A_M1_74_950	maken	maken	v(fin,pres,lex)	
A_M1_74_950	quaet+sprekers	kwaadspreker	n(plu)	
A_M1_74_950	ghescal	geschal	n(sing)	
A_M1_74_951	vrauwen	vrouw	n(plu)	
A_M1_74_951	dadent	doen+het	v(fin,past,lex)+pron(pers,3,sing)	
A_M1_74_951	wel+na	welna	adv(gener)	
A_M1_74_951	al	al	adv(gener)	
A_M1_74_952	dat	dat	conj(subord)	
A_M1_74_952	dit	dit	pron(dem)	
A_M1_74_952	wonder	wonder	n(sing)	
A_M1_74_952	ghesciede	geschieden	v(fin,past,lex)	
A_M1_74_953	al	al	pron(indef)	
A_M1_74_953	dat	dat	pron(rel)	
A_M1_74_953	es	zijn	v(fin,pres,lex)	
A_M1_74_953	ende	en	conj(coord)	
A_M1_74_953	wesen	wezen	v(infin)	
A_M1_74_953	sal	zullen	v(fin,pres,aux_cop)	
A_M1_74_954	ende	en	conj(coord)	
A_M1_74_954	dat	dat	pron(rel)	
A_M1_74_954	oint	ooit	adv(indef)	
A_M1_74_954	was	zijn	v(fin,past,aux_cop)	
A_M1_74_954	sonder	zonder	adp()	
A_M1_74_954	ghetal	getal	n(sing)	
A_M1_74_955	inghele	engel	n(plu)	
A_M1_74_955	ende	en	conj(coord)	
A_M1_74_955	liede	lieden	n(plu)	
A_M1_74_956	beueden	beveden	v(fin,past,lex)	
A_M1_74_956	groot	groot	adj()	
A_M1_74_956	ende	en	conj(coord)	
A_M1_74_956	smal	smal	adj()	
A_M1_74_957	maria	maria	n(prop)	
A_M1_74_957	ghenas	genezen	v(fin,past,lex)	
A_M1_74_957	den	de	art(def)	
A_M1_74_957	val	val	n(sing)	
A_M1_74_958	van	van	adp()	
A_M1_74_958	meinscheliken	menselijk	adj()	
A_M1_74_958	diede	diet	n(sing)	
A_M1_74_959	soe	zij	pron(pers,3,sing)	
A_M1_74_959	was	zijn	v(fin,past,aux_cop)	
A_M1_74_959	die	de	pron(dem)	
A_M1_74_959	rouede	roven	v(fin,past,lex)	
A_M1_74_959	ende	en	conj(coord)	
A_M1_74_959	stal	stelen	v(fin,past,lex)	
A_M1_74_960	die	de	art(def)	
A_M1_74_960	zielen	ziel	n(plu)	
A_M1_74_960	int	in+dat	adp()+art(def)	
A_M1_74_960	helsche	hels	adj()	
A_M1_74_960	dal	dal	n(sing)	
A_M1_74_961	dies	die	pron(rel)	
A_M1_74_961	lucifer	lucifer	n(prop)	
A_M1_74_961	beghiede	begie‘n	v(fin,past,lex)	
A_M1_74_962	want	want	conj(coord)	
A_M1_74_962	het	het	pron(pers,3,sing)	
A_M1_74_962	was	zijn	v(fin,past,aux_cop)	
A_M1_74_962	sine	zijn	pron(poss)	
A_M1_74_962	meiseniede	meisniede	n(sing)	
A_M1_75_963	iacop	jacob	n(prop)	
A_M1_75_963	du	du	pron(pers,2,sing)	
A_M1_75_963	best	zijn	v(fin,pres,aux_cop)	
A_M1_75_963	den	de	art(def)	
A_M1_75_963	vrouwen	vrouw	n(plu)	
A_M1_75_963	hout	houd	adj()	
A_M1_75_964	du	du	pron(pers,2,sing)	
A_M1_75_964	gheues	geven	v(fin,pres,lex)	
A_M1_75_964	den	de	art(def)	
A_M1_75_964	mannen	man	n(plu)	
A_M1_75_964	al	al	adv(gener)	
A_M1_75_964	de	de	art(def)	
A_M1_75_964	scout	schuld	n(sing)	
A_M1_75_965	ic	ik	pron(pers,1,sing)	
A_M1_75_965	wanict	wanen+ic+het	v(fin,pres,aux_cop)+pron(pers,1,sing)+pron(pers,3,sing)	
A_M1_75_965	best	best	adv(gener)	
A_M1_75_965	ghedoghe	gedogen	v(infin)	
A_M1_75_966	ic	ik	pron(pers,1,sing)	
A_M1_75_966	vergheue	vergeven	v(fin,pres,lex)	
A_M1_75_966	al	al	adj()	
A_M1_75_966	onghedout	ongeduld	n(sing)	
A_M1_75_967	allen	al	pron(indef)	
A_M1_75_967	vrouwen	vrouw	n(plu)	
A_M1_75_967	jonc	jong	adj()	
A_M1_75_967	ende	en	conj(coord)	
A_M1_75_967	hout	oud	adj()	
A_M1_75_968	omme	om	adp()	
A_M1_75_968	die	de	art(def)	
A_M1_75_968	vrouwe	vrouw	n(sing)	
A_M1_75_968	hoghe	hoog	adj()	
A_M1_75_969	daer	daar	adv(rel)	
A_M1_75_969	ons	wij	pron(pers,1,plu)	
A_M1_75_969	af+quam	afkomen	v(fin,past,lex)	
A_M1_75_969	onse	ons	pron(poss)	
A_M1_75_969	behout	behoud	n(sing)	
A_M1_75_970	ghedanct	gedanken	v(fin,pres,lex)	
A_M1_75_970	si	zij	pron(pers,3,sing)	
A_M1_75_970	soes	zij+het	pron(pers,3,sing)+pron(pers,3,sing)	
A_M1_75_970	menichfout	menigvoud	adv(gener)	
A_M1_75_971	dat	dat	conj(subord)	
A_M1_75_971	soene	zij+hij	pron(pers,3,sing)+pron(pers,3,sing)	
A_M1_75_971	vp+hilt	ophouden	v(fin,past,lex)	
A_M1_75_971	met	met	adp()	
A_M1_75_971	soghe	zog	n(sing)	
A_M1_75_972	die	die	pron(rel)	
A_M1_75_972	ons	wij	pron(pers,1,plu)	
A_M1_75_972	benam	benemen	v(fin,past,lex)	
A_M1_75_972	dat	dat	art(def)	
A_M1_75_972	helsche	hels	adj()	
A_M1_75_972	cout	koud	n(sing)	
A_M1_75_973	in	in	adp()	
A_M1_75_973	hare	zij	pron(pers,3,sing)	
A_M1_75_973	bem	zijn	v(fin,pres,lex)	
A_M1_75_973	ic	ik	pron(pers,1,sing)	
A_M1_75_973	te	te	adp()	
A_M1_75_973	hendene	einden	v(infin)	
A_M1_75_973	bout	boud	adj()	
A_M1_75_974	onse	ons	pron(poss)	
A_M1_75_974	dyaloghe	dialoog	n(sing)	
A_M1_75_975	in	ik+ne	pron(pers,1,sing)+adv(neg)	
A_M1_75_975	vraghe	vraag	v(fin,pres,lex)	
A_M1_75_975	nemmeer	nimmer	adv(neg)	
A_M1_75_975	no	noch	conj(coord)	
A_M1_75_975	ne	ne	adv(neg)	
A_M1_75_975	toghe	togen	v(fin,pres,lex)	
A_M2_1_000	dander	de+ander	art(def)+adj()	
A_M2_1_000	martijn	martijn	n(prop)	
A_M2_1_001	martijn	martijn	n(prop)	
A_M2_1_001	slaepstu	slapen+du	v(fin,pres,lex)+pron(pers,2,sing)	
A_M2_1_001	slaept	slapen	v(fin,pres,lex)	
A_M2_1_001	dijn	dijn	pron(poss)	
A_M2_1_001	sin	zin	n(sing)	
A_M2_1_002	spreect	spreken	v(imp)	
A_M2_1_002	heuestu	hebben+du	v(fin,pres,aux_cop)+pron(pers,2,sing)	
A_M2_1_002	gheen	geen	pron(indef)	
A_M2_1_002	spreken	spreken	v(infin)	
A_M2_1_002	in	in	adp()	
A_M2_1_003	du	du	pron(pers,2,sing)	
A_M2_1_003	dinx	dunken	v(fin,pres,aux_cop)	
A_M2_1_003	mi	ik	pron(pers,1,sing)	
A_M2_1_003	al	al	adv(gener)	
A_M2_1_003	verdoren	verdoren	v(infin)	
A_M2_1_004	dune	du+ne	pron(pers,2,sing)+adv(neg)	
A_M2_1_004	achtes	achten+het	v(fin,past,lex)+pron(pers,3,sing)	
A_M2_1_004	meer	meer	num(indef)	
A_M2_1_004	no	noch	conj(coord)	
A_M2_1_004	min	min	adv(gener)	
A_M2_1_005	dan	dan	conj(comp)	
A_M2_1_005	omme	om	adp()	
A_M2_1_005	weelde	weelde	n(sing)	
A_M2_1_005	ende	en	conj(coord)	
A_M2_1_005	om	om	adp()	
A_M2_1_005	ghewin	gewin	n(sing)	
A_M2_1_006	wiltu	willen+du	v(fin,pres,aux_cop)+pron(pers,2,sing)	
A_M2_1_006	di	du	pron(pers,2,sing)	
A_M2_1_006	dus	dus	adv(dem)	
A_M2_1_006	versmoren	versmoren	v(infin)	
A_M2_1_007	waert	zijn+het	v(fin,past,aux_cop)+pron(pers,3,sing)	
A_M2_1_007	al	al	adv(gener)	
A_M2_1_007	dijn	dijn	pron(poss)	
A_M2_1_007	dat	dat	pron(dem)	
A_M2_1_007	comt	komen	v(fin,pres,lex)	
A_M2_1_007	int	in+dat	adp()+art(def)	
A_M2_1_007	swin	zwin	n(sing)	
A_M2_1_008	gout	goud	n(sing)	
A_M2_1_008	seluer	zilver	n(sing)	
A_M2_1_008	stael	staal	n(sing)	
A_M2_1_008	loet	lood	n(sing)	
A_M2_1_008	yser	ijzer	n(sing)	
A_M2_1_008	tin	tin	n(sing)	
A_M2_1_009	so	zo	adv(resum)	
A_M2_1_009	bleuestu	blijven+du	pron(pers,2,sing)+v(fin,pres,aux_cop)	
A_M2_1_009	verloren	verliezen	v(participle,past)	
A_M2_1_010	daetstu	doen+du	adv(gener)+conj(subord)+pron(pers,2,sing)	
A_M2_1_010	ter	te+de	adp()+art(def)	
A_M2_1_010	doghet	deugd	n(sing)	
A_M2_1_010	gheen	geen	pron(indef)	
A_M2_1_010	beghin	begin	n(sing)	
A_M2_1_011	hef	heffen	v(imp)	
A_M2_1_011	vp	op	v(prtcl)	
A_M2_1_011	dijn	dijn	pron(poss)	
A_M2_1_011	houet	hoofd	n(sing)	
A_M2_1_011	ende	en	conj(coord)	
A_M2_1_011	dinen	dijn	pron(poss)	
A_M2_1_011	kin	kin	n(sing)	
A_M2_1_012	tontijt	te+ontijd	adp()+n(sing)	
A_M2_1_012	waerstu	zijn+du	v(fin,past,lex)+pron(pers,2,sing)	
A_M2_1_012	gheboren	geboren	v(participle,past)	
A_M2_1_013	heuestu	hebben+du	v(fin,pres,aux_cop)+pron(pers,2,sing)	
A_M2_1_013	dat	dat	art(def)	
A_M2_1_013	dichten	dichten	v(infin)	
A_M2_1_013	verzworen	verzworen	v(infin)	
A_M2_2_014	iacop	jacob	n(prop)	
A_M2_2_014	du	du	pron(pers,2,sing)	
A_M2_2_014	woens	wonen	v(fin,past,lex)	
A_M2_2_014	inden	in+de	adp()+art(def)	
A_M2_2_014	dam	dam	n(sing)	
A_M2_2_015	ende	en	conj(coord)	
A_M2_2_015	ic	ik	pron(pers,1,sing)	
A_M2_2_015	te	te	adp()	
A_M2_2_015	dorderecht	dordrecht	n(prop)	
A_M2_2_015	dies	dies	pron(resum)	
A_M2_2_015	bem	zijn	v(fin,pres,aux_cop)	
A_M2_2_015	ic	ik	pron(pers,1,sing)	
A_M2_2_015	gram	gram	adj()	
A_M2_2_016	dat	dat	conj(subord)	
A_M2_2_016	wi	wij	pron(pers,1,plu)	
A_M2_2_016	dus	dus	adv(dem)	
A_M2_2_016	sijn	zijn	v(fin,pres,aux_cop)	
A_M2_2_016	versceeden	verscheiden	v(participle,past)	
A_M2_2_017	weetstu	weten+du	v(fin,pres,lex)+pron(pers,2,sing)	
A_M2_2_017	wat	wat	pron(rel)	
A_M2_2_017	mi	ik	pron(pers,1,sing)	
A_M2_2_017	oit	ooit	adv(indef)	
A_M2_2_017	mesquam	miskomen	v(fin,past,lex)	
A_M2_2_018	dat	dat	conj(subord)	
A_M2_2_018	ic	ik	pron(pers,1,sing)	
A_M2_2_018	bate	baat	n(sing)	
A_M2_2_018	noch	nog	adv(gener)	
A_M2_2_018	nie	niet	adv(neg)	
A_M2_2_018	vernam	vernemen	v(fin,past,lex)	
A_M2_2_019	ant	aan+dat	adp()+art(def)	
A_M2_2_019	dichten	dichten	v(infin)	
A_M2_2_019	van	van	adp()	
A_M2_2_019	ons	wij	pron(pers,1,plu)	
A_M2_2_019	beeden	beide	num(indef)	
A_M2_2_020	so	zo	adv(resum)	
A_M2_2_020	es	zijn	v(fin,pres,aux_cop)	
A_M2_2_020	mi	ik	pron(pers,1,sing)	
A_M2_2_020	die	de	art(def)	
A_M2_2_020	sin	zin	n(sing)	
A_M2_2_020	worden	worden	v(participle,past)	
A_M2_2_020	so	zo	adv(gener)	
A_M2_2_020	lam	lam	adj()	
A_M2_2_021	dat	dat	conj(subord)	
A_M2_2_021	icker	ik+daar	pron(pers,1,sing)+adv(rel)	
A_M2_2_021	node	node	adv(gener)	
A_M2_2_021	weder	weder	adv(gener)	
A_M2_2_021	an+quam	aankomen	v(fin,past,lex)	
A_M2_2_022	dit	dit	pron(dem)	
A_M2_2_022	deet	doen	v(fin,past,aux_cop)	
A_M2_2_022	mi	ik	pron(pers,1,sing)	
A_M2_2_022	verleeden	verleden	v(infin)	
A_M2_2_023	du	du	pron(pers,2,sing)	
A_M2_2_023	wecs	wekken	v(fin,pres,lex)	
A_M2_2_023	mi	ik	pron(pers,1,sing)	
A_M2_2_023	alse	als	conj(comp)	
A_M2_2_023	een	een	art(indef)	
A_M2_2_023	stotel	stotel	adj()	
A_M2_2_023	ram	ram	n(sing)	
A_M2_2_024	al	al	conj(subord)	
A_M2_2_024	bestu	zijn+du	v(fin,pres,aux_cop)+pron(pers,2,sing)	
A_M2_2_024	wilt	wild	adj()	
A_M2_2_024	du	du	pron(pers,2,sing)	
A_M2_2_024	werts	worden	v(fin,pres,aux_cop)	
A_M2_2_024	tam	tam	adj()	
A_M2_2_025	leere	leer	v(imp)	
A_M2_2_025	dine	dijn	pron(poss)	
A_M2_2_025	worden	woord	n(plu)	
A_M2_2_025	cleeden	kleden	v(infin)	
A_M2_2_026	soetelike	zoetelijk	adv(gener)	
A_M2_2_026	ende	en	conj(coord)	
A_M2_2_026	ghereeden	gereden	v(participle,past)	
A_M2_3_027	martijn	martijn	n(prop)	
A_M2_3_027	vrient	vriend	n(sing)	
A_M2_3_027	hebbic	hebben+ik	v(fin,pres,aux_cop)+pron(pers,1,sing)	
A_M2_3_027	messeit	miszeggen	v(participle,past)	
A_M2_3_028	ic	ik	pron(pers,1,sing)	
A_M2_3_028	bems	zijn+het	v(fin,pres,aux_cop)+pron(pers,3,sing)	
A_M2_3_028	te	te	adp()	
A_M2_3_028	beterne	beteren	v(infin)	
A_M2_3_028	ghereit	gereed	adj()	
A_M2_3_029	ic	ik	pron(pers,1,sing)	
A_M2_3_029	wils	willen	v(fin,pres,aux_cop)	
A_M2_3_029	al	al	adv(gener)	
A_M2_3_029	vp	op	adp()	
A_M2_3_029	hu	du	pron(pers,2,sing)	
A_M2_3_029	bliuen	blijven	v(infin)	
A_M2_3_030	maer	maar	conj(coord)	
A_M2_3_030	verstant	verstaan	v(imp)	
A_M2_3_030	mi	ik	pron(pers,1,sing)	
A_M2_3_030	ende	en	conj(coord)	
A_M2_3_030	ontbint	ontbinden	v(imp)	
A_M2_3_031	eene	een	art(indef)	
A_M2_3_031	dinc	ding	n(sing)	
A_M2_3_031	die	die	pron(rel)	
A_M2_3_031	mi	ik	pron(pers,1,sing)	
A_M2_3_031	vp	op	adp()	
A_M2_3_031	therte	dat+hart	art(def)+n(sing)	
A_M2_3_031	leit	liggen	v(fin,pres,lex)	
A_M2_3_032	die	die	pron(dem)	
A_M2_3_032	willic	willen+ik	v(fin,pres,aux_cop)+pron(pers,1,sing)	
A_M2_3_032	hu	gij	pron(pers,2,sing)	
A_M2_3_032	bescriuen	beschrijven	v(infin)	
A_M2_3_033	daer	daar	pronadv(rel)	
A_M2_3_033	hare	zij	pron(refl,3,sing)	
A_M2_3_033	die	de	art(def)	
A_M2_3_033	weerelt	wereld	n(sing)	
A_M2_3_033	mede	mede	pronadv(rel)	
A_M2_3_033	meit	meien	v(fin,pres,lex)	
A_M2_3_034	ne	ne	adv(neg)	
A_M2_3_034	dade	doen	v(fin,past,lex)	
A_M2_3_034	dat	dat	conj(subord)	
A_M2_3_034	lief	lief	n(sing)	
A_M2_3_034	worde	worden	v(fin,pres,aux_cop)	
A_M2_3_034	leit	leed	n(sing)	
A_M2_3_035	ende	en	conj(coord)	
A_M2_3_035	dats	dat+zijn	pron(dem)+v(fin,pres,aux_cop)	
A_M2_3_035	minne	min	n(sing)	
A_M2_3_035	van	van	adp()	
A_M2_3_035	wiuen	wijf	n(plu)	
A_M2_3_036	wat	wat	pron(indef)	
A_M2_3_036	dat	dat	pron(dem)	
A_M2_3_036	es	zijn	v(fin,pres,lex)	
A_M2_3_036	in	in	adp()	
A_M2_3_036	dese	deze	pron(dem)	
A_M2_3_036	weerelt	wereld	n(sing)	
A_M2_3_036	breit	breed	adj()	
A_M2_3_037	steden	stad	n(plu)	
A_M2_3_037	bosch	bos	n(sing)	
A_M2_3_037	berch	berg	n(sing)	
A_M2_3_037	ende	en	conj(coord)	
A_M2_3_037	preit	preet	n(sing)	
A_M2_3_038	soude	zullen	v(fin,past,aux_cop)	
A_M2_3_038	men	men	pron(indef)	
A_M2_3_038	verdriuen	verdrijven	v(infin)	
A_M2_3_039	wildemen	willen+men	v(fin,past,aux_cop)+pron(indef)	
A_M2_3_039	minne	min	n(sing)	
A_M2_3_039	ontliuen	ontlijven	v(infin)	
A_M2_4_040	so	zo	adv(gener)	
A_M2_4_040	jacop	jacob	n(prop)	
A_M2_4_040	dit	dit	pron(dem)	
A_M2_4_040	was	zijn	v(fin,past,aux_cop)	
A_M2_4_040	oint	ooit	adv(indef)	
A_M2_4_040	dijn	dijn	pron(poss)	
A_M2_4_040	doen	doen	n(sing)	
A_M2_4_041	van	van	adp()	
A_M2_4_041	vrouwen	vrouw	n(plu)	
A_M2_4_041	moeste	moeten	v(fin,past,aux_cop)	
A_M2_4_041	dijn	dijn	pron(poss)	
A_M2_4_041	sermoen	sermoen	n(sing)	
A_M2_4_042	of	of	conj(coord)	
A_M2_4_042	beghinnen	beginnen	v(infin)	
A_M2_4_042	of	of	conj(coord)	
A_M2_4_042	enden	einden	v(infin)	
A_M2_4_043	waerstu	zijn+du	v(fin,past,lex)+pron(pers,2,sing)	
A_M2_4_043	een	een	art(indef)	
A_M2_4_043	dorper	dorper	n(sing)	
A_M2_4_043	du	du	pron(pers,2,sing)	
A_M2_4_043	spraex	spreken	v(fin,past,lex)	
A_M2_4_043	van	van	adp()	
A_M2_4_043	coen	koe	n(plu)	
A_M2_4_044	nu	nu	adv(dem)	
A_M2_4_044	es	zijn	v(fin,pres,aux_cop)	
A_M2_4_044	dine	dijn	pron(poss)	
A_M2_4_044	herte	hart	n(sing)	
A_M2_4_044	dies	dat	pron(dem)	
A_M2_4_044	ontfloen	ontvlieden	v(participle,past)	
A_M2_4_045	doch	doch	adv(gener)	
A_M2_4_045	willix	willen+ik+het	v(fin,pres,aux_cop)+pron(pers,1,sing)+pron(pers,3,sing)	
A_M2_4_045	mi	ik	pron(refl,1,sing)	
A_M2_4_045	ghenenden	genenden	v(infin)	
A_M2_4_046	ende	en	conj(coord)	
A_M2_4_046	steken	steken	v(infin)	
A_M2_4_046	af	af	v(prtcl)	
A_M2_4_046	minen	mijn	pron(poss)	
A_M2_4_046	caproen	kaproen	n(sing)	
A_M2_4_047	ende	en	conj(coord)	
A_M2_4_047	horen	horen	v(infin)	
A_M2_4_047	watti	wat+du	pron(inter)+pron(pers,2,sing)	
A_M2_4_047	hier+toe	hiertoe	pronadv(dem)	
A_M2_4_047	spoen	spoen	v(fin,pres,lex)	
A_M2_4_048	dattu	dat+du	conj(subord)+pron(pers,2,sing)	
A_M2_4_048	den	de	art(def)	
A_M2_4_048	onbekenden	onbekend	adj()	
A_M2_4_049	martine	martijn	n(prop)	
A_M2_4_049	niene	niet+ne	adv(neg)+adv(neg)	
A_M2_4_049	laets	laten	v(fin,pres,aux_cop)	
A_M2_4_049	gheroen	geroe‘n	v(infin)	
A_M2_4_050	al	al	conj(subord)	
A_M2_4_050	haddic	hebben+ik	v(fin,past,lex)+pron(pers,1,sing)	
A_M2_4_050	ane	aan	adp()	
A_M2_4_050	ii	2	num(card)	
A_M2_4_050	yserine	ijzeren	adj()	
A_M2_4_050	scoen	schoen	n(plu)	
A_M2_4_051	in	ik+ne	pron(pers,1,sing)+adv(neg)	
A_M2_4_051	mochtu	mogen+du	v(fin,pres,aux_cop)+pron(pers,2,sing)	
A_M2_4_051	niet	niet	adv(neg)	
A_M2_4_051	ontwenden	ontwenden	v(infin)	
A_M2_4_052	nu	nu	adv(dem)	
A_M2_4_052	sprec	spreken	v(imp)	
A_M2_4_052	ic	ik	pron(pers,1,sing)	
A_M2_4_052	saelt	zullen+het	v(fin,pres,aux_cop)+pron(pers,3,sing)	
A_M2_4_052	ontbenden	ontbinden	v(infin)	
A_M2_5_053	martijn	martijn	n(prop)	
A_M2_5_053	du	du	pron(pers,2,sing)	
A_M2_5_053	sout	zullen	v(fin,past,aux_cop)	
A_M2_5_053	mi	ik	pron(pers,1,sing)	
A_M2_5_053	verstaen	verstaan	v(infin)	
A_M2_5_054	eene	een	art(indef)	
A_M2_5_054	vrouwe	vrouw	n(sing)	
A_M2_5_054	wel+ghedaen	welgedaan	adj()	
A_M2_5_055	heuet	hebben	v(fin,pres,aux_cop)	
A_M2_5_055	mi	ik	pron(pers,1,sing)	
A_M2_5_055	gheuaen	vangen	v(participle,past)	
A_M2_5_055	met	met	adp()	
A_M2_5_055	minnen	min	n(sing)	
A_M2_5_056	al	al	pron(indef)	
A_M2_5_056	dat	dat	pron(rel)	
A_M2_5_056	gode	god	n(sing)	
A_M2_5_056	es	zijn	v(fin,pres,aux_cop)	
A_M2_5_056	onderdaen	onderdaan	adj()	
A_M2_5_057	lietic	laten+ik	v(fin,past,lex)+pron(pers,1,sing)	
A_M2_5_057	al	al	adv(gener)	
A_M2_5_057	om	om	adp()	
A_M2_5_057	hare	zij	pron(pers,3,sing)	
A_M2_5_057	gaen	gaan	v(infin)	
A_M2_5_058	mochticse	mogen+ik+zij	v(fin,pres,aux_cop)+pron(pers,1,sing)+pron(pers,3,sing)	
A_M2_5_058	ghewinnen	gewinnen	v(infin)	
A_M2_5_059	nochtan	nochtan	adv(gener)	
A_M2_5_059	weetic	weten+ik	v(fin,pres,lex)+pron(pers,1,sing)	
A_M2_5_059	wel	wel	adv(gener)	
A_M2_5_059	sonder	zonder	adp()	
A_M2_5_059	waen	waan	n(sing)	
A_M2_5_060	dat	dat	conj(subord)	
A_M2_5_060	soe	zij	pron(pers,3,sing)	
A_M2_5_060	mijns	ik	pron(pers,1,sing)	
A_M2_5_060	niet	niet	adv(neg)	
A_M2_5_060	en	ne	adv(neg)	
A_M2_5_060	acht	achten	v(fin,pres,lex)	
A_M2_5_060	i	een	num(card)	
A_M2_5_060	spaen	spaan	n(sing)	
A_M2_5_061	mijn	mijn	pron(poss)	
A_M2_5_061	herte	hart	n(sing)	
A_M2_5_061	doet	doen	v(fin,pres,aux_cop)	
A_M2_5_061	mi	ik	pron(pers,1,sing)	
A_M2_5_061	bekinnen	bekennen	v(infin)	
A_M2_5_062	al	al	conj(subord)	
A_M2_5_062	souder	zullen+daar	v(fin,past,aux_cop)+pronadv(dem)	
A_M2_5_062	omme	om	pronadv(dem)	
A_M2_5_062	die	de	art(def)	
A_M2_5_062	weerelt	wereld	n(sing)	
A_M2_5_062	vergaen	vergaan	v(infin)	
A_M2_5_063	dat	dat	conj(subord)	
A_M2_5_063	soe	zij	pron(pers,3,sing)	
A_M2_5_063	mi	ik	pron(pers,1,sing)	
A_M2_5_063	niet	niet	adv(neg)	
A_M2_5_063	en	ne	adv(neg)	
A_M2_5_063	soude	zullen	v(fin,past,aux_cop)	
A_M2_5_063	ontfaen	ontvangen	v(infin)	
A_M2_5_064	in	in	adp()	
A_M2_5_064	hare	haar	pron(poss)	
A_M2_5_064	herte	hart	n(sing)	
A_M2_5_064	binnnen	binnen	adv(gener)	
A_M2_5_065	hier+toe	hiertoe	pronadv(dem)	
A_M2_5_065	nes	ne+zijn	adv(neg)+v(fin,pres,aux_cop)	
A_M2_5_065	gheen	geen	pron(indef)	
A_M2_5_065	verwinnen	verwinnen	v(infin)	
A_M2_6_066	eene	een	art(indef)	
A_M2_6_066	ander	ander	adj()	
A_M2_6_066	vrouwe	vrouw	n(sing)	
A_M2_6_066	es	zijn	v(fin,pres,aux_cop)	
A_M2_6_066	die	die	pron(rel)	
A_M2_6_066	mi	ik	pron(pers,1,sing)	
A_M2_6_066	mint	minnen	v(fin,pres,lex)	
A_M2_6_067	bouen	boven	adp()	
A_M2_6_067	al	al	pron(indef)	
A_M2_6_067	dat	dat	pron(rel)	
A_M2_6_067	so	zij	pron(pers,3,sing)	
A_M2_6_067	leuende	levend	n(sing)	
A_M2_6_067	kint	kennen	v(fin,pres,lex)	
A_M2_6_068	met	met	adp()	
A_M2_6_068	ghestader	gestade	adj()	
A_M2_6_068	trouwen	trouw	n(sing)	
A_M2_6_069	die	die	pron(rel)	
A_M2_6_069	mi	ik	pron(pers,1,sing)	
A_M2_6_069	gheprijst	prijzen	v(participle,past)	
A_M2_6_069	es	zijn	v(fin,pres,aux_cop)	
A_M2_6_069	niet	niet	adv(neg)	
A_M2_6_069	i	een	num(card)	
A_M2_6_069	twint	twint	n(sing)	
A_M2_6_070	maer	maar	conj(coord)	
A_M2_6_070	die	de	art(def)	
A_M2_6_070	scoenste	schoon	adj()	
A_M2_6_070	die	die	pron(rel)	
A_M2_6_070	men	men	pron(indef)	
A_M2_6_070	vint	vinden	v(fin,pres,lex)	
A_M2_6_071	ende	en	conj(coord)	
A_M2_6_071	bloeme	bloem	n(sing)	
A_M2_6_071	van	van	adp()	
A_M2_6_071	allen	al	pron(indef)	
A_M2_6_071	vrouwen	vrouw	n(sing)	
A_M2_6_072	nu	nu	adv(dem)	
A_M2_6_072	es	zijn	v(fin,pres,aux_cop)	
A_M2_6_072	mijn	mijn	pron(poss)	
A_M2_6_072	herte	hart	n(sing)	
A_M2_6_072	so	zo	adv(gener)	
A_M2_6_072	hart	hard	adj()	
A_M2_6_072	i	een	num(card)	
A_M2_6_072	vlint	vlint	n(sing)	
A_M2_6_073	dat	dat	conj(subord)	
A_M2_6_073	soe	zij	pron(pers,3,sing)	
A_M2_6_073	hare	zij	pron(refl,3,sing)	
A_M2_6_073	jet	iet	pron(indef)	
A_M2_6_073	daer+toe	daartoe	pronadv(dem)	
A_M2_6_073	verbint	verbinden	v(fin,pres,lex)	
A_M2_6_074	dat	dat	conj(subord)	
A_M2_6_074	soese	zij+zij	pron(pers,3,sing)+pron(pers,3,sing)	
A_M2_6_074	wille	willen	v(fin,pres,aux_cop)	
A_M2_6_074	scouwen	schouwen	v(infin)	
A_M2_6_075	hoe	hoe	adv(inter)	
A_M2_6_075	lieue	lief	adj()	
A_M2_6_075	vpsien	opzien	v(infin)	
A_M2_6_075	soe	zij	pron(pers,3,sing)	
A_M2_6_075	mi	ik	pron(pers,1,sing)	
A_M2_6_075	toe+sint	toezenden	v(fin,pres,lex)	
A_M2_6_076	het	het	pron(pers,3,sing)	
A_M2_6_076	dinct	dunken	v(fin,pres,aux_cop)	
A_M2_6_076	mire	mijn	pron(poss)	
A_M2_6_076	herte	hart	n(sing)	
A_M2_6_076	sijn	zijn	v(infin)	
A_M2_6_076	i	een	art(indef)	
A_M2_6_076	wint	wind	n(sing)	
A_M2_6_077	soe	zij	pron(pers,3,sing)	
A_M2_6_077	liete	laten	v(fin,past,aux_cop)	
A_M2_6_077	hare	zij	pron(pers,3,sing)	
A_M2_6_077	eer	eer	adv(gener)	
A_M2_6_077	bedouwen	bedauwen	v(participle,past)	
A_M2_6_078	eer	eer	conj(subord)	
A_M2_6_078	soere	zij+daar	pron(pers,3,sing)+adv(gener)	
A_M2_6_078	omme	om	adp()	
A_M2_6_078	quame	komen	v(fin,past,lex)	
A_M2_6_078	in	in	adp()	
A_M2_6_078	rouwen	rouw	n(sing)	
A_M2_7_079	martin	martijn	n(prop)	
A_M2_7_079	nv	nu	adv(dem)	
A_M2_7_079	hore	horen	v(imp)	
A_M2_7_079	ende	en	conj(coord)	
A_M2_7_079	verstant	verstaan	v(imp)	
A_M2_7_080	dese	deze	pron(dem)	
A_M2_7_080	twee	twee	num(card)	
A_M2_7_080	sijn	zijn	v(fin,pres,aux_cop)	
A_M2_7_080	in	in	adp()	
A_M2_7_080	een	een	art(indef)	
A_M2_7_080	bewant	bewand	n(sing)	
A_M2_7_081	dat	dat+het	conj(subord)+pron(pers,3,sing)	
A_M2_7_081	costen	kosten	v(infin)	
A_M2_7_081	moet	moeten	v(fin,pres,aux_cop)	
A_M2_7_081	seens	dat+een	pron(dem)+num(card)	
A_M2_7_081	leuen	leven	n(sing)	
A_M2_7_082	nu	nu	adv(dem)	
A_M2_7_082	hebbic	hebben+ik	v(fin,pres,aux_cop)+pron(pers,1,sing)	
A_M2_7_082	de	de	art(def)	
A_M2_7_082	macht	macht	n(sing)	
A_M2_7_082	in	in	adp()	
A_M2_7_082	mijn	mijn	pron(poss)	
A_M2_7_082	hant	hand	n(sing)	
A_M2_7_083	welc	welk	pron(inter)	
A_M2_7_083	ic	ik	pron(pers,1,sing)	
A_M2_7_083	wille	willen	v(fin,pres,lex)	
A_M2_7_083	ic	ik	pron(pers,1,sing)	
A_M2_7_083	breke	breken	v(fin,pres,lex)	
A_M2_7_083	den	de	art(def)	
A_M2_7_083	bant	band	n(sing)	
A_M2_7_084	ende	en	conj(coord)	
A_M2_7_084	maghet	mogen+het	v(fin,pres,lex)+pron(pers,3,sing)	
A_M2_7_084	hare	zij	pron(pers,3,sing)	
A_M2_7_084	al	al	pron(indef)	
A_M2_7_084	vergheuen	vergeven	v(infin)	
A_M2_7_085	deene	de+een	art(def)+num(card)	
A_M2_7_085	moeter	moeten+daar	v(fin,pres,aux_cop)+adv(dem)	
A_M2_7_085	laten	laten	v(infin)	
A_M2_7_085	den	de	art(def)	
A_M2_7_085	pant	pand	n(sing)	
A_M2_7_086	den	die	pron(rel)	
A_M2_7_086	liefsten	liefst	adj()	
A_M2_7_086	die	die	pron(rel)	
A_M2_7_086	god	god	n(prop)	
A_M2_7_086	oint	ooit	adv(indef)	
A_M2_7_086	vant	vinden	v(fin,past,lex)	
A_M2_7_087	hier+toe	hiertoe	pronadv(dem)	
A_M2_7_087	sijn	zijn	v(fin,pres,aux_cop)	
A_M2_7_087	si	zij	pron(pers,3,plu)	
A_M2_7_087	verdreuen	verdrijven	v(participle,past)	
A_M2_7_088	ne	ne	adv(neg)	
A_M2_7_088	liech	liegen	v(imp)	
A_M2_7_088	mi	ik	pron(pers,1,sing)	
A_M2_7_088	niet	niet	adv(neg)	
A_M2_7_088	als	als	conj(comp)	
A_M2_7_088	i	een	art(indef)	
A_M2_7_088	triwant	trawant	n(sing)	
A_M2_7_089	maer	maar	conj(coord)	
A_M2_7_089	sech	zeggen	v(imp)	
A_M2_7_089	mi	ik	pron(pers,1,sing)	
A_M2_7_089	an	aan	adp()	
A_M2_7_089	welken	welk	pron(inter)	
A_M2_7_089	cant	kant	n(sing)	
A_M2_7_090	dijn	dijn	pron(poss)	
A_M2_7_090	herte	hart	n(sing)	
A_M2_7_090	es	zijn	v(fin,pres,aux_cop)	
A_M2_7_090	bleuen	blijven	v(participle,past)	
A_M2_7_091	ende	en	conj(coord)	
A_M2_7_091	welke	welk	pron(rel)	
A_M2_7_091	du	du	pron(pers,2,sing)	
A_M2_7_091	liets	laten	v(fin,past,lex)	
A_M2_7_091	sneuen	sneven	v(infin)	
A_M2_8_092	iacop	jacob	n(prop)	
A_M2_8_092	dins	dit+ne+zijn	pron(dem)+adv(neg)+v(fin,pres,aux_cop)	
A_M2_8_092	gheens	geen	pron(indef)	
A_M2_8_092	vraghens	vraag	n(plu)	
A_M2_8_092	waert	waard	adj()	
A_M2_8_093	die	die	pron(rel)	
A_M2_8_093	de	de	art(def)	
A_M2_8_093	waerheit	waarheid	n(sing)	
A_M2_8_093	niene	niet+ne	adv(gener)+adv(neg)	
A_M2_8_093	spaert	sparen	v(fin,pres,lex)	
A_M2_8_094	heuet	hebben	v(fin,pres,aux_cop)	
A_M2_8_094	dit	dit	pron(dem)	
A_M2_8_094	saen	zaan	adv(gener)	
A_M2_8_094	ontbonden	ontbinden	v(participle,past)	
A_M2_8_095	het	het	pron(pers,3,sing)	
A_M2_8_095	es	zijn	v(fin,pres,aux_cop)	
A_M2_8_095	emmer	immer	adv(gener)	
A_M2_8_095	der	de	art(def)	
A_M2_8_095	herten	hart	n(sing)	
A_M2_8_095	aert	aard	n(sing)	
A_M2_8_096	dat	dat	conj(subord)	
A_M2_8_096	soe	zij	pron(pers,3,sing)	
A_M2_8_096	daer+waert	daarwaarts	adv(dem)	
A_M2_8_096	tijt	tijgen	v(fin,pres,lex)	
A_M2_8_096	ende	en	conj(coord)	
A_M2_8_096	vaert	varen	v(fin,pres,lex)	
A_M2_8_097	danen	danen	adv(dem)	
A_M2_8_097	hare	zij	pron(pers,3,sing)	
A_M2_8_097	quamen	komen	v(fin,past,lex)	
A_M2_8_097	die	de	art(def)	
A_M2_8_097	wonden	wond	n(plu)	
A_M2_8_098	al	al	conj(subord)	
A_M2_8_098	sout	zijn+het	v(fin,past,aux_cop)+pron(pers,3,sing)	
A_M2_8_098	al	al	pron(indef)	
A_M2_8_098	varen	varen	v(infin)	
A_M2_8_098	inder	in+de	adp()+art(def)	
A_M2_8_098	vaert	vaart	n(sing)	
A_M2_8_099	wat	wat	pron(rel)	
A_M2_8_099	so	zo	adv(dem)	
A_M2_8_099	wel	wel	adv(gener)	
A_M2_8_099	varens	varen	v(infin)	
A_M2_8_099	begaert	begeren	v(fin,pres,lex)	
A_M2_8_100	nu	nu	adv(dem)	
A_M2_8_100	ende	en	conj(coord)	
A_M2_8_100	tallen	te+al	adp()+adj()	
A_M2_8_100	stonden	stond	n(plu)	
A_M2_8_101	ic	ik	pron(pers,1,sing)	
A_M2_8_101	verloeste	verlossen	v(fin,past,lex)	
A_M2_8_101	die	die	pron(rel)	
A_M2_8_101	mi	ik	pron(pers,1,sing)	
A_M2_8_101	therte	dat+hart	art(def)+n(sing)	
A_M2_8_101	bezwaert	bezwaren	v(fin,pres,lex)	
A_M2_8_102	soudic	zullen+ik	v(fin,past,aux_cop)+pron(pers,1,sing)	
A_M2_8_102	hare	zij	pron(pers,3,sing)	
A_M2_8_102	dan	dan	adv(gener)	
A_M2_8_102	doen	doen	v(infin)	
A_M2_8_102	smaken	smaken	v(infin)	
A_M2_8_102	tswaert	dat+zwaard	art(def)+n(sing)	
A_M2_8_103	dat	dat	pron(dem)	
A_M2_8_103	ware	zijn	v(fin,past,aux_cop)	
A_M2_8_103	onder+vonden	ondervinden	v(fin,past,lex)	
A_M2_8_104	meerre	meer	adv(gener)	
A_M2_8_104	moert	moord	n(sing)	
A_M2_8_104	dan	dan	conj(comp)	
A_M2_8_104	sonden	zonde	n(sing)	
A_M2_9_105	tonghe	tong	n(sing)	
A_M2_9_105	lieghet	liegen	v(fin,pres,lex)	
A_M2_9_105	maer	maar	conj(coord)	
A_M2_9_105	therte	dat+hart	art(def)+n(sing)	
A_M2_9_105	niet	niet	adv(neg)	
A_M2_9_106	want	want	conj(coord)	
A_M2_9_106	so	zo	adv(indef)	
A_M2_9_106	wat	wat	pron(rel)	
A_M2_9_106	dat	dat	art(def)	
A_M2_9_106	herte	hart	n(sing)	
A_M2_9_106	ghebiet	gebieden	v(fin,pres,lex)	
A_M2_9_107	wilmen	willen+men	v(fin,pres,aux_cop)+pron(indef)	
A_M2_9_107	emmer	immer	adv(gener)	
A_M2_9_107	vulbringhen	volbrengen	v(infin)	
A_M2_9_108	wat	wat	pron(inter)	
A_M2_9_108	es	zijn	v(fin,pres,aux_cop)	
A_M2_9_108	naersins	narcissus	n(prop)	
A_M2_9_108	ghesciet	geschieden	v(participle,past)	
A_M2_9_109	die	die	pron(rel)	
A_M2_9_109	sine	zijn	pron(poss)	
A_M2_9_109	vorme	vorm	n(sing)	
A_M2_9_109	spieghelt	spiegelen	v(fin,pres,lex)	
A_M2_9_109	ende	en	conj(coord)	
A_M2_9_109	siet	zien	v(fin,pres,lex)	
A_M2_9_110	int	in+dat	adp()+art(def)	
A_M2_9_110	water	water	n(sing)	
A_M2_9_110	sonder	zonder	adp()	
A_M2_9_110	minghen	mengen	v(infin)	
A_M2_9_111	hant	hand	n(sing)	
A_M2_9_111	ende	en	conj(coord)	
A_M2_9_111	mont	mond	n(sing)	
A_M2_9_111	hi	hij	pron(pers,3,sing)	
A_M2_9_111	dare+waert	daarwaarts	adv(dem)	
A_M2_9_111	biet	bieden	v(fin,pres,lex)	
A_M2_9_112	hi	hij	pron(pers,3,sing)	
A_M2_9_112	bit	bidden	v(fin,pres,lex)	
A_M2_9_112	hi	hij	pron(pers,3,sing)	
A_M2_9_112	claghet	klagen	v(fin,pres,lex)	
A_M2_9_112	sijn	zijn	pron(poss)	
A_M2_9_112	verdriet	verdriet	n(sing)	
A_M2_9_113	natuere	natuur	n(sing)	
A_M2_9_113	ne	ne	adv(neg)	
A_M2_9_113	wils	willen+het	v(fin,pres,aux_cop)+pron(pers,3,sing)	
A_M2_9_113	niet	niet	adv(neg)	
A_M2_9_113	ghehinghen	gehengen	v(infin)	
A_M2_9_114	dat	dat	conj(subord)	
A_M2_9_114	hem	hij	pron(pers,3,sing)	
A_M2_9_114	can	kunnen	v(fin,pres,aux_cop)	
A_M2_9_114	ghehelpen	gehelpen	v(infin)	
A_M2_9_114	niet	niet	adv(neg)	
A_M2_9_115	hi	hij	pron(pers,3,sing)	
A_M2_9_115	dolt	dolen	v(fin,pres,lex)	
A_M2_9_115	alse	als	conj(comp)	
A_M2_9_115	hi	hij	pron(pers,3,sing)	
A_M2_9_115	wel	wel	adv(gener)	
A_M2_9_115	selue	zelf	pron(dem)	
A_M2_9_115	siet	zien	v(fin,pres,lex)	
A_M2_9_116	hine	hij+ne	pron(pers,3,sing)+adv(neg)	
A_M2_9_116	constem	kunnen+hij	v(fin,past,aux_cop)+pron(refl,3,sing)	
A_M2_9_116	niet	niet	adv(neg)	
A_M2_9_116	bedwinghen	bedwingen	v(infin)	
A_M2_9_117	hine	hij+ne	pron(pers,3,sing)+adv(neg)	
A_M2_9_117	staerf	sterven	v(fin,past,lex)	
A_M2_9_117	bi	bij	adp()	
A_M2_9_117	desen	deze	pron(dem)	
A_M2_9_117	dinghen	ding	n(plu)	
A_M2_10_118	medea	medea	n(prop)	
A_M2_10_118	toghet	togen	v(fin,pres,lex)	
A_M2_10_118	ons	wij	pron(pers,1,plu)	
A_M2_10_118	selue	zelf	pron(indef)	
A_M2_10_118	dat	dat	pron(dem)	
A_M2_10_119	die	die	pron(dem)	
A_M2_10_119	rouede	roven	v(fin,past,lex)	
A_M2_10_119	ende	en	conj(coord)	
A_M2_10_119	stal	stelen	v(fin,past,lex)	
A_M2_10_119	haers	haar	pron(poss)	
A_M2_10_119	vader	vader	n(sing)	
A_M2_10_119	scat	schat	n(sing)	
A_M2_10_120	ende	en	conj(coord)	
A_M2_10_120	verslouch	verslaan	v(fin,past,lex)	
A_M2_10_120	haren	haar	pron(poss)	
A_M2_10_120	broeder	broeder	n(sing)	
A_M2_10_121	om	om	adp()	
A_M2_10_121	jazoene	jason	n(prop)	
A_M2_10_121	dies	die	pron(rel)	
A_M2_10_121	haer	zij	pron(pers,3,sing)	
A_M2_10_121	cume	kuim	adv(gener)	
A_M2_10_121	bat	bidden	v(fin,past,lex)	
A_M2_10_122	soe	zij	pron(pers,3,sing)	
A_M2_10_122	liet	laten	v(fin,past,lex)	
A_M2_10_122	coninc+rike	koningrijk	n(sing)	
A_M2_10_122	ende	en	conj(coord)	
A_M2_10_122	scat	schat	n(sing)	
A_M2_10_123	vader	vader	n(sing)	
A_M2_10_123	suster	zuster	n(sing)	
A_M2_10_123	ende	en	conj(coord)	
A_M2_10_123	moeder	moeder	n(sing)	
A_M2_10_124	nochtan	nochtan	adv(dem)	
A_M2_10_124	daer	daar	adv(dem)	
A_M2_10_124	soe	zij	pron(pers,3,sing)	
A_M2_10_124	alleene	alleen	adv(gener)	
A_M2_10_124	sat	zitten	v(fin,past,lex)	
A_M2_10_125	wijsde	wijzen	v(fin,past,lex)	
A_M2_10_125	hare	haar	pron(poss)	
A_M2_10_125	redene	reden	n(sing)	
A_M2_10_125	den	de	art(def)	
A_M2_10_125	rechten	recht	adj()	
A_M2_10_125	pat	pad	n(sing)	
A_M2_10_126	al	al	conj(subord)	
A_M2_10_126	volghede	volgen	v(fin,past,lex)	
A_M2_10_126	soe	zij	pron(pers,3,sing)	
A_M2_10_126	den	de	art(def)	
A_M2_10_126	loeder	loeder	n(sing)	
A_M2_10_127	maer	maar	conj(coord)	
A_M2_10_127	therte	dat+hart	art(def)+n(sing)	
A_M2_10_127	was	zijn	v(fin,past,aux_cop)	
A_M2_10_127	hare	zij	pron(pers,3,sing)	
A_M2_10_127	so	zo	adv(resum)	
A_M2_10_127	mat	mat	adj()	
A_M2_10_128	daer	daar	pronadv(rel)	
A_M2_10_128	minne	min	n(sing)	
A_M2_10_128	in	in	pronadv(prep)	
A_M2_10_128	hadde	hebben	v(fin,past,aux_cop)	
A_M2_10_128	ghemaect	maken	v(participle,past)	
A_M2_10_128	i	een	art(indef)	
A_M2_10_128	gat	gat	n(sing)	
A_M2_10_129	wille	wil	n(sing)	
A_M2_10_129	hilt	houden	v(fin,past,lex)	
A_M2_10_129	den	de	art(def)	
A_M2_10_129	roeder	roer	n(sing)	
A_M2_10_130	al	al	conj(subord)	
A_M2_10_130	was	zijn	v(fin,past,aux_cop)	
A_M2_10_130	die	de	art(def)	
A_M2_10_130	redene	reden	n(sing)	
A_M2_10_130	vroeder	vroed	adj()	
A_M2_11_131	exempel	exempel	n(plu)	
A_M2_11_131	vindic	vinden+ik	v(fin,pres,lex)+pron(pers,1,sing)	
A_M2_11_131	sonder	zonder	adp()	
A_M2_11_131	ghetal	getal	n(sing)	
A_M2_11_132	die	die	pron(rel)	
A_M2_11_132	met	met	adp()	
A_M2_11_132	mi	ik	pron(pers,1,sing)	
A_M2_11_132	souden	zullen	v(fin,past,aux_cop)	
A_M2_11_132	lyen	lijden	v(infin)	
A_M2_11_132	al	al	adv(gener)	
A_M2_11_133	dat	dat	conj(subord)	
A_M2_11_133	ic	ik	pron(pers,1,sing)	
A_M2_11_133	hare	zij	pron(pers,3,sing)	
A_M2_11_133	tleuen	dat+leven	art(def)+n(sing)	
A_M2_11_133	gaue	geven	v(fin,past,lex)	
A_M2_11_134	die	die	pron(rel)	
A_M2_11_134	mi	ik	pron(pers,1,sing)	
A_M2_11_134	therte	dat+hart	art(def)+n(sing)	
A_M2_11_134	rouede	roven	v(fin,past,lex)	
A_M2_11_134	ende	en	conj(coord)	
A_M2_11_134	stal	stelen	v(fin,past,lex)	
A_M2_11_135	iacop	jacob	n(prop)	
A_M2_11_135	mac	maken	v(imp)	
A_M2_11_135	mi	ik	pron(pers,1,sing)	
A_M2_11_135	gheen	geen	pron(indef)	
A_M2_11_135	ghescal	geschal	n(sing)	
A_M2_11_136	hier	hier	adv(dem)	
A_M2_11_136	en	ne	adv(neg)	
A_M2_11_136	sceedicx	scheiden+ik	v(fin,past,lex)+pron(pers,1,sing)	
A_M2_11_136	niet	niet	adv(neg)	
A_M2_11_136	ave	af	v(prtcl)	
A_M2_11_137	al	al	num(indef)	
A_M2_11_137	tvolc	dat+volk	art(def)+n(sing)	
A_M2_11_137	dat	dat	pron(rel)	
A_M2_11_137	woent	wonen	v(fin,pres,lex)	
A_M2_11_137	sonder	zonder	adp()	
A_M2_11_137	ghetal	getal	n(sing)	
A_M2_11_138	beede	beide	num(indef)	
A_M2_11_138	vp	op	adp()	
A_M2_11_138	berch	berg	n(sing)	
A_M2_11_138	ende	en	conj(coord)	
A_M2_11_138	vp	op	adp()	
A_M2_11_138	dal	dal	n(sing)	
A_M2_11_139	eist	zijn+het	v(fin,pres,aux_cop)+pron(pers,3,sing)	
A_M2_11_139	coninc	koning	n(sing)	
A_M2_11_139	ofte	of	conj(coord)	
A_M2_11_139	graue	graaf	n(sing)	
A_M2_11_140	dijn	dijn	pron(poss)	
A_M2_11_140	proeuen	proef	n(plu)	
A_M2_11_140	wert	worden	v(fin,past,aux_cop)	
A_M2_11_140	hier+jeghen	hierjegen	adv(dem)	
A_M2_11_140	smal	smal	adj()	
A_M2_11_141	hen	het+ne	pron(pers,3,sing)+adv(neg)	
A_M2_11_141	sal	zullen	v(fin,pres,aux_cop)	
A_M2_11_141	niet	niet	adv(neg)	
A_M2_11_141	wert	waard	adj()	
A_M2_11_141	sijn	zijn	v(infin)	
A_M2_11_141	een	een	art(indef)	
A_M2_11_141	bal	bal	n(sing)	
A_M2_11_142	ghevullet	vullen	v(participle,past)	
A_M2_11_142	met	met	adp()	
A_M2_11_142	draue	draf	n(sing)	
A_M2_11_143	also	alzo	adv(dem)	
A_M2_11_143	helpe	helpen	v(imp)	
A_M2_11_143	mi	ik	pron(pers,1,sing)	
A_M2_11_143	sente	sint	adj()	
A_M2_11_143	baue	bavo	n(prop)	
A_M2_11_144	iacop	jacob	n(prop)	
A_M2_11_144	du	du	pron(pers,2,sing)	
A_M2_11_144	best	zijn	v(fin,pres,aux_cop)	
A_M2_11_144	een	een	art(indef)	
A_M2_11_144	stout	stout	adj()	
A_M2_11_144	seriant	sergeant	n(sing)	
A_M2_12_145	dats	dat+zijn	pron(dem)+v(fin,pres,aux_cop)	
A_M2_12_145	i	een	art(indef)	
A_M2_12_145	vast	vast	adj()	
A_M2_12_145	cnoep	knoop	n(sing)	
A_M2_12_145	ende	en	conj(coord)	
A_M2_12_145	i	een	art(indef)	
A_M2_12_145	vast	vast	adj()	
A_M2_12_145	bant	band	n(sing)	
A_M2_12_146	die	die	pron(rel)	
A_M2_12_146	niemen	niemand	pron(indef)	
A_M2_12_146	mach	mogen	v(fin,pres,aux_cop)	
A_M2_12_146	ontbinden	ontbinden	v(infin)	
A_M2_12_147	die	de	art(def)	
A_M2_12_147	cnoep	knoop	n(sing)	
A_M2_12_147	die	die	pron(rel)	
A_M2_12_147	alexander	alexander	n(prop)	
A_M2_12_147	bant	binden	v(fin,past,lex)	
A_M2_12_148	ontcnochte	ontknopen	v(fin,past,lex)	
A_M2_12_148	sijn	zijn	pron(poss)	
A_M2_12_148	zwaert	zwaard	n(sing)	
A_M2_12_148	niet	niet	adv(neg)	
A_M2_12_148	sijn	zijn	pron(poss)	
A_M2_12_148	hant	hand	n(sing)	
A_M2_12_149	alse	als	conj(subord)	
A_M2_12_149	hijs	hij+het	pron(pers,3,sing)+pron(pers,3,sing)	
A_M2_12_149	hem	hij	pron(refl,3,sing)	
A_M2_12_149	wilde	willen	v(fin,past,aux_cop)	
A_M2_12_149	bewinden	bewinden	v(infin)	
A_M2_12_150	laet	laten	v(imp)	
A_M2_12_150	ghetaken	getaken	v(infin)	
A_M2_12_150	an	aan	adp()	
A_M2_12_150	uwen	uw	pron(poss)	
A_M2_12_150	cant	kant	n(sing)	
A_M2_12_151	men	men	pron(indef)	
A_M2_12_151	sal	zullen	v(fin,pres,aux_cop)	
A_M2_12_151	hu	uw	pron(poss)	
A_M2_12_151	vroetscap	vroedschap	n(sing)	
A_M2_12_151	te+hant	tehand	adv(gener)	
A_M2_12_152	tellen	tellen	v(infin)	
A_M2_12_152	metten	met+de	adp()+art(def)	
A_M2_12_152	kinden	kind	n(plu)	
A_M2_12_153	also	alzo	adv(dem)	
A_M2_12_153	vele	veel	adj()	
A_M2_12_153	alse	als	conj(comp)	
A_M2_12_153	dieden	duiden	v(infin)	
A_M2_12_153	mach	mogen	v(fin,pres,aux_cop)	
A_M2_12_153	i	een	num(card)	
A_M2_12_153	zant	zand	n(sing)	
A_M2_12_154	ieghen	jegens	adp()	
A_M2_12_154	casselberghe	kasselberg	n(prop)	
A_M2_12_154	in	in	adp()	
A_M2_12_154	vlaenderlant	vlaanderland	n(prop)	
A_M2_12_155	sal	zullen	v(fin,pres,aux_cop)	
A_M2_12_155	dieden	duiden	v(infin)	
A_M2_12_155	hier	hier	adv(dem)	
A_M2_12_155	hu	uw	pron(poss)	
A_M2_12_155	vinden	vinden	v(infin)	
A_M2_12_156	al	al	conj(subord)	
A_M2_12_156	waendi	wanen+gij	v(fin,pres,lex)+pron(pers,2,sing)	
A_M2_12_156	mi	ik	pron(refl,1,sing)	
A_M2_12_156	verblinden	verblinden	v(infin)	
A_M2_12_157	ghi	gij	pron(pers,2,sing)	
A_M2_12_157	wilt	willen	v(fin,pres,aux_cop)	
A_M2_12_157	sterken	sterken	v(infin)	
A_M2_12_157	uwe	uw	pron(poss)	
A_M2_12_157	wort	woord	n(sing)	
A_M2_13_158	die	die	pron(rel)	
A_M2_13_158	ghi	gij	pron(pers,2,sing)	
A_M2_13_158	nv	nu	adv(dem)	
A_M2_13_158	hier	hier	adv(dem)	
A_M2_13_158	bringhet	brengen	v(fin,pres,lex)	
A_M2_13_158	vort	voort	v(prtcl)	
A_M2_13_159	met	met	adp()	
A_M2_13_159	truffen	truffe	n(plu)	
A_M2_13_159	ende	en	conj(coord)	
A_M2_13_159	met	met	adp()	
A_M2_13_159	poetrien	po‘terij	n(plu)	
A_M2_13_160	of	of	conj(coord)	
A_M2_13_160	medea	medea	n(prop)	
A_M2_13_160	dede	doen	v(fin,past,lex)	
A_M2_13_160	moort	moord	n(sing)	
A_M2_13_161	ende	en	conj(coord)	
A_M2_13_161	hem	hij	pron(refl,3,sing)	
A_M2_13_161	naersus	narcissus	n(prop)	
A_M2_13_161	heuet	hebben	v(fin,pres,aux_cop)	
A_M2_13_161	versmort	versmoren	v(participle,past)	
A_M2_13_162	dats	dat+zijn	pron(dem)+v(fin,pres,aux_cop)	
A_M2_13_162	minne	min	n(sing)	
A_M2_13_162	van	van	adp()	
A_M2_13_162	sottien	sottie	n(sing)	
A_M2_13_163	dit	dit	pron(dem)	
A_M2_13_163	wort	woord	n(sing)	
A_M2_13_163	minne	min	n(sing)	
A_M2_13_163	ende	en	conj(coord)	
A_M2_13_163	datter	dat+daar	pron(rel)+adv(dem)	
A_M2_13_163	toe+hort	toehoren	v(fin,pres,lex)	
A_M2_13_164	en	ne	adv(neg)	
A_M2_13_164	was	zijn	v(fin,past,aux_cop)	
A_M2_13_164	met	met	adp()	
A_M2_13_164	minnen	min	n(sing)	
A_M2_13_164	noit	nooit	adv(neg)	
A_M2_13_164	begort	begorden	v(participle,past)	
A_M2_13_165	noch	noch	conj(coord)	
A_M2_13_165	met	met	adp()	
A_M2_13_165	ribaudien	rabauwie	n(sing)	
A_M2_13_166	wien	wie	pron(rel)	
A_M2_13_166	dat	dat	conj(subord)	
A_M2_13_166	reine	rein	adj()	
A_M2_13_166	minne	min	n(sing)	
A_M2_13_166	becort	bekoren	v(fin,pres,lex)	
A_M2_13_167	diene	die+ne	pron(rel)+adv(neg)	
A_M2_13_167	mach	mogen	v(fin,pres,aux_cop)	
A_M2_13_167	niet	niet	adv(neg)	
A_M2_13_167	sijn	zijn	v(infin)	
A_M2_13_167	bedort	bedoren	v(participle,past)	
A_M2_13_168	dies	die	pron(dem)	
A_M2_13_168	sullen	zullen	v(fin,pres,aux_cop)	
A_M2_13_168	met	met	adp()	
A_M2_13_168	mi	ik	pron(pers,1,sing)	
A_M2_13_168	lyen	lijden	v(fin,pres,lex)	
A_M2_13_169	die	de	art(def)	
A_M2_13_169	meesters	meester	n(plu)	
A_M2_13_169	van	van	adp()	
A_M2_13_169	clergien	klergie	n(sing)	
A_M2_14_170	les	lezen	v(imp)	
A_M2_14_170	toude	dat+oud	art(def)+adj()	
A_M2_14_170	ende	en	conj(coord)	
A_M2_14_170	tnieuwe	dat+nieuw	art(def)+adj()	
A_M2_14_170	testament	testament	n(sing)	
A_M2_14_171	ende	en	conj(coord)	
A_M2_14_171	besie	bezien	v(imp)	
A_M2_14_171	al+omtrent	al+omtrent	adv(gener)	
A_M2_14_172	alle	al	pron(indef)	
A_M2_14_172	die	de	art(def)	
A_M2_14_172	heleghe	heilig	adj()	
A_M2_14_172	liede	lieden	n(plu)	
A_M2_14_173	wie	wie	pron(inter)	
A_M2_14_173	was	zijn	v(fin,past,aux_cop)	
A_M2_14_173	van	van	adp()	
A_M2_14_173	minnen	min	n(sing)	
A_M2_14_173	oint	ooit	adv(indef)	
A_M2_14_173	ghescent	schenden	v(participle,past)	
A_M2_14_174	wien	wie	pron(inter)	
A_M2_14_174	maecte	maken	v(fin,past,lex)	
A_M2_14_174	oint	ooit	adv(indef)	
A_M2_14_174	minne	min	n(sing)	
A_M2_14_174	blent	blind	adj()	
A_M2_14_175	die	die	pron(rel)	
A_M2_14_175	ane	aan	adp()	
A_M2_14_175	gode	god	n(prop)	
A_M2_14_175	ghiede	gie‘n	v(fin,past,lex)	
A_M2_14_176	si	zij	pron(pers,3,plu)	
A_M2_14_176	minden	minnen	v(fin,past,lex)	
A_M2_14_176	vrouwen	vrouw	n(plu)	
A_M2_14_176	wel	wel	adv(gener)	
A_M2_14_176	bekent	bekend	adj()	
A_M2_14_177	scone	schoon	adj()	
A_M2_14_177	ende	en	conj(coord)	
A_M2_14_177	edel	edel	adj()	
A_M2_14_177	vp	op	adp()	
A_M2_14_177	sulc	zulk	pron(dem)	
A_M2_14_177	couent	convent	n(sing)	
A_M2_14_178	dat	dat	conj(subord)	
A_M2_14_178	hem	hij	pron(pers,3,sing)	
A_M2_14_178	god	god	n(prop)	
A_M2_14_178	hoyr	oir	n(sing)	
A_M2_14_178	beriede	beraden	v(fin,past,lex)	
A_M2_14_179	al	al	conj(subord)	
A_M2_14_179	dogheder	dogen+daar	v(fin,pres,lex)+pronadv(prep)	
A_M2_14_179	omme	om	pronadv(prep)	
A_M2_14_179	somich	sommig	pron(indef)	
A_M2_14_179	torment	torment	n(sing)	
A_M2_14_180	sulc	zulk	pron(dem)	
A_M2_14_180	alse	als	conj(comp)	
A_M2_14_180	minne	min	n(sing)	
A_M2_14_180	der	de	art(def)	
A_M2_14_180	ioghet	jeugd	n(sing)	
A_M2_14_180	sent	zenden	v(fin,pres,lex)	
A_M2_14_181	wie	wie	pron(inter)	
A_M2_14_181	waest	zijn+het	v(fin,past,aux_cop)+pron(pers,3,sing)	
A_M2_14_181	diere	die+daar	pron(rel)+pronadv(prep)	
A_M2_14_181	omme	om	pronadv(prep)	
A_M2_14_181	messciede	misschieden	v(fin,past,lex)	
A_M2_14_182	ghelijc	gelijk	conj(comp)	
A_M2_14_182	heidinen	heiden	adj()	
A_M2_14_182	diede	diet	n(sing)	
A_M2_15_183	abraham	abraham	n(prop)	
A_M2_15_183	was	zijn	v(fin,past,aux_cop)	
A_M2_15_183	versaren	vrouw+sara	n(sing)+n(prop)	
A_M2_15_183	man	man	n(sing)	
A_M2_15_184	doe	toen	conj(subord)	
A_M2_15_184	sine	zijn	pron(poss)	
A_M2_15_184	amie	amie	n(sing)	
A_M2_15_184	heffen	heffen	v(infin)	
A_M2_15_184	began	beginnen	v(fin,past,aux_cop)	
A_M2_15_185	bouen	boven	adp()	
A_M2_15_185	haerre	haar	pron(poss)	
A_M2_15_185	vrouwen	vrouw	n(sing)	
A_M2_15_186	daer	daar	adv(rel)	
A_M2_15_186	hen	ne	adv(neg)	
A_M2_15_186	was	zijn	v(fin,past,aux_cop)	
A_M2_15_186	gheen	geen	pron(indef)	
A_M2_15_186	houden	houden	v(infin)	
A_M2_15_186	an	aan	adp()	
A_M2_15_187	hine	hij+ne	pron(pers,3,sing)+adv(neg)	
A_M2_15_187	deedse	doen+zij	v(fin,past,lex)+pron(pers,3,sing)	
A_M2_15_187	wech	weg	v(prtcl)	
A_M2_15_187	want	want	conj(coord)	
A_M2_15_187	redene	reden	n(sing)	
A_M2_15_187	vernam	vernemen	v(fin,past,lex)	
A_M2_15_188	ende	en	conj(coord)	
A_M2_15_188	sine	zijn	pron(poss)	
A_M2_15_188	herte	hart	n(sing)	
A_M2_15_188	vultrouwen	vol+trouw	adj()+n(sing)	
A_M2_15_189	gheen	geen	pron(indef)	
A_M2_15_189	edel	edel	adj()	
A_M2_15_189	man	man	n(sing)	
A_M2_15_189	no	noch	conj(coord)	
A_M2_15_189	wijs	wijs	adj()	
A_M2_15_189	en	ne	adv(neg)	
A_M2_15_189	can	kunnen	v(fin,pres,aux_cop)	
A_M2_15_190	minnen	minnen	v(infin)	
A_M2_15_190	sonder	zonder	adp()	
A_M2_15_190	redene	reden	n(sing)	
A_M2_15_190	dan	dan	adv(gener)	
A_M2_15_191	dit	dit	pron(dem)	
A_M2_15_191	mach	mogen	v(fin,pres,aux_cop)	
A_M2_15_191	men	men	pron(indef)	
A_M2_15_191	wel	wel	adv(gener)	
A_M2_15_191	bescouwen	beschouwen	v(infin)	
A_M2_15_192	sulke	zulk	pron(dem)	
A_M2_15_192	minres	minnaar	n(plu)	
A_M2_15_192	ghenieten	genieten	v(infin)	
A_M2_15_192	den	de	art(def)	
A_M2_15_192	ban	ban	n(sing)	
A_M2_15_193	die	die	pron(rel)	
A_M2_15_193	metter	met+de	adp()+art(def)	
A_M2_15_193	mesdaet	misdaad	n(sing)	
A_M2_15_193	maken	maken	v(fin,pres,lex)	
A_M2_15_193	ghespan	gespan	n(sing)	
A_M2_15_194	die	die	pron(rel)	
A_M2_15_194	minres	minnaar	n(plu)	
A_M2_15_194	willic	willen+ik	v(fin,pres,aux_cop)+pron(pers,1,sing)	
A_M2_15_194	blouwen	blouwen	v(infin)	
A_M2_15_195	want	want	conj(coord)	
A_M2_15_195	dats	dat+zijn	pron(dem)+v(fin,pres,aux_cop)	
A_M2_15_195	minne	min	n(sing)	
A_M2_15_195	vul	vol	adj()	
A_M2_15_195	rouwen	rouw	n(sing)	
A_M2_16_196	of	of	conj(coord)	
A_M2_16_196	ic	ik	pron(pers,1,sing)	
A_M2_16_196	dan	dan	adv(dem)	
A_M2_16_196	sette	zetten	v(fin,past,lex)	
A_M2_16_196	minen	mijn	pron(poss)	
A_M2_16_196	sin	zin	n(sing)	
A_M2_16_197	daer	daar	adv(rel)	
A_M2_16_197	ic	ik	pron(pers,1,sing)	
A_M2_16_197	en	ne	adv(neg)	
A_M2_16_197	mach	mogen	v(fin,pres,aux_cop)	
A_M2_16_197	meer	meer	num(indef)	
A_M2_16_197	no	noch	conj(coord)	
A_M2_16_197	min	min	adv(gener)	
A_M2_16_198	an	aan	adp()	
A_M2_16_198	winnen	winnen	v(fin,pres,lex)	
A_M2_16_198	dan	dan	conj(comp)	
A_M2_16_198	al	al	pron(indef)	
A_M2_16_198	scade	schade	n(sing)	
A_M2_16_199	ende	en	conj(subord)	
A_M2_16_199	mi	ik	pron(pers,1,sing)	
A_M2_16_199	eene	een	art(indef)	
A_M2_16_199	andere	ander	pron(indef)	
A_M2_16_199	so	zo	adv(resum)	
A_M2_16_199	heuet	hebben	v(fin,pres,aux_cop)	
A_M2_16_199	jn	in	v(prtcl)	
A_M2_16_200	dat	dat	conj(subord)	
A_M2_16_200	soe	zij	pron(pers,3,sing)	
A_M2_16_200	haer	haar	pron(refl,3,sing)	
A_M2_16_200	seluen	zelf	pron(dem)	
A_M2_16_200	ende	en	conj(coord)	
A_M2_16_200	al	al	pron(indef)	
A_M2_16_200	ghewin	gewin	n(sing)	
A_M2_16_201	mij	ik	pron(pers,1,sing)	
A_M2_16_201	jan	gunnen	v(fin,past,lex)	
A_M2_16_201	vro	vroeg	adv(gener)	
A_M2_16_201	ende	en	conj(coord)	
A_M2_16_201	spade	spade	adv(gener)	
A_M2_16_202	mi	ik	pron(pers,1,sing)	
A_M2_16_202	dincke	dunken	v(fin,pres,aux_cop)	
A_M2_16_202	dat	dat	conj(subord)	
A_M2_16_202	ic	ik	pron(pers,1,sing)	
A_M2_16_202	meer	meer	adv(gener)	
A_M2_16_202	sculdich	schuldig	adj()	
A_M2_16_202	bin	zijn	v(fin,pres,aux_cop)	
A_M2_16_203	hare	zij	pron(pers,3,sing)	
A_M2_16_203	die	die	pron(rel)	
A_M2_16_203	mi	ik	pron(pers,1,sing)	
A_M2_16_203	coes	kiezen	v(fin,past,lex)	
A_M2_16_203	int	in+het	adp()+art(def)	
A_M2_16_203	beghin	begin	n(sing)	
A_M2_16_204	ende	en	conj(coord)	
A_M2_16_204	ane	aan	adp()	
A_M2_16_204	mi	ik	pron(pers,1,sing)	
A_M2_16_204	bliuet	blijven	v(fin,pres,aux_cop)	
A_M2_16_204	ghestade	gestade	adj()	
A_M2_16_205	dan	dan	conj(comp)	
A_M2_16_205	hare	zij	pron(pers,3,sing)	
A_M2_16_205	die	die	pron(rel)	
A_M2_16_205	fierlike	fierlijk	adv(gener)	
A_M2_16_205	haren	haar	pron(poss)	
A_M2_16_205	kin	kin	n(sing)	
A_M2_16_206	te	te	adp()	
A_M2_16_206	mi	ik	pron(pers,1,sing)	
A_M2_16_206	waert	waart	adv(gener)	
A_M2_16_206	draghet	dragen	v(fin,pres,lex)	
A_M2_16_206	ende	en	conj(coord)	
A_M2_16_206	haer	haar	pron(poss)	
A_M2_16_206	ghespin	gespin	n(sing)	
A_M2_16_207	van	van	adp()	
A_M2_16_207	minnen	min	n(prop)	
A_M2_16_207	els	els	adv(gener)	
A_M2_16_207	draghet	dragen	v(fin,pres,lex)	
A_M2_16_207	te	te	adp()	
A_M2_16_207	zade	zaad	n(sing)	
A_M2_16_208	ende	en	conj(coord)	
A_M2_16_208	diere	die+daar	pron(rel)+pronadv(prep)	
A_M2_16_208	ic	ik	pron(pers,1,sing)	
A_M2_16_208	omme	om	pronadv(prep)	
A_M2_16_208	niet	niet	adv(neg)	
A_M2_16_208	bade	bidden	v(fin,past,lex)	
A_M2_17_209	iacop	jacob	n(prop)	
A_M2_17_209	of	of	conj(subord)	
A_M2_17_209	ghi	gij	pron(pers,2,sing)	
A_M2_17_209	niet	niet	adv(neg)	
A_M2_17_209	en	ne	adv(neg)	
A_M2_17_209	acht	achten	v(fin,pres,lex)	
A_M2_17_210	eexempele	exempel	n(plu)	
A_M2_17_210	die	die	pron(rel)	
A_M2_17_210	ic	ik	pron(pers,1,sing)	
A_M2_17_210	vort	voort	v(prtcl)	
A_M2_17_210	hebbe	hebben	v(fin,pres,aux_cop)	
A_M2_17_210	bracht	brengen	v(participle,past)	
A_M2_17_211	ic	ik	pron(pers,1,sing)	
A_M2_17_211	wille	willen	v(fin,pres,aux_cop)	
A_M2_17_211	te	te	adp()	
A_M2_17_211	bybele	bijbel	n(prop)	
A_M2_17_211	keeren	keren	v(infin)	
A_M2_17_212	die	de	art(def)	
A_M2_17_212	minne	min	n(sing)	
A_M2_17_212	hadde	hebben	v(fin,past,lex)	
A_M2_17_212	ouer	over	adp()	
A_M2_17_212	adame	adam	n(prop)	
A_M2_17_212	macht	macht	n(sing)	
A_M2_17_213	soe	zij	pron(pers,3,sing)	
A_M2_17_213	verwanne	verwinnen	v(fin,past,lex)	
A_M2_17_213	met	met	adp()	
A_M2_17_213	harer	haar	pron(poss)	
A_M2_17_213	macht	macht	n(sing)	
A_M2_17_214	den	de	art(def)	
A_M2_17_214	vroetsten	vroed	adj()	
A_M2_17_214	van	van	adp()	
A_M2_17_214	allen	al	pron(indef)	
A_M2_17_214	heeren	heer	n(plu)	
A_M2_17_215	van	van	adp()	
A_M2_17_215	hem	hij	pron(pers,3,sing)	
A_M2_17_215	sijn	zijn	v(fin,pres,aux_cop)	
A_M2_17_215	wi	wij	pron(pers,1,plu)	
A_M2_17_215	alle	al	pron(indef)	
A_M2_17_215	ghewracht	gewerken	v(participle,past)	
A_M2_17_216	so	zo	adv(resum)	
A_M2_17_216	eist	zijn+het	v(fin,pres,aux_cop)+pron(pers,3,sing)	
A_M2_17_216	recht	recht	adj()	
A_M2_17_216	dat	dat	conj(subord)	
A_M2_17_216	hem	hij	pron(pers,3,sing)	
A_M2_17_216	elc	elk	pron(indef)	
A_M2_17_216	slacht	slachten	v(fin,pres,lex)	
A_M2_17_217	men	men	pron(indef)	
A_M2_17_217	maghet	mogen+het	v(fin,pres,aux_cop)+pron(pers,3,sing)	
A_M2_17_217	wel	wel	adv(gener)	
A_M2_17_217	doen	doen	v(infin)	
A_M2_17_217	met	met	adp()	
A_M2_17_217	eeren	eer	n(sing)	
A_M2_17_218	minne	min	n(sing)	
A_M2_17_218	ouer	over	adp()	
A_M2_17_218	redene	reden	n(sing)	
A_M2_17_218	verwacht	vervachten	v(fin,pres,lex)	
A_M2_17_219	wie	wie	pron(inter)	
A_M2_17_219	sore	zo+daar	adv(gener)+pronadv(dem)	
A_M2_17_219	omme	om	pronadv(dem)	
A_M2_17_219	weent	wenen	v(fin,pres,lex)	
A_M2_17_219	of	of	conj(coord)	
A_M2_17_219	lacht	lachen	v(fin,pres,lex)	
A_M2_17_220	vrouwe	vrouw	n(sing)	
A_M2_17_220	yeue	eva	n(prop)	
A_M2_17_220	moestem	moeten+hij	v(fin,past,aux_cop)+pron(pers,3,sing)	
A_M2_17_220	leeren	leren	v(infin)	
A_M2_17_221	sijn	zijn	pron(poss)	
A_M2_17_221	ontbeeren	ontberen	v(participle,past)	
A_M2_18_222	vvat	wat	pron(inter)	
A_M2_18_222	machte	macht	n(sing)	
A_M2_18_222	hadde	hebben	v(fin,past,aux_cop)	
A_M2_18_222	samsoen	simson	n(prop)	
A_M2_18_223	of	of	conj(coord)	
A_M2_18_223	dauid	david	n(prop)	
A_M2_18_223	of	of	conj(coord)	
A_M2_18_223	salomoen	salomo	n(prop)	
A_M2_18_224	ieghen	jegen	adp()	
A_M2_18_224	die	de	art(def)	
A_M2_18_224	cracht	kracht	n(sing)	
A_M2_18_224	van	van	adp()	
A_M2_18_224	minnen	min	n(sing)	
A_M2_18_225	daer	daar	pronadv(dem)	
A_M2_18_225	ne	ne	adv(neg)	
A_M2_18_225	es	zijn	v(fin,pres,lex)	
A_M2_18_225	toe	toe	pronadv(dem)	
A_M2_18_225	recht	recht	adj()	
A_M2_18_225	toe	toe	adv(gener)	
A_M2_18_225	gheen	geen	pron(indef)	
A_M2_18_225	doen	doen	v(infin)	
A_M2_18_226	sorobabel	sorobabel	n(prop)	
A_M2_18_226	in	in	adp()	
A_M2_18_226	sijn	zijn	pron(poss)	
A_M2_18_226	sermoen	sermoen	n(sing)	
A_M2_18_227	doet	doen	v(fin,pres,aux_cop)	
A_M2_18_227	ons	wij	pron(pers,1,plu)	
A_M2_18_227	wel	wel	adv(gener)	
A_M2_18_227	bekinnen	bekennen	v(infin)	
A_M2_18_228	dat	dat	conj(subord)	
A_M2_18_228	wien	wie	pron(inter)	
A_M2_18_228	so	zo	adv(resum)	
A_M2_18_228	vrouwen	vrouw	n(plu)	
A_M2_18_228	minne	min	n(sing)	
A_M2_18_228	ontspoen	ontspanen	v(infin)	
A_M2_18_229	hine	hij+ne	pron(pers,3,sing)+adv(neg)	
A_M2_18_229	mochte	mogen	v(fin,past,aux_cop)	
A_M2_18_229	nemmermeer	nimmermeer	adv(gener)	
A_M2_18_229	gheroen	geroe‘n	v(infin)	
A_M2_18_230	in	in	adp()	
A_M2_18_230	siere	zijn	pron(poss)	
A_M2_18_230	herten	hart	n(sing)	
A_M2_18_230	binnen	binnen	adv(gener)	
A_M2_18_231	hine	hij+ne	pron(pers,3,sing)+adv(neg)	
A_M2_18_231	moeste	moeten	v(fin,past,aux_cop)	
A_M2_18_231	al	al	pron(indef)	
A_M2_18_231	sinen	zijn	pron(poss)	
A_M2_18_231	sin	zin	n(sing)	
A_M2_18_231	ondoen	ontdoen	v(infin)	
A_M2_18_232	ende	en	conj(coord)	
A_M2_18_232	volghen	volgen	v(fin,pres,lex)	
A_M2_18_232	hare	zij	pron(pers,3,sing)	
A_M2_18_232	al	al	conj(subord)	
A_M2_18_232	ware	zijn	v(fin,past,aux_cop)	
A_M2_18_232	so	zij	pron(pers,3,plu)	
A_M2_18_232	ghevloen	vlieden	v(participle,past)	
A_M2_18_233	oft	of	conj(coord)	
A_M2_18_233	hem	hij	pron(refl,3,sing)	
A_M2_18_233	seluen	zelf	pron(indef)	
A_M2_18_233	ontsinnen	ontzinnen	v(infin)	
A_M2_18_234	hier+toe	hiertoe	pronadv(dem)	
A_M2_18_234	es	zijn	v(fin,pres,aux_cop)	
A_M2_18_234	gheen	geen	pron(indef)	
A_M2_18_234	verwinnen	verwinnen	v(infin)	
A_M2_19_235	iacop	jacob	n(prop)	
A_M2_19_235	sech	zeggen	v(imp)	
A_M2_19_235	verstaestu	verstaan+du	v(fin,past,lex)+pron(pers,2,sing)	
A_M2_19_235	niet	niet	adv(neg)	
A_M2_19_236	dat	dat	conj(subord)	
A_M2_19_236	dit	dit	pron(dem)	
A_M2_19_236	wort	woord	n(sing)	
A_M2_19_236	amor	amor	n(prop)	
A_M2_19_236	bediet	beduiden	v(fin,pres,lex)	
A_M2_19_237	dat	dat	pron(rel)	
A_M2_19_237	in	in	adp()	
A_M2_19_237	dietsch	diets	n(prop)	
A_M2_19_237	luudt	luiden	v(fin,pres,lex)	
A_M2_19_237	minne	min	n(sing)	
A_M2_19_238	elc	elk	pron(indef)	
A_M2_19_238	letterkijn	lettertje	n(sing)	
A_M2_19_238	diet	die+het	pron(rel)+pron(pers,3,sing)	
A_M2_19_238	wel	wel	adv(gener)	
A_M2_19_238	besiet	bezien	v(fin,pres,lex)	
A_M2_19_239	hout	houden	v(fin,pres,lex)	
A_M2_19_239	in	in	v(prtcl)	
A_M2_19_239	een	een	art(indef)	
A_M2_19_239	wort	woord	adj()	
A_M2_19_239	sinne	zinnen	v(imp)	
A_M2_19_239	bespiet	bespieden	v(imp)	
A_M2_19_240	der	de	art(def)	
A_M2_19_240	minnen	min	n(sing)	
A_M2_19_240	cracht	kracht	n(sing)	
A_M2_19_240	daer+inne	daarin	pronadv(dem)	
A_M2_19_241	aldus	aldus	adv(dem)	
A_M2_19_241	ontbindet	ontbinden	v(fin,pres,lex)	
A_M2_19_241	latijndsche	latijns	adj()	
A_M2_19_241	diet	diet	n(sing)	
A_M2_19_242	porringhe	porring	n(sing)	
A_M2_19_242	die	die	pron(rel)	
A_M2_19_242	den	de	art(def)	
A_M2_19_242	sin	zin	n(sing)	
A_M2_19_242	wech+tyet	wegtijgen	v(fin,pres,lex)	
A_M2_19_243	ditser	die+dat+zeer	pron(rel)+pron(dem)+n(sing)	
A_M2_19_243	een	een	art(indef)	
A_M2_19_243	ten	te+de	adp()+art(def)	
A_M2_19_243	beghinne	begin	n(sing)	
A_M2_19_244	entie	en+die	conj(coord)+pron(dem)	
A_M2_19_244	redene	reden	n(sing)	
A_M2_19_244	tontmoetene	te+ontmoeten	adp()+v(infin)	
A_M2_19_244	pliet	plegen	v(fin,pres,lex)	
A_M2_19_245	aldus	aldus	adv(dem)	
A_M2_19_245	ontbant	ontbinden	v(fin,past,lex)	
A_M2_19_245	ende	en	conj(coord)	
A_M2_19_245	besciet	bescheiden	v(fin,past,lex)	
A_M2_19_246	mijn	mijn	pron(poss)	
A_M2_19_246	meester	meester	n(sing)	
A_M2_19_246	als	als	conj(subord)	
A_M2_19_246	ict	ik+het	pron(pers,1,sing)+pron(pers,3,sing)	
A_M2_19_246	kinne	kennen	v(fin,pres,lex)	
A_M2_19_247	of	of	conj(coord)	
A_M2_19_247	mijn	mijn	pron(poss)	
A_M2_19_247	verstaen	verstaan	v(infin)	
A_M2_19_247	es	zijn	v(fin,pres,aux_cop)	
A_M2_19_247	dinne	dun	adj()	
A_M2_20_248	of	of	conj(subord)	
A_M2_20_248	dit	dit	pron(dem)	
A_M2_20_248	minne	min	n(sing)	
A_M2_20_248	es	zijn	v(fin,pres,aux_cop)	
A_M2_20_248	alset	als+het	conj(comp)+pron(pers,3,sing)	
A_M2_20_248	es	zijn	v(fin,pres,aux_cop)	
A_M2_20_249	wes	wezen	v(imp)	
A_M2_20_249	des	dat	pron(dem)	
A_M2_20_249	seker	zeker	adj()	
A_M2_20_249	ende	en	conj(coord)	
A_M2_20_249	ghewes	gewis	adj()	
A_M2_20_250	ic	ik	pron(pers,1,sing)	
A_M2_20_250	volghes	volgen	v(fin,pres,lex)	
A_M2_20_250	minen	mijn	pron(poss)	
A_M2_20_250	eersten	eerst	num(ord)	
A_M2_20_250	worde	woord	n(sing)	
A_M2_20_251	ouer	over	adp()	
A_M2_20_251	waerheit	waarheid	n(sing)	
A_M2_20_251	lijc	lijden+ik	v(fin,pres,lex)+pron(pers,1,sing)	
A_M2_20_251	des	dat	pron(dem)	
A_M2_20_252	soene	zij+ne	pron(pers,3,sing)+adv(neg)	
A_M2_20_252	smaecter	smaken	v(fin,pres,lex)	
A_M2_20_252	zwert	zwaard	n(sing)	
A_M2_20_252	no	noch	conj(coord)	
A_M2_20_252	mes	mes	n(sing)	
A_M2_20_253	die	die	pron(rel)	
A_M2_20_253	mi	ik	pron(pers,1,sing)	
A_M2_20_253	therte	dat+hart	art(def)+n(sing)	
A_M2_20_253	dor+borde	doorboren	v(fin,past,lex)	
A_M2_20_254	herte	hart	n(sing)	
A_M2_20_254	nemmermeer	nimmermeer	adv(neg)	
A_M2_20_254	ghenes	genezen	adj()	
A_M2_20_255	no	noch	conj(coord)	
A_M2_20_255	gherust	gerust	adj()	
A_M2_20_255	no	noch	conj(coord)	
A_M2_20_255	ghetes	getes	adj()	
A_M2_20_256	lieghic	liegen+ik	v(fin,pres,lex)+pron(pers,1,sing)	
A_M2_20_256	van	van	adp()	
A_M2_20_256	eenen	een	num(card)	
A_M2_20_256	worde	woord	n(sing)	
A_M2_20_257	prouf	proeven	v(imp)	
A_M2_20_257	dattu	dat+du	pron(rel)+pron(pers,2,sing)	
A_M2_20_257	wilt	willen	v(fin,pres,lex)	
A_M2_20_257	jacop	jacob	n(prop)	
A_M2_20_257	ende	en	conj(coord)	
A_M2_20_257	les	lezen	v(imp)	
A_M2_20_258	dies	dat	pron(dem)	
A_M2_20_258	es	zijn	v(fin,pres,aux_cop)	
A_M2_20_258	mijn	mijn	pron(poss)	
A_M2_20_258	herte	hart	n(sing)	
A_M2_20_258	wel	wel	adv(gener)	
A_M2_20_258	gheles	geles	adj()	
A_M2_20_259	dat	dat	conj(subord)	
A_M2_20_259	ic	ik	pron(pers,1,sing)	
A_M2_20_259	mi	mij	pron(refl,1,sing)	
A_M2_20_259	eer	eer	adv(gener)	
A_M2_20_259	vermorde	vermoorden	v(fin,past,lex)	
A_M2_20_260	eer	eer	conj(subord)	
A_M2_20_260	icse	ik+zij	pron(pers,1,sing)+pron(pers,3,sing)	
A_M2_20_260	steruen	sterven	v(infin)	
A_M2_20_260	horde	horen	v(fin,past,aux_cop)	
A_M2_21_261	martijn	martijn	n(prop)	
A_M2_21_261	ruut	ruid	adj()	
A_M2_21_261	gramarien	grammarijn	n(prop)	
A_M2_21_262	du	du	pron(pers,2,sing)	
A_M2_21_262	pleghes	plegen	v(fin,pres,lex)	
A_M2_21_262	dies	dat	pron(dem)	
A_M2_21_262	rude	ruid	adj()	
A_M2_21_262	liede	lieden	n(plu)	
A_M2_21_262	plien	plegen	v(fin,pres,lex)	
A_M2_21_263	diet	die+dat	pron(rel)+arf(def)	
A_M2_21_263	ware	waar	n(sing)	
A_M2_21_263	niet	niet	adv(neg)	
A_M2_21_263	wille	willen	v(fin,pres,aux_cop)	
A_M2_21_263	lyen	lijden	v(infin)	
A_M2_21_264	mesdaden	misdaad	n(plu)	
A_M2_21_264	die	die	pron(rel)	
A_M2_21_264	den	de	art(def)	
A_M2_21_264	wisen	wijs	adj()	
A_M2_21_264	messchien	misschieden	v(fin,pres,lex)	
A_M2_21_265	salmen	zullen+men	v(fin,pres,aux_cop)+pron(indef)	
A_M2_21_265	niet	niet	adv(neg)	
A_M2_21_265	in	in	adp()	
A_M2_21_265	exemple	exempel	n(sing)	
A_M2_21_265	tyen	tijgen	v(infin)	
A_M2_21_266	maer	maar	conj(coord)	
A_M2_21_266	gode	god	n(sing)	
A_M2_21_266	benedyen	benedijen	v(infin)	
A_M2_21_267	die	die	pron(rel)	
A_M2_21_267	ons	wij	pron(pers,1,plu)	
A_M2_21_267	daer+bi	daarbij	pronadv(dem)	
A_M2_21_267	leert	leren	v(fin,pres,lex)	
A_M2_21_267	sonder	zonder	adp()	
A_M2_21_267	vlien	vlieden	v(infin)	
A_M2_21_268	ende	en	conj(coord)	
A_M2_21_268	vp	op	adp()	
A_M2_21_268	gherechte	gerecht	adj()	
A_M2_21_268	minne	min	n(sing)	
A_M2_21_268	zien	zien	v(infin)	
A_M2_21_269	ic	ik	pron(pers,1,sing)	
A_M2_21_269	zwerdi	zweren+du	v(fin,past,lex)+pron(pers,2,sing)	
A_M2_21_269	dat	dat	conj(subord)	
A_M2_21_269	bi	bij	adp()	
A_M2_21_269	marien	maria	n(prop)	
A_M2_21_270	dat	dat	conj(subord)	
A_M2_21_270	ic	ik	pron(pers,1,sing)	
A_M2_21_270	di	du	pron(pers,2,sing)	
A_M2_21_270	doe	doen	v(fin,pres,lex)	
A_M2_21_270	noch	nog	adv(gener)	
A_M2_21_270	heden	heden	adv(gener)	
A_M2_21_270	ghien	gie‘n	v(infin)	
A_M2_21_271	met	met	adp()	
A_M2_21_271	mi	ik	pron(pers,1,sing)	
A_M2_21_271	oftu	of+du	conj(subord)+pron(pers,2,sing)	
A_M2_21_271	best	zijn	v(fin,pres,aux_cop)	
A_M2_21_271	een	een	art(indef)	
A_M2_21_271	paijen	pajien	n(sing)	
A_M2_21_272	ofte	of	conj(coord)	
A_M2_21_272	in	in	adp()	
A_M2_21_272	heresien	heresie	n(sing)	
A_M2_21_273	of	of	conj(coord)	
A_M2_21_273	van	van	adp()	
A_M2_21_273	sduuels	de+duivel	art(def)+n(sing)	
A_M2_21_273	partien	partij	n(plu)	
A_M2_21_274	nu	nu	adv(dem)	
A_M2_21_274	hore	horen	v(imp)	
A_M2_21_274	na	na	adp()	
A_M2_21_274	mi	ik	pron(pers,1,sing)	
A_M2_21_274	ende	en	conj(coord)	
A_M2_21_274	verstant	verstaan	v(imp)	
A_M2_22_275	wie	wie	pron(inter)	
A_M2_22_275	was	zijn	v(fin,past,aux_cop)	
A_M2_22_275	die	die	pron(rel)	
A_M2_22_275	eerst	eerst	adv(gener)	
A_M2_22_275	minne	min	n(sing)	
A_M2_22_275	vant	vinden	v(fin,past,aux_cop)	
A_M2_22_276	dan	dan	conj(comp)	
A_M2_22_276	god	god	n(prop)	
A_M2_22_276	die	die	pron(rel)	
A_M2_22_276	selue	zelf	pron(dem)	
A_M2_22_276	es	zijn	v(fin,pres,aux_cop)	
A_M2_22_276	minne	min	n(sing)	
A_M2_22_277	al	al	pron(indef)	
A_M2_22_277	dat	dat	pron(rel)	
A_M2_22_277	oint	ooit	adv(indef)	
A_M2_22_277	maecte	maken	v(fin,past,lex)	
A_M2_22_277	sine	zijn	pron(poss)	
A_M2_22_277	hant	hand	n(sing)	
A_M2_22_278	al	al	pron(indef)	
A_M2_22_278	minnet	minnen	v(fin,pres,lex)	
A_M2_22_278	sire	zijn	pron(poss)	
A_M2_22_278	herten	hart	n(sing)	
A_M2_22_278	bant	band	n(sing)	
A_M2_22_279	met	met	adp()	
A_M2_22_279	besceedenen	bescheiden	adj()	
A_M2_22_279	sinne	zin	n(sing)	
A_M2_22_280	ia	ja	interj()	
A_M2_22_280	lucifer	lucifer	n(prop)	
A_M2_22_280	den	de	art(def)	
A_M2_22_280	helschen	hels	adj()	
A_M2_22_280	viant	vijand	n(sing)	
A_M2_22_281	ne	ne	adv(neg)	
A_M2_22_281	haet	haten	v(fin,pres,aux_cop)	
A_M2_22_281	hi	hij	pron(pers,3,sing)	
A_M2_22_281	niet	niet	adv(neg)	
A_M2_22_281	dats	dat+zijn	pron(dem)+v(fin,pres,aux_cop)	
A_M2_22_281	becant	bekend	adj()	
A_M2_22_282	noch	noch	conj(coord)	
A_M2_22_282	en	ne	adv(neg)	
A_M2_22_282	dede	doen	v(fin,past,lex)	
A_M2_22_282	van	van	adp()	
A_M2_22_282	beghinne	begin	n(sing)	
A_M2_22_283	dat	dat	conj(subord)	
A_M2_22_283	hi	hij	pron(pers,3,sing)	
A_M2_22_283	sit	zitten	v(fin,pres,lex)	
A_M2_22_283	inder	in+de	adp()+art(def)	
A_M2_22_283	hellen	hel	n(sing)	
A_M2_22_283	brant	brand	n(sing)	
A_M2_22_284	dat	dat	pron(dem)	
A_M2_22_284	dede	doen	v(fin,past,lex)	
A_M2_22_284	der	de	art(def)	
A_M2_22_284	houerden	hovaart	n(sing)	
A_M2_22_284	pont	pond	n(sing)	
A_M2_22_285	der	de	art(def)	
A_M2_22_285	helscher	hels	adj()	
A_M2_22_285	coninghinnen	koningin	n(sing)	
A_M2_22_286	daer	daar	adv(dem)	
A_M2_22_286	bliuet	blijven	v(fin,pres,lex)	
A_M2_22_286	hi	hij	pron(pers,3,sing)	
A_M2_22_286	altoes	altoos	adv(gener)	
A_M2_22_286	inne	in	adp()	
A_M2_23_287	dat	dat	conj(subord)	
A_M2_23_287	dit	dit	pron(dem)	
A_M2_23_287	waer	waar	adj()	
A_M2_23_287	es	zijn	v(fin,pres,aux_cop)	
A_M2_23_287	proeft	proeven	v(imp)	
A_M2_23_287	wel	wel	adv(gener)	
A_M2_23_287	dat	dat	pron(dem)	
A_M2_23_288	ware	zijn	v(fin,past,aux_cop)	
A_M2_23_288	eeneghe	enig	pron(indef)	
A_M2_23_288	dinc	ding	n(plu)	
A_M2_23_288	van	van	adp()	
A_M2_23_288	gode	god	n(sing)	
A_M2_23_288	ghehat	haten	v(participle,past)	
A_M2_23_289	hen	zij	pron(pers,3,plu)	
A_M2_23_289	mochte	mogen	v(fin,past,aux_cop)	
A_M2_23_289	niet	niet	adv(neg)	
A_M2_23_289	ghedueren	geduren	v(infin)	
A_M2_23_290	die	de	art(def)	
A_M2_23_290	onghetellede	ongeteld	adj()	
A_M2_23_290	gods	god	n(prop)	
A_M2_23_290	scat	schat	n(sing)	
A_M2_23_291	hen	het+ne	pron(pers,3,sing)+adv(neg)	
A_M2_23_291	was	zijn	v(fin,past,lex)	
A_M2_23_291	noit	nooit	adv(neg)	
A_M2_23_291	tontfarmene	te+ontfermen	adp()+v(infin)	
A_M2_23_291	mat	mat	adj()	
A_M2_23_292	sine	zijn	pron(poss)	
A_M2_23_292	creaturen	creatuur	n(plu)	
A_M2_23_293	vp+dat	opdat	conj(subord)	
A_M2_23_293	mens	men+het	pron(indef)+pron(pers,3,sing)	
A_M2_23_293	hem	hij	pron(pers,3,sing)	
A_M2_23_293	met	met	adp()	
A_M2_23_293	trouwen	trouw	n(sing)	
A_M2_23_293	bat	bidden	v(fin,past,lex)	
A_M2_23_294	maer	maar	conj(coord)	
A_M2_23_294	lucifer	lucifer	n(prop)	
A_M2_23_294	sit	zitten	v(fin,pres,lex)	
A_M2_23_294	ende	en	conj(coord)	
A_M2_23_294	sat	zitten	v(fin,past,lex)	
A_M2_23_295	altoes	altoos	adv(gener)	
A_M2_23_295	ende	en	conj(coord)	
A_M2_23_295	telker	te+elk	adp()+num(indef)	
A_M2_23_295	huren	uur	n(plu)	
A_M2_23_296	inder	in+de	adp()+art(def)	
A_M2_23_296	fierre	fier	n(sing)	
A_M2_23_296	houerden	hovaart	n(sing)	
A_M2_23_296	stat	staat	n(sing)	
A_M2_23_297	ende	en	conj(coord)	
A_M2_23_297	nemmermeer	nimmermeer	adv(gener)	
A_M2_23_297	wet	weten	v(fin,past,lex)	
A_M2_23_297	hijs	hij+dat	pron(pers,3,sing)+pron(dem)	
A_M2_23_297	sat	zat	adj()	
A_M2_23_298	dus	dus	adv(resum)	
A_M2_23_298	en	ne	adv(neg)	
A_M2_23_298	mach	mogen	v(fin,pres,aux_cop)	
A_M2_23_298	sire	zijn	pron(poss)	
A_M2_23_298	naturen	natuur	n(sing)	
A_M2_23_299	gheene	geen	pron(indef)	
A_M2_23_299	ghenaden	genade	n(sing)	
A_M2_23_299	ghebueren	gebeuren	v(infin)	
A_M2_24_300	of	of	conj(coord)	
A_M2_24_300	men	men	pron(indef)	
A_M2_24_300	dit	dit	pron(dem)	
A_M2_24_300	bi	bij	adp()	
A_M2_24_300	redenen	reden	n(sing)	
A_M2_24_300	weet	weten	v(fin,pres,lex)	
A_M2_24_301	dat	dat	conj(subord)	
A_M2_24_301	god	god	n(prop)	
A_M2_24_301	niemene	niemand	pron(indef)	
A_M2_24_301	heuet	hebben	v(fin,pres,lex)	
A_M2_24_301	leet	leed	n(sing)	
A_M2_24_302	wien	wie	pron(inter)	
A_M2_24_302	gheuet	geven	v(fin,pres,lex)	
A_M2_24_302	hi	hij	pron(pers,3,sing)	
A_M2_24_302	tlanghe	dat+lang	art(def)+n(sing)	
A_M2_24_302	leuen	leven	v(infin)	
A_M2_24_303	so	zo	conj(coord)	
A_M2_24_303	den+ghenen	degene	pron(dem)	
A_M2_24_303	die	die	pron(rel)	
A_M2_24_303	hem	hij	pron(pers,3,sing)	
A_M2_24_303	es	zijn	v(fin,pres,aux_cop)	
A_M2_24_303	wreet	wreed	adj()	
A_M2_24_304	so	zo	conj(coord)	
A_M2_24_304	die	die	pron(rel)	
A_M2_24_304	hem	hij	pron(pers,3,sing)	
A_M2_24_304	met	met	adp()	
A_M2_24_304	minnen	min	n(sing)	
A_M2_24_304	heet	heet	adj()	
A_M2_24_305	onderdaen	onderdaan	adj()	
A_M2_24_305	es	zijn	v(fin,pres,aux_cop)	
A_M2_24_305	bleuen	blijven	v(participle,past)	
A_M2_24_306	ic	ik	pron(pers,1,sing)	
A_M2_24_306	dart	dorren+het	pron(fin,pres,lex)+pron(pers,3,sing)	
A_M2_24_306	wel	wel	adv(gener)	
A_M2_24_306	segghen	zeggen	v(infin)	
A_M2_24_306	vp	op	adp()	
A_M2_24_306	mijn	mijn	pron(poss)	
A_M2_24_306	beheet	beheet	n(sing)	
A_M2_24_307	sine	zijn	pron(poss)	
A_M2_24_307	houescheit	hoofsheid	n(sing)	
A_M2_24_307	ware	zijn	v(fin,past,aux_cop)	
A_M2_24_307	onghecleet	ongekleed	adj()	
A_M2_24_308	liet	laten	v(fin,past,lex)	
A_M2_24_308	hi	hij	pron(pers,3,sing)	
A_M2_24_308	den+ghenen	degene	pron(dem)	
A_M2_24_308	sneuen	sneven	v(infin)	
A_M2_24_309	die	die	pron(rel)	
A_M2_24_309	al	al	adv(gener)	
A_M2_24_309	tsinen	te+zijn	adp()+pron(poss)	
A_M2_24_309	dienste	dienst	n(sing)	
A_M2_24_309	steet	staan	v(fin,pres,lex)	
A_M2_24_310	dies	dies	adv(dem)	
A_M2_24_310	ghelijcs	gelijke	n(sing)	
A_M2_24_310	willic	willen+ik	v(fin,pres,aux_cop)+pron(pers,1,sing)	
A_M2_24_310	ghereet	gereed	adj()	
A_M2_24_311	den	de	art(def)	
A_M2_24_311	loen	loon	n(sing)	
A_M2_24_311	hare	zij	pron(pers,3,sing)	
A_M2_24_311	weder+gheuen	wedergeven	v(infin)	
A_M2_24_312	die	die	pron(rel)	
A_M2_24_312	dor	door	adp()	
A_M2_24_312	mi	ik	pron(pers,1,sing)	
A_M2_24_312	lust	lusten	v(fin,pres,lex)	
A_M2_24_312	beuen	beven	v(fin,pres,lex)	
A_M2_25_313	god	god	n(sing)	
A_M2_25_313	gheuet	geven	v(fin,pres,lex)	
A_M2_25_313	al	al	pron(indef)	
A_M2_25_313	cleene	klein	adj()	
A_M2_25_313	ende	en	conj(coord)	
A_M2_25_313	groot	groot	adj()	
A_M2_25_314	dies	dat	pron(rel)	
A_M2_25_314	die	de	art(def)	
A_M2_25_314	mensche	mens	n(sing)	
A_M2_25_314	heuet	hebben	v(fin,pres,lex)	
A_M2_25_314	noot	nood	n(sing)	
A_M2_25_315	dit	dit	pron(dem)	
A_M2_25_315	proeft	proeven	v(fin,pres,lex)	
A_M2_25_315	men	men	pron(indef)	
A_M2_25_315	bi	bij	adp()	
A_M2_25_315	sinne	zin	n(sing)	
A_M2_25_316	hi	hij	pron(pers,3,sing)	
A_M2_25_316	storte	storten	v(fin,past,lex)	
A_M2_25_316	dor	door	adp()	
A_M2_25_316	ons	wij	pron(pers,1,plu)	
A_M2_25_316	sijn	zijn	pron(poss)	
A_M2_25_316	bloet	bloed	n(sing)	
A_M2_25_316	root	rood	adj()	
A_M2_25_317	ende	en	conj(coord)	
A_M2_25_317	gheuet	geven	v(fin,pres,lex)	
A_M2_25_317	ons	wij	pron(pers,1,plu)	
A_M2_25_317	themelsche	dat+hemels	art(def)+adj()	
A_M2_25_317	broot	brood	n(sing)	
A_M2_25_318	vp+dat	opdat	conj(subord)	
A_M2_25_318	men	men	pron(indef)	
A_M2_25_318	weder	weder	adv(gener)	
A_M2_25_318	minne	minnen	v(fin,pres,lex)	
A_M2_25_319	dor	door	pronadv(dem)	
A_M2_25_319	ne+gheenen	ne+geen	pron(indef)	
A_M2_25_319	weder+stoot	wederstoot	n(sing)	
A_M2_25_320	daer	daar	pronadv(rel)	
A_M2_25_320	ons	wij	pron(pers,1,plu)	
A_M2_25_320	sonde	zonde	n(sing)	
A_M2_25_320	oit	ooit	adv(indef)	
A_M2_25_320	mede	mede	pronadv(prep)	
A_M2_25_320	scoot	schieten	v(fin,past,lex)	
A_M2_25_321	ne	ne	adv(neg)	
A_M2_25_321	laet	laten	v(fin,pres,lex)	
A_M2_25_321	hi	hij	pron(pers,3,sing)	
A_M2_25_321	ons	wij	pron(pers,1,plu)	
A_M2_25_321	daer+inne	daarin	pronadv(dem)	
A_M2_25_322	legghen	leggen	v(fin,pres,lex)	
A_M2_25_322	wi	wij	pron(pers,1,plu)	
A_M2_25_322	thooft	dat+hoofd	art(def)+n(sing)	
A_M2_25_322	hem	hij	pron(pers,3,sing)	
A_M2_25_322	inden	in+de	adp()+art(def)	
A_M2_25_322	scoot	schoot	n(sing)	
A_M2_25_323	soude	zullen	v(fin,past,aux_cop)	
A_M2_25_323	so	zij	pron(pers,3,sing)	
A_M2_25_323	maken	maken	v(infin)	
A_M2_25_323	dan	dan	adv(resum)	
A_M2_25_323	die	de	art(def)	
A_M2_25_323	doot	dood	n(sing)	
A_M2_25_324	die	die	pron(rel)	
A_M2_25_324	ic	ik	pron(pers,1,sing)	
A_M2_25_324	mi	ik	pron(pers,1,sing)	
A_M2_25_324	so	zo	adv(dem)	
A_M2_25_324	hout	houd	adj()	
A_M2_25_324	kinne	kennen	v(fin,pres,lex)	
A_M2_25_325	so	zo	adv(resum)	
A_M2_25_325	ware	zijn	v(fin,past,aux_cop)	
A_M2_25_325	mijn	mijn	pron(poss)	
A_M2_25_325	vroeden	vroed	n(sing)	
A_M2_25_325	dinne	dun	adj()	
A_M2_26_326	vvaerheit	waarheid	adv(gener)	
A_M2_26_326	jacop	jacob	n(prop)	
A_M2_26_326	du	du	pron(pers,2,sing)	
A_M2_26_326	segghes	zeggen	v(fin,pres,lex)	
A_M2_26_326	waer	waar	n(sing)	
A_M2_26_327	maer	maar	conj(coord)	
A_M2_26_327	het	het	pron(pers,3,sing)	
A_M2_26_327	was	zijn	v(fin,past,aux_cop)	
A_M2_26_327	mi	ik	pron(pers,1,sing)	
A_M2_26_327	te	te	adp()	
A_M2_26_327	vindene	vinden	v(infin)	
A_M2_26_327	zwaer	zwaar	adj()	
A_M2_26_328	dattu	dat+du	pron(dem)+pron(pers,2,sing)	
A_M2_26_328	hier	hier	adv(dem)	
A_M2_26_328	heues	hebben	v(fin,pres,aux_cop)	
A_M2_26_328	ontbonden	ontbinden	v(participle,past)	
A_M2_26_329	ic	ik	pron(pers,1,sing)	
A_M2_26_329	lye	lijden	v(fin,pres,lex)	
A_M2_26_329	verwonnen	verwinnen	v(participle,past)	
A_M2_26_329	openbaer	openbaar	adv(gener)	
A_M2_26_330	mine	mijn	pron(poss)	
A_M2_26_330	minne	min	n(sing)	
A_M2_26_330	es	zijn	v(fin,pres,aux_cop)	
A_M2_26_330	der	de	art(def)	
A_M2_26_330	zielen	ziel	n(sing)	
A_M2_26_330	vaer	vaar	n(sing)	
A_M2_26_331	ende	en	conj(coord)	
A_M2_26_331	besmet	besmetten	v(participle,past)	
A_M2_26_331	met	met	adp()	
A_M2_26_331	sonden	zonde	n(plu)	
A_M2_26_332	du	du	pron(pers,2,sing)	
A_M2_26_332	seghes	zeggen	v(fin,pres,lex)	
A_M2_26_332	daer	daar	pronadv(dem)	
A_M2_26_332	an	aan	pronadv(prep)	
A_M2_26_332	wel	wel	adv(gener)	
A_M2_26_332	ende	en	conj(coord)	
A_M2_26_332	waer	waar	n(sing)	
A_M2_26_333	redene	reden	n(sing)	
A_M2_26_333	heuet	hebben	v(fin,pres,aux_cop)	
A_M2_26_333	minen	mijn	pron(poss)	
A_M2_26_333	waen	waan	n(sing)	
A_M2_26_333	ommaer	onmaar	adj()	
A_M2_26_334	dit	dit	pron(dem)	
A_M2_26_334	hebbic	hebben+ik	v(fin,pres,aux_cop)+pron(pers,1,sing)	
A_M2_26_334	onder+vonden	ondervinden	v(participle,past)	
A_M2_26_335	nu	nu	adv(dem)	
A_M2_26_335	moete	moeten	v(fin,pres,aux_cop)	
A_M2_26_335	ons	wij	pron(pers,1,plu)	
A_M2_26_335	god	god	n(sing)	
A_M2_26_335	ghebringhen	brengen	v(infin)	
A_M2_26_335	daer	daar	adv(rel)	
A_M2_26_336	minne	min	n(sing)	
A_M2_26_336	niet	niet	adv(neg)	
A_M2_26_336	en	ne	adv(neg)	
A_M2_26_336	end	einden	conj(coord)	
A_M2_26_336	haer	haar	pron(poss)	
A_M2_26_336	jaer	jaar	n(sing)	
A_M2_26_337	enten	en+de	conj(coord)+art(def)	
A_M2_26_337	lesten	laatst	adj()	
A_M2_26_337	stonden	stond	n(plu)	
A_M2_26_338	vrien	vrijen	v(infin)	
A_M2_26_338	met	met	adp()	
A_M2_26_338	sinen	zijn	pron(poss)	
A_M2_26_338	wonden	wond	n(plu)	
A_M3_1_000	dit	dit	pron(dem)	
A_M3_1_000	es	zijn	v(fin,pres,aux_cop)	
A_M3_1_000	de	de	art(def)	
A_M3_1_000	derde	derde	num(ord)	
A_M3_1_000	martijn	martijn	n(prop)	
A_M3_1_001	ic	ik	pron(pers,1,sing)	
A_M3_1_001	mane	manen	v(fin,pres,lex)	
A_M3_1_001	mannen	man	n(plu)	
A_M3_1_001	metten	met+de	adp()+art(def)	
A_M3_1_001	wiuen	wijf	n(plu)	
A_M3_1_002	die	die	pron(rel)	
A_M3_1_002	dit	dit	pron(dem)	
A_M3_1_002	sullen	zullen	v(fin,pres,aux_cop)	
A_M3_1_002	lesen	lezen	v(infin)	
A_M3_1_002	of	of	conj(coord)	
A_M3_1_002	scriuen	schrijven	v(infin)	
A_M3_1_003	vpten	op+de	adp()+art(def)	
A_M3_1_003	hoghesten	hoog	adj()	
A_M3_1_003	ban	ban	n(sing)	
A_M3_1_004	dat	dat	conj(subord)	
A_M3_1_004	si	zij	pron(pers,3,plu)	
A_M3_1_004	dit	dit	pron(dem)	
A_M3_1_004	dicht	dicht	n(sing)	
A_M3_1_004	laten	laten	v(fin,pres,lex)	
A_M3_1_004	bliuen	blijven	v(infin)	
A_M3_1_005	reene	rein	adj()	
A_M3_1_005	dat	dat	conj(subord)	
A_M3_1_005	siere	zij+daar	pron(pers,3,plu)+pronadv(dem)	
A_M3_1_005	niet	niet	adv(neg)	
A_M3_1_005	in	in	pronadv(prep)	
A_M3_1_005	en	ne	adv(neg)	
A_M3_1_005	driuen	drijven	v(fin,pres,lex)	
A_M3_1_006	lettre	letter	n(sing)	
A_M3_1_006	wort	woord	n(sing)	
A_M3_1_006	af	af	adp()	
A_M3_1_006	no	noch	conj(coord)	
A_M3_1_006	an	aan	adp()	
A_M3_1_007	doen	doen	v(fin,pres,lex)	
A_M3_1_007	sijt	zij+het	pron(pers,3,plu)+pron(pers,3,sing)	
A_M3_1_007	oec	ook	adv(gener)	
A_M3_1_007	hem	hij	pron(pers,3,plu)	
A_M3_1_007	sal	zullen	v(fin,pres,aux_cop)	
A_M3_1_007	becliuen	beklijven	v(infin)	
A_M3_1_008	minen	mijn	pron(poss)	
A_M3_1_008	ban	ban	n(sing)	
A_M3_1_008	en	en	conj(coord)	
A_M3_1_008	sine	zij+ne	pron(pers,3,plu)+adv(neg)	
A_M3_1_008	sulne	zullen+hij	v(fin,pres,aux_cop)+pron(pers,3,sing)	
A_M3_1_008	wriuen	wrijven	v(infin)	
A_M3_1_009	niet	niet	adv(neg)	
A_M3_1_009	af	af	v(prtcl)	
A_M3_1_009	moghen	mogen	v(infin)	
A_M3_1_009	nochtan	nochtans	adv(gener)	
A_M3_1_010	hennes	het+ne+zijn	pron(pers,3,sing)+adv(neg)+v(fin,pres,lex)	
A_M3_1_010	gheen	geen	pron(indef)	
A_M3_1_010	spot	spot	n(sing)	
A_M3_1_010	dit	dit	pron(dem)	
A_M3_1_010	van	van	adp()	
A_M3_1_010	keytiuen	katijf	n(plu)	
A_M3_1_011	hets	het+zijn	pron(pers,3,sing)+v(fin,pres,aux_cop)	
A_M3_1_011	daer	daar	pronadv(rel)	
A_M3_1_011	ic	ik	pron(pers,1,sing)	
A_M3_1_011	mi	ik	pron(refl,1,sing)	
A_M3_1_011	omme	om	pronadv(rel)	
A_M3_1_011	liet	laten	v(fin,past,aux_cop)	
A_M3_1_011	ontliuen	ontlijven	v(infin)	
A_M3_1_012	eer	eer	conj(subord)	
A_M3_1_012	icker	ik+daar	pron(pers,1,sing)+pronadv(dem)	
A_M3_1_012	sciede	scheiden	v(fin,past,lex)	
A_M3_1_012	van	van	pronadv(prep)	
A_M3_1_013	nu	nu	adv(dem)	
A_M3_1_013	hort	horen	v(imp)	
A_M3_1_013	die	die	pron(rel)	
A_M3_1_013	leeren	leren	v(infin)	
A_M3_1_013	can	kunnen	v(fin,pres,aux_cop)	
A_M3_2_014	iacop	jacob	n(prop)	
A_M3_2_014	wi	wij	pron(pers,1,plu)	
A_M3_2_014	hebben	hebben	v(fin,pres,aux_cop)	
A_M3_2_014	onderlinghe	onderling	adv(gener)	
A_M3_2_015	ghehandelt	handelen	v(participle,past)	
A_M3_2_015	messelike	misselijk	adj()	
A_M3_2_015	dinghen	ding	n(plu)	
A_M3_2_016	nu	nu	adv(dem)	
A_M3_2_016	antwort	antwoorden	v(imp)	
A_M3_2_016	mi	ik	pron(pers,1,sing)	
A_M3_2_016	vp+een	opeen	adv(gener)	
A_M3_2_017	leert	leren	v(imp)	
A_M3_2_017	mi	ik	pron(pers,1,sing)	
A_M3_2_017	eer	eer	conj(subord)	
A_M3_2_017	ic	ik	pron(pers,1,sing)	
A_M3_2_017	hu	gij	pron(pers,2,plu)	
A_M3_2_017	ontspringhe	ontspringen	v(fin,pres,lex)	
A_M3_2_018	hoe	hoe	adv(inter)	
A_M3_2_018	ic	ik	pron(pers,1,sing)	
A_M3_2_018	mijn	mijn	pron(poss)	
A_M3_2_018	herte	hart	n(sing)	
A_M3_2_018	daer+toe	daartoe	pronadv(dem)	
A_M3_2_018	dwinghe	dwingen	v(fin,past,lex)	
A_M3_2_019	te	te	adp()	
A_M3_2_019	kenne	kennen	v(infin)	
A_M3_2_019	hem	hij	pron(pers,3,sing)	
A_M3_2_019	dien	die	pron(rel)	
A_M3_2_019	wi	wij	pron(pers,1,plu)	
A_M3_2_019	vleen	vlee‘n	v(fin,pres,lex)	
A_M3_2_020	ic	ik	pron(pers,1,sing)	
A_M3_2_020	lese	lezen	v(fin,pres,lex)	
A_M3_2_020	somwile	somwijlen	adv(gener)	
A_M3_2_020	ende	en	conj(coord)	
A_M3_2_020	in	ik+ne	pron(pers,1,sing)+adv(neg)	
A_M3_2_020	singhe	zingen	v(fin,pres,lex)	
A_M3_2_021	gode	god	n(prop)	
A_M3_2_021	te	te	adp()	
A_M3_2_021	kenne	kennen	v(infin)	
A_M3_2_021	bi	bij	adp()	
A_M3_2_021	sinen	zijn	pron(poss)	
A_M3_2_021	dinghe	ding	n(plu)	
A_M3_2_022	es	zijn	v(fin,pres,aux_cop)	
A_M3_2_022	leuen	leven	n(sing)	
A_M3_2_022	sonder	zonder	adp()	
A_M3_2_022	ween	ween	n(sing)	
A_M3_2_023	dits	dit+zijn	pron(dem)+v(fin,pres,aux_cop)	
A_M3_2_023	claer	klaar	adj()	
A_M3_2_023	waer	waar	adj()	
A_M3_2_023	ende	en	conj(coord)	
A_M3_2_023	ghehinghe	geheng	adj()	
A_M3_2_024	subtijl	subtiel	adv(gener)	
A_M3_2_024	ware	zijn	v(fin,past,aux_cop)	
A_M3_2_024	therte	dat+hart	art(def)+n(sing)	
A_M3_2_024	diet	die+het	pron(rel)+pron(pers,3,sing)	
A_M3_2_024	bevinghe	bevingen	v(fin,past,lex)	
A_M3_2_025	want	want	conj(subord)	
A_M3_2_025	hogher	hoog	adj()	
A_M3_2_025	dinc	ding	n(sing)	
A_M3_2_025	en	ne	adv(neg)	
A_M3_2_025	es	zijn	v(fin,pres,aux_cop)	
A_M3_2_025	gheen	geen	pron(indef)	
A_M3_2_026	nu	nu	adv(dem)	
A_M3_2_026	antwort	antwoorden	v(imp)	
A_M3_2_026	onder	onder	adp()	
A_M3_2_026	ons	wij	pron(pers,1,plu)	
A_M3_2_026	tween	twee	num(card)	
A_M3_3_027	martijn	martijn	n(prop)	
A_M3_3_027	du	du	pron(pers,2,sing)	
A_M3_3_027	vraghes	vragen	v(fin,pres,lex)	
A_M3_3_027	wel	wel	adv(gener)	
A_M3_3_027	hoghe	hoog	adv(gener)	
A_M3_3_028	al	al	conj(subord)	
A_M3_3_028	vloghic	vliegen+ik	v(fin,pres,lex)+pron(pers,1,sing)	
A_M3_3_028	bouen	boven	adp()	
A_M3_3_028	der	de	art(def)	
A_M3_3_028	inghele	engel	n(plu)	
A_M3_3_028	vloghe	vleug	n(sing)	
A_M3_3_029	bouen	boven	adp()	
A_M3_3_029	cherubin	cherubijn	n(prop)	
A_M3_3_029	ende	en	conj(coord)	
A_M3_3_029	cheraf	serafijn	n(prop)	
A_M3_3_030	so	zo	adv(resum)	
A_M3_3_030	weetic	weten+ik	v(fin,pres,lex)+pron(pers,1,sing)	
A_M3_3_030	wel	wel	adv(gener)	
A_M3_3_030	dat	dat	conj(subord)	
A_M3_3_030	ic	ik	pron(pers,1,sing)	
A_M3_3_030	en	ne	adv(neg)	
A_M3_3_030	moghe	mogen	v(fin,pres,aux_cop)	
A_M3_3_031	berechten	berechten	v(infin)	
A_M3_3_031	dat	dat	pron(dem)	
A_M3_3_031	te	te	adp()	
A_M3_3_031	vullen	volle	n(sing)	
A_M3_3_031	doghe	deugen	v(fin,pres,lex)	
A_M3_3_032	met	met	adp()	
A_M3_3_032	worden	woord	n(plu)	
A_M3_3_032	hier+af	hier+af	adv(dem)	
A_M3_3_033	alle	al	pron(indef)	
A_M3_3_033	sinne	zin	n(plu)	
A_M3_3_033	sijn	zijn	v(fin,pres,aux_cop)	
A_M3_3_033	te	te	adp()	
A_M3_3_033	droghe	droog	adj()	
A_M3_3_034	alle	al	pron(indef)	
A_M3_3_034	creaturen	creatuur	n(plu)	
A_M3_3_034	hoemen	hoe+men	adv(inter)+pron(indef)	
A_M3_3_034	poghe	pogen	v(fin,pres,lex)	
A_M3_3_035	ne	ne	adv(neg)	
A_M3_3_035	doghen	deugen	v(fin,pres,lex)	
A_M3_3_035	niet	niet	adv(neg)	
A_M3_3_035	een	een	art(indef)	
A_M3_3_035	caf	kaf	n(sing)	
A_M3_3_036	dat	dat+het	conj(subord)+pron(pers,3,sing)	
A_M3_3_036	hare	zij	pron(pers,3,sing)	
A_M3_3_036	eenich	enig	pron(indef)	
A_M3_3_036	te	te	adp()	
A_M3_3_036	vullen	volle	n(sing)	
A_M3_3_036	toghe	togen	v(fin,pres,lex)	
A_M3_3_037	maer	maar	conj(coord)	
A_M3_3_037	verscaerp	verscherpen	v(imp)	
A_M3_3_037	dijns	dijn	pron(poss)	
A_M3_3_037	sinnes	zin	n(sing)	
A_M3_3_037	oghe	oog	n(sing)	
A_M3_3_038	hore	horen	v(imp)	
A_M3_3_038	wat	wat	pron(inter)	
A_M3_3_038	scrifture	schriftuur	n(sing)	
A_M3_3_038	mi	ik	pron(pers,1,sing)	
A_M3_3_038	gaf	geven	v(fin,past,lex)	
A_M3_3_039	hout	houden+het	v(imp)+pron(pers,3,sing)	
A_M3_3_039	in	in	adp()	
A_M3_3_039	diere	dijn	pron(poss)	
A_M3_3_039	herten	hart	n(sing)	
A_M3_3_039	graf	graf	n(sing)	
A_M3_4_040	moyses	mozes	n(prop)	
A_M3_4_040	spreect	spreken	v(fin,pres,lex)	
A_M3_4_040	in	in	adp()	
A_M3_4_040	sinen	zijn	pron(poss)	
A_M3_4_040	boeken	boek	n(plu)	
A_M3_4_041	beesten	beest	n(plu)	
A_M3_4_041	die	die	pron(rel)	
A_M3_4_041	den	de	art(def)	
A_M3_4_041	berch	berg	n(sing)	
A_M3_4_041	besoeken	bezoeken	v(infin)	
A_M3_4_042	moeten	moeten	v(fin,pres,aux_cop)	
A_M3_4_042	sijn	zijn	v(infin)	
A_M3_4_042	ghesteent	stenen	v(participle,past)	
A_M3_4_043	beeste	beest	n(sing)	
A_M3_4_043	es	zijn	v(fin,pres,aux_cop)	
A_M3_4_043	die	de	art(def)	
A_M3_4_043	mensche	mens	n(sing)	
A_M3_4_043	die	die	pron(rel)	
A_M3_4_043	wille+roeken	willen+roeken	v(fin,past,aux_cop)+v(infin)	
A_M3_4_044	te	te	adp()	
A_M3_4_044	nauwe	nauw	adv(gener)	
A_M3_4_044	omme	om	adp()	
A_M3_4_044	die	de	art(def)	
A_M3_4_044	godheit	godheid	n(sing)	
A_M3_4_044	loeken	loeken	v(infin)	
A_M3_4_045	hets	het+zijn	pron(pers,3,sing)+v(fin,pres,aux_cop)	
A_M3_4_045	recht	recht	adj()	
A_M3_4_045	dat	dat	conj(subord)	
A_M3_4_045	hijt	hij+het	pron(pers,3,sing)+pron(pers,3,sing)	
A_M3_4_045	beweent	bewenen	v(fin,pres,lex)	
A_M3_4_046	du	du	pron(pers,2,sing)	
A_M3_4_046	soucs	zoeken	v(fin,pres,lex)	
A_M3_4_046	mi	ik	pron(pers,1,sing)	
A_M3_4_046	in	in	adp()	
A_M3_4_046	allen	al	pron(indef)	
A_M3_4_046	hoeken	hoek	n(plu)	
A_M3_4_047	met	met	adp()	
A_M3_4_047	rimen	rijm	n(plu)	
A_M3_4_047	sonder	zonder	adp()	
A_M3_4_047	valsch	vals	n(sing)	
A_M3_4_047	van	van	adp()	
A_M3_4_047	doeken	doek	n(prop)	
A_M3_4_048	es	zijn	v(fin,pres,aux_cop)	
A_M3_4_048	dit	dit	pron(dem)	
A_M3_4_048	goed	goed	adj()	
A_M3_4_048	ic	ik	pron(pers,1,sing)	
A_M3_4_048	wane	wanen	v(fin,pres,lex)	
A_M3_4_048	neent	neen+het	adv(neg)+pron(pers,3,sing)	
A_M3_4_049	du	du	pron(pers,2,sing)	
A_M3_4_049	telles	tellen	v(fin,pres,lex)	
A_M3_4_049	mi	ik	pron(pers,1,sing)	
A_M3_4_049	metten	met+de	adp()+art(def)	
A_M3_4_049	wisen	wijs	adj()	
A_M3_4_049	cloeken	kloek	adj()	
A_M3_4_050	waert	zijn+het	v(fin,past,aux_cop)+pron(pers,3,sing)	
A_M3_4_050	goet	goed	adj()	
A_M3_4_050	ic	ik	pron(pers,1,sing)	
A_M3_4_050	souder	zullen+er	v(fin,past,aux_cop)+pronadv(dem)	
A_M3_4_050	hu	gij	pron(pers,2,plu)	
A_M3_4_050	omme	om	pronadv(prep)	
A_M3_4_050	vloeken	vloeken	v(infin)	
A_M3_4_051	ic	ik	pron(pers,1,sing)	
A_M3_4_051	wane	wanen	v(fin,pres,lex)	
A_M3_4_051	dine	dijn	pron(poss)	
A_M3_4_051	herte	hart	n(sing)	
A_M3_4_051	meent	menen	v(fin,pres,lex)	
A_M3_4_052	dattu	dat+du	conj(subord)+pron(pers,2,sing)	
A_M3_4_052	mi	ik	pron(pers,1,sing)	
A_M3_4_052	heues	hebben	v(fin,pres,aux_cop)	
A_M3_4_052	verbeent	verbenen	v(participle,past)	
A_M3_5_053	iacop	jacob	n(prop)	
A_M3_5_053	dune	du+ne	pron(pers,2,sing)+adv(neg)	
A_M3_5_053	souds	zullen	v(fin,past,aux_cop)	
A_M3_5_053	di	du	pron(refl,2,sing)	
A_M3_5_053	niet	niet	adv(neg)	
A_M3_5_053	vergramen	vergrammen	v(infin)	
A_M3_5_054	ic	ik	pron(pers,1,sing)	
A_M3_5_054	wils	willen+dat	v(fin,pres,aux_cop)+pron(dem)	
A_M3_5_054	mi	ik	pron(refl,1,sing)	
A_M3_5_054	al	al	pron(indef)	
A_M3_5_054	mijn	mijn	pron(poss)	
A_M3_5_054	leuen	leven	n(sing)	
A_M3_5_054	scamen	schamen	v(infin)	
A_M3_5_055	haddict	hebben+ik+het	v(fin,pres,aux_cop)+pron(pers,1,sing)+pron(pers,3,sing)	
A_M3_5_055	oint	ooit	adv(indef)	
A_M3_5_055	ghedocht	denken	v(participle,past)	
A_M3_5_056	oecs	ook	adv(gener)	
A_M3_5_056	lijcs	lijden+ik+het	adj()	
A_M3_5_056	metti	met+du	pron(pers,2,sing)+adp()	
A_M3_5_056	te	te	adp()	
A_M3_5_056	samen	samen	adv(gener)	
A_M3_5_057	dat	dat	conj(subord)	
A_M3_5_057	die	de	art(def)	
A_M3_5_057	hoecheit	hoogheid	n(sing)	
A_M3_5_057	der	de	art(def)	
A_M3_5_057	hogre	hoog	adj()	
A_M3_5_057	namen	naam	n(sing)	
A_M3_5_058	te	te	adv(gener)	
A_M3_5_058	verre	ver	adv(gener)	
A_M3_5_058	niet	niet	adv(neg)	
A_M3_5_058	en	ne	adv(neg)	
A_M3_5_058	doech	deugen	v(fin,pres,aux_cop)	
A_M3_5_058	ghesocht	zoeken	v(participle,past)	
A_M3_5_059	al	al	conj(subord)	
A_M3_5_059	waert	zijn+het	v(fin,past,lex)+pron(pers,3,sing)	
A_M3_5_059	dat	dat	conj(subord)	
A_M3_5_059	alle	al	pron(indef)	
A_M3_5_059	dingle	de+engel	art(def)+n(plu)	
A_M3_5_059	quamen	komen	v(fin,past,lex)	
A_M3_5_060	sine	zij+ne	pron(pers,3,plu)+adv(neg)	
A_M3_5_060	connen	kunnen	v(fin,pres,aux_cop)	
A_M3_5_060	die	de	art(def)	
A_M3_5_060	godheit	godheid	n(sing)	
A_M3_5_060	ghehamen	gehamen	v(infin)	
A_M3_5_061	dits	dit+zijn	pron(dem)+v(fin,pres,aux_cop)	
A_M3_5_061	al	al	adv(gener)	
A_M3_5_061	af+ghenocht	afknopen	v(participle,past)	
A_M3_5_062	leere	leer	v(imp)	
A_M3_5_062	minen	mijn	pron(poss)	
A_M3_5_062	crancken	krank	adj()	
A_M3_5_062	sin	zin	n(sing)	
A_M3_5_062	minen	mijn	pron(poss)	
A_M3_5_062	lamen	lam	adj()	
A_M3_5_063	ghewont	wonden	v(participle,past)	
A_M3_5_063	metter	met+de	adp()+art(def)	
A_M3_5_063	sonden	zonde	n(plu)	
A_M3_5_063	bramen	braam	n(plu)	
A_M3_5_064	van	van	adp()	
A_M3_5_064	dattu	dat+du	pron(rel)+pron(pers,2,sing)	
A_M3_5_064	vermocht	vermogen	v(fin,pres,lex)	
A_M3_5_065	so	zo	adv(resum)	
A_M3_5_065	es	zijn	v(fin,pres,aux_cop)	
A_M3_5_065	mijn	mijn	pron(poss)	
A_M3_5_065	wille	wil	n(sing)	
A_M3_5_065	vulbrocht	volbrengen	v(participle,past)	
A_M3_6_066	martijn	martijn	n(prop)	
A_M3_6_066	merc	merken	v(imp)	
A_M3_6_066	in	in	adp()	
A_M3_6_066	dinen	dijn	pron(poss)	
A_M3_6_066	zinne	zin	n(sing)	
A_M3_6_067	god	god	n(prop)	
A_M3_6_067	es	zijn	v(fin,pres,aux_cop)	
A_M3_6_067	een	een	art(indef)	
A_M3_6_067	wesen	wezen	n(sing)	
A_M3_6_067	vor	voor	adp()	
A_M3_6_067	alle	al	pron(indef)	
A_M3_6_067	beghinne	begin	n(sing)	
A_M3_6_068	tedelste	dat+edel	art(def)+adj()	
A_M3_6_068	bouen	boven	adp()	
A_M3_6_068	al	al	pron(indef)	
A_M3_6_069	sijn	zijn	pron(poss)	
A_M3_6_069	wesen	wezen	n(sing)	
A_M3_6_069	es	zijn	v(fin,pres,aux_cop)	
A_M3_6_069	als	als	conj(comp)	
A_M3_6_069	ict	ik+het	pron(pers,1,sing)+pron(pers,3,sing)	
A_M3_6_069	kinne	kennen	v(fin,pres,lex)	
A_M3_6_070	dupperste	de+opper	art(def)+adj()	
A_M3_6_070	godheit	godheid	n(sing)	
A_M3_6_070	dupperste	de+opper	art(def)+adj()	
A_M3_6_070	minne	min	n(sing)	
A_M3_6_071	dat	dat	pron(dem)	
A_M3_6_071	es	zijn	v(fin,pres,lex)	
A_M3_6_071	of	of	conj(coord)	
A_M3_6_071	wesen	wezen	v(infin)	
A_M3_6_071	sal	zullen	v(fin,pres,aux_cop)	
A_M3_6_072	sine	zijn	pron(poss)	
A_M3_6_072	ghewerken	gewerk	n(plu)	
A_M3_6_072	daer	daar	pronadv(rel)	
A_M3_6_072	men	men+hij	pron(indef)+pron(pers,3,sing)	
A_M3_6_072	kent	kennen	v(fin,pres,lex)	
A_M3_6_072	jnne	in	pronadv(prep)	
A_M3_6_073	sijn	zijn	v(fin,pres,aux_cop)	
A_M3_6_073	si	zij	pron(pers,3,plu)	
A_M3_6_073	so	zo	adv(dem)	
A_M3_6_073	groot	groot	adj()	
A_M3_6_073	dat	dat	conj(subord)	
A_M3_6_073	si	zij	pron(pers,3,plu)	
A_M3_6_073	sijn	zijn	v(fin,pres,aux_cop)	
A_M3_6_073	dinne	dun	adj()	
A_M3_6_074	diet	die+het	pron(rel)+pron(pers,3,sing)	
A_M3_6_074	bekennen	bekennen	v(fin,pres,lex)	
A_M3_6_074	ende	en	conj(coord)	
A_M3_6_074	smal	smal	adj()	
A_M3_6_075	sine	zijn	pron(poss)	
A_M3_6_075	wijsheit	wijsheid	n(sing)	
A_M3_6_075	es	zijn	v(fin,pres,aux_cop)	
A_M3_6_075	coninghinne	koningin	n(sing)	
A_M3_6_076	bouen	boven	adp()	
A_M3_6_076	alre+hande	allerhande	adj()	
A_M3_6_076	ghewinne	gewin	n(sing)	
A_M3_6_077	ende	en	conj(coord)	
A_M3_6_077	bouen	boven	adp()	
A_M3_6_077	al	al	pron(indef)	
A_M3_6_077	gheual	geval	n(sing)	
A_M3_6_078	daer	daar	adv(dem)	
A_M3_6_078	bouen	boven	adv(gener)	
A_M3_6_078	of	of	conj(coord)	
A_M3_6_078	hier	hier	adv(dem)	
A_M3_6_078	int	in+dat	adp()+art(def)	
A_M3_6_078	dal	dal	n(sing)	
A_M3_7_079	den	de	art(def)	
A_M3_7_079	hemel	hemel	n(sing)	
A_M3_7_079	enten	en+de	conj(coord)+art(def)	
A_M3_7_079	troen	troon	n(sing)	
A_M3_7_079	nv	nu	adv(dem)	
A_M3_7_079	merke	merken	v(imp)	
A_M3_7_080	god	god	n(sing)	
A_M3_7_080	es	zijn	v(fin,pres,aux_cop)	
A_M3_7_080	bouen	boven	adp()	
A_M3_7_080	allen	al	pron(indef)	
A_M3_7_080	sinen	zijn	pron(poss)	
A_M3_7_080	ghewerke	gewerk	n(sing)	
A_M3_7_081	ende	en	conj(coord)	
A_M3_7_081	onder	onder	adp()	
A_M3_7_081	alle	al	pron(indef)	
A_M3_7_081	sine	zijn	pron(poss)	
A_M3_7_081	dinc	ding	n(plu)	
A_M3_7_082	hi	hij	pron(pers,3,sing)	
A_M3_7_082	es	zijn	v(fin,pres,lex)	
A_M3_7_082	buten	buiten	adv(gener)	
A_M3_7_082	al	al	pron(indef)	
A_M3_7_082	nv	nu	adv(dem)	
A_M3_7_082	merke	merken	v(imp)	
A_M3_7_083	alse	als	conj(subord)	
A_M3_7_083	diet	die+het	pron(rel)+pron(pers,3,sing)	
A_M3_7_083	hout	houden	v(fin,pres,lex)	
A_M3_7_083	wel	wel	adv(gener)	
A_M3_7_083	ende	en	conj(coord)	
A_M3_7_083	sterke	sterk	adv(gener)	
A_M3_7_084	hier	hier	adv(dem)	
A_M3_7_084	vte	uit	v(prtcl)	
A_M3_7_084	nine	ne+niet	adv(neg)+adv(neg)	
A_M3_7_084	sprinc	springen	v(imp)	
A_M3_7_085	oec	ook	adv(gener)	
A_M3_7_085	segghen	zeggen	v(fin,pres,lex)	
A_M3_7_085	ons	wij	pron(pers,1,plu)	
A_M3_7_085	die	de	art(def)	
A_M3_7_085	wise	wijs	adj()	
A_M3_7_085	clerke	klerk	n(plu)	
A_M3_7_086	hine	hij+ne	pron(pers,3,sing)+adv(neg)	
A_M3_7_086	es	zijn	v(fin,pres,aux_cop)	
A_M3_7_086	ghedeelt	delen	v(participle,past)	
A_M3_7_086	niet	niet	adv(neg)	
A_M3_7_086	in	in	adp()	
A_M3_7_086	perke	park	n(sing)	
A_M3_7_087	hier+in	hierin	pronadv(dem)	
A_M3_7_087	dine	dijn	pron(poss)	
A_M3_7_087	herte	hart	n(sing)	
A_M3_7_087	dwinc	dwingen	v(imp)	
A_M3_7_088	maer	maar	conj(coord)	
A_M3_7_088	gheheel	geheel	adv(gener)	
A_M3_7_088	in	in	adp()	
A_M3_7_088	elken	elk	pron(indef)	
A_M3_7_088	merke	mark	n(sing)	
A_M3_7_089	buten	buiten	adv(gener)	
A_M3_7_089	binnen	binnen	adv(gener)	
A_M3_7_089	in	in	adp()	
A_M3_7_089	water	water	n(sing)	
A_M3_7_089	in	in	adp()	
A_M3_7_089	zwerke	zwerk	n(sing)	
A_M3_7_090	hier+toe	hiertoe	pronadv(prep)	
A_M3_7_090	dine	dijn	pron(poss)	
A_M3_7_090	herte	hart	n(sing)	
A_M3_7_090	brinc	brengen	v(imp)	
A_M3_7_091	sonder	zonder	adp()	
A_M3_7_091	eeneghen	enig	pron(indef)	
A_M3_7_091	losen	loos	adj()	
A_M3_7_091	winc	wenk	n(sing)	
A_M3_8_092	bouen	boven	adv(gener)	
A_M3_8_092	es	zijn	v(fin,pres,aux_cop)	
A_M3_8_092	god	god	n(sing)	
A_M3_8_092	alse	als	conj(subord)	
A_M3_8_092	heere	heer	n(sing)	
A_M3_8_093	die	de	pron(rel)	
A_M3_8_093	besittere	bezitter	n(sing)	
A_M3_8_093	es	zijn	v(fin,pres,aux_cop)	
A_M3_8_093	emmermeere	immermeer	adv(gener)	
A_M3_8_094	alles	al	pron(indef)	
A_M3_8_094	dies	dat	pron(rel)	
A_M3_8_094	men	men	pron(indef)	
A_M3_8_094	weet	weten	v(fin,pres,lex)	
A_M3_8_095	onder	onder	adp()	
A_M3_8_095	alse	als	conj(subord)	
A_M3_8_095	die	die	art(def)	
A_M3_8_095	in	in	adp()	
A_M3_8_095	allen	al	pron(indef)	
A_M3_8_095	keere	keer	n(plu)	
A_M3_8_096	die	de	art(def)	
A_M3_8_096	dinc	ding	n(plu)	
A_M3_8_096	hout	houden	v(fin,pres,lex)	
A_M3_8_096	moghendelike	mogendlijk	adv(gener)	
A_M3_8_096	zeere	zeer	adv(gener)	
A_M3_8_097	ende	en	conj(coord)	
A_M3_8_097	ieghen	jegen	adp()	
A_M3_8_097	al	al	pron(indef)	
A_M3_8_097	verscheet	verscheid	n(sing)	
A_M3_8_098	buten	buiten	adv(gener)	
A_M3_8_098	alse	als	conj(subord)	
A_M3_8_098	die	die	pron(dem)	
A_M3_8_098	met	met	adp()	
A_M3_8_098	sire	zijn	pron(poss)	
A_M3_8_098	weere	weer	n(sing)	
A_M3_8_099	sijn	zijn	pron(poss)	
A_M3_8_099	werc	werk	n(sing)	
A_M3_8_099	vervult	vervullen	v(fin,lex,pres)	
A_M3_8_099	dat	dat	conj(subord)	
A_M3_8_099	hem	hij	pron(pers,3,sing)	
A_M3_8_099	en	ne	adv(neg)	
A_M3_8_099	dere	deren	v(fin,pres,lex)	
A_M3_8_100	ne+gheene	negeen	pron(indef)	
A_M3_8_100	dinc	ding	n(sing)	
A_M3_8_100	cout	koud	adj()	
A_M3_8_100	no	noch	conj(coord)	
A_M3_8_100	heet	heet	adj()	
A_M3_8_101	binnen	binnen	adv(gener)	
A_M3_8_101	alse	als	conj(subord)	
A_M3_8_101	die	die	pron(dem)	
A_M3_8_101	met	met	adp()	
A_M3_8_101	sire	zijn	pron(poss)	
A_M3_8_101	leere	leer	n(sing)	
A_M3_8_102	sijn	zijn	pron(poss)	
A_M3_8_102	werc	werk	n(sing)	
A_M3_8_102	vervult	vervullen	v(fin,pres,lex)	
A_M3_8_102	met	met	adp()	
A_M3_8_102	selker	zulk	pron(dem)	
A_M3_8_102	eere	eer	n(sing)	
A_M3_8_103	dat	dat+het	pron(rel)+pron(pers,3,sing)	
A_M3_8_103	eewelike	eeuwelijk	adv(gener)	
A_M3_8_103	steet	staan	v(fin,pres,lex)	
A_M3_8_104	wient	wie+het	pron(indef)+pron(pers,3,sing)	
A_M3_8_104	lief	lief	adj()	
A_M3_8_104	si	zijn	v(fin,pres,aux_cop)	
A_M3_8_104	oft	of	conj(coord)	
A_M3_8_104	leet	leed	adj()	
A_M3_9_105	bouen	boven	adv(gener)	
A_M3_9_105	al	al	num(indef)	
A_M3_9_105	es	zijn	v(fin,pres,aux_cop)	
A_M3_9_105	god	god	n(sing)	
A_M3_9_105	ghedraghen	gedragen	v(participle,past)	
A_M3_9_106	nv	nu	adv(dem)	
