M1_1_001_A	vvaphene 	martin 	hoe 	salt 	gaen
M1_1_001_B	waphene 	martin 	hoe 	salt 	gaen
M1_1_001_C	uuapene 	martijn 	hoe 	zalt 	gaen
M1_1_001_D	wapen 	martijn 	hoe 	salt 	gaen
M1_1_001_F	wapene 	merten 	hoe 	saelt 	gaen
M1_1_001_G	wapen 	merten 	hoe 	saelt 	gaen
M1_1_001_L	waphene 	merten 	hoe 	saelt 	gaen
M1_1_001_O	waphene 	martin 	hoe 	salt 	gaen
M1_1_001_Y	waphene 	martijn 	hoe 	saelt 	gaen

M1_1_002_A	sal 	die 	weerelt 	hiet 	langhe 	staen
M1_1_002_B	sal 	de 	werelt 	yet 	lang 	staen
M1_1_002_C	zal 	dese 	werelt 	iet 	langhe 	staen
M1_1_002_D	sal 	dese 	werelt 		lange 	staen
M1_1_002_F	sal 	dese 	werelt 	yet 	lange 	staen
M1_1_002_G	sal 	dese 	werelt 		lange 	staen
M1_1_002_L	sal 	dese 	werelt 		lange 	staen
M1_1_002_O	sal 	dese 	weerelt 	yet 	langhe 	staen
M1_1_002_Y	sal 	dese 	weerelt 		langhe 	staen

M1_1_003_A	in 	dus 	crancken 	loue
M1_1_003_B	in 	dus 	crancken 	loue
M1_1_003_C	in 	dus 	cranken 	loue
M1_1_003_D	in 	desen 	crancken 	gheloue
M1_1_003_F	in 	dus 	crancken 	geloue
M1_1_003_G	jn 	d 	crancken 	loue
M1_1_003_L	in 	dus 	crancken 	loeue
M1_1_003_O	in 	dus 	cranken 	loue
M1_1_003_Y	in 	dus 	crancken 	loue

M1_1_004_A	so 	moet 		vrouwe 	vereere 		saen
M1_1_004_B	so 	moet 	mijn 	vrauwe 		ere 	zaen
M1_1_004_C	so 	zal 	mijn 	vrouwe 		eere 	zaen
M1_1_004_D	soe 	moet 	mijn 	vrouwe 	eer 		saen
M1_1_004_F	soe 	sal 	mijn 	vrouwe 	van 	eeren 	saen
M1_1_004_G	soe 	sal 	mijn 	vrouwen 	vereere 		saen
M1_1_004_L	soe 	sal 	mijn 	vrouwe 		veren 	saen
M1_1_004_O	so 	zal 	mijn 	vrauwe 		eere 	zaen
M1_1_004_Y	soe 	moet 	mijn 	vrouwe 		eere 	saen

M1_1_005_A	sonder 	twifel 	ende 	waen
M1_1_005_B	sonder 	twiuel 	ende 	waen
M1_1_005_C	zonder 	twiuel 	ende 	waen
M1_1_005_D	sonder 	twiuel 	ende 	waen
M1_1_005_F	sonder 	twiuel 	ende 	waen
M1_1_005_G	sonder 	twiuel 	ende 	waen
M1_1_005_L	sonder 	twiuel 	ende 	waen
M1_1_005_O	sonder 	twifel 	ende 	waen
M1_1_005_Y	sonder 	twiuel 	ende 	waen

M1_1_006_A	rumen 		heeren 	houe
M1_1_006_B	rumen 		heren 	houe
M1_1_006_C	rumen 		heren 	houe
M1_1_006_D	rumen 	der 	heren 	houe
M1_1_006_F	rumen 	der 	heeren 	houe
M1_1_006_G	rumen 		heren 	houe
M1_1_006_L	rumen 	der 	heren 	houe
M1_1_006_O	rumen 	der 	heeren 	houe
M1_1_006_Y	rumen 	der 	heeren 	houe

M1_1_007_A	ic 	zie 	den 	valschen 	wel 	ontfaen
M1_1_007_B	ic 	sie 	die 	valsche 	wel 	ontfaen
M1_1_007_C	ic 	zie 	den 	valschen 	wel 	ontfaen
M1_1_007_D	ick 	sie 	den 	scalcken 	wel 	ontfaen
M1_1_007_F	ic 	zie 	den 	scalken 	wel 	ontfaen
M1_1_007_G	jc 	sie 	den 	scalken 	wel 	ontfaen
M1_1_007_L	ic 	sie 	den 	scalcken 	wel 	ontfaen
M1_1_007_O	ic 	sie 	den 	scalke 	wel 	ontfaen
M1_1_007_Y	ic 	sie 	den 	scalcken 	wel 	ontfaen

M1_1_008_A		die 	de 	heeren 	conen 	dwaen
M1_1_008_B		die 	de 	heren 	connen 	doerstaen
M1_1_008_C		die 	de 	heren 	connen 	dwaen
M1_1_008_D	die 	die 		heren 	connen 	dwaen
M1_1_008_F		die 	de 	heeren 	connen 	dwaen
M1_1_008_G		die 	de 	heren 	connen 	dwaen
M1_1_008_L		die 	de 	heren 	connen 	dwaen
M1_1_008_O		die 	de 	heeren 	connen 	dwaen
M1_1_008_Y		die 	de 	heeren 	connen 	dwaen

M1_1_009_A	ende 	plucken 	vanden 		stoue
M1_1_009_B	ende 	plocken 	vanden 		stoue
M1_1_009_C	ende 	plucken 	van 	den 	stoue
M1_1_009_D	ende 	plucken 	vanden 		stoue
M1_1_009_F	ende 	plucken 	vanden 		stoue
M1_1_009_G	ende 	plucken 	van 	den 	stoue
M1_1_009_L	ende 	plucken 	vanden 		stoeue
M1_1_009_O	ende 	plocken 	van 	den 	stoue
M1_1_009_Y	ende 	plucken 	vanden 		stoue

M1_1_010_A	ende 	ic 	zie 	den 	rechten 	slaen
M1_1_010_B	ende 	ic 	sie 	den 	rechten 	slaen
M1_1_010_C	ende 	ic 	zie 	den 	rechten 	slaen
M1_1_010_D		ick 	sie 	den 	gherechten 	slaen
M1_1_010_F		ic 	zye 	den 	gherechten 	slaen
M1_1_010_G	ende 	ic 	sie 	den 	rechten 	slaen
M1_1_010_L		ic 	sie 	den 	gherechten 	slaen
M1_1_010_O		ic 	zie 	die 	gherechte 	slaen
M1_1_010_Y		ic 	sie 	den 	gerechten 	slaen

M1_1_011_A	beede 	bespotten 	ende 	beuaen
M1_1_011_B	bede 	bespotten 	ende 	vaen
M1_1_011_C	beide 	bescatten 	ende 	vaen
M1_1_011_D	beyde 	scatten 	ende 	vaen
M1_1_011_F	beyde 	bescatten 	ende 	vaen
M1_1_011_G	beide 	bespotten 	ende 	vaen
M1_1_011_L	beide 	bespotten 	ende 	vaen
M1_1_011_O	bede 	bescatten 	ende 	vaen
M1_1_011_Y	beide 	bescatten 	en 	vlaen

M1_1_012_A	alse 	die 	meese 	in 	de 	cloue
M1_1_012_B	als 	die 	meze 	in 	de 	cloue
M1_1_012_C	alse 	die 	mese 	in 	die 	cloue
M1_1_012_D	als 	die 	meese 	inden 		cloue
M1_1_012_F	alse 	die 	meese 	in 	die 	cloue
M1_1_012_G	alse 	die 	meese 	in 	die 	cloue
M1_1_012_L	alse 	die 	meese 	inde 		cloeue
M1_1_012_O	alse 	die 	meese 	in 	de 	cloue
M1_1_012_Y	alse 	die 	meese 	in 	die 	cloue

M1_1_013_A	rechts 	offene 		god 	verscroue
M1_1_013_B	recht 	offen 		god 	verscoue
M1_1_013_C	recht 	of 	hen 	god 	verscroue
M1_1_013_D	recht 	of 	hem 	god 	verscoue
M1_1_013_F	recht 	often 		god 	verscroue
M1_1_013_G	rechte 	ochtene 		god 	verscroue
M1_1_013_L	recht 	oftene 		god 	verscroeue
M1_1_013_O	recht 	oftene 		god 	verscoue
M1_1_013_Y	recht 	often 		god 	verscroue

M1_2_014_A	hoe 	langhe 	sal 	ghedoghen 		dit
M1_2_014_B	hoe 	lang 	sal 	hi 	doghen 	dit
M1_2_014_C	hoe 	langhe 	zal 	ghedoghen 		dit
M1_2_014_D	hoe 	langhe 	sal 	ghedoghen 		dit
M1_2_014_F	hoe 	langhe 	sal 	gedogen 		dit
M1_2_014_G	hoe 	lange 	sal 	gedoegen 		dit
M1_2_014_L	hoe 	lange 	sal 	gedoegen 		dit
M1_2_014_O	hoe 	langhe 	zal 	ghedoghen 		dit
M1_2_014_Y	hoe 	lange 	sal 	gedogen 		dit

M1_2_015_A	god 	die 	alle 	dinc 	besit
M1_2_015_B	god 	die 	alle 	dinc 	besit
M1_2_015_C	god 	die 	alle 	dinc 	besit
M1_2_015_D	god 	die 	alle 	dinck 	besit
M1_2_015_F	god 	die 	alle 	dinc 	besit
M1_2_015_G	god 	die 	alle 	dinc 	besit
M1_2_015_L	god 	die 	alle 	dinc 	besit
M1_2_015_O	god 	die 	alle 	dijnc 	besit
M1_2_015_Y	god 	die 	alle 	dinc 	besit

M1_2_016_A	in 	sine 	heerscapie
M1_2_016_B	in 	sijn 	heerscepie
M1_2_016_C	in 	zijnre 	heerscappie
M1_2_016_D	in 	sine 	heerscapie
M1_2_016_F	in 	ziine 	heerscappie
M1_2_016_G	jn 	sine 	heerscapie
M1_2_016_L	in 	sine 	herscapie
M1_2_016_O	in 	sine 	heerscapie
M1_2_016_Y	in 	sijn 	heerscaepie

M1_2_017_A	dat 	die 	goede 	vleeuwet 	ende 	bit
M1_2_017_B	dat 	die 	guede 	fleut 	ende 	bidt
M1_2_017_C	dat 	die 	goede 	vleet 	ende 	bidt
M1_2_017_D	dat 	die 	goede 	smeect 	of 	bidt
M1_2_017_F	dattie 		goede 	vleeut 	ende 	bid
M1_2_017_G	dat 	die 	goede 	vleet 	ende 	bit
M1_2_017_L	dattie 		goede 	vleyt 	ende 	bidt
M1_2_017_O	wat 	die 	goede 	vleeut 	ende 	bidt
M1_2_017_Y	dattie 		goede 	vleyt 	ende 	bit

M1_2_018_A	ende 	hem 	ne 	doech 	no 	dat 	no 	dit
M1_2_018_B	ende 	hem 		dooch 		dat 	noch 	dit
M1_2_018_C	ende 	hem 	en 	doech 	noch 	dat 	noch 	dit
M1_2_018_D		hem 	en 	doech 		dat 	noch 	dit
M1_2_018_F		hem 	en 	doech 		dat 	no 	dit
M1_2_018_G	ende 	hem 	en 	doech 	no 	dat 	no 	dit
M1_2_018_L		hem 	en 	doech 		dat 	no 	dit
M1_2_018_O		hem 	en 	doech 	no 	dat 	no 	dit
M1_2_018_Y		hem 	en 	doech 		dat 	no 	dit

M1_2_019_A		dat 	hi 	hiet 	ghedie
M1_2_019_B		dat 	hi 	yet 	ghedie
M1_2_019_C	zoe 	dat 	hi 	iet 	ghedie
M1_2_019_D		dattet 		yet 	ghedije
M1_2_019_F		datti 		ye 	ghedye
M1_2_019_G		dat 	hi 	yet 	gedye
M1_2_019_L		dat 	hi 	yet 	ghedie
M1_2_019_O		dat 	hij 	hier 	ghedie
M1_2_019_Y	van 	datti 		yet 	gedye

M1_2_020_A	al 	varet 		inden 	helschen 	pit
M1_2_020_B	al 	wairtet 		inden 	helschen 	pit
M1_2_020_C	al 	gaet 	in 	den 	helschen 	pit
M1_2_020_D	het 	gaet 	al 	inden 	helschen 	pit
M1_2_020_F	al 	gaet 		inden 	helschen 	pit
M1_2_020_G	al 	varet 	in 	den 	helschen 	pit
M1_2_020_L	al 	gaet 	in 	den 	helschen 	pit
M1_2_020_O	al 	gaet 	in 	den 	helschen 	pit
M1_2_020_Y	al 	varet 		inden 	helschen 	pit

M1_2_021_A	eist 				blaeu 	graeu 	zwart 	of 	wit
M1_2_021_B	eist 	graeu 			blaeu 		zwart 	off 	wit
M1_2_021_C	eest 	blau 	eest 	grau 	eest 	swart 		eest 	wit
M1_2_021_D	eest 	graeu 			blaeu 	swert 		of 	wit
M1_2_021_F			eest 	grau 	blau 	zwert 		oft 	wit
M1_2_021_G	eest 	graeu 	eest 		blaeu 	swert 		oft 	wit
M1_2_021_L	eest 	blau 		grau 		swert 		oft 	wit
M1_2_021_O	eist 			grau 	blaeu 		zwart 	of 	wit
M1_2_021_Y			eest 	grau 	blau 	swart 		oft 	wit

M1_2_022_A	hets 		ghetrouwe 	als 	eene 	zie
M1_2_022_B		tes 	ghetrauwe 	als 	die 	zie
M1_2_022_C	hets 		ghetrouwe 	als 	die 	zye
M1_2_022_D	het 	es 	ghetrouwe 	als 	die 	zye
M1_2_022_F	hets 		ghetrouwe 	als 	die 	zie
M1_2_022_G	hets 		getrouwe 	als 	die 	sie
M1_2_022_L	hets 		ghetrouwe 	als 	die 	sie
M1_2_022_O	het 	es 	ghetrauwe 	als 	die 	zie
M1_2_022_Y	hets 		getrouwe 	als 	die 	zide

M1_2_023_A	recht 			man 	deluet 	sonder 	spit
M1_2_023_B	recht 	als 	een 	man 	deluet 	sonder 	spit
M1_2_023_C	recht 			man 	deluet 	onderspit	
M1_2_023_D	recht 			man 	deluet 	sonder 	spit
M1_2_023_F	recht 			man 	deluet 	sonder 	spit
M1_2_023_G	die 		rechte 	man 	graeft 	sonder 	spit
M1_2_023_L	recht 			man 	deluet 	sonder 	spit
M1_2_023_O	recht 			man 	deluet 	zonder 	spit
M1_2_023_Y	recht 			man 	deluet 	sonder 	spit

M1_2_024_A	hine 		heuet 	te 	pointe 	niet 	ghehit
M1_2_024_B	hien 		heeft 	te 	punte 	niet 	ghehit
M1_2_024_C	hine 		heeft 		tepointe 	diet 	ghehit
M1_2_024_D	hi 	en 	heeftet 	te 	punte 	niet 	ghehit
M1_2_024_F	hine 		heeft 	te 	poynte 	niet 	gehit
M1_2_024_G	hine 		heeft 	te 	poente 	niet 	gehit
M1_2_024_L	hine 		heeft 	te 	poenten 	niet 	gehit
M1_2_024_O	hij 	en 	heeft 	te 	pointe 	niet 	ghehit
M1_2_024_Y	hine 		heeft 		poente 	niet 	gehit

M1_2_025_A	inne 	gheer 	balgye	
M1_2_025_B	inne 		ghene 	talie
M1_2_025_C	in 	enghene 	baelgye	
M1_2_025_D	in 	gheender 	baelgye	
M1_2_025_F	in 	gheene 	baelgye	
M1_2_025_G	jn 	negene 		baelgie
M1_2_025_L	in 	ne 	ghene 	baelgie
M1_2_025_O	in 	ne 	ghene 	baelgie
M1_2_025_Y	in  		baelgye	

M1_2_026_A	mi 	es 	leet 	dat 	ic 	waer 	lye
M1_2_026_B	mi 	es 	leet 	dat 	ic 	wair 	lie
M1_2_026_C	mi 	is 	leet 	dat 	ic 	waer 	lye
M1_2_026_D	mij 	es 	leet 	dat 	ic 	waer 	lye
M1_2_026_F	mi 	es 	leet 	dat 	ic 	waer 	lye
M1_2_026_G	mi 	es 	leet 	dat 	ic 	waer 	lie
M1_2_026_L	mi 	es 	leet 	dat 	ic 	waer 	lie
M1_2_026_O	mij 	es 	leet 	dat 	ic 	waer 	lye
M1_2_026_Y			et 	dat 	ic 	waer 	lye

M1_3_027_A	laet 	ons 	martin 	ouer 	een
M1_3_027_B	laet 	ons 	martijn 	ouer 	een
M1_3_027_C	laet 	ons 	martijn 	over 	een
M1_3_027_D	laet 	ons 	martijn 	ouer 	een
M1_3_027_F	laet 	ons 	merten 	ouer 	een
M1_3_027_G	laet 	ons 	merten 	ouer 	een
M1_3_027_L	laet 	ons 	merten 	ouer 	een
M1_3_027_O	laet 	ons 	martin 	ouer 	een
M1_3_027_Y	laet 	ons 	martijn 	ouer 	een

M1_3_028_A	hier 	af 	spreken 	onder 	ons 	tween
M1_3_028_B	hier 	of 	spreken 	onder 	ons 	tween
M1_3_028_C	hier 	af 	spreken 	onder 	ons 	tween
M1_3_028_D	hier 	af 	spreken 	onder 	ons 	tween
M1_3_028_F	hier 	af 	spreken 	onder 	ons 	tween
M1_3_028_G			spreken 	onder 	ons 	tween
M1_3_028_L	hier 	af 	spreken 	onder 	ons 	tween
M1_3_028_O	te 	gader 	spreken 	onder 	ons 	tween
M1_3_028_Y	hier 	af 	spreken 	onder 	ons 	tween

M1_3_029_A	in 	dit 	dyaloghe
M1_3_029_B	in 	dit 	dyaloghe
M1_3_029_C	in 	dit 	dyaloghe
M1_3_029_D	in 	desen 	dyaloghe
M1_3_029_F	in 	dit 	dyaloge
M1_3_029_G	jn 	dese 	dyaloge
M1_3_029_L	in 	dit 	dyaloeghe
M1_3_029_O	in 	dit 	dyaloghe
M1_3_029_Y	in 	desen 	dyaloghe

M1_3_030_A	wanen 	dat 	eerst 	quam 		die 	ween
M1_3_030_B	wanen 		eerst 	quam 		dese 	ween
M1_3_030_C	wanne 			quam 	ons 	dese 	ween
M1_3_030_D	van 	waen 		quam 	ons 	desen 	ween
M1_3_030_F	wanen 			quam 	ons 	desen 	ween
M1_3_030_G	wanen 	ons 		quam 		dese 	ween
M1_3_030_L	wanen 			quaem 	ons 	desen 	ween
M1_3_030_O	wanen 	ons 		cam 		deese 	ween
M1_3_030_Y	wanen 			quam 	ons 	desen 	ween

M1_3_031_A		die 		wilen 	so 	onwert 	sceen
M1_3_031_B		die 		wilen 	so 	ontwert 	sceen
M1_3_031_C	dat 	die 		wilen 	zo 	onwaert 	sceen
M1_3_031_D		die 	ter 	wijlen 	soe 	onwaert 	scheen
M1_3_031_F		die 		wilen 	so 	onweert 	scheen
M1_3_031_G		die 		wilen 	so 	onwert 	sceen
M1_3_031_L		die 		wilen 	soe 	onwaert 	scheen
M1_3_031_O		die 		wijlen 	so 	onwaert 	scheen
M1_3_031_Y		die 		wilen 	soe 	onwert 	scheen

M1_3_032_A	ende 	nv 	sit 	so 	oghe
M1_3_032_B	ende 	nv 	sit 	so 	hoghe
M1_3_032_C		nu 	zit 	also 	hoghe
M1_3_032_D	ende 	nv 	sit 	soe 	hoghe
M1_3_032_F	ende 	nu 	sit 	dus 	hoghe
M1_3_032_G	ende 	nu 	sit 	so 	hoge
M1_3_032_L	ende 	nv 	sit 	soe 	hoeghe
M1_3_032_O	ende 	nu 	sit 	zo 	hooghe
M1_3_032_Y	ende 	nv 	sit 	soe 	hoeghe

M1_3_033_A	ic 		vraghe 	hu 	ende 	vleen
M1_3_033_B	ic 	sal 	di 	vraghen 	ende 	vleen
M1_3_033_C	ic 	zal 		vraghen 	ende 	vleen
M1_3_033_D	ick 	sal 		vraghen 	ende 	vleen
M1_3_033_F	ic 	sal 		vraghen 	ende 	vleen
M1_3_033_G	jc 	sal 		vragen 	ende 	vleen
M1_3_033_L	ic 	sal 	v 	vraeghen 	ende 	vleen
M1_3_033_O	ic 	zal 		vraghen 	ende 	vleen
M1_3_033_Y	ic 	sal 		vragen 	ende 	vleen

M1_3_034_A		berecht 	mi 	ia 	of 	neen
M1_3_034_B	ende 	antwert 	mi 	ja 	of 	neen
M1_3_034_C	ende 	andworde 	mi 	ja 	of 	neen
M1_3_034_D	antwoert 	mij 	nv 	ia 	oft 	neen
M1_3_034_F	antwoirt 		mi 	ia 	oft 	neen
M1_3_034_G		antwerdt 	mi 	ia 	ofte 	neen
M1_3_034_L	antwoort 		mi 	ia 	ofte 	neen
M1_3_034_O	antwoordt 		my 	ia 	ofte 	neen
M1_3_034_Y		antwert 	nu 	ia 	oft 	neen

M1_3_035_A	van 	dat 	ic 	hu 	betoghe
M1_3_035_B	van 	dat 	ic 	di 	betoghe
M1_3_035_C	van 	dat 	ic 		betoghe
M1_3_035_D	van 	dat 	ic 	di 	betoghe
M1_3_035_F	van 	dat 	ic 	dy 	betoeghe
M1_3_035_G	van 	dat 	ic 	di 	betoege
M1_3_035_L	van 	dat 	ic 	di 	betoeghe
M1_3_035_O	van 	dat 	ic 	dy 	betooghe
M1_3_035_Y	van 	dat 	ic 	di 	betoge

M1_3_036_A	ledichede 	es 		vrome 	ne 	gheen
M1_3_036_B	ledicheit 	es 		vrome 	ne 	gheen
M1_3_036_C	ledicheit 		is 	vroem 	en 	gheen
M1_3_036_D	ledicheyt 	en 	is 	vrome 		gheen
M1_3_036_F	ledicheyt 	es 		vrome 		gheen
M1_3_036_G	ledecheit 	es 		vrome 	negeen	
M1_3_036_L	ledicheit 	es 		vroeme 		gheen
M1_3_036_O	ledicheit 	es 		vrome 	negheen	
M1_3_036_Y	ledicheit 	es 		vrome 		gheen

M1_3_037_A		aerbeit 	vint 	vier 		inden 	steen
M1_3_037_B		arbeit 	vint 	vier 		inden 	steen
M1_3_037_C		arbeit 	vijnt 	vier 	in 	den 	steen
M1_3_037_D	mer 	arbeyt 	vint 	vier 		inden 	steen
M1_3_037_F		arbeyt 	vint 	vier 		inden 	steen
M1_3_037_G	maer 	arbeit 	vint 	vier 	in 	den 	steen
M1_3_037_L		aerbeit 	vint 	vier 	in 	den 	steen
M1_3_037_O		aerbeit 	vint 	vier 	in 	den 	steen
M1_3_037_Y		arbeit 	vint 	vier 		inden 	steen

M1_3_038_A	daer 	bi 	ontsteect 	dat 	droghe
M1_3_038_B	dair 	bi 	ontsteict 	dat 	droghe
M1_3_038_C	waerbi 		ontsteect 	dat 	droghe
M1_3_038_D	daer 	bi 	ontsteect 	dat 	droghe
M1_3_038_F	daer 	bij 	ontsteect 	dat 	droeghe
M1_3_038_G	daer 	bi 	ontstect 	dat 	troege
M1_3_038_L				d 	droeghe
M1_3_038_O	daer 	by 	ontsteect 	dat 	droghe
M1_3_038_Y	daer 	bi 	ontstect 	dat 	droge

M1_3_039_A	nu 	spreect 	ende 	ic 	ghedoghe	
M1_3_039_B	nu 	spreect 	ende 	ic 	ghedoghe	
M1_3_039_C	nu 	sprec 	ende 	ic 	ghedoghe	
M1_3_039_D	nv 	spreect 	ende 	ic 	ghedoghe	
M1_3_039_F	nu 	spreect 	ende 	ict 	ghedoeghe	
M1_3_039_G	nu 	sprect 	ende 	ic 	gedoege 	⸫
M1_3_039_O	nu 	spreect 	ende 	ic 	ghedoghe	
M1_3_039_Y	nv 	sprect 	ende 	ict 	gedoge	

M1_4_040_A	spreken 	jacop 	lieue 	compaen
M1_4_040_B	spreken 	iacop 	lieue 	compaen
M1_4_040_C	spreken 	jacob 	lieue 	compaen
M1_4_040_D	spreket 	iacop 	lieue 	compaen
M1_4_040_F	spreken 	iacob 	lieue 	compaen
M1_4_040_G	spreken 	iacop 	lieue 	compaen
M1_4_040_O	spreken 	iacob 	lieue 	compaen
M1_4_040_Y	spreken 	iacob 	lieue 	compaen

M1_4_041_A	waer 	soudic 		dat 	hebben 	verstaen
M1_4_041_B	wair 	soude 	ic 	dat 	hebben 	verstaen
M1_4_041_C	waer 	zoudict 			hebben 	verstaen
M1_4_041_D	waer 	soude 	ic 	dat 	hebben 	verstaen
M1_4_041_F	waer 	soudic 		dat 	hebben 	verstaen
M1_4_041_G	waer 	soudic 		dit 	hebben 	verstaen
M1_4_041_L	waer 	soudic 	d 			
M1_4_041_O	waer 	zoude 	ic 	dat 	hebben 	uerstaen
M1_4_041_Y	waer 	soudic 		dat 	hebben 	verstaen

M1_4_042_A	dat 	ic 	daer 	toe 	dochte
M1_4_042_B	dat 	ic 	dair 	toe 	dochte
M1_4_042_C	dat 	ic 	daer 	toe 	dochte
M1_4_042_D	dat 	ic 	hier 	toe 	dochte
M1_4_042_F	dat 	ic 	daer 	toe 	dochte
M1_4_042_G	dat 	ic 	daer 	toe 	dochte
M1_4_042_L	dat 	ic 	daer  		
M1_4_042_O	dat 	ic 	daer 	toe 	dochte
M1_4_042_Y	dat 	ic 	daer 	toe 	dochte

M1_4_043_A	te 	verclaerne 	dinen 	waen
M1_4_043_B	te 	verclaren 	dinen 	waen
M1_4_043_C	te 	uerclaren 	dinen 	waen
M1_4_043_D	te 	verclaren 	dijnen 	waen
M1_4_043_F	te 	verclaren 	dinen 	waen
M1_4_043_G	te 	verclaerne 	dinen 	waen
M1_4_043_L	te 	verclaerne		
M1_4_043_O	te 	verclarene 	dijnen 	waen
M1_4_043_Y	te 	verclaren 	dinen 	waen

M1_4_044_A	die 	in 	twifele 	ware 	beuaen
M1_4_044_B	die 	mit 	twiuele 	ware 	beuaen
M1_4_044_C	die 	in 	twiuel 	is 	beuaen
M1_4_044_D	die 	in 	twiuel 	is 	beuaen
M1_4_044_F	die 	in 	twiuele 	es 	beuaen
M1_4_044_G	die 	in 	twiuele 	es 	bevaen
M1_4_044_L	die 	met 	twi 		beu
M1_4_044_O	die 	met 	twifele 	ware 	beuaen
M1_4_044_Y	die 	met 	twiuel 	waer 	beuaen

M1_4_045_A	dats 	dat 	ic 	niet 	en 	vermochte
M1_4_045_B	dats 	dat 	ic 	niet 	en 	vermochte
M1_4_045_C	dats 	dat 	ic 	niene 		vermochte
M1_4_045_D	dats 	dat 	icx 	niet 	en 	vermochte
M1_4_045_F	dats 	dat 	ic 	niet 	en 	vermochte
M1_4_045_G	dats 	dat 	ic 	niet 	en 	vermochte
M1_4_045_L	dats 	dat 	ic 	niet 	en 	verm
M1_4_045_O	dats 	dat 	ic 	niet 	en 	vermochte
M1_4_045_Y	dats 	dat 	ic 	niet 	en 	vermochte

M1_4_046_A	doch 	en 	willic 		niet 	af 	staen
M1_4_046_B	doch 	en 	wille 	ic 	niet 		ontgaen
M1_4_046_C	doch 	en 	wil 	ics 	niet 		ontgaen
M1_4_046_D	doch 	en 	wil 	icx 	niet 		ontgaen
M1_4_046_F	doch 	en 	wilics 		niet 		ontgaen
M1_4_046_G	doch 	en 	willics 		niet 		ontgaen
M1_4_046_L	doch 	en 	willics 		niet 	on	
M1_4_046_O	doch 	en 	wille 	icx 	niet 		ontgaen
M1_4_046_Y	doch 	en 	willicx 		niet 		ontgaen

M1_4_047_A	in 		wille 	dine 	bede 			ontfaen
M1_4_047_B	ic 	en 	wille 	dine 	beide 			ontfaen
M1_4_047_C	in 		wille 	dine 	bede 			ontfaen
M1_4_047_D	ick 	en 	wil 	sine 	bede 	wel 		ontfaen
M1_4_047_F	ic 		wille 	dine 	bede 			ontfaen
M1_4_047_G	jn 		wille 	dine 	bede 			ontfaen
M1_4_047_L	ic 		wille 	dine 	bede 			ontf
M1_4_047_O	ic 		wille 	die 	bede 	van 	di 	ontfaen
M1_4_047_Y	ic 		wille 	dine 	beede 			ontfaen

M1_4_048_A	die 	dit 	ane 	mi 	besochte
M1_4_048_B	die 	dit 	ane 	mi 	besochte
M1_4_048_C	die 	dit 	aen 	mi 	besochte
M1_4_048_D	die 	dit 	aen 	mi 	sochte
M1_4_048_F	die 	dit 	ane 	my 	zochte
M1_4_048_G	die 	dit 	ane 	mi 	versochte
M1_4_048_L	die 	dit 	ane 	mi 	sochte
M1_4_048_O	die 	dit 	ane 	my 	sochte
M1_4_048_Y	die 	dit 	aen 	mi 	sochte

M1_4_049_A	god 	sende 	mi 	den 	hemelschen 	traen
M1_4_049_B	god 	sende 	my 	den 	hemelschen 	traen
M1_4_049_C	god 	zeinde 	mi 	den 	hemelscen 	traen
M1_4_049_D	god 	sendt 	mij 	den 	hemelschen 	traen
M1_4_049_F	god 	seynde 	mi 	den 	hemelscen 	traen
M1_4_049_G	god 	sende 	mi 	den 	hemelschen 	traen
M1_4_049_L	god 	sende 	mi 	den 	hem	
M1_4_049_O	god 	zende 	my 	den 	hemelschen 	traen
M1_4_049_Y	god 	sinde 	mi 	den 	hemelschen 	traen

M1_4_050_A	ende 	moet 	mine 	zinne 	dwaen
M1_4_050_B	ende 	moete 	mine 	zinnen 	dwaen
M1_4_050_C	ende 	moet 	mine 	zinne 	dwaen
M1_4_050_D	ende 	moet 	mine 	sinnen 	dwaen
M1_4_050_F	ende 	moet 	mine 	zinnen 	dwaen
M1_4_050_G	ende 	moet 	minen 	sin 	dwaen
M1_4_050_L	ende 	moet 	minen 	sin 	dwa
M1_4_050_O	ende 	moete 	mine 	zinnen 	dwaen
M1_4_050_Y	ende 	moet 	minen 	sin 	dwaen

M1_4_051_A	want 	hi 	mi 	diere 	cochte
M1_4_051_B	want 	hi 	my 	diere 	cochte
M1_4_051_C	want 	hi 	mi 	diere 	cochte
M1_4_051_D	want 	hi 	my 	diere 	cochte
M1_4_051_F	want 	hij 	mi 	diere 	cochte
M1_4_051_G	want 	hi 	mi 	diere 	cochte
M1_4_051_L	want 	hi 	mi 	diere 	cochte
M1_4_051_O	want 	hi 	mi 	diere 	cochte
M1_4_051_Y	want 	hi 	mi 	diere 	cochte

M1_4_052_A	ende 	ict 	gherne 		vulbrochte
M1_4_052_B	ende 	ict 		gairne 	volbrochte
M1_4_052_C	ende 	ict 	gherne 		volbrochte
M1_4_052_D	ende 	ict 	soe 	gaerne 	volbrochte
M1_4_052_F	ende 	ict 	gheerne 		volbrochte
M1_4_052_G	ende 	ict 	gerne 		volbrochte
M1_4_052_L	ende 	ict 	gherne 		volbroc
M1_4_052_O	ende 	ict 	gheerne 		volbrochte
M1_4_052_Y	ende 	ict 	gherne 		volbrochte

M1_5_053_A	martin 	doe 	die 	weerelt 	began
M1_5_053_B	martijn 	als 	de 	werelt 	began
M1_5_053_C	martijn 	doe 	die 	werelt 	began
M1_5_053_D	martijn 	doe 	die 	werelt 	beghan
M1_5_053_F	merten 	doen 	die 	werelt 	began
M1_5_053_G	merten 	doe 	de 	werelt 	began
M1_5_053_L	merten 	doen 	die 	wer	
M1_5_053_O	martin 	als 	die 	werelt 	began
M1_5_053_Y	martijn 	doen 	de 	werelt 	began

M1_5_054_A	man 	te 	verheffene 	bouen 	man
M1_5_054_B	man 	te 	verheffen 	bouen 	man
M1_5_054_C	man 		teuerheffen 	bouen 	man
M1_5_054_D	man 	te 	verheffen 	bouen 	man
M1_5_054_F	man 	te 	verheffen 	bouen 	man
M1_5_054_G	man 	te 	verheffene 	bouen 	man
M1_5_054_L	man 	te 	verheffen 	b 	
M1_5_054_O	man 	te 	verheffene 	bouen 	man
M1_5_054_Y	man 	te 	verheffen 	bouen 	man

M1_5_055_A	doe 	sciet 	mijn 	vrouwe 	ver 	eere
M1_5_055_B	so 	sciet 	mijn 	vrauwe 		ere
M1_5_055_C	doe 	sciet 	mijn 	vrouwe 	ver 	eere
M1_5_055_D	doen 	schiet 	mijn 	vrouwe 		eere
M1_5_055_F	doen 	schiet 	mijn 	vrouwe 	ver 	eere
M1_5_055_G	so 	sciet 	mijn 	vrouwe 	ver 	eere
M1_5_055_L	doen 	sciet 	mijn 	vrouw		
M1_5_055_O	doe 	verstac 	mijn 	vrauwe 		eere
M1_5_055_Y	doen 	sciet 	mijn 	vrouwe 	ver 	eere

M1_5_056_A	den 	dorper 	ende 	wijsdem 		den 		dan
M1_5_056_B	den 	dorpere 	ende 	wijsdem 		den 		dan
M1_5_056_C	den 	dorper 	ende 	wijsde 	hem 	den 		dan
M1_5_056_D	den 	dorper 		wijsde 	si 	den 		dan
M1_5_056_F	vanden 	dorper 	ende 	wijsde 	hem 	den 		dan
M1_5_056_G	den 	dorpere 		wises 	si 	den 		dan
M1_5_056_L	den 	dorpers 		wijsde 	m			
M1_5_056_O	den 	dorpere 	ende 			den 	wijsen 	dan
M1_5_056_Y	den 	dorper 	ende 	wijstem 		den 		dan

M1_5_057_A	ende 	daer 	trouwe 	ende 	doghet 	was 	an
M1_5_057_B		dair 	trouwe 	ende 	doecht 	was 	an
M1_5_057_C		daer 	trouwe 	ende 	doeghede 	was 	an
M1_5_057_D		daer 	trouwe 	ende 	doecht 	lach 	an
M1_5_057_F	ende 	daer 	trouwe 	ende 	doghet 	was 	an
M1_5_057_G		daer 	trouwe 	ende 	doget 	lach 	an
M1_5_057_L		daer 	trouwe 	ende 	doget 	wa 	
M1_5_057_O		daer 	trauwe 	ende 	duecht 	was 	an
M1_5_057_Y		daer 	trouwe 	ende 	eere 	was 	an

M1_5_058_A	dien 	hiet 	soe 	sijn 	heere
M1_5_058_B	dien 	hiet 	so 	sijn 	here
M1_5_058_C	dien 	hiet 	zi 	zijn 	here
M1_5_058_D	dien 	hiet 	sy 	wesen 	heere
M1_5_058_F	dien 	hiet 	zij 	sijn 	heere
M1_5_058_G	dien 	hiet 	si 	sijn 	here
M1_5_058_L	dien 	hiet 	si 	sijn 	here
M1_5_058_O	dien 	liet 	zij 	zijn 	heere
M1_5_058_Y	dien 	hiet 	se 	wesen 	heere

M1_5_059_A	nu 	maken 	die 	heeren 	een 	ghespan
M1_5_059_B	nu 	maken 	die 	heren 		ghespan
M1_5_059_C	nu 	maken 	die 	heren 	een 	ghespan
M1_5_059_D	nv 	maken 	die 	heeren 	een 	ghespan
M1_5_059_F	nu 	maken 	die 	heeren 	een 	gespan
M1_5_059_G	nu 	maken 	de 	heren 	een 	gespan
M1_5_059_L	nv 	maken 	die 	heren 	i 	g 
M1_5_059_O	nu 	maken 	die 	heeren 	een 	ghespan
M1_5_059_Y	nv 	maken 	die 	heeren 	een 	gespan

M1_5_060_A	ende 	gheuen 	der 	eeren 	eenen 	ban
M1_5_060_B	ende 	gheuen 	der 	eren 	enen 	ban
M1_5_060_C	ende 	gheuen 	der 	eren 	enen 	ban
M1_5_060_D	ende 	gheuen 	der 	eeren 	enen 	ban
M1_5_060_F	ende 	gheuen 	der 	eeren 	eenen 	ban
M1_5_060_G	ende 	geuen 	der 	eeren 	enen 	ban
M1_5_060_L	ende 	gheuen 	der 	eren 	enen 	
M1_5_060_O	ende 	gheuen 	der 	eeren 	eenen 	ban
M1_5_060_Y	ende 	gheuen 	der 	eeren 	enen 	ban

M1_5_061_A	ende 		willen 	niet 	dat 	soe 	keere
M1_5_061_B	ende 	en 	willen 	niet 	dat 	so 	kere
M1_5_061_C	ende 		willen 	niet 	dat 	zi 	kere
M1_5_061_D	ende 	en 	willen 	niet 	dat 	sy 	keere
M1_5_061_F	ende 	en 	willen 	niet 	dat 	zij 	keere
M1_5_061_G	ende 	en 	willen 	niet 	dat 	si 	keere
M1_5_061_L	ende 	en 	willen 	niet 	dat 		
M1_5_061_O	ende 	en 	willen 	niet 	dat 	soe 	keere
M1_5_061_Y	ende 	en 	willen 	niet 	dat 	si 	keere

M1_5_062_A	sech 	mi 	wanen 		tfenijn 	ran
M1_5_062_B	segt 	mi 	waen 	dit 	venijn 	ran
M1_5_062_C	zech 	mi 	wanne 	dit 	venijn 	ran
M1_5_062_D	segt 	mij 	waent 		fenijn 	ran
M1_5_062_F	zeght 	mi 	wanen 	dit 	fenijn 	ran
M1_5_062_G	segt 	mi 	wanen 		tfenijn 	quam
M1_5_062_L	segt 	mi 	wanen 	tfen		
M1_5_062_O	secht 	my 	wanen 	dit 	venijn 	ran
M1_5_062_Y	sech 	mi 	wanen 	dit 	venijn 	ran

M1_5_063_A		toech 	mi 	redene 	daer 	van
M1_5_063_B		toicht 	mi 	redene 	dair 	van
M1_5_063_C	toegh 		mi 	redene 	daer 	van
M1_5_063_D		toecht 	mi 	reden 	daer 	van
M1_5_063_F		toecht 	mi 	redene 	daer 	van
M1_5_063_G		toent 	mi 	redene 	daer 	van
M1_5_063_L	toch 		mi 	redene 	daer	
M1_5_063_O	ende 	toecht 	my 	redene 	daer 	van
M1_5_063_Y		toech 	mi 	redene 	daervan	

M1_5_064_A	want 	ic 	gherne 	leere
M1_5_064_B	want 	ic 	gairne 	lere
M1_5_064_C	want 	ic 	gherne 	lere
M1_5_064_D	want 	ict 	gaerne 	leere
M1_5_064_F	want 	ict 	gheerne 	leere
M1_5_064_G	want 	ic 	gerne 	leere
M1_5_064_L	want 	ic 	gherne 	leere
M1_5_064_O	want 	ic 	gheerne 	leere
M1_5_064_Y	want 	ict 	gherne 	leere

M1_5_065_A	wies 	scult 	dat 	het 	were
M1_5_065_B	wies 	scout 	dattet 		were
M1_5_065_C	wies 	scout 	dat 	dit 	were
M1_5_065_D	wiens 	schult 	dattet 		weere
M1_5_065_F	wies 	scult 	dat 	het 	weere
M1_5_065_G	wies 	scout 	dat 	het 	weere
M1_5_065_L	wies 	scout 	dat 		weere
M1_5_065_O	wiens 	scult 	dat 	dit 	weere
M1_5_065_Y	wies 	scout 		het 	weere

M1_6_066_A	martin 	mi 	dinct 	ouer 	waer
M1_6_066_B	iacop 	my 	dinct 	ouer 	wair
M1_6_066_C	martijn 	mi 	dunct 	ouerwaer	
M1_6_066_D	iacop 	my 	dunct 	ouerwaer	
M1_6_066_F	iacop 	mi 	dunct 	ouerwair	
M1_6_066_G	iacob 	mi 	dunct 	ouerwaer	
M1_6_066_L	iacop 	mi 	dunckt 	ouerw	
M1_6_066_O	iacob 	mi 	dijnct 	ouerwaer	
M1_6_066_Y	iacob 	mi 	dunct 	ouerwaer	

M1_6_067_A	sint 		edelheit 	hadde 	vaer
M1_6_067_B	sint 	dat 	edelheit 	hadde 	vaer
M1_6_067_C	zijnt 	dat 	edelheit 	hadde 	vaer
M1_6_067_D	sunt 	dat 	edelheyt 	hadde 	vaer
M1_6_067_F	sint 	dat 	edelheit 	hadde 	vaer
M1_6_067_G	sent 	dat 	edelheit 	hadde 	vaer
M1_6_067_L	sint 	dat 	edelheit 	had	
M1_6_067_O	sint 	dat 	edelheit 	hadde 	vaer
M1_6_067_Y	sint 	dat 	edelheit 	hadde 	vaer

M1_6_068_A	te 	pijnne 	omme 	die 	eere
M1_6_068_B	te 	pijne 	om 	die 	ere
M1_6_068_C	te 	pinen 	om 	die 	eere
M1_6_068_D	te 	pinen 	om 	die 	eere
M1_6_068_F	te 	pinen 	om 	die 	eere
M1_6_068_G	te 	pinenne 	om 	die 	eere
M1_6_068_L	te 	pinen 	omme 	die 	eere
M1_6_068_O	te 	pinene 	omme 	die 	eere
M1_6_068_Y	te 	pinen 	om 	die 	eere

M1_6_069_A	ende 	soe 	trac 	den 	scalcken 	naer
M1_6_069_B	ende 	so 	trac 	de 	scalke 	naer
M1_6_069_C	ende 	zi 	trecte 	den 	scalken 	naer
M1_6_069_D	ende 	sy 	trac 	den 	scalcken 	naer
M1_6_069_F	ende 	zij 	trac 	den 	scalken 	naer
M1_6_069_G	ende 	si 	trac 	die 	scalke 	naer
M1_6_069_L	ende 	si 	trac 	den 	scalcken 	
M1_6_069_O	ende 	zij 	trac 	die 	scalke 	naer
M1_6_069_Y	ende 	so 	trac 	den 	scalke 	nare

M1_6_070_A	die 	raden 	nv 	hier 	nv 	daer
M1_6_070_B	die 	raden 	nv 	hier 	nv 	dair
M1_6_070_C	die 	raden 	nu 	hier 	nu 	daer
M1_6_070_D	die 	raden 	nv 	hier 	nv 	daer
M1_6_070_F	die 	raden 	nu 	hier 	nv 	daer
M1_6_070_G	die 	raden 	nu 	hier 	nu 	daer
M1_6_070_L	die 	raeden 	nv 	hier 	nv 	
M1_6_070_O	die 	raden 	nu 	hier 	nu 	daer
M1_6_070_Y	 	rade 	nv 	hier		

M1_6_071_A	ende 	niet 		scelden 	den 	heere
M1_6_071_B	ende 	niet 		scelden 	den 	here
M1_6_071_C	ende 	niet 		scelden 	den 	here
M1_6_071_D	ende 	niet 	in 	schelden 	den 	heere
M1_6_071_F	ende 	niet 	en 	scelden 	den 	heere
M1_6_071_G	ende 	niet 	en 	scelt 	den 	here
M1_6_071_L	ende 	niet 		scelden 	den 	h
M1_6_071_O	ende 	niet 	en 	scelden 	den 	heere
M1_6_071_Y	ende 	niet 	en 	scelden 	den 	heere

M1_6_072_A	so 	es 	edelheit 		worden 		zwaer
M1_6_072_B	so 	es 	edelheit 		worden 	so 	zwair
M1_6_072_C	zo 	is 	edelheit 		worden 	zo 	swaer
M1_6_072_D	soe 	is 	edelheyt 		worden 	soe 	swaer
M1_6_072_F	so 	es 	del 	herte 	worden 	zo 	zwair
M1_6_072_G	so 	es 	edelheit 		worden 	so 	swaer
M1_6_072_L	soe 	es 	edelheit 		woorden 		
M1_6_072_O	so 	es 	edelheit 		worden 	zo 	zwaer
M1_6_072_Y	soe 	es 	edelheit 		worden 		swaer

M1_6_073_A	dat 	soe 	te 	clemmene 	heeft 	ommaer
M1_6_073_B	dat 	so 		tclemmen 	heeft 	ommaer
M1_6_073_C	dat 	zi 		teclimmene 	heeft 	ommaer
M1_6_073_D	dat 	sy 	te 	climmen 	heeft 	onmaer
M1_6_073_F	dat 	sij 	te 	clymmen 	heeft 	ommaer
M1_6_073_G	dat 	si 	te 	clemmene 	heeft 	ommaer
M1_6_073_L	dat 	si 	te 	clemmen 	heeft 	
M1_6_073_O	dat 	zoe 	te 	clemmene 	heeft 	onmaer
M1_6_073_Y	dat 	si  		clemmen 	heeft 	ommaer

M1_6_074_A	ende 	sinct 	in 	lanc 	so 	meere
M1_6_074_B	ende 	daelt 	so 	lanc 	so 	mere
M1_6_074_C	ende 	daelt 	je 	lanc 	zo 	mere
M1_6_074_D	ende 	daelt 	soe 	lanck 	soe 	meere
M1_6_074_F	ende 	daelt 	int 	lanc 	zo 	meer
M1_6_074_G	ende 	daelt 	so 	lanc 	so 	meere
M1_6_074_L	ende 	daelt 	in 	lanc 	soe 	me
M1_6_074_O	ende 	danct 	zo 	lanc 	zo 	meere
M1_6_074_Y	ende 	daelt 	int 	lanc  		meere

M1_6_075_A	dits 	nv 		alder 	weerelt 	claer
M1_6_075_B	dats 	nv 	al 	ter 	werelt 	claer
M1_6_075_C	dats 	nu 		alder 	werelt 	claer
M1_6_075_D		nv 	ist 	alder 	werelt 	claer
M1_6_075_F	dits 	nu 		alder 	werelt 	claer
M1_6_075_G	dats 		mi 	alder 	werelt 	claer
M1_6_075_L	dits 	nv 		alder 	werelt 	cl
M1_6_075_O	dits 	nu 		alder 	werelt 	claer
M1_6_075_Y	dats 	nv 		alder 	werelt 	claer

M1_6_076_A	ende 	oghe 	sien 	ende 	openbaer
M1_6_076_B	ende 	oic 	zietment 		openbair
M1_6_076_C	ende 		oeghscijn 	al 	openbaer
M1_6_076_D	ende 	oeck 	soe 	sietment 	openbaer
M1_6_076_F	ende 	oic 	zietment 	wel 	openbaer
M1_6_076_G	ende 		oechsiens 	al 	oppenbaer
M1_6_076_L	ende 	ogen 	siens 		openba
M1_6_076_O	ende 	den 	ghesinden 		openbaer
M1_6_076_Y	ende 		siene 		openbaer

M1_6_077_A		dus 	es 	verbannen 		eere
M1_6_077_B		dus 	es 	verbannen 	die 	ere
M1_6_077_C		dus 	is 	verbanden 		eere
M1_6_077_D		dus 	is 	verbannen 		eere
M1_6_077_F		dus 	es 	verbannen 		eere
M1_6_077_G		dus 	es 	verbannen 		eere
M1_6_077_L		dus 	es 	verbannen 		eere
M1_6_077_O		dus 	es 	verbannen 		eere
M1_6_077_Y	dat 	dus 	es 	verbannen 		eere

M1_6_078_A	ende 	weder 	staen 	ten 	keere
M1_6_078_B	ende 	wederstaen 		ten 	kere
M1_6_078_C	ende 	wederstaen 		ten 	kere
M1_6_078_D	ende 	wederstaen 		ten 	keere
M1_6_078_F	ende 	wederstaen 		ten 	keere
M1_6_078_G	ende 	wederstaen 		ten 	keere
M1_6_078_L	ende 	weder 	staen 	ten 	kere
M1_6_078_O	ende 	wederstaen 		ten 	keere
M1_6_078_Y	ende 	weder 	staen 	ten 	keere

M1_7_079_A	nv 	merct 	bider 		sonnen 	lech
M1_7_079_B	nv 	merc 	bider 		sonnen 	lecht
M1_7_079_C	nu 	merct 	bi 	der 	zonnen 	lecht
M1_7_079_D	nv 	mercket 	byder 		sonnen 	lecht
M1_7_079_F	nu 	merct 	bider 		zonnen 	licht
M1_7_079_G	nv 	merct 	bi 	der 	sonnen 	lecht
M1_7_079_L	nv 	merct 	bider 		sonnen 	
M1_7_079_O		merket 	bi 	der 	sonnen 	lecht
M1_7_079_Y	nv 	merct 	bider 		sonnen 	lecht

M1_7_080_A	die 		alder 	weerelt 	oghen 	berecht
M1_7_080_B	dat 	al 	der 	werelt 	oghen 	berecht
M1_7_080_C	dat 		alder 	werelt 	oghen 	berecht
M1_7_080_D	dat 		alder 	werelt 	oghe 	berecht
M1_7_080_F	dat 		alder 	werelt 	oge 	bericht
M1_7_080_G	die 		alder 	werelt 	oegen 	berecht
M1_7_080_L	die 		alder 	werelt 	oe	
M1_7_080_O	dat 		alder 	weerelt 	oghen 	berecht
M1_7_080_Y	dat 		alder 	werelt 	ogen 	berecht

M1_7_081_A	bi 	sire 		naturen
M1_7_081_B	bi 	sire 	edelre 	naturen
M1_7_081_C	bi 	ziere 	edelre 	naturen
M1_7_081_D	by 	haer 	edelre 	natuere
M1_7_081_F	bij 	hare 	edelre 	natuere
M1_7_081_G	bi 	siere 	edelre 	naturen
M1_7_081_L	bi 	hare 	edele 	natuere
M1_7_081_O	by 	zijnre 	edelre 	natuere
M1_7_081_Y	bi 	hare 	edelre 	naturen

M1_7_082_A	alse 	dat 	zwerc 	daer 	ieghen 	vecht
M1_7_082_B	als 	dat 	zwerc 	dair 	ieghen 	vecht
M1_7_082_C	als 	dat 	swerc 	daer 	jeghen 	uecht
M1_7_082_D	als 	dat 	volc 	daer 	tseghen 	vecht
M1_7_082_F	als 	dat 	zwerc 	dair 	iegen 	vecht
M1_7_082_G	alse 	dat 	swerc 	daer 	iegen 	vecht
M1_7_082_L	als 	dat 	swerc 	daer 	ieg	
M1_7_082_O	als 	dat 	zwerc 	daer 	ieghen 	vecht
M1_7_082_Y	als 	dat 	swerc 	daer 	yegen 	vecht

M1_7_083_A	entie 		neuel 	met 	zire 	drecht
M1_7_083_B	ende 	die 	neuel 	mit 	sire 	drecht
M1_7_083_C	ende 	die 	neuel 	met 	zire 	drecht
M1_7_083_D	ende 	die 	neuel 	met 	sijnre 	drecht
M1_7_083_F	entie 		neuel 	met 	sire 	drecht
M1_7_083_G	ende 	die 	neuel 	met 	siere 	dreft
M1_7_083_L	entie 		neuel 	met 	siere 	dr
M1_7_083_O	ende 	die 	neuel 	met 	zier 	drecht
M1_7_083_Y	entie 		neuel 	met 	sijnre 	drecht

M1_7_084_A	sone 		can 	so 		tier 	vren
M1_7_084_B	so 	en 	can 	so 		tier 	vren
M1_7_084_C	zo 	en 	can 	zi 		tier 	vren
M1_7_084_D	soe 	en 	can 	sy 	te 	dier 	vren
M1_7_084_F	sone 		can 	sij 	te 	diere 	vren
M1_7_084_G	so 	en 	can 	si 	te 	diere 	vren
M1_7_084_L	sone 		can 	so 		tier 	vren
M1_7_084_O	so 	en 	can 	zi 	te 	dier 	vren
M1_7_084_Y	sone 		can 	si 	te 	diere 	vren

M1_7_085_A	niet 	ghetoghen 	haer 	scone 	lecht
M1_7_085_B	niet 	toghen 	hairre 	scoonheit 	echt
M1_7_085_C	niet 	ghetonen 	haer 	sconeit 	echt
M1_7_085_D	niet 	ghetoghen 	haer 	scoenheit 	echt
M1_7_085_F	niet 	ghetonen 	haer 	scone 	lecht
M1_7_085_G	niet 	getoegen 	haer 	scoenheit 	echt
M1_7_085_O	niet 	ghetoghen 	haer 	scone 	lecht
M1_7_085_Y	niet 	getoghen 	haer 	scoenheit 	echt

M1_7_086_A	aldus 	verdonckert 	die 	scalcke 	knecht
M1_7_086_B	aldus 	verdonckert 	die 	scalcke 	knecht
M1_7_086_C	aldus 	verdonkert 	die 	scalke 	knecht
M1_7_086_D	dus 	verdonckert 	die 	scalke 	knecht
M1_7_086_F	dus 	verdonckert 	die 	scalke 	knecht
M1_7_086_G	dus 	verdonkert 	die 	scalke 	cnecht
M1_7_086_L	 	rt 	die 	scalke 	knecht
M1_7_086_O	dus 	verdonkert 	die 	scalke 	knecht
M1_7_086_Y	aldus 	verdonckert 	die 	scalke 	knecht

M1_7_087_A		edele 	creaturen
M1_7_087_B	die 	edele 	creaturen
M1_7_087_C	die 	edele 	creaturen
M1_7_087_D	die 	edele 	creatuere
M1_7_087_F	die 	edele 	creatueren
M1_7_087_G	die 	edele 	creaturen
M1_7_087_L		 	ren
M1_7_087_O	die 	edele 	creaturen
M1_7_087_Y	die 	edele 	creaturen

M1_7_088_A	alse 	hi 	hem 	daer 	ane 	echt
M1_7_088_B	als 	hi 	hem 	dair 	ane 	hecht
M1_7_088_C	alse 	hi 	hem 	daer 	ane 	hecht
M1_7_088_D	als 	hy 	hem 	daer 	aen 	hecht
M1_7_088_F	als 	hij 	hem 	daer 	ane 	hecht
M1_7_088_G	alse 	hi 	hem 	daer 	ane 	hecht
M1_7_088_L	 				ane 	hecht
M1_7_088_O	als 	hi 	hem 	daer 	ane 	hecht
M1_7_088_Y	alsi 		hem 	daer 	ane 	hecht

M1_7_089_A	ende 	hare 	die 	edelheit 	verplecht
M1_7_089_B	ende 	hare 	ydelheyt 		verplecht
M1_7_089_C	ende 	haer 		edelheit 	verplecht
M1_7_089_D	ende 	haer 	edelheyt 		verplecht
M1_7_089_F	ende 	haer 	edelheyt 		verplecht
M1_7_089_G	ende 	hare 		edelheit 	verplecht
M1_7_089_L				lheit 	verplecht
M1_7_089_O	ende 	haer 		edelheit 	verplecht
M1_7_089_Y	ende 	haer 		edelheit 	verplecht

M1_7_090_A	dat 	soe 	laet 	ghedueren
M1_7_090_B	dat 	so 	laet 	ghedueren
M1_7_090_C	dat 	zi 	laet 	gheduren
M1_7_090_D	dat 	sy 	laet 	ghedueren
M1_7_090_F	dat 	zij 	laet 	ghedueren
M1_7_090_G	dat 	si 	laet 	gedueren
M1_7_090_L		 	et 	ghedueren
M1_7_090_O	dat 	zij 	laet 	ghedueren
M1_7_090_Y	dat 	si 	laet 	ghedueren

M1_7_091_A	bi 	hare 	den 	scalcken 	sueren
M1_7_091_B	by 	hare 	die 	scalcke 	zuren
M1_7_091_C	bi 	haer 	die 	scalke 	zuren
M1_7_091_D	by 	haer 	den 	scalcken 	sueren
M1_7_091_F	bij 	haer 	den 	scalken 	sueren
M1_7_091_G	bi 	hare 	den 	scalken 	sueren
M1_7_091_L		 	den 	scalke 	sueren
M1_7_091_O	by 	haer 	den 	scalken 	sueren
M1_7_091_Y	by 	haer 	den 	scalken 	sueren

M1_8_092_A	sint 		scalcke 	droeghen 	ouer 	een
M1_8_092_B	sint 		scalken 	droughen 	ouer 	een
M1_8_092_C	zint 	dat 	scalke 	droeghen 	ouereen	
M1_8_092_D	sunt 	die 	scalken 	droegen 	ouer 	een
M1_8_092_F	sint 	dat 	scalke 	droegen 	ouer 	een
M1_8_092_G	sint 	dat 	scalke 	droegen 	ouereen	
M1_8_092_L	nt 		scalke 	droeghen 	ouereen	
M1_8_092_O	siden 		scalke 	droughen 	ouer 	een
M1_8_092_Y	sint 	dat 	scalke 	droeghen 	ouereen	

M1_8_093_A	dat 	neen 	wart 	ja 	ende 	ia 		neen
M1_8_093_B	dat 	neen 	was 	ja 	ende 	ja 		neen
M1_8_093_C	dat 	neen 	was 	ja 	ende 	ja 	was 	neen
M1_8_093_D	ende 	neen 	was 	ia 	ende 	ia 	was 	neen
M1_8_093_F	dat 	neen 	wert 	ia 	ende 	ia 		neen
M1_8_093_G	dat 	neen 	was 	ia 	ende 	ia 	was 	neen
M1_8_093_L		een  			ende 	ia 		neen
M1_8_093_O	dat 	neen 	was 	ja 	ende 	ia 		neen
M1_8_093_Y	dat 	neen 	was 			ia 		neen

M1_8_094_A	ende 	hem 	dat 	wijsheit 	dochte
M1_8_094_B	ende 	hem 	dat 	wijsheit 	dochte
M1_8_094_C	ende 	hem 	dat 	wijsheit 	dochte
M1_8_094_D	ende 	hem 	dat 	wijsheyt 	dochte
M1_8_094_F	ende 	hem 	dat 	wijsheyt 	dochte
M1_8_094_G	ende 	hen 	dat 	wijsheit 	dochte
M1_8_094_L	 		dat 	wijsheit 	dochte
M1_8_094_O	ende 	hem 	dat 	wijsheit 	dochte
M1_8_094_Y	ende 	hem 	dat 	wijsheit 	dochte

M1_8_095_A	ende 	edelheit 	daer 	omme 	green
M1_8_095_B	ende 	ydelheyt 	daer 	omme 	green
M1_8_095_C	ende 	edelheit 	daer 	omme 	green
M1_8_095_D	ende 	edelheyt 	daer 	omme 	green
M1_8_095_F	ende 	edelheyt 	daer 	om 	green
M1_8_095_G	ende 	edelheit 	daeromme 		green
M1_8_095_L		lheit 	daer 	omme 	green
M1_8_095_O	ende 	edelheit 	daer 	omme 	green
M1_8_095_Y	ende 	edelheit 	daer 	omme 	green

M1_8_096_A	want 	daer 	waesdom 	vte 	sceen
M1_8_096_B	wanter 		wasdom 	uut 	sceen
M1_8_096_C	want 	daer 	wasdoem 		vtesceen
M1_8_096_D	want 	daer 	wasdoeme 	wt 	scheen
M1_8_096_F	want 	daer 	wasdom 	vut 	scheen
M1_8_096_G	om 	datter 	wasdoem 	wt 	sceen
M1_8_096_L	t 		wasdom 	wt 	scheen
M1_8_096_O	want 	daer 	wasdom 	hute 	scheen
M1_8_096_Y	want 	daer 	wasdom 	vut 	scheen

M1_8_097_A	wanen 	dat 	comen 		mochte
M1_8_097_B	wanen 	soot 	comen 		mochte
M1_8_097_C	wane 	zoet 	comen 		mochte
M1_8_097_D	van 	waen 	soe 	tcomen 	mochte
M1_8_097_F	wanen 	soet 	comen 		mochte
M1_8_097_G	wanen 	dat 	comen 		mochte
M1_8_097_L	 	dat 	comen 		mochte
M1_8_097_O	wanen 	dat 	commen 		mochte
M1_8_097_Y	wanen 	dat 	comen 		mochte

M1_8_098_A	so 	es 	edel 	herte 	worden 	steen
M1_8_098_B	ydelheit 	is 			worden 	steen
M1_8_098_C	zo 	is 	edele 	herte 	worden 	steen
M1_8_098_D	soe 	is 	edel 	herte 	werden 	steen
M1_8_098_F	so 	es 	edel 	herte 	worden 	steen
M1_8_098_G	so 	es 	edelheit 		worden 	steen
M1_8_098_L	delheit 				werden 	steen
M1_8_098_O	zo 	worden 	edel 	herten 	so 	steen
M1_8_098_Y	soe 	es 	edelhert 		worden 	steen

M1_8_099_A	want 	haer 	ontfaremt 		dinc 		gheen
M1_8_099_B	want 	hare 		ontfermt 	dinc 	ne 	gheen
M1_8_099_C	want 	haer 	ontfaermet 		dinghe 		engheen
M1_8_099_D	van 	haer 	en 	ontfermt 	dinck 	ne 	geen
M1_8_099_F	dat 	haer 	ontfermde 		dinc 	ne 	gheen
M1_8_099_G	want 	hare 	en 	ontfermt 	dinc 		negeen
M1_8_099_L			 	ontfermt 	dinc 		gheen
M1_8_099_O	dat 	haer 	ontfaermt 		dijnc 	ne 	gheen
M1_8_099_Y	want 	haer 		ontfermt 	dinc 		gheen

M1_8_100_A	van 	daermen 		ghelt 	vte 	cnochte
M1_8_100_B	dan 	dairmen 		ghelt 	wt 	knochte
M1_8_100_C	dan 	daer 	men 	tghelt 	vut 	cnochte
M1_8_100_D	dan 	daerment 		ghelt 	wt 	knochte
M1_8_100_F	dan 	daermen 		ghelt 	vut 	knochte
M1_8_100_G		daer 	men 	gelt 	wt 	cnochte
M1_8_100_L			men 	tgelt 	wt 	knochte
M1_8_100_O	dan 	daer 	men 	ghelt 	vut 	cnochte
M1_8_100_Y	dan 	daer 	men 	gelt 	vut 	knochte

M1_8_101_A		god 	gheue 	hem 	den 	langhen 	wen
M1_8_101_B	ay 	god 	gheue 	hem 	den 	langen 	ween
M1_8_101_C	ay 	god 	ghef 	hem 	den 	langhen 	ween
M1_8_101_D		god 	gheue 	hem 	den 	langhen 	ween
M1_8_101_F		god 	geue 	hem 	den 	langen 	ween
M1_8_101_G		god 	geue 	hem 	den 	langen 	ween
M1_8_101_L			eue 	hem 	den 	langhen 	ween
M1_8_101_O		god 	gheue 	hem 	den 	langhen 	ween
M1_8_101_Y		god 	gheue 	hem 	den 	langen 	ween

M1_8_102_A	die 	te 	cnauwene 	gaf 	dit 	been
M1_8_102_B	die 	te 	cnauwen 	gaf 	dit 	been
M1_8_102_C	die 	te 	cnauwene 	gaf 	dit 	been
M1_8_102_D	die 	te 	knauwen 	gaf 	dit 	been
M1_8_102_F	die 	te 	knaghen 	gaff 	dit 	been
M1_8_102_G	die 	te 	cnauwene 	gaf 	dit 	been
M1_8_102_L			naeghen 	gaf 	dat 	been
M1_8_102_O	die 	te 	cnaghene 	gaf 	dit 	been
M1_8_102_Y	die 	te 	knagen 	gaf 	dit 	been

M1_8_103_A	den 	edelen 	ghedochte
M1_8_103_B	den 	ydelen 	gedochte
M1_8_103_C	den 	edelen 	ghedochte
M1_8_103_D	den 	edelen 	ghedochte
M1_8_103_F	den 	edelen 	ghedochte
M1_8_103_G	den 	edelen 	gedochte
M1_8_103_L	den 		ghedochte
M1_8_103_O	den 	edelen 	ghedochte
M1_8_103_Y	den 	edelen 	ghedochte

M1_8_104_A	want 	hire 	mort 	an 	wrochte
M1_8_104_B	want 	hire 	mort 	an 	wrochte
M1_8_104_C	want 	hire 	moert 		anwrochte
M1_8_104_D	want 	hier 	moort 	an 	wrochte
M1_8_104_F	want 	hire 	moort 	an 	wrochte
M1_8_104_G	want 	hiere 	moert 	ane 	wrochte
M1_8_104_L		iere 	moort 	met 	wrochte
M1_8_104_O	want 	hier 	moort 	an 	wrochte
M1_8_104_Y	want 	hire 	mort 	aen 	wrochte

M1_9_105_A	vvat 	sal 	seghel 	ende 	was
M1_9_105_B	wat 	zal 	seighel 	ende 	was
M1_9_105_C	vuat 	zal 	zeghel 	ende 	was
M1_9_105_D	wat 	sal 	seghel 	ende 	was
M1_9_105_F	wat 	zal 	zeghel 	ende 	was
M1_9_105_G	wat 	sal 	segel 	ende 	was
M1_9_105_L			segel 	ende 	was
M1_9_105_O	wat 	zal 	zeghel 	ende 	was
M1_9_105_Y	wat 	sal 	zegel 	ende 	was

M1_9_106_A	ende 	brieuen 	die 	ghewaghen 	das
M1_9_106_B	ende 	brieuen 	die 	ghewaghen 	das
M1_9_106_C	ende 	brieue 	die 	ghewaghen 	das
M1_9_106_D	of 	brieuen 	die 	ghewaghen 	das
M1_9_106_F	off 	brieue 	die 	gewagen 	das
M1_9_106_G	ofte 	brieue 	die 	gewagen 	das
M1_9_106_L	 	brieue 	die 	gewaegen 	das
M1_9_106_O	ende 	brieuen 	die 	ghewaghen 	das
M1_9_106_Y	ende 	brieue 	die 	gewagen 	das

M1_9_107_A		wat 	dese 	heeren 	gheuen
M1_9_107_B	van 	dat 	lantsheren 		gheuen
M1_9_107_C	van 	dat 	landsheren 		gheuen
M1_9_107_D	van 	dat 	lansheren 		gheuen
M1_9_107_F	van 	dat 	lantsheeren 		gheuen
M1_9_107_G	van 	dat 	die 	heren 	geuen
M1_9_107_L	 		lantsheren 		gheuen
M1_9_107_O	van 	dat 	deese 	heeren 	gheuen
M1_9_107_Y	van 	dat 	lansheeren 		gheuen

M1_9_108_A	hets 	al 			niet 	hes 	een 	ghedwas
M1_9_108_B	hets 	al 			niet 	ende 	een 	ghedwas
M1_9_108_C	hets 	al 			niet 	hets 	een 	ghedwas
M1_9_108_D	het 	en 	is 	anders 	niet 	dan 		gedwas
M1_9_108_F	hets 			el 	niet 	dan 		ghedwas
M1_9_108_G		en 	es 	el 	niet 	dan 		gedwas
M1_9_108_L	 	l 			niet 	dan 		ghedwas
M1_9_108_O		en 	es 	el 	niet 	dan 	een 	ghedwas
M1_9_108_Y	hets 			el 	niet 	dan 		gedwas

M1_9_109_A	alse 	lief 	hadt 	mi 	een 	wilt 	sas
M1_9_109_B	also 	lief 	had 	mi 	een 	tsas 	tsas
M1_9_109_C	als 	lief 	hadt 	mi 	een 	wilt 	zas
M1_9_109_D	alsoe 	lief 	haddet 	mi 	een 		sas
M1_9_109_F	also 	lief 	had 	my 	een 		sas
M1_9_109_G	alsoe 	lief 	hadt 	mi 	een 		sas
M1_9_109_L	 	f 	hadt 	mi 	een 		sas
M1_9_109_O	also 	lief 	hadt 	my 	een 		zas
M1_9_109_Y	alsoe 	lief 	hadt 	mi 		i 	sas

M1_9_110_A	oft 	een 	vrese 	bescreuen
M1_9_110_B	off 	een 	vriese 	bescreuen
M1_9_110_C	oft 	een 	vriese 	bescreuen
M1_9_110_D	oft 	een 	vriese 	bescreuen
M1_9_110_F	oft 	een 	vriese 	bescreuen
M1_9_110_G	ochte 	een 	vriese 	bescreuen
M1_9_110_L	 		vriese 	bescreuen
M1_9_110_O	oft 	een 	vriese 	bescreuen
M1_9_110_Y	oft 	een 	vriese 	bescreue

M1_9_111_A	trouwe 	es 	broscher 	dan 	i 	glas
M1_9_111_B	trouwe 	es 	broscher 	dan 		glas
M1_9_111_C	trouwe 	is 	broescer 	dan 		glas
M1_9_111_D	trouwe 	is 	broesscher 	dan 	een 	glas
M1_9_111_F	trouwe 	es 	broesscher 	dan 	i 	glas
M1_9_111_G	trouwe 	es 	broescher 	dan 		glas
M1_9_111_L	 	es 	broescher 	dan 		gelas
M1_9_111_O	trauwe 	es 	broocher 	dan 	een 	glas
M1_9_111_Y	trouwe 	es 	broescer 	dan 		gelas

M1_9_112_A	die 	hier 	te 	voren 	so 	sterc 	was
M1_9_112_B	die 	hier 	te 	voren 	so 	starc 	was
M1_9_112_C	die 	hier 	teuoren 	zo 		starke 	was
M1_9_112_D	die 		ter 	wijlen 	soe 	sterck 	was
M1_9_112_F	die 	wilen 	eer 	zoe 		sterck 	was
M1_9_112_G	die 	wilen 			soe 	starc 	was
M1_9_112_L		en 			soe 	sterc 	was
M1_9_112_O	die 			wijlen 	so 	staerc 	was
M1_9_112_Y	die 	wilen 			soe 	starc 	was

M1_9_113_A	so 	es 		te 	broken 	bleuen
M1_9_113_B	so 	es 	nv 	te 	brocken 	bleuen
M1_9_113_C	zi 	is 	nu 		tebroken 	bleuen
M1_9_113_D	si 	is 			ghebroken 	bleuen
M1_9_113_F		es 	nu 	te 	nieute 	bleuen
M1_9_113_G	si 	es 	nu 		tebroken 	bleuen
M1_9_113_L	 			te 	broeken 	bleuen
M1_9_113_O		es 	nu 	te 	broken 	bleuen
M1_9_113_Y		es 	nv 	te 	broken 	bleuen

M1_9_114_A	ic 	wane 	noyt 	dies 	lands 	heere 	genas
M1_9_114_B	ic 	waens 	noyt 	lantshere 			genas
M1_9_114_C	ic 	waen 		dies 	noyt 	here 	ghenas
M1_9_114_D	ick 	waent 	noyt 	herte 	en 		ghenas
M1_9_114_F	ic 	waens 			noyt 	heere 	ghenas
M1_9_114_G	jc 	waens 	noyt 	here 	en 		genas
M1_9_114_L		ns 	noeyt 			here 	ghenas
M1_9_114_O	ic 	waene 	noyt 	herte 	en 		ghenas
M1_9_114_Y	ic 	waens 			noyt 	heere 	genas

M1_9_116_A	hine 		moeste 	int 	hende 	sneuen
M1_9_116_B	hien 		moste 	int 	eynde 	sneuen
M1_9_116_C	hi 	ne 	moeste 	int 	einde 	sneuen
M1_9_116_D	hi 	en 	moste 	int 	eynde 	sneuen
M1_9_116_F	hine 		moeste 	int 	eynde 	sneuen
M1_9_116_G	hine 		moeste 	in 	dinde 	sneuen
M1_9_116_L			oeste 	int 	inde 	sneuen
M1_9_116_O	hien 		moste 	int 	eynde 	sneuen
M1_9_116_Y	hine 		moeste 	in 	dinde 	sneuen

M1_9_117_A	ende 	sulc 	es 	slands 	verdreuen
M1_9_117_B	ende 	zulc 	zijns 	lants 	verdreuen
M1_9_117_C	ende 	zulke 	zijns 	lands 	verdreuen
M1_9_117_D	ende 	sulck 	sijns 	lants 	verdreuen
M1_9_117_F	ende 	sulke 	es 	slans 	verdreuen
M1_9_117_G	ende 	selke 	hars 	lants 	verdreuen
M1_9_117_L		c 	sijns 	lants 	verdreuen
M1_9_117_O	ende 	sulck 	sijns 	lants 	verdreuen
M1_9_117_Y	ende 	selc 	sijns 	lants 	verdreuen

M1_10_118_A	martin 	du 	berechts 	mi 	wel
M1_10_118_B	mertijn 	du 	berechts 	mi 	wel
M1_10_118_C	martijn 	du 	berechts 	mi 	wel
M1_10_118_D	martijn 	du 	berechtes 	mij 	wel
M1_10_118_F	merten 	du 	berechts 	mi 	wel
M1_10_118_G	merten 	du 	berecht 	mi 	wel
M1_10_118_L	n 	du 	berechts 	mi 	wel
M1_10_118_O	martin 	du 	berechts 	mi 	wel
M1_10_118_Y	martijn 	du 	berechts 	mi 	wel

M1_10_119_A	hier 	bi 	sijn 	die 	heeren 	fel
M1_10_119_B	hier 	bi 	zijn 	die 	heren 	fel
M1_10_119_C	hierbi 		zijn 	die 	heren 	fel
M1_10_119_D	hier 	by 	sijn 	die 	herten 	fel
M1_10_119_F	hier 	bij 	sijn 	die 	heren 	fel
M1_10_119_G	hier 	bi 	sijn 	die 	heren 	fel
M1_10_119_L		bi 	sijn 	die 	heren 	fel
M1_10_119_O	hier 	bi 	zijn 	die 	heeren 	fel
M1_10_119_Y	hier 	bi 	sijn 	die 	heeren 	fel

M1_10_120_A	ende 	wandel 	in 	die 	tale
M1_10_120_B	ende 	wankele 	in 	de 	tale
M1_10_120_C	ende 	wandel 	in 	die 	tale
M1_10_120_D	ende 	wankel 	in 	die 	tale
M1_10_120_F	ende 	wandel 	in 	die 	tale
M1_10_120_G	ende 	wandelbaer 	in 	die 	tale
M1_10_120_L		nckel 	inde 		taele
M1_10_120_O	ende 	wandel 	in 	de 	taele
M1_10_120_Y	ende 	wandelen 	inde 		tale

M1_10_121_A	in 		weeter 	wat 	toe 	segghen 	el
M1_10_121_B		en 	weter 	wat 	toe 	segghen 	el
M1_10_121_C	in 		weter 	wat 	toe 	zegghen 	el
M1_10_121_D	ic 	en 	weter 	wat 	toe 	segghen 	el
M1_10_121_F	ic 	en 	weeter 		toe 	zeggen 	el
M1_10_121_G	jn 		weeter 	wat 	toe 	seggen 	el
M1_10_121_L			er 	wat 	toe 	seggen 	el
M1_10_121_O	in 		weeter 	wat 	toe 	segghen 	el
M1_10_121_Y	in 		weeter 	wat 	toe 	seggen 	el

M1_10_122_A	die 	scalc 	hout 	boesheit 	ouer 	spel
M1_10_122_B	die 	scalc 	hout 	boosheit 	ouer 	spel
M1_10_122_C	die 	scalc 	houdt 	boesheit 	ouer 	spel
M1_10_122_D	die 	scalke 	hout 	boesheyt 	ouer 	spel
M1_10_122_F	die 	scalke 	hout 	loesheit 	ouer 	spel
M1_10_122_G	die 	scalke 	houdt 	loesheit 	ouer 	spel
M1_10_122_L		lke 	hout 	boesheit 	ouer 	spel
M1_10_122_O	de 	scalke 	hout 	boesheit 	ouer 	spel
M1_10_122_Y	die 	scalke 	hout 	boesheit 	ouer 	spel

M1_10_123_A	hij 	pijnt 	hoe 	hi 	die 	doghet 	smale
M1_10_123_B	hi 	pijnt 	hoe 	hi 	die 	doghet 	versmale
M1_10_123_C	hi 	pijnt 	hoe 	hi 	die 	doeghet 	versmale
M1_10_123_D	hi 	pijnt 	hoe 	hi 	die 	doghet 	versmale
M1_10_123_F	hij 	pijnt 	hoe 	hij 		doget 	versmale
M1_10_123_G	ende 	pijnt 	hoe 	hi 		doecht 	versmale
M1_10_123_L		t 	hoe 	hi 		doghet 	versmaele
M1_10_123_O	ende 	pijnt 	hoe 	hi 	die 	duecht 	uersmaele
M1_10_123_Y	hi 	pijnt 	hoet 	hi 		doget 	versmale

M1_10_124_A	caym 	slouch 		den 	edelen 	abel
M1_10_124_B	caym 	sloich 		den 	edel 	abel
M1_10_124_C	cayn 	sloech 		den 	edelen 	abel
M1_10_124_D	caym 	versloech 		den 	goeden 	abel
M1_10_124_F	caym 	sloech 		den 	edelen 	abel
M1_10_124_G	caym 	sloech 	doot 	den 	goeden 	abel
M1_10_124_L	 	sloech 		den 	goeden 	abel
M1_10_124_O	cayn 	slouch 	doot 	den 	edel 	abel
M1_10_124_Y	caym 	sloech 		den 	edelen 	abel

M1_10_125_A	dus 	souct 	die 	scalc 	sijns 	heeren 	vel
M1_10_125_B	dus 	souct 	die 	scalc 	zijns 	heren 	vel
M1_10_125_C	dus 	scoert 	die 	scalke 	zijns 	heren 	vel
M1_10_125_D	dus 	soeckt 	die 	scalk 	sijns 	herten 	wel
M1_10_125_F	dus 	smeect 	die 		sinen 	here 	wel
M1_10_125_G	dus 	suect 	die 	scalke 	sijns 	heren 	vel
M1_10_125_L		ct 	die 	scalck 	sijns 	heren 	vel
M1_10_125_O	dus 	souct 	de 	scalke 	sijns 	heeren 	vel
M1_10_125_Y	dus 	soect 	die 	scalke 	sijns 	heeren 	vel

M1_10_126_A	hoe 	hine 		ghetrect 	te 	dale
M1_10_126_B	hoe 	hijt 		trect 	te 	dale
M1_10_126_C	hoe 	hi 	ne 	trect 	te 	dale
M1_10_126_D	hoe 	hi 	hem 	trect 	te 	dale
M1_10_126_F	hoe 	hine 		trect 	te 	dale
M1_10_126_G	hoe 	hine 		getrecke 	te 	dale
M1_10_126_L			e 	trect 	te 	daele
M1_10_126_O	hoe 	hine 	mach 	trecken 	te 	daele
M1_10_126_Y	hoe 	hine 		trect 	te 	dale

M1_10_127_A	god 	die 	ons 	noch 	doemen 	sel
M1_10_127_B	gode 	die 	ons 		domen 	sel
M1_10_127_C	god 	die 	ons 	noch 	doemen 	zel
M1_10_127_D	god 	die 	ons 	noch 	doemen 	sel
M1_10_127_F	god 	die 	ons 	noch 	doemen 	sel
M1_10_127_G	god 	die 	ons 	noch 	doemen 	sel
M1_10_127_L			ons 	noch 	doemen 	sel
M1_10_127_O	god 	die 	ons 	noch 	domen 	zel
M1_10_127_Y	god 	die 	ons 	noch 	doemen 	sel

M1_10_128_A		biddic 		dat 	hi 	den 	duuel
M1_10_128_B		biddic 		dat 	hi 	den 	duuel
M1_10_128_C		bid 	ic 	dat 	hi 	den 	duuel
M1_10_128_D	hem 	bid 	ick 	dat 	hi 	den 	duuel
M1_10_128_F	hem 	biddic 		datti 		den 	duuel
M1_10_128_G	hem 	biddic 		dat 	hi 	den 	duuel
M1_10_128_L		 		dat 	hi 	den 	duuel
M1_10_128_O		bidde 	ic 	dat 	hi 	den 	duuel
M1_10_128_Y	hem 	biddic 		datti 		den 	duuel

M1_10_129_A	inden 		joncsten 	male
M1_10_129_B	inden 	laetsten 		male
M1_10_129_C	in 	den 	joncsten 	male
M1_10_129_D	inden 	laesten 		male
M1_10_129_F	inden 		lesten 	male
M1_10_129_G	jn 	den 	ionxsten 	male
M1_10_129_L			lesten 	maele
M1_10_129_O	in 	den 	lesten 	maele
M1_10_129_Y	inden 		lesten 	male

M1_10_130_A	metten 		scalken 	betale
M1_10_130_B	metten 		scalc 	betale
M1_10_130_C	met 	den 	scalc 	betale
M1_10_130_D	met 	sulcke 	scalcken 	betale
M1_10_130_F	metten 		scalken 	betale
M1_10_130_G	metten 		scalken 	betale
M1_10_130_L			scalken 	
M1_10_130_O	metten 		scalken 	betaele
M1_10_130_Y	metten 		scalcken 	betale

M1_11_131_A	martin 	nv 	berecht 	mi 	dies
M1_11_131_B	martijn 	nu 	berecht 	my 	dies
M1_11_131_C	martijn 	nu 	bericht 	mi 	dies
M1_11_131_D	martijn 	nv 	berecht 	mi 	dies
M1_11_131_F	merten 	nv 	berecht 	mi 	dies
M1_11_131_G	merten 		berecht 	mi 	dies
M1_11_131_L	merten 	nv 	berecht 	mi 	dies
M1_11_131_O	martin 	nu 	berecht 	my 	dies
M1_11_131_Y	martijn 	nv 	berecht 	mi 	dies

M1_11_132_A	berecht 		een 	god 	die 	noyt 	en 	wies
M1_11_132_B	berecht 		een 	god 	die 	noyt 	ne 	wies
M1_11_132_C	bericht 		een 	god 	die 		niene 	wies
M1_11_132_D	berecht 		een 	god 	die 	nye 	en 	wies
M1_11_132_F	berecht 	oft 	i 	god 	die 	nye 	en 	wies
M1_11_132_G	berecht 		een 	god 	die 	noyt 	en 	wies
M1_11_132_L		oft  		god 	die 	noeyt 	en 	wies
M1_11_132_O	regiert 		een 	god 	die 	noyt 	en 	wies
M1_11_132_Y		oft 	een 	god 	die 	noyt 	en 	wies

M1_11_133_A		alle 		creatueren
M1_11_133_B		alle 		creaturen
M1_11_133_C		alle 		creaturen
M1_11_133_D		allen 		creatueren
M1_11_133_F	maecte 	alle 		creatueren
M1_11_133_G		alle 		creaturen
M1_11_133_L	berecht 	alle 		creatueren
M1_11_133_O		alle 	die 	creaturen
M1_11_133_Y	berecht 	alle 		creaturen

M1_11_134_A	twi 	heuet 		die 	quade 	dan 	den 	kies
M1_11_134_B	twi 	heeft 	den 		quade 		den 	kies
M1_11_134_C	twi 	heeft 		die 	quade 		den 	kies
M1_11_134_D	twi 	heeft 		die 	quade 		sinen 	kies
M1_11_134_F	twij 	heeft 		die 	quade 	dan 	den 	kies
M1_11_134_G	twi 	heeft 		die 	quade 	dan 	den 	kies
M1_11_134_L	twi 	heeft 		die 	quaede 		den 	kies
M1_11_134_O	twi 	heeft 	dan 	die 	quade 		den 	kies
M1_11_134_Y	dan 	heeft 		die 	quade 		den 	kies

M1_11_135_A	entie 		goede 	heeft 	al 	tverlies
M1_11_135_B	ende 	de 	goede 	valt 	int 	verlies
M1_11_135_C	ende 	die 	goede 	valt 	int 	verlies
M1_11_135_D	ende 	die 	goede 	valt 	int 	verlies
M1_11_135_F	entie 		goede 	valt 	int 	verlies
M1_11_135_G	ende 	die 	goede 	valt 	in 	tferlies
M1_11_135_L	tie 		go 	alt 	int 	verlies
M1_11_135_O	ende 	die 	goede 	valt 	int 	verlies
M1_11_135_Y	entie 		goede 	valt 	int 	verlies

M1_11_136_A	wie 	saelt 		ouer 	recht 		curen
M1_11_136_B	wie 	sal 		voir 	recht 		curen
M1_11_136_C	wie 	zalt 		voer 	rechte 		curen
M1_11_136_D	wie 	salt 		voer 	recht 	nv 	cueren
M1_11_136_F	wie 	saelt 		voir 	recht 		cueren
M1_11_136_G	wie 	sal 	dit 	vore 	recht 		cueren
M1_11_136_L	w 	saelt 		voer 	recht 		cueren
M1_11_136_O	wie 	zal 	dit 	voor 	recht 		cueren
M1_11_136_Y	wie 	sal 	dit 	voer 	recht 		curen

M1_11_137_A	mijn 	sin 	seghet 	mi 	als 	eenen 	ries
M1_11_137_B	mijn 	sin 	seit 	mi 	als 	een 	ries
M1_11_137_C	mijn 	zin 	zeeght 	mi 	als 	een 	ries
M1_11_137_D	mijn 	sin 	seyt 	mi 	als 	een 	ries
M1_11_137_F	mijn 	sin 	zeyt 	mi 	als 	een 	ries
M1_11_137_G	mijn 	sin 	seit 	mi 	als 	een 	ries
M1_11_137_L		n 	seit 	mi 	als 	een 	r
M1_11_137_O	mijn 	zin 	seght 	my 	als 	een 	ries
M1_11_137_Y	mijn 	sin 	seit 	mi 	als 	een 	ries

M1_11_138_A	hi 	die 	adame 	tlijf 	in 	blies
M1_11_138_B	hi 	die 	adaem 	tlijf 	in 	blies
M1_11_138_C	hi 	die 	adaem 	dlijf 	in 	blies
M1_11_138_D	hi 	die 	adam 	tlijf 	in 	blies
M1_11_138_F	hij 	die 	adame 	dlijf 	in 	blies
M1_11_138_G	hi 	die 	adame 	dlijf 	in 	blies
M1_11_138_L	hi 	die 	adaeme 	dlijf 	ines	
M1_11_138_O	hy 	die 	adaeme 	tlijf 	in 	blies
M1_11_138_Y	hi 	die 	adame 	dlijf 	in 	blies

M1_11_139_A	die 	meester 	der 	natueren
M1_11_139_B	die 	meester 	der 	naturen
M1_11_139_C	die 	meister 	der 	naturen
M1_11_139_D	die 	meester 	der 	natueren
M1_11_139_F	die 	meester 	der 	natueren
M1_11_139_G	die 	meester 	der 	naturen
M1_11_139_L	die 	meester 	der 	natueren
M1_11_139_O	de 	meester 	der 	natueren
M1_11_139_Y	die 	meester 	der 	naturen

M1_11_140_A	heuet 	beuolen 	merc 	ende 	besies
M1_11_140_B	heeft 	beuolen 	merc 	ende 	besies
M1_11_140_C	heuet 	beuolen 	merc 	ende 	besies
M1_11_140_D	heeft 	beuolen 	merct 	ende 	besies
M1_11_140_F	heeft 	beuolen 	merct 	ende 	besies
M1_11_140_G	heeft 	bevolen 	merct 	ende 	besies
M1_11_140_L	heeft 	beuoelen 	merct 		besies
M1_11_140_O	heeft 	beuolen 	merc 	ende 	besies
M1_11_140_Y	heeft 	beuolen 	merct 	en 	besies

M1_11_142_A	der 	blender 	auentueren
M1_11_142_B	der 	blinder 	auonture
M1_11_142_C	der 	blijnder 	auenturen
M1_11_142_D	der 	blinder 	auontueren
M1_11_142_F	der 	blijnder 	auontueren
M1_11_142_G	daer 	blender 	auonturen
M1_11_142_L	der 	blinder 	auontueren
M1_11_142_O	der 	blender 	auentuere
M1_11_142_Y	der 	blinder 	auonturen

M1_11_143_A	die 	verkeert 	telker 	vren
M1_11_143_B	die 	verkeert 	telker 	vre
M1_11_143_C	die 	verkeert 	telker 	vren
M1_11_143_D	die 	verkeert 	telker 	vren
M1_11_143_F	die 	verkeert 	telker 	vren
M1_11_143_G	die 	verkeert 	telker 	vren
M1_11_143_L	die 	verkeert 	telker 	vren
M1_11_143_O	die 	verkeert 	telker 	huere
M1_11_143_Y	die 	verkeert 	telker 	vren

M1_12_144_A	iacop 	sech 	bestu 	verdort
M1_12_144_B	iacop 	segt 	bestu 	verdort
M1_12_144_C	iacob 	zegh 	bistu 	verdoert
M1_12_144_D	iacop 	segt 	bistu 	verdoort
M1_12_144_F	iacob 	zegt 	bistu 	verdoort
M1_12_144_G	iacob 	sech 	bestu 	verdort
M1_12_144_L	iacop 	segt 	bestu 	verdoort
M1_12_144_O	iacob 	seght 	bestu 	verdoort
M1_12_144_Y	iacob 	segt 	bestu 	verdoort

M1_12_145_A	dauenture 		es 	maer 	een 	wort
M1_12_145_B	auonture 		es 	wair 	en 	wort
M1_12_145_C	auenture 		is 	mer 	een 	woert
M1_12_145_D	auontuer 	en 	is 	meer 	een 	woert
M1_12_145_F	auontuere 	en 	es 	maer 	i 	woort
M1_12_145_G	dauonure 	ens 		maer 	een 	wort
M1_12_145_L	auontuere 	en 	es 	maer 	i 	woort
M1_12_145_O	auenture 		es 	maer 	een 	woort
M1_12_145_Y	auonture 		nes 	maer 	i 	woert

M1_12_146_A	van 	gheveinsder 	spraken
M1_12_146_B	van 	ghepeynsden 	saken
M1_12_146_C	van 	gheueinsder 	spraken
M1_12_146_D	van 	gheueynsder 	spraken
M1_12_146_F	van 	gheuensder 	spraken
M1_12_146_G	van 	geveysder 	spraken
M1_12_146_L	uan 	gheuinsder 	spraeken
M1_12_146_O	van 	gheueinsder 	spraken
M1_12_146_Y	uan 	gheueinster 	spraken

M1_12_147_A	brincstu 	ongheloue 	vort
M1_12_147_B	brincstu 	ongheloue 	vort
M1_12_147_C	breingstu 	ongheloue 	voert
M1_12_147_D	bringstu 	ongheloue 	voert
M1_12_147_F	brincstu 	ongeloeue 	voort
M1_12_147_G	brincstu 	ongeloeue 	vort
M1_12_147_L	bringstu 	ongeloeue 	voert
M1_12_147_O	bringhtu 	ongheloue 	voort
M1_12_147_Y	brincstu 	ongeloue 	voert

M1_12_148_A	god 	siet 	alle 	dinc 	ende 	hort
M1_12_148_B	god 	siet 	alle 	dinc 	ende 	hort
M1_12_148_C	god 	ziet 	alle 	dinc 	ende 	hoert
M1_12_148_D	god 	siet 	alle 	dinck 	ende 	hoert
M1_12_148_F	god 	siet 	alle 	dinc 	ende 	hoort
M1_12_148_G	god 	siet 	alle 	dinc 	ende 	hort
M1_12_148_L	god 	siet 	alle 	dinc 	ende 	hoort
M1_12_148_O	god 	ziet 	alle 	dijnc 	ende 	hoort
M1_12_148_Y	god 	siet 	alle 	dinc 	ende 	hoert

M1_12_149_A	wiltu 	den 	duuel 	maken
M1_12_149_B	wiltu 	den 	duuel 	maken
M1_12_149_C	wiltu 	den 	duuel 	maken
M1_12_149_D	wiltu 	den 	duuel 	maken
M1_12_149_F	wiltu 	den 	duuel 	maken
M1_12_149_G	wiltu 	den 	duuel 	maken
M1_12_149_L	wiltu 	den 	duuel 	maeken
M1_12_149_O	wilstu 	den 	duuel 	maken
M1_12_149_Y	wiltu 	den 	duuel 	maken

M1_12_150_A	wie 	heuet 	dijn 	herte 	dus 	becort
M1_12_150_B	wat 	heeft 	dine 	herte 		becort
M1_12_150_C	wat 	heeft 	dijn 	herte 	dus 	versmoert
M1_12_150_D	wat 	heuet 	dijn 	herte 		bekoert
M1_12_150_F	wat 	heeft 	diin 	herte 	dus 	becoort
M1_12_150_G	wat 	heeft 	dijn 	herte 		becort
M1_12_150_L	wat 	heeft 	dijn 	herte 		becoort
M1_12_150_O	wat 	heeft 	dijn 	herte 	dus 	verstoort
M1_12_150_Y	wat 	heeft 	dijn 	herte 		becoert

M1_12_151_A	dattu 	helts 	ant 	legher 	bort
M1_12_151_B	dattu 	helts 	an 	leggher 	boirt
M1_12_151_C	dattu 	heldes 	aent 	laegher 	boert
M1_12_151_D	dattu 	houdes 	aent 	lagher 	boert
M1_12_151_F	dattu 	hels 	ant 	dlegher 	boort
M1_12_151_G	dattu 	hels 	ant 	arger 	bort
M1_12_151_L	dattu 	hels 	aent 	legher 	boort
M1_12_151_O	datstu 	helts 	an 	tlegher 	boort
M1_12_151_Y	dattu 	hels 	aen 	dleger 	boort

M1_12_152_A	die 	papen 	sullent 	smaken
M1_12_152_B	die 	papen 	sullent 	smake
M1_12_152_C	die 	papen 	zoelent 	smaken
M1_12_152_D	die 	papen 	sullent 	smaken
M1_12_152_F	die 	papen 	selent 	smaken
M1_12_152_G	die 	papen 	selent 	smaken
M1_12_152_L	die 	paepen 	sullent 	smaeken
M1_12_152_O	die 	papen 	sullent 	smaken
M1_12_152_Y	die 	papen 	selent 	smaken

M1_12_153_A	so 	werdstu 		verbrant 	ende 	versmort
M1_12_153_B	so 	vert 	wertstu 	verbrant 	of 	versmoirt
M1_12_153_C	zo 	wordstu 		verbrant 	of 	vermoert
M1_12_153_D	soe 	werstu 		verbrant 	of 	versmoert
M1_12_153_F	so 	worstu 		verbrant 	ende 	versmoort
M1_12_153_G	so 		wertstu 	verbrant 	ende 	versmoert
M1_12_153_L		waerstu 		verbrant 	ofte 	versmoort
M1_12_153_O	so 	worstu 		verbrant 	ende 	versmoort
M1_12_153_Y	soe 	waerstu 		verbrant 	ende 	versmort

M1_12_154_A	in 		gaue 		om 	dine 	ziele 	niet 	i 	ort
M1_12_154_B	inne 	en 	gaue 		om 	dijn 	ziel 	niet 	i 	toirt
M1_12_154_C	in 		gaue 	niet 	om 	dijn 	ziel 		een 	oert
M1_12_154_D	ic 	en 	gaue 		om 	v 	siele 	niet 	een 	oert
M1_12_154_F		en 	gaue 		om 	diin 	ziele 	niet 	i 	oort
M1_12_154_G	jn 		gaue 		om 	di 		niet 	enen 	toert
M1_12_154_L		en 	gaeue 		omme 	dine 	ziele 	niet 	i 	oort
M1_12_154_O	ic 	en 	gaue 		om 	dijn 	ziele 	niet 	een 	oert
M1_12_154_Y		en 	gaue 		om 	dijn 	ziele 	niet 	i 	oert

M1_12_155_A	men 		mach 	met 	dusdanen 	saken
M1_12_155_B	men 		mach 	mit 	sulken 	saken
M1_12_155_C	men 		mach 	met 	zulken 	zaken
M1_12_155_D	men 	en 	mach 	met 	sulcken 	saken
M1_12_155_F	men 		mach 	met 	sulken 	zaken
M1_12_155_G	men 		mach 	met 	selken 	saken
M1_12_155_L	men 		mach 	met 	sulken 	saeken
M1_12_155_O	men 		mach 	met 	zulken 	zaken
M1_12_155_Y	men 		mach 	met 	sulken 	saken

M1_12_156_A		gode 	niet 	ghenaken
M1_12_156_B		gode 	niet 	genaken
M1_12_156_C		gode 	niet 	ghenaken
M1_12_156_D		gode 	niet 	ghenaken
M1_12_156_F		gode 	niet 	ghenaken
M1_12_156_G		gode 	niet 	genaken
M1_12_156_L		gode 	niet 	ghenaeken
M1_12_156_O	te 	gode 	niet 	gheraken
M1_12_156_Y		gode 	niet 	ghenaken

M1_13_157_A	god 	en 	was 	noyt 	moede 	no 	mat
M1_13_157_B	god 	en 	was 	noyt 	moede 	no 	mat
M1_13_157_C	god 	en 	was 	nie 	moede 	noch 	mat
M1_13_157_D	god 	en 	was 	nye 	moe 	noch 	mat
M1_13_157_F	god 	en 	was 	noyt 	moede 	no 	mat
M1_13_157_L	god 	en 	was 	noeyt 	moede 	no 	mat
M1_13_157_O	god 	en 	was 	noyt 	moede 	no 	mat
M1_13_157_Y	god 	en 	was 	noyt 	moede 	no 	mat

M1_13_158_A	int 	wout 	es 			loef 	no 	blat
M1_13_158_B	int 	wout 	nes 			loof 	no 	blat
M1_13_158_C	int 	wout 	en 	is 	noch 	loef 	noch 	blat
M1_13_158_D	int 	wout 	en 	is 		loef 	noch 	blat
M1_13_158_F	int 	wout 	es 			loof 	no 	blat
M1_13_158_L	int 	wout 	es 			loef 	no 	blat
M1_13_158_O	int 	wout 	es 			loef 	no 	blat
M1_13_158_Y	int 	wout 	nes 			loef 	no 	blat

M1_13_159_A	buten 	ziere 	hoeden
M1_13_159_B	buten 	sine 	hoede
M1_13_159_C	buten 	ziere 	hoede
M1_13_159_D	buten 	sijn 	behoeden
M1_13_159_F	buten 	sijnre 	hoeden
M1_13_159_L	buten 	siere 	hoeden
M1_13_159_O	buten 	zijnre 	hoeden
M1_13_159_Y	buten 	sinere 	hoeden

M1_13_160_A	al 	dat 	es 	in 	elke 	stat
M1_13_160_B	al 	dat 	es 	in 	elke 	stat
M1_13_160_C	al 	dat 	is 	in 	elke 	stat
M1_13_160_D	al 	dat 	is 	in 	elcke 	stat
M1_13_160_F	al 	dat 	es 	in 	elke 	stat
M1_13_160_L	al 	dat 	es 	in 	elke 	stat
M1_13_160_O	al 	dat 	es 	in 	elke 	stat
M1_13_160_Y	al 	dat 	es 	in 	elke 	stat

M1_13_161_A	dat 	behoet 	hi 	ende 	besat
M1_13_161_B	dat 	behoet 	hi 	ende 	besat
M1_13_161_C	dat 	behoet 	hi 	ende 	besat
M1_13_161_D	dat 	besit 	hy 	ende 	besat
M1_13_161_F	dat 	behoet 	hij 	ende 	besat
M1_13_161_L	dat 	behoet 	hi 	ende 	besat
M1_13_161_O	dat 	behoet 	hij 	ende 	besat
M1_13_161_Y	dat 	besit 	hi 	ende 	besat

M1_13_162_A	met 	godliken 	goede
M1_13_162_B	mit 	godliken 	goede
M1_13_162_C	met 	godliker 	goede
M1_13_162_D	met 	godliker 	hoeden
M1_13_162_F	met 	godliker 	hoeden
M1_13_162_L	met 	godliker 	hoeden
M1_13_162_O	met 	godliker 	goeden
M1_13_162_Y	met 	godliker 	hoeden

M1_13_163_A	al 	ghehinghet 	hi 	dan 	dat
M1_13_163_B	al 	ghehinghet 	hi 	dan 	dit
M1_13_163_C	al 	gheheingt 	hi 	dan 	dat
M1_13_163_D	al 	ghehenghet 	hy 	dan 	dat
M1_13_163_F	al 	ghehinct 	hij 	dan 	dat
M1_13_163_L	al 	gehinct 	hi 	dan 	dat
M1_13_163_O	al 	ghehinghet 	hi 	danne 	dat
M1_13_163_Y	al 	ghehincti 		dan 	dat

M1_13_164_A	dat 	die 	quade 	ghewinnet 	scat
M1_13_164_B	dat 	die 	quade 	ghewint 	scat
M1_13_164_C	dat 	die 	quade 	ghewinnet 	scat
M1_13_164_D	dat 	die 	quade 	ghewinnet 	scat
M1_13_164_F	dat 	die 	quade 	wint 	scat
M1_13_164_L	dattie 		quaede 	gewinnet 	scat
M1_13_164_O	dat 	die 	quade 	ghewinnet 	scat
M1_13_164_Y	dattie 		quade 	gewint 	scat

M1_13_165_A	ende 	menne 		heet 	den 	vroeden
M1_13_165_B	ende 	men 	hem 	heet 	die 	vroeden
M1_13_165_C	ende 	men 		heitet 	die 	vroede
M1_13_165_D	ende 	men 	hem 	heet 	den 	vroeden
M1_13_165_F	ende 	men 		heet 	den 	vroeden
M1_13_165_L	ende 	men 		heet 	den 	vroeden
M1_13_165_O	ende 	men 		heet 	den 	vroeden
M1_13_165_Y	ende 	men 		heet 	den 	vroeden

M1_13_166_A	so 	hi 	hoghere 	sit 	vpt 	rat
M1_13_166_B	so 		hogher 	sit 	opt 	rat
M1_13_166_C	zo 	hi 	hogher 	zit 	opt 	rat
M1_13_166_D	so 	hi 	hoogher 	sit 	opt 	rat
M1_13_166_F	so 	hij 	hoger 	sit 	opt 	rat
M1_13_166_L	soe 	hi 	hoeger 	sit 	opt 	rat
M1_13_166_O	so 	hi 	hogher 	sit 	vpt 	rat
M1_13_166_Y	soe 	hi 	hoger 	sit 	opt 	rat

M1_13_167_A	so 	hogher 	val 	so 	meerre 	plat
M1_13_167_B	so 	hogher 	val 	so 	hogher 	plat
M1_13_167_C	zo 	hogher 	val 	zo 	meerre 	plat
M1_13_167_D	soe 	hogher 	val 	soe 	swaerder 	plat
M1_13_167_F	so 	hogher 	val 	zo 	meerder 	plat
M1_13_167_L	soe 	hoegher 	valt 	hi 	swaren 	plat
M1_13_167_O	so 	hogher 	val 	zo 	zwarer 	plat
M1_13_167_Y	soe 	meere 	val 	soe 	dieper 	plat

M1_13_168_A		inder 	helscher 	gloeden
M1_13_168_B		inder 	hellen 	gloede
M1_13_168_C	in 	der 	helscer 	gloede
M1_13_168_D		inder 	helscher 	gloeden
M1_13_168_F		inder 	helscher 	gloeden
M1_13_168_L		inder 	helscher 	gloeden
M1_13_168_O	in 	der 	helscher 	gloeden
M1_13_168_Y		inder 	helscer 	gloeden

M1_13_169_A	onder 	der 	duuele 	roeden
M1_13_169_B	onder 	der 	duuelen 	roede
M1_13_169_C	onder 	des 	duuels 	roede
M1_13_169_D	onder 	der 	duuelen 	roeden
M1_13_169_F	onder 	der 	duuelen 	roeden
M1_13_169_L	onder 	der 	duuel 	roeden
M1_13_169_O	onder 	der 	vianden 	roeden
M1_13_169_Y	onder 	die 	duuele 	roede

M1_14_170_A	die 	rechtste 	wech 	ter 	hellen 	waert
M1_14_170_B	die 	rechtste 	wech 	ter 	hellen 	waert
M1_14_170_C	die 	rechste 	wech 	ter 	hellen 	waert
M1_14_170_D	den 	rechten 	wech 	ter 	hellen 	waert
M1_14_170_F	den 	rechten 	wech 	ter 	hellen 	waert
M1_14_170_G	die 	rechste 	wech 	ter 	hellen 	waert
M1_14_170_L	den 	rechten 	wech 	ter 	hellen 	waert
M1_14_170_O	de 	rechte 	wech 	ter 	hellen 	waert
M1_14_170_Y	den 	rechten 	wech 	ter 	hellen 	wt

M1_14_171_A	entie 		alre 	cortste 	vaert
M1_14_171_B	ende 	die 	alre 	cortste 	vaert
M1_14_171_C	ende 	die 	alre 	cortste 	vaert
M1_14_171_D	ende 	die 	alder 	cortste 	vaert
M1_14_171_F	entie 		alder 	cortste 	vaert
M1_14_171_G	ende 	die 	alre 	snelste 	vaert
M1_14_171_L	entie 		alder 	corste 	vaert
M1_14_171_O	ende 	die 	alder 	naeste 	vaert
M1_14_171_Y	entie 		alre 	cortste 	vaert

M1_14_172_A	dats 		gheluc 	in 	sonden
M1_14_172_B	dats 		gheluc 	in 	sonden
M1_14_172_C	dats 		gheluc 	in 	zonden
M1_14_172_D	dat 	is 	gheluc 	in 	sonden
M1_14_172_F	dats 		gheluc 	in 	sonden
M1_14_172_G	dats 		geluc 	in 	sonden
M1_14_172_L	dats 		gheluuc 	in 	sonden
M1_14_172_O	dat 	es 	gheluc 	in 	zonden
M1_14_172_Y	dats 		geluc 	in 	sonden

M1_14_173_A	als 	men 	gheen 	mesdoen 	ne 	spaert
M1_14_173_B	alsmen 		gheen 	mesdoen 	en 	spairt
M1_14_173_C	alsemen 		gheen 	misdoen 	en 	spaert
M1_14_173_D	alsmen 		gheen 	mesdoen 	en 	spaert
M1_14_173_F	alsmen 		gheen 	mesdoen 	en 	spaert
M1_14_173_G	als 	men 	geen 	mesdaet 	en 	spaert
M1_14_173_L	als 	men 	gheen 	mesdoen 	en 	spaert
M1_14_173_O	als 	men 	gheen 	mesdoen 	en 	spaert
M1_14_173_Y	alsmen 		gheen 	mesdoen 	en 	spaert

M1_14_174_A	ende 	men 	emmer 	vort 	bezwaert	
M1_14_174_B	ende 	men 	emmer 	vort 		verzwairt
M1_14_174_C	ende 	men 	emmer 	voert 		verswaert
M1_14_174_D	ende 	men 	emmer 	wort 		verswaert
M1_14_174_F	ende 	men 	emmer 	wert 	bezwaert	
M1_14_174_G	ende 	men 	emmer 	vort 		verswaert
M1_14_174_L	ende 					
M1_14_174_O	ende 	men 	noch 	daer 	toe 	verswaert
M1_14_174_Y	ende 	men 	emmer 	voert 	beswaert	

M1_14_175_A	die 	zielen 			ghebonden
M1_14_175_B	die 	ziele 			ghebonden
M1_14_175_C	die 	ziele 			ghebonden
M1_14_175_D	die 	siele 			ghebonden
M1_14_175_F	die 	ziele 	met 	sonden 	ghebonden
M1_14_175_G	die 	siele 	daer 	in 	ghebonden
M1_14_175_O	de 	ziele 	met 	laste 	ghebonden
M1_14_175_Y	die 	zielen 			gebonden

M1_14_176_A	ende 	dan 	ghesciet 	als 	hem 	begaert
M1_14_176_B	ende 	dan 	ghesciet 	alsmen 		gaert
M1_14_176_C	ende 	dan 	ghesciet 	alsmen 		begaert
M1_14_176_D	ende 	dan 	ghesciet 	datmen 		begaert
M1_14_176_F	ende 	dan 	ghesciet 	datmen 		begheert
M1_14_176_G	ende 	dan 	gesciet 	dat 	men 	begaert
M1_14_176_O	ende 	al 	ghesciet 	dat 	men 	begaert
M1_14_176_Y	ende 	dan 	gesciet 	soe 	men 	begaert

M1_14_177_A	ende 	men 		en 	rouct 	wiere 	mesbaert	
M1_14_177_B	ende 		niet 	en 	rouct 	wie 		misbairt
M1_14_177_C	ende 		niene 		roect 	wie 	dats 	misbaert
M1_14_177_D	ende 		niet 	en 	roect 	wie 		mesuaert
M1_14_177_F	ende 		niet 	en 	roect 	wie 	dat 	mesuaert
M1_14_177_G	ende 	men 		en 	roect 	wie 	mesvaert	
M1_14_177_O	ende 		niet 	en 	rouke 	wie 	mesbaert	
M1_14_177_Y	ende 	men 	niet 	en 	roect 	wie 		mesuaert

M1_14_178_A	nu 	noch 	te 	gheenen 	stonden
M1_14_178_B	nu 	noch 	te 	ghenen 	stonden
M1_14_178_C	nu 	noch 	te 	ghenen 	stonden
M1_14_178_D	nv 	noch 	tot 	ghenen 	stonden
M1_14_178_F	nu 	noch 	te 	gheenen 	stonden
M1_14_178_G	nu 	noch 	te 	genen 	stonden
M1_14_178_O	nu 	noch 	te 	ghenen 	stonden
M1_14_178_Y	nv 	noch 	te 	ghenen 	stonden

M1_14_179_A	so 	comt 	die 	doet 	diet 	al 	vertaert	
M1_14_179_B	so 	comt 	die 	doot 	diet 	al 	vertairt	
M1_14_179_C	zo 	coemt 	die 	doet 	diet 	al 	veruaert	
M1_14_179_D	so 	comt 	die 	doot 	die 	niemant 	en 	spaert
M1_14_179_F	dan 	comt 	die 	doot 	die 	niet 	en 	spaert
M1_14_179_G	dan 	comt 	die 	doot 	die 	niene 		spaert
M1_14_179_O	so 	comt 	die 	doot 	diet 	al 	verswaert	

M1_14_180_A	onversien 	want 	hets 		haer 	aert
M1_14_180_B	onuoirzien 	want 	hets 	her 	airt	
M1_14_180_C	onuersien 	want 	hets 	hoer 		aert
M1_14_180_D	onuersien 		het 	is 	haer 	aert
M1_14_180_F	onuerzien 		hets 		haer 	aert
M1_14_180_G	onvorsien 	want 	dats 	har 	art	
M1_14_180_O	onuersien 	want 	het 	es 	haer 	aert

M1_14_181_A			panden 	van 	haren 	ponden
M1_14_181_B			panden 	van 	den 	ponden
M1_14_181_C			panden 	van 	den 	ponden
M1_14_181_D			panden 	vanden 		ponden
M1_14_181_F	om 	te 	panden 	vanden 		ponden
M1_14_181_G			panden 	van 	haren 	ponden
M1_14_181_O			panden 	van 	den 	ponden

M1_14_182_A	die 	niemene 		can 	ghegronden
M1_14_182_B	die 	nyemen 		can 	ghegronden
M1_14_182_C	die 	nieman 	en 	can 	ghegronden
M1_14_182_D	die 	nyemant 	en 	can 	ghegronden
M1_14_182_F	die 	niemant 	en 	kan 	ghegronden
M1_14_182_G	doe 	niemen 	en 	can 	gegronden
M1_14_182_O	die 	niemant 	en 	can 	ghegronden

M1_15_183_A	iacop 	du 	heues 	mi 	bekeert
M1_15_183_B	maertijn 	du 	hebs 	mi 	bekeert
M1_15_183_C	martijn 	du 	heues 	mi 	bekeert
M1_15_183_D	martijn 	du 	heues 	mi 	bekeert
M1_15_183_F	merten 	du 	heues 	mi 	bekeert
M1_15_183_G	merten 	du 	heefs 	mi 	bekeert
M1_15_183_O	martin 	du 	hebs 	mi 	bekeert

M1_15_184_A	ende 	ghewijst 	ende 	gheleert
M1_15_184_B	ende 	ghewijst 	ende 	gheleert
M1_15_184_C	ende 	ghewijst 	ende 	gheleert
M1_15_184_D	ende 	ghewijst 	ende 	gheleert
M1_15_184_F	ende 	ghewijst 	ende 	gheleert
M1_15_184_G	ende 	gewijst 	ende 	geleert
M1_15_184_O	ende 	ghewijst 	ende 	gheleert

M1_15_185_A	van 	dies 	ic 	niet 	en 	wiste
M1_15_185_B	van 	dat 	ic 	niet 	en 	wiste
M1_15_185_C	van 	dat 	ic 	niet 	en 	wiste
M1_15_185_D	van 	dat 	ick 	niet 	en 	wiste
M1_15_185_F	van 	dat 	ic 	niet 	en 	wiste
M1_15_185_G	van 	dies 	ic 	niet 	en 	wiste
M1_15_185_O	van 	dat 	ic 	niet 	en 	wiste

M1_15_186_A	al 	sie 	ic 	meer 	den 	quaden 	gheheert
M1_15_186_B	al 	sie 	ic 	mee 	den 	quaden 	gheeert
M1_15_186_C	al 	zie 	ic 	meer 	den 	quaden 	gheeert
M1_15_186_D	al 	sie 	ick 	meer 	den 	quaden 	gheeert
M1_15_186_F	al 	sie 	ic 	meer 	den 	quaden 	gheeert
M1_15_186_G	al 	sie 	ic 	meer 	die 	quade 	geeert
M1_15_186_O	al 	zie 	ic 	meer 	den 	quaden 	gheheert

M1_15_187_A	mijn 	herte 	en 	werdes 		niet 	verseert
M1_15_187_B	mine 	herte 		werdets 		niet 	verzeert
M1_15_187_C	mijn 	herte 	en 	werdets 		niet 	verseert
M1_15_187_D	mijn 	herte 	en 	wert 	des 	niet 	verseert
M1_15_187_F	mijn 	herte 	en 	werdes 		niet 	verseert
M1_15_187_G	mijn 	herte 	en 	werdes 		niet 	verseert
M1_15_187_O	mine 	herte 	en 	wort 	dies 	niet 	uerseert

M1_15_188_A	noch 		in 		gheenen 	twiste
M1_15_188_B	noch 		in 		ghenen 	twiste
M1_15_188_C	noch 		in 	en 	ghenen 	twiste
M1_15_188_D	noch 		in 		ghenen 	twiste
M1_15_188_F	noch 		in 		gheenen 	twiste
M1_15_188_G	noch 		in 	negeenen 		twiste
M1_15_188_O	noch 	oec 	in 		ghenen 	twiste

M1_15_189_A	al 	heuet 	hi 	meer 	dan 	hi 	vertert
M1_15_189_B	al 	heeft 	hi 	meer 	dan 	hi 	verteert
M1_15_189_C	al 	heeft 	hi 	meer 	dan 	hi 	verteert
M1_15_189_D	al 	heeft 	hi 	meer 	dan 	hi 	verteert
M1_15_189_F	al 	heefti 		meer 	dan 	hij 	verteert
M1_15_189_G	al 	heeft 	hi 	meer 	dan 	hi 	vteert
M1_15_189_O	al 	heeft 	hij 	meer 	dan 	hij 	verteert

M1_15_190_A	ende 	hi 	wint 	dat 	hi 	begaert
M1_15_190_B	ende 	hi 	ghewint 	dat 	hi 	begheert
M1_15_190_C	ende 	hi 	ghewint 	dat 	hi 	begheert
M1_15_190_D	ende 		ghewint 	dat 	hi 	begheert
M1_15_190_F	ende 	hij 	ghewint 	dat 	hij 	begheert
M1_15_190_G	ende 	hi 	gewint 	dat 	hi 	begert
M1_15_190_O	ende 	hi 	ghewint 	dat 	hij 	begheert

M1_15_191_A	met 	scalcheit 	ende 	met 	liste
M1_15_191_B	met 	scalcheden 	ende 	mit 	liste
M1_15_191_C	met 	scalcheide 	ende 	met 	liste
M1_15_191_D	met 	scalcheden 	ende 	met 	liste
M1_15_191_F	met 	scalcheden 	ende 	met 	liste
M1_15_191_G	met 	scalcheiden 	ende 	met 	liste
M1_15_191_O	met 	scalcheden 	ende 	met 	liste

M1_15_192_A	ghinder 	wert 	hi 	ghedestruweert
M1_15_192_B	ghinder 	wert 	hi 	ghedestrueert
M1_15_192_C	ghinder 	werdt 	hi 	ghedestrueert
M1_15_192_D	ghinder 	wert 	hi 	ghedestrueert
M1_15_192_F	ghinder 	wert 	hij 	ghedestrueert
M1_15_192_G	ghinder 	wert 	hi 	gedestruweert
M1_15_192_O	ghinder 	wert 	hij 	ghedestrueert

M1_15_193_A	ende 	ghebonden 	ende 	ghemeert
M1_15_193_B	ende 	ghebonden 	ende 	ghemeert
M1_15_193_C	ende 	ghebonden 	ende 	ghemeert
M1_15_193_D	ende 	gheuanghen 	ende 	ghemeert
M1_15_193_F	ende 	ghebonden 	ende 	ghemeert
M1_15_193_G	ende 	gehindert 	ende 	geonneert
M1_15_193_O	ende 	ghebonden 	ende 	ghemeert

M1_15_194_A	sine 	kindere 	gaen 	te 	quiste
M1_15_194_B	sine 	kinderen 	gaen 	te 	quiste
M1_15_194_C	zine 	kijnder 	gaen 		tequiste
M1_15_194_D	sijn 	kinderen 	gaen 	te 	quiste
M1_15_194_F	sine 	kinder 	gaen 	te 	quiste
M1_15_194_G	sine 	kinder 	gaen 	te 	quiste
M1_15_194_O	zijne 	kinderen 	gaen 	te 	quiste

M1_15_195_A	ghelijc 	eenen 		miste
M1_15_195_B	ghelijc 	enen 	bosen 	miste
M1_15_195_C	ghelijc 	enen 		miste
M1_15_195_D	ghelijck 	eenen 	vuylen 	miste
M1_15_195_F	ghelijc 	eenen 		miste
M1_15_195_G	ghelijc 	enen 		miste
M1_15_195_O	ghelijc 	eenen 		miste

M1_16_196_A	martin 		waerstu 	niet 	so 	vreet
M1_16_196_B	martijn 		wairstu 	niet 	so 	wreet
M1_16_196_C	martijn 	en 	waerstu 	niet 	zo 	wreet
M1_16_196_D	martijn 		waerstu 	niet 	soe 	wreet
M1_16_196_F	merten 	en 	waerstu 	niet 	zo 	wreet
M1_16_196_G	merten 	en 	waerstu 	niet 	so 	wreet
M1_16_196_O	martin 		waerstu 	niet 	zo 	wreet

M1_16_197_A	eene 	dinc 	die 	ic 	niet 	en 	weet
M1_16_197_B	ene 	dinc 	die 	ic 	niet 	en 	weet
M1_16_197_C	ene 	dinc 	die 	ic 	niene 		weet
M1_16_197_D	een 	dinck 	dat 	ick 	niet 	en 	weet
M1_16_197_F	een 	dinc 	dat 	ic 	niet 	en 	weet
M1_16_197_G	een 	dinc 	dies 	ic 	niet 	en 	weet
M1_16_197_O	een 	dijnc 	dat 	ic 	niet 	en 	weet

M1_16_198_A	soudic 	hu 		gherne 	vraghen
M1_16_198_B	soude 	ic 	di 	gairne 	vraghen
M1_16_198_C	zoudic 			gheerne 	vraghen
M1_16_198_D	soude 	ick 	dy 	gaerne 	vraghen
M1_16_198_F	soudic 		dij 	gheerne 	vraghen
M1_16_198_G	soudic 	u 		gerne 	vragen
M1_16_198_O	soude 	ic 	dij 	gheerne 	vraghen

M1_16_199_A	twi 	sijn 	die 	sonden 	gode 	so 	leet
M1_16_199_B	twi 	sijn 	die 	sonden 	gode 	so 	leet
M1_16_199_C	twi 	zijn 	die 	zonden 	gode 	zo 	leet
M1_16_199_D	hoe 	sijn 	die 	sonden 	gode 	soe 	leet
M1_16_199_F	twij 	ziin 	die 	sonden 	gode 	so 	leet
M1_16_199_G	twi 	sijn 	die 	sonden 	gode 	so 	leet
M1_16_199_O	twij 	zijn 	die 	zonden 	gode 	zo 	leet

M1_16_200_A	dat 	hi 		den 	sondare 	es 	so 	heet
M1_16_200_B	dat 	hi 	es 	den 	sondare 		so 	heet
M1_16_200_C	dat 	hi 		den 	zondaer 	is 	zo 	heet
M1_16_200_D	dat 	hi 		den 	sondaer 	is 	soe 	wreet
M1_16_200_F	datti 			den 	sondare 	es 	so 	wreet
M1_16_200_G	dat 	hi 		den 	sondare 	es 	soe 	heet
M1_16_200_O	dat 	hij 		den 	zondare 	es 	zo 	wreet

M1_16_201_A	in 	wraken 	ende 	in 	plaghen
M1_16_201_B	met 	wraken 	ende 	mit 	plaghen
M1_16_201_C	in 	wraken 	ende 	in 	plaghen
M1_16_201_D	in 	wraken 	ende 	in 	plaghen
M1_16_201_F	in 	wraken 	ende 	in 	plaghen
M1_16_201_G	jn 	wraken 	ende 	in 	plagen
M1_16_201_O	in 	wraken 	ende 	in 	plaeghen

M1_16_202_A	want 	gheen 	sondare 		langher 		steet
M1_16_202_B	want 	gheen 	sondair 	in 	sonden 	ste 	et
M1_16_202_C	want 	gheen 	zondaer 	in 	zonden 		steet
M1_16_202_D	want 	gheen 	sondaer 	in 	sonden 		steet
M1_16_202_F	want 	gheen 	sondare 	in 	sonden 		steet
M1_16_202_G	want 	geen 	sondare 	in 	sonden 	en 	steet
M1_16_202_O	want 	gheen 	zondare 	in 	zonden 		steet

M1_16_203_A	in 	sonden 	dan 	sijn 	lijf 	es 	breet
M1_16_203_B	langher 		dan 	sijn 	lijf 	es 	breet
M1_16_203_C	langher 		dan 	zijn 	lijf 	is 	breet
M1_16_203_D	langher 		dan 	sijn 	lijf 	is 	breet
M1_16_203_F	langher 		dan 	siin 	lijf 	es 	breet
M1_16_203_G	langere 		dan 	sijn 	lijf 	es 	breet
M1_16_203_O	langher 		dan 	zijn 	lijf 	es 	breet

M1_16_204_A	twi 	torment 	hine 		met 	slaghen
M1_16_204_B	twi 	tormenten 	hine 		met 	slaghen
M1_16_204_C	twi 	torment 	hine 		met 	plaghen
M1_16_204_D	twi 	torment 	hi 	hem 	met 	slaghen
M1_16_204_F	twij 	torment 	hine 		met 	slagen
M1_16_204_G	twi 	torment 	hine 		met 	slagen
M1_16_204_O	twij 	torment 	hijne 		met 	slaghen

M1_16_205_A	eewelike 	sonder 	versceet
M1_16_205_B	ewelike 	sonder 	versceet
M1_16_205_C	ewelike 	zonder 	versceet
M1_16_205_D	ewelijc 	sonder 	verscheet
M1_16_205_F	eeuwelijc 	sonder 	verscheet
M1_16_205_G	eweleke 	sonder 	versceet
M1_16_205_O	euwelijke 	sonder 	versceet

M1_16_206_A	dit 	en 	scijnt 	te 	pointe 	niet 	gheleet
M1_16_206_B	dit 		schijnt 	te 	punte 	niet 	gheleet
M1_16_206_C	dit 	en 	scijnt 	te 	rechte 	niet 	gheleet
M1_16_206_D	dit 		schijnt 	te 	punte 	niet 	gheleet
M1_16_206_F	dit 	en 	schijnt 	te 	pointe 	niet 	geleet
M1_16_206_G	din 		schijnt 	te 	poente 	niet 	geleidt
M1_16_206_O	dit 		scijnt 	te 	pointe 	niet 	gheleet

M1_16_207_A	tordeel 		dorstics 	ghewaghen
M1_16_207_B	tordeel 	dorste 	ics 	ghewaghen
M1_16_207_C	t 	ordeel 	dorstics 	ghewaghen
M1_16_207_D	doerdeel 	dorst 	icx 	ghewaghen
M1_16_207_F	dordeel 	dorst 	ics 	ghewagen
M1_16_207_G	dordeel 		dorstics 	gewagen
M1_16_207_O	toordeel 		dorstics 	ghewaghen

M1_16_208_A	al 		weten 	wijs 	wien 		claghen
M1_16_208_B	alne 	weiten 	wi 		wiens 		claghen
M1_16_208_C	al 	en 	weten 	wijs 	wien 		claghen
M1_16_208_D	al 	en 	weet 	icx 	wien 		claghen
M1_16_208_F	al 	en 	weet 	is 	wien 		claghen
M1_16_208_G	al 	en 	weten 	wijs 	wi 	en 	clagen
M1_16_208_O	al 		wetens 	wij 	wien 		claghen

M1_17_209_A		iacop 	god 	die 		herten 	kent
M1_17_209_B		iacop 	god 	die 		herten 	kent
M1_17_209_C		iacob 	god 	die 	alle 	herten 	kent
M1_17_209_D		iacop 	god 	die 	alle 	herten 	kent
M1_17_209_F		iacob 		die 	alle 	herten 	kent
M1_17_209_G	god 	iacob 		die 	alle 	herten 	kint
M1_17_209_O		iacob 	god 	die 	alle 	herten 	kent

M1_17_210_A	sent 	den 	sondare 	recht 	torment
M1_17_210_B	sent 	den 	sondair 	menich 	torment
M1_17_210_C	zeindt 	den 	zondare 	recht 	torment
M1_17_210_D	sendt 	den 	sondaer 	recht 	torment
M1_17_210_F	sent 	den 	sondaer 	recht 	torment
M1_17_210_G	sendt 	den 	sondere 	recht 	torment
M1_17_210_O	sent 	den 	zondare 	recht 	torment

M1_17_211_A	nader 		herten 	ghedochte
M1_17_211_B	nader 		herten 	ghedochte
M1_17_211_C	na 	der 	herten 	ghedochte
M1_17_211_D	nader 		herten 	ghedochte
M1_17_211_F	nader 		herten 	ghedochte
M1_17_211_G	na 	siere 	herten 	gedochte
M1_17_211_O	naer 	zijnre 	herten 	ghedochte

M1_17_212_A	omme 	dat 	hi 	wilde 	als 	i 	rent
M1_17_212_B	om 	dat 	hi 	wilde 	als 	een 	rent
M1_17_212_C	om 	dat 	hi 	wilde 	alse 	een 	rent
M1_17_212_D	om 	dat 	hi 	wille 	als 	een 	rent
M1_17_212_F	om 	dat 	hij 	wille 	als 	een 	rent
M1_17_212_G	om 	dat 	hi 	woude 	als 	een 	rent
M1_17_212_O	omme 	dat 	hij 	wilde 	als 	een 	rent

M1_17_213_A	altoes 	leuen 	ende 	onghehent
M1_17_213_B	altois 	leuen 	ende 	ongheent
M1_17_213_C	altoes 	leuen 	ende 	ongheent
M1_17_213_D	altoos 	leuen 		onghehent
M1_17_213_F	altoes 	leuen 		onghehent
M1_17_213_G	altoes 	leuen 		ongeendt
M1_17_213_O	altoos 	leuen 	zonder 	hent

M1_17_214_A	vp 	dat 	wesen 	mochte
M1_17_214_B	op 	dat 	wesen 	mochte
M1_17_214_C		opdat 	wesen 	mochte
M1_17_214_D	op 	dattet 	wesen 	mochte
M1_17_214_F	op 	dat 	wesen 	mochte
M1_17_214_G	op 	dat 	wesen 	mochte
M1_17_214_O	op 	dat 	wesen 	mochte

M1_17_215_A	so 	es 	hi 	ter 	hellen 	ghesent
M1_17_215_B	so 	is 	hi 	ter 	hellen 	ghesent
M1_17_215_C	zo 	is 	hi 		terhellen 	ghesent
M1_17_215_D	soe 	is 	hi 	ter 	hellen 	ghesendt
M1_17_215_F	soe 	es 	hij 	ter 	hellen 	ghesent
M1_17_215_G	daeromme 	es 	hi 	ter 	hellen 	gesent
M1_17_215_O	daeromme 	es 	hij 	ter 	hellen 	ghesent

M1_17_216_A	daer 	hi 	eewelijc 	es 	ghescent
M1_17_216_B	dair 	hi 	nemmermeer 	en 	went
M1_17_216_C	daer 	hi 	ewelike 	wordt 	ghescent
M1_17_216_D	daer 	hy 	ewelijc 	blijft 	gheschent
M1_17_216_F	dair 	hij 	eeuwelic 	wert 	gheschent
M1_17_216_G	daer 	hi 	ewelec 	es 	gescent
M1_17_216_O	daer 	hij 	ewelijc 	es 	ghescent

M1_17_217_A	want 	sijn 	wille 	dat 	wrochte
M1_17_217_B	want 	sijn 	wille 	dat 	wrochte
M1_17_217_C	want 	zijn 	wille 	dat 	wrochte
M1_17_217_D	want 	sijn 	wille 	dat 	wrochte
M1_17_217_F	want 	siin 	wille 	dat 	wrochte
M1_17_217_G	want 	sijn 	wille 	dat 	wrochte
M1_17_217_O	want 	zijn 	wille 	dat 	wrochte

M1_17_218_A	besie 	dine 	herte 	al 	omtrent
M1_17_218_B	besie 	dijn 	herte 	al 	omtrent
M1_17_218_C	besie 	dijn 	herte 		alomtrent
M1_17_218_D	besich 	dijn 	herte 	al 	omtrent
M1_17_218_F	besich 	diin 	herte 	al 	omtrent
M1_17_218_G	besie 	dijn 	herte 		alomtrent
M1_17_218_O	bezie 	dijn 	herte 	al 	omtrent

M1_17_219_A	dincti 		dese 	redene 	blent
M1_17_219_B	dincti 		dese 	redene 	blent
M1_17_219_C	duncti 		dese 	redene 	blent
M1_17_219_D	dunct 	v 	dese 	reden 	blent
M1_17_219_F	duncti 		dese 	redene 	blent
M1_17_219_G	dunct 	di 	dese 	redene 	blent
M1_17_219_O	dijnct 	dij 	deese 	redene 	blent

M1_17_220_A	die 	ic 	hier 	toe 	brochte
M1_17_220_B	die 	ic 	hier 	toe 	brochte
M1_17_220_C	die 	ic 	hier 	toe 	brochte
M1_17_220_D	die 	ick 	hier 	toe 	brochte
M1_17_220_F	die 	ic 	hier 	voort 	brochte
M1_17_220_G	die 	ic 	hier 	toe 	brochte
M1_17_220_O	die 	ic 	hier 	toe 	brochte

M1_17_221_A	neent 		diet 	wel 	besochte
M1_17_221_B	neen 	so 	diet 	wel 	besochte
M1_17_221_C	neent 		diet 	wel 	besochte
M1_17_221_D	neen 	sy 	diet 	wel 	besochte
M1_17_221_F	heent 		diet 	wel 	besochte
M1_17_221_G	neense 		diese 	wel 	besochte
M1_17_221_O	neense 		diese 	wel 	besochte

M1_18_222_A	martin 	du 	seghes 	wel 	ende 	waer
M1_18_222_B	maertijn 	du 	segs 	wel 	ende 	wair
M1_18_222_C	martijn 	du 	zeghes 	wel 	ende 	waer
M1_18_222_D	martijn 	du 	segges 	wel 	ende 	waer
M1_18_222_F	merten 	du 	segghes 	wel 	ende 	waer
M1_18_222_G	merten 	du 	segts 	wel 	ende 	waer
M1_18_222_O	martin 	du 	segghes 	wel 	ende 	waer

M1_18_223_A	ende 	dine 	redene 	die 	es 	claer
M1_18_223_B	ende 	dine 	redene 		es 	clair
M1_18_223_C		dine 	redene 	die 	zijn 	claer
M1_18_223_D	ende 	dine 	reden 	is 	wel 	claer
M1_18_223_F	ende 	dine 	redene 		es 	claer
M1_18_223_G	ende 	dine 	redene 		es 	claer
M1_18_223_O		dine 	redene 	die 	es 	claer

M1_18_224_A	ende 	licht 		te 	verstane
M1_18_224_B	ende 	licht 		te 	verstaen
M1_18_224_C	ende 	licht 			teuerstane
M1_18_224_D	ende 	lichte 		te 	verstaen
M1_18_224_F	ende 	licht 		te 	verstane
M1_18_224_G	ende 	licht 		te 	verstane
M1_18_224_O	ende 	licht 	oec 	te 	verstane

M1_18_225_A	al 	ghepeins 	es 	openbaer
M1_18_225_B	al 	ghepens 	es 	openbair
M1_18_225_C	al 	ghepeins 	is 	openbaer
M1_18_225_D	alle 	ghepeynse 	sijn 	openbaer
M1_18_225_F	al 	ghepeins 	es 	openbaer
M1_18_225_G	al 	tgepeys 	es 	oppenbaer
M1_18_225_O	alle 	ghepeys 	es 	openbaer

M1_18_226_A	vor 	hem 	die 	tellet 	alle 	haer
M1_18_226_B	voir 	hem 	die 	telt 	alle 	hair
M1_18_226_C	voer 	hem 	die 	telt 	alle 	haer
M1_18_226_D	doer 	hem 	die 	tellet 		alhaer
M1_18_226_F	voer 	hem 	die 	tellet 	alle 	haer
M1_18_226_G	vor 	hem 	die 	tellet 	alle 	haer
M1_18_226_O	door 	hem 	die 	tellet 	alle 	thaer

M1_18_227_A	ende 	wat 	die 	hemel 	heeft 	ane
M1_18_227_B	ende 	wat 	de 	hemel 	heeft 	ane
M1_18_227_C	ende 	wat 	die 	hemel 	heeft 	ane
M1_18_227_D	ende 	wat 	die 	hemel 	heuet 	aen
M1_18_227_F	ende 	wat 	den 	hemel 	heuet 	ane
M1_18_227_G	ende 	wat 	die 	hemel 	heuet 	ane
M1_18_227_O	ende 	wat 	die 	hemel 	heeft 	ane

M1_18_228_A	ia 	louere 	gras 	dach 	ende 	jaer
M1_18_228_B	ia 	loueren 	gras 	dach 	ende 	jaer
M1_18_228_C	ja 	louer 	gras 	dach 	ende 	jaer
M1_18_228_D	ia 	louers 	gras 	dach 	ende 	iaer
M1_18_228_F	ia 	louer 	gras 	dach 	ende 	iaer
M1_18_228_G	ja 	loeuer 	gers 	dach 	ende 	iaer
M1_18_228_O	ja 	loueren 	gars 	dach 	ende 	jaer

M1_18_229_A	dropele 	zants 		es 	hem 	niet 	zwaer
M1_18_229_B	dropele 	sant 		es 	hem 	niet 	zwair
M1_18_229_C	droepele 	zant 		is 	hem 	niet 	swaer
M1_18_229_D	dropels 	zant 	en 	is 	hem 	niet 	zwaer
M1_18_229_F	dropel 	waters 	en 	es 	hem 	niet 	zwaer
M1_18_229_G	dropel 	sant 	en 	es 	hem 	niet 	swaer
M1_18_229_O	dropelen 	zant 		es 	hem 	niet 	zwaer

M1_18_230_A	in 	telne 	te 	beuane
M1_18_230_B	in 	telne 	te 	beuaen
M1_18_230_C	in 	telne 		tebeuane
M1_18_230_D	in 	tellen 	te 	bestaen
M1_18_230_F	in 	tellenne 	te 	bestane
M1_18_230_G	jn 	tellene 	te 	bestane
M1_18_230_O	in 	tellene 	te 	bestane

M1_18_231_A	hi 	heuet 	ypocricie 	ommaer
M1_18_231_B	hi 	heeft 	ypocrisie 	ommaer
M1_18_231_C	hi 	heeft 	ypocriten 	ommaer
M1_18_231_D	hy 	heeft 	ypocrite 	onmaer
M1_18_231_F	hij 	heeft 	ypocricie 	onmaer
M1_18_231_G	hi 	heeft 	ypocritie 	ommaer
M1_18_231_O	hij 	heeft 	ypocrisie 	onmaer

M1_18_232_A	ende 	leghet 	hem 	met 	wraken 	naer
M1_18_232_B	ende 	leecht 	hem 	met 	wraken 	naer
M1_18_232_C	ende 	leeght 	hem 	met 	wraken 	naer
M1_18_232_D	ende 	volghet 	hier 	met 	wraken 	naer
M1_18_232_F	ende 	leget 	hem 	met 	wraken 	naer
M1_18_232_G	ende 	leit 	hen 	met 	wraken 	naer
M1_18_232_O	ende 	leit 	hem 	met 	wraken 	naer

M1_18_233_A	die 			in 	hare 	bane
M1_18_233_B	die 			in 	hare 	bane
M1_18_233_C	die 			in 	haere 	bane
M1_18_233_D	die 			in 	haren 	baen
M1_18_233_F	die 			in 	hare 	bane
M1_18_233_G	die 			in 	hare 	bane
M1_18_233_O	die 	met 	haer 	in 	haer 	bane

M1_18_234_A	pleghen 		omme 	te 	gane
M1_18_234_B	pleghen 		omme 	te 	gane
M1_18_234_C	pleghen 		om 		tegane
M1_18_234_D	pleghen 		omme 	te 	gaen
M1_18_234_F	pleghen 	mede 	om 	te 	gane
M1_18_234_G	plegen 		omme 	te 	gane
M1_18_234_O	pleghet 		omme 	te 	gane

M1_19_235_A	soete 	martin 	men 	leset 	dat
M1_19_235_B	soete 	martijn 	men 	leest 	dat
M1_19_235_C	zoete 	martijn 	men 	leest 	dat
M1_19_235_D	soete 	martijn 	men 	leest 	dat
M1_19_235_F	suete 	merten 	men 	leest 	dat
M1_19_235_G	suete 	merten 	men 	leest 	dat
M1_19_235_O	soete 	martin 	men 	leset 	dat

M1_19_236_A	al 	gauic 		wech 	lijf 	ende 	scat
M1_19_236_B	al 	gaue 	ic 	wech 	goet 	ende 	scat
M1_19_236_C	al 	gaue 	ic 	wech 	lijf 	ende 	scat
M1_19_236_D	al 	gaue 	ick 	wech 	goet 	ende 	scat
M1_19_236_F	al 	gaef 	ic 	wech 	goet 	ende 	scat
M1_19_236_G	al 	gauic 		wech 	gout 	ende 	scat
M1_19_236_O	al 	gauic 		wech 	goed 	ende 	scat

M1_19_237_A	ende 	ghedoghede 	grote 	coude
M1_19_237_B	ende 	ghedoghede 	groot 	coude
M1_19_237_C	ende 	ghedoghede 	grote 	coude
M1_19_237_D	ende 	doghede 	grote 	coude
M1_19_237_F	ende 	doghede 	grote 	coude
M1_19_237_G	ende 	gedoegede 	grote 	coude
M1_19_237_O	ende 	doechde 	groote 	coude

M1_19_238_A	ware 	ic 	in 	hooft 	sonden 	mat
M1_19_238_B	wair 	ic 	in 	hooft 	sonden 	mat
M1_19_238_C	weer 	ic 	in 		hoeftsonden 	mat
M1_19_238_D	waer 	ic 	in 	hoeft 	sonden 	mat
M1_19_238_F	waer 	ic 	in 	hooft 	sonden 	mat
M1_19_238_G	waric 		in 		hoeftsonden 	mat
M1_19_238_O	waer 	ic 	in 	hooft 	zonden 	mat

M1_19_239_A	het 	en 	diedde 	mi 	niet 	een 	blat
M1_19_239_B	het 	en 	holpe 	mi 	niet 	een 	blat
M1_19_239_C		hen 	vromede 	mi 	niet 	een 	blat
M1_19_239_D		ten 	holpe 	mi 	niet 	een 	blat
M1_19_239_F		en 	holpe 	mi 	niet 	een 	blat
M1_19_239_G		en 	holpe 	mi 	niet 	i 	blat
M1_19_239_O		en 	holpe 	my 	niet 	een 	blat

M1_19_240_A		die 	nieuwe 	wet 	spreect 	ende 		toude
M1_19_240_B		die 	nyewe 	wet 	seghet 	ende 	de 	oude
M1_19_240_C		die 	nuwe 	wit 	spreect 	ende 	die 	oude
M1_19_240_D	spreect 	die 	nieuwe 	wet 		ende 		doude
M1_19_240_F	sprect 	die 	nuwe 	wet 		ende 		doude
M1_19_240_G		die 	nuwe 	wet 		ende 		doude
M1_19_240_O	spreect 	de 	niewe 	wet 		ende 		doude

M1_19_241_A	die 	ons 	dus 	nauwe 	maken 	den 	pat
M1_19_241_B	die 	ons 	dus 	nauwe 	maken 	den 	pat
M1_19_241_C	die 	ons 	dus 	nauwe 	maken 	den 	pat
M1_19_241_D	die 	ons 	dus 	nauwe 	maken 	den 	pat
M1_19_241_F	die 	ons 	dus 	nauwe 	maken 	den 	pat
M1_19_241_G	die 	ons 	dus 	nauwe 	maken 	den 	pat
M1_19_241_O	die 	ons 	dus 	nauwe 	maken 	den 	pat

M1_19_242_A	te 	hemele 	waert 	ende 		so 	glat
M1_19_242_B	ten 	hemel 	wairt 	ende 		so 	glat
M1_19_242_C		tehemel 	waert 	ende 	zo 		glat
M1_19_242_D	te 	hemelwaert 		ende 	oeck 	soe 	glat
M1_19_242_F	te 	hemelwaert 		ende 	zo 		glat
M1_19_242_G	te 	hemel 	wert 	ende 		so 	glat
M1_19_242_O	te 	hemelwaert 		ende 		so 	glat

M1_19_243_A	ic 	wilde 		god 	selue 	woude
M1_19_243_B	ic 	wilde 		god 	selue 	woude
M1_19_243_C	ic 	wilde 		god 	zelue 	woude
M1_19_243_D	ick 	wildet 		god 	seluer 	woude
M1_19_243_F	ic 	wilde 	dat 	god 	selue 	woude
M1_19_243_G	jc 	woudt 		god 	selue 	woude
M1_19_243_O	ic 	wilde 	dat 	god 	zelue 	woude

M1_19_244_A	dat 	si 	portiers 	waren 	ghesat
M1_19_244_B	dat 	si 	portiers 	waren 	ghesat
M1_19_244_C	dat 	ze 	portiers 	waren 	ghesat
M1_19_244_D	dat 	sy 	poertiers 	waren 	ghesat
M1_19_244_F	dat 	sij 	poirtiers 	waren 	ghesat
M1_19_244_G	dat 	si 	portiers 	waren 	gesat
M1_19_244_O	dat 	zij 	poorters 	waren 	ghesat

M1_19_245_A	ter 	hellen 	si 	souden 	tgat
M1_19_245_B	ter 	hellen 	si 	souden 	tgat
M1_19_245_C	ter 	hellen 	zi 	zouden 	tgat
M1_19_245_D	ter 	hellen 	sy 	soudent 	gat
M1_19_245_F	ter 	hellen 	sij 	souden 	tgat
M1_19_245_G	ter 	hellen 	si 	souden 	tgat
M1_19_245_O	ter 	hellen 	zij 	zouden 	tgat

M1_19_246_A	so 		houden 	met 	ghewoude
M1_19_246_B	so 	s 	houden 	mit 	ghewoude
M1_19_246_C	zo 		hoeden 	met 	ghewoude
M1_19_246_D	soe 		houden 	met 	ghewoude
M1_19_246_F	soe 		houden 	met 	ghewoude
M1_19_246_G	so 		houden 	met 	gewoude
M1_19_246_O	so 		houden 	met 	ghewoude

M1_19_247_A	dattre 	cume 	iemene 	in 		soude
M1_19_247_B	datter 	comen 	yement 	in 		soude
M1_19_247_C	datter 	cume 	yemen 	in 		zoude
M1_19_247_D	datter 	nau 	yemant 	in 		soude
M1_19_247_F	datter 	cume 	yement 	in 	comen 	soude
M1_19_247_G	datter 	cume 	iemen 	in 		soude
M1_19_247_O	datter 	cume 	yement 	in 		zoude

M1_20_248_A	iacop 	menech 	prouft 	ende 	coort
M1_20_248_B	iacop 	menich 	prouft 	ende 	coort
M1_20_248_C	iacob 	menich 	proeft 	ende 	coert
M1_20_248_D	iacop 	menich 	proeft 	ende 	coert
M1_20_248_F	iacob 	menich 	proeft 	ende 	becoirt
M1_20_248_G	iacob 	menech 	proeft 	ende 	coert
M1_20_248_O	iacob 	menich 	prouft 	ende 	coort

M1_20_249_A	der 	helegher 	scrifturen 	wort
M1_20_249_B	der 	heligher 	scrifturen 	woort
M1_20_249_C	der 	heiligher 	scrifturen 	woert
M1_20_249_D	der 	heylighen 	scriftueren 	woert
M1_20_249_F	der 	heiliger 	scriftueren 	woirt
M1_20_249_G	der 	heilegher 	screfturen 	woert
M1_20_249_O	der 	heiligher 	scrifturen 	woort

M1_20_250_A	ende 	waense 	wel 	ghegronden
M1_20_250_B	ende 	wanense 		ghegronden
M1_20_250_C	ende 	waentse 		ghegronden
M1_20_250_D	ende 	wanense 		ghegronden
M1_20_250_F	ende 	wanense 	wel 	ghegronden
M1_20_250_G	ende 	waentse 		gegronden
M1_20_250_O	ende 	wanense 		ghegronden

M1_20_251_A	so 	clapt 	hijt 	leeken 	lieden 	vort
M1_20_251_B	dan 	clappen 	zijt 	leken 	lieden 	voort
M1_20_251_C	zo 	clapt 	hi 	leken 	luden 	voert
M1_20_251_D	dan 	clapt 	hijt 	leeken 	lieden 	voort
M1_20_251_F	dan 	clappen 	zijt 	leecken 	lieden 	voirt
M1_20_251_G	dan 	clappen 	sijt 	leeken 	lieden 	voert
M1_20_251_O	dan 	clappen 	zijt 	leken 	lieden 	voort

M1_20_252_A	die 	gherne 	nieuwe 	dinghen 	hort	
M1_20_252_B	dat 	gheerne 	niewe 	dinghen 	hoort	
M1_20_252_C	dat 	gherne 	nuwe 	dinghe 		hoert
M1_20_252_D	die 	gaerne 	nieuwe 	dinghen 		hoert
M1_20_252_F	die 	gheerne 	nieuwe 		dingen 	hoirt
M1_20_252_G	dat 	gerne 	van 	nuwen 	dingen 	hoert
M1_20_252_O	die 	gheerne 	niewe 	dijnghen 	hoort	

M1_20_253_A	wat 	hi 		heuet 	vonden
M1_20_253_B	wat 	si 	hebben 		vonden
M1_20_253_C	wat 	hi 		heeft 	vonden
M1_20_253_D	van 	dat 	hy 	heuet 	gheuonden
M1_20_253_F	wat 	hij 		heuet 	vonden
M1_20_253_G	wat 	si 	hebben 		vonden
M1_20_253_O	wat 	zij 	hebben 		vonden

M1_20_254_A	selue 		verstaet 	hijs 	niet 	een 	ort
M1_20_254_B	selue 	en 	verstaen 	zijs 	niet 	en 	woirt
M1_20_254_C	zelue 	en 	verstaet 	hijs 	niet 	een 	oert
M1_20_254_D	seluer 	en 	verstaet 	hijs 	niet 	een 	oert
M1_20_254_F	selue 		verstaet 	hijs 	niet 	een 	woirt
M1_20_254_G	selue 	en 	verstaen 	sijs 	niet 	een 	oert
M1_20_254_O	selue 		verstaen 	zijs 	niet 	een 	woort

M1_20_255_A	dits 	meerre 	mesdaet 	dan 	mort
M1_20_255_B	dits 	meerre 	misdaet 	dan 	moort
M1_20_255_C	dits 	meerre 	misdaet 	dan 	moert
M1_20_255_D	dits 	meerder 	mesdaet 	dan 	moert
M1_20_255_F	dits 	meerder 	mesdaet 	dan 	moort
M1_20_255_G	dits 	meerre 	mesdaet 	dan 	moert
M1_20_255_O	dits 	meerder 	mesdaet 	dan 	moort

M1_20_256_A	dat 	si 	gods 	wort 	dus 	wonden
M1_20_256_B	datsi 		gods 	woort 	dus 	wonden
M1_20_256_C	dat 	zij 	gods 	woert 	dus 	wonden
M1_20_256_D	dat 	sy 	gods 	woert 	dus 	wonden
M1_20_256_F	dat 	sij 	gods 	woort 	dus 	wonden
M1_20_256_G	dat 	si 	gods 	woert 	dus 	wonden
M1_20_256_O	dat 	zij 	gods 	woort 	dus 	wonden

M1_20_257_A	hier 	naeyen 	sijt 	hier 	eyst 	ghescort
M1_20_257_B	hier 	naeyen 	zijt 	hier 	ist 	gescoirt
M1_20_257_C	hier 	nayen 	zijt 	hier 	eest 	ghescoert
M1_20_257_D	hier 	nayen 	sijt 	hier 	ist 	ghescoert
M1_20_257_F	hier 	nayen 	sijt 	hier 	eest 	gescoort
M1_20_257_G	hier 	nayen 	sijt 	daer 	eest 	gescoert
M1_20_257_O	hier 	nayen 	zijt 	daer 	eist 	ghescoort

M1_20_258_A	hier 	breect 	een 	naghel 	hier 	i 	bort
M1_20_258_C	hier 	breect 	een 	naghel 	hier 	een 	boert
M1_20_258_D	hier 	brect 	een 	naghel 	daer 	een 	boert
M1_20_258_F	hier 	brect 	een 	nagel 	hier 	een 	boort
M1_20_258_G	hier 	gebrect 	een 	nagel 	daer 	een 	boert
M1_20_258_O	hier 	breect 	een 	naghel 	daer 	een 	boort

M1_20_259_A	wapene 	vanden 		honden
M1_20_259_B	waphene 	vanden 		honden
M1_20_259_C	wapene 	van 	den 	honden
M1_20_259_D	wapen 	ouer 	die 	honden
M1_20_259_F	wapene 	ouer 	dese 	honden
M1_20_259_G	wapen 	ouer 	die 	honde
M1_20_259_O	waphe 	van 	dien 	honden

M1_20_260_A	nu 	ende 		tallen 	stonden
M1_20_260_B	nu 	ende 	te 	allen 	stonden
M1_20_260_C	nu 	en 		tallen 	stonden
M1_20_260_D	nv 	ende 	tot 	allen 	stonden
M1_20_260_F	nu 	ende 		tallen 	stonden
M1_20_260_G	nu 	ende 	in 	elke 	stonde
M1_20_260_O	nu 	ende 		tallen 	stonden

M1_21_261_A	vvanen 	si 	die 	wort 	ghegronden 	saen
M1_21_261_B	wanen 	si 	de 	woort 	gegronden 	zaen
M1_21_261_C	waenen 	zij 	die 	woerde 	ghegronden 	zaen
M1_21_261_D	wanen 	sy 	dat 	woert 	gegronden 	saen
M1_21_261_F	wanen 	zij 	die 	wort 	gegronden 	saen
M1_21_261_G	wanen 	si 	die 	woerde 	gegronden 	saen
M1_21_261_O	wanen 	zij 	die 	woorden 		zaen

M1_21_262_A	daer 	die 	wortele 	ane 		staen
M1_21_262_B	dair 	te 	wortelen 	alle 	of 	staen
M1_21_262_C	daer 	die 	wortele 	ane 		staen
M1_21_262_D	daer 	die 	wortelen 		af 	staen
M1_21_262_F	dair 	die 	wortele 	ane 		staen
M1_21_262_G	daer 	die 	wortelen 	aue 		staen
M1_21_262_O	daer 	die 	wortelen 	ane 		staen

M1_21_263_A	gheplant 	in 	hemelrike
M1_21_263_B	gheplant 	in 	hemelrike
M1_21_263_C	gheplant 	in 	hemelrike
M1_21_263_D	gheplant 	in 	hemelrike
M1_21_263_F	gheplant 	in 	hemelrike
M1_21_263_G	gheplant 	in 	hemelrike
M1_21_263_O	gheplant 	in 	hemelrijke

M1_21_264_A	si 		iaghen 	vele 	ende 	cleene 	si 	vaen
M1_21_264_B	si 		iaghen 	vele 	maer 	clene 	si 	vaen
M1_21_264_C		zij 	jaghen 	vele 	ende 	clein 	zij 	vaen
M1_21_264_D	sy 		iaghen 	vele 		tcleyne 	sy 	vaen
M1_21_264_F	sij 	iagen 		vele 	mer 	cleue 	sij 	vaen
M1_21_264_G	si 	iagen 		vele 		lettel 	si 	vaen
M1_21_264_O	vele 	zij 	iaeghen 			lettel 	zij 	vaen

M1_21_265_A	so 	willen 	si 	tsamen 		slaen
M1_21_265_B	dan 	willen 	si 	te 	samen 	slaen
M1_21_265_C	zo 	willen 	zij 	tesamen 		slaen
M1_21_265_D	dan 	willen 	sijt 	te 	gader 	slaen
M1_21_265_F	dan 	willen 	zij 	te 	gader 	slaen
M1_21_265_G	dan 	willen 	sijt 	te 	gadere 	slaen
M1_21_265_O	dus 	wanen 	zij 	te 	gader 	slaen

M1_21_266_A	ghelike 	ende 	onghelike
M1_21_266_B	ghelike 	ende 	onghelike
M1_21_266_C	ghelijc 	ende 	onghelike
M1_21_266_D	ghelijck 	ende 	onghelijke
M1_21_266_F	ghelijc 	ende 	onghelike
M1_21_266_G	tgelike 	ende 	dongelike
M1_21_266_O	ghelijc 	ende 	onghelijke

M1_21_267_A	dies 		latic 		mijn 	vraghen 	gaen
M1_21_267_B	dies 		latic 		dijn 	vraghen 	staen
M1_21_267_C	des 		laet 	ic 	mijn 	vraghen 	staen
M1_21_267_D	dan 	dien 	laet 	ic 	mijn 	vraghen 	staen
M1_21_267_F	dies 		laet 	ic 	miin 	vragen 	staen
M1_21_267_G	dies 		latic 		mijn 	vragen 	staen
M1_21_267_O	hier 	af 	latic 		mijn 	vraghen 	staen

M1_21_268_A	want 	het 	dinct 	mi 	best 	ghedaen
M1_21_268_B	want 	het 	dinct 	my 	best 	ghedaen
M1_21_268_C	want 	het 	dunct 	mi 	bet 	ghedaen
M1_21_268_D	want 	het 	dunct 	my 	best 	ghedaen
M1_21_268_F		het 	dunct 	mi 	best 	ghedaen
M1_21_268_G	want 	het 	dunct 	mi 	best 	gedaen
M1_21_268_O	want 	het 	dijnct 	my 	best 	ghedaen

M1_21_269_A	dat 	ic 	hier 	af 	wike
M1_21_269_B	dat 	icker 		of 	wike
M1_21_269_C	dat 	ic 	hier 	af 	wike
M1_21_269_D	dat 	ick 	hier 	af 	wijke
M1_21_269_F	dat 	ic 	hier 	aff 	wijke
M1_21_269_G	dat 	ic 	hier 	af 	wike

M1_21_270_A	dan 	ic 		viel 	in 		dommen 	waen
M1_21_270_B	dan 	ic 	u 	viele 	in 		dommen 	waen
M1_21_270_C	dan 	ic 		viele 	in 		doemen 	waen
M1_21_270_D	dan 	ick 		viele 	in 		dommen 	waen
M1_21_270_F	dan 	ic 		vele 	in 	eenen 	dommen 	waen
M1_21_270_G	dan 	ic 		viele 	in 		dommen 	waen
M1_21_270_O	danne 	ic 		viele 	in 		domme 	waen

M1_21_271_A	ende 	nutter 	eist 	dat 	hi 	vliet 	de 	naen
M1_21_271_B		nutter 	is 	dat 	hi 	vlie 	den 	aen
M1_21_271_C		nutter 	eest 			vlien 	den 	naen
M1_21_271_D		beter 	ist 	dat 	ick 	vlie 	den 	naen
M1_21_271_F		beter 	es 	dat 	ic 	vlye 	die 	naem
M1_21_271_G		beter 	es 	dat 	hi 	vlie 	die 	waen
M1_21_271_O		beter 	eist 	dat 	hij 	vliet 	die 	naen

M1_21_272_A	dan 	hi 	te 	campe 	strike
M1_21_272_B	dan 	hi 	te 	campe 	strike
M1_21_272_C	dan 	ic 	te 	campe 	strike
M1_21_272_D	dan 	ick 	ten 	campe 	strijke
M1_21_272_F	dan 	ic 	te 	kempe 	strijke
M1_21_272_G	dan 	hi 	te 	campe 	strike
M1_21_272_O	dan 	hij 	te 	campe 	strijke

M1_21_273_A	ieghen 	den 	kempe 	eerlike
M1_21_273_B	jeghen 	den 	kempe 	eerlike
M1_21_273_C	jeghen 	den 	kempe 	eerlike
M1_21_273_D	jeghen 	den 	kemper 	eerlijke
M1_21_273_F	jegen 	den 	kempe 	eerlike
M1_21_273_G	jegen 	den 	kimpe 	eerlike
M1_21_273_O	jeghen 	den 	kamper 	eerlijke

M1_22_274_A	of 	god 	ten 	joncsten 	daghe 	sal
M1_22_274_B	als 	god 	ten 	ionxten 	daghe 	sal
M1_22_274_C	of 	god 	ten 	ioncsten 	daghe 	zal
M1_22_274_D	of 	god 	ten 	ionxten 	daghe 	sal
M1_22_274_F	oft 	god 	ten 	ioncten 	dage 	zal
M1_22_274_O	of 	god 	ten 	ionxten 	daghe 	zal

M1_22_275_A	ghepeins 	ende 	wort 	berechten 	al
M1_22_275_B	ghepens 	ende 	wort 	berechten 	al
M1_22_275_C	ghepeins 	ende 	woerde 	berichten 	al
M1_22_275_D	ghepeyns 	ende 	woert 	berechten 	al
M1_22_275_F	ghepens 	ende 	woort 	bezichten 	al
M1_22_275_O	ghepeis 	ende 	woort 	berechten 	al

M1_22_276_A	daer 	wi 		in 	oint 	mesdaden
M1_22_276_B	dair 	wi 	ye 	in 		misdaden
M1_22_276_C	daer 	wij 	oyt 	in 		misdaden
M1_22_276_D	daer 	wi 	oyt 	in 		mesdaden
M1_22_276_F	dair 	wij 	oyt 	in 		mesdaden
M1_22_276_O	daer 	wij 	ye 	in 		mesdaden

M1_22_277_A	soudi 			alse 	eenen 	onwerden 	bal
M1_22_277_B	soude 		hi 	als 	een 	onweert 	bal
M1_22_277_C		zoude 	hi 	alse 	een 	onwaert 	bal
M1_22_277_D	soudhi 			als 	een 	onwaert 	bal
M1_22_277_F	soudi 			als 	een 	onweert 	bal
M1_22_277_O	twij 	zoude 	hij 	als 	een 	onweert 	bal

M1_22_278_A	weldaet 	werpen 	int 	helsche 	dal
M1_22_278_B	weldaet 	werpen 	int 	helsche 	dal
M1_22_278_C	weldaet 	werpen 	int 	helsche 	dal
M1_22_278_D	weldaet 	worpen 	int 	helsche 	dal
M1_22_278_F	weldaet 	werpen 	int 	helsche 	dal
M1_22_278_O	weldaet 	werpen 	int 	helsche 	dal

M1_22_279_A	so 	ware 	hi 	sonder 	ghenaden
M1_22_279_B	so 	ware 	hi 	sonder 	genaden
M1_22_279_C	zo 	weer 	hi 	zonder 	ghenaden
M1_22_279_D	soe 	waer 	hi 	sonder 	ghenaden
M1_22_279_F	soe 	waer 	hij 	sonder 	genaden
M1_22_279_O	so 	waere 	hij 	sonder 	ghenaden

M1_22_280_A	neen 	hi 	en 	es 	niet 	so 	smal
M1_22_280_B	neen 	hi 		hets 	niet 	so 	smal
M1_22_280_C	neen 	het 	en 	is 	niet 	zo 	smal
M1_22_280_D	neen 	hi 	en 	is 	niet 	soe 	smal
M1_22_280_F	neen 	hij 	ne 	es 	niet 	soe 	smal
M1_22_280_O	neen 	het 	en 	es 	niet 	zo 	smal

M1_22_281_A	van 	wel 	daden 	dat 	ghetal
M1_22_281_B	van 	weldaden 		dat 	ghetal
M1_22_281_C	van 	weldaden 	al 	dat 	ghetal
M1_22_281_D	van 	weldaden 		int 	ghetal
M1_22_281_F	van 	weldaden 		dat 	ghetal
M1_22_281_O	van 	weldaden 		dat 	ghetal

M1_22_282_A	hen 	wert 	van 	grade 	te 	graden
M1_22_282_B	het 	wert 	van 	grade 	te 	graden
M1_22_282_C	ende 	werde 	van 	grade 		tegraden
M1_22_282_D	ende 	wort 	van 	grade 	te 	graden
M1_22_282_F	ende 	wort 	van 	grade 	te 	grade
M1_22_282_O	en 	werd 	van 	grade 	te 	graden

M1_22_283_A	van 	gode 	ghedanct 	die 	noyt 	en 	al
M1_22_283_B	van 	gode 	ghedanct 	die 	noyt 	ende 	al
M1_22_283_C	van 	gode 	ghedanct 	die 	niene 		hal
M1_22_283_D	van 	gode 	ghedanct 	die 	nye 	en 	hal
M1_22_283_F	van 	gode 	ghedanct 	die 	nie 	en 	hal
M1_22_283_O	van 	gode 	gheloont 	die 	noyt 		hal

M1_22_284_A	wat 	men 	wel 	dede 	ofte 	stal
M1_22_284_B	datmen 		wel 	dede 	of 	stal
M1_22_284_C	dat 	men 		dede 	ofte 	stal
M1_22_284_D	datmen 		wel 	dede 	of 	stal
M1_22_284_F	datmen 			weldede 	ofte 	stal
M1_22_284_O	wat 	men 	wel 	dede 	of 	stal

M1_22_285_A	gherechtichede 	soude 	scaden
M1_22_285_B	gherechtichede 	soude 	scaden
M1_22_285_C	gherechticheide 	zonder 	scaden
M1_22_285_D	gherechticheyt 	soude 	scaden
M1_22_285_F	gherechticheyt 	soude 	scaden
M1_22_285_O	gherechtichede 	zoude 	scaden

M1_22_286_A	hen 	horde 	god 	niet 	die 	baden
M1_22_286_B		hoirde 	god 	niet 	de 	baden
M1_22_286_C		hoerde 	god 	niet 	die 	baden
M1_22_286_D	en 	hoorde 	god 	niet 	die 	baden
M1_22_286_F	en 	hoorde 	god 	niet 	die 	baden
M1_22_286_O	en 	hoorde 	god 	niet 	de 	baden

M1_23_287_A	dat 	seit 	dat 	gheloue 	mijn
M1_23_287_B	dat 	seit 	dat 	gheloue 	mijn
M1_23_287_C	dat 	zeeght 	die 	gheloue 	mijn
M1_23_287_D	wat 	seyt 	dat 	gheloue 	mijn
M1_23_287_F	dat 	zeyt 	tgheloeue 		mijn
M1_23_287_G	dat 	seget 	tgeloeue 		mijn
M1_23_287_O	het 	segghet 	dat 	gheloue 	mijn

M1_23_288_A	god 	moet 	in 	hem 	seluen 	sijn
M1_23_288_B	god 	moet 	in 	hem 	seluen 	zijn
M1_23_288_C	god 	moet 	in 	hem 	zeluen 	zijn
M1_23_288_D	god 	moet 	in 	hem 	seluen 	sijn
M1_23_288_F	god 	moet 	in 	hem 	seluen 	ziin
M1_23_288_G	god 	moet 	in 	hem 	seluen 	sijn
M1_23_288_O	god 	moet 	in 	hem 	zeluen 	zijn

M1_23_289_A	hine 		mach 	el 	nieweren 	wesen
M1_23_289_B	hi 	en 	mach 	el 	niewer 	wesen
M1_23_289_C	hine 		mach 	els 	nerghen 	wesen
M1_23_289_D	hi 	en 	mach 	anders 	niewert 	wesen
M1_23_289_F	hine 		mach 	el 	niewers 	wesen
M1_23_289_G	hine 		mach 	el 	niewer 	wesen
M1_23_289_O	hij 	en 	mach 	el 	niewer 	weesen

M1_23_290_A	hi 	es 	gherechticheden 		fijn
M1_23_290_B	god 	es 	gherechtich 	ende 	fijn
M1_23_290_C	god 	is 	gherechticheiden 		fijn
M1_23_290_D	hi 	is 	gherechtich 	ende 	fijn
M1_23_290_F	hij 	es 	gherechtich 	ende 	fiin
M1_23_290_G	hi 	es 	gerechtech 	ende 	fijn
M1_23_290_O	god 	es 	gherechtich 	ende 	fijn

M1_23_291_A	ende 	ghenadichede 	dats 			anschijn
M1_23_291_B	ende 	genadich 	dats 	aenscijn		
M1_23_291_C	ende 	ghenadicheiden 	dats 	aenscijn		
M1_23_291_D	ende 	ghenadich 	dat 	is 		anschijn
M1_23_291_F	ende 	ghenadich 	dats 	aenschijn		
M1_23_291_G	ende 	genadech 	dat 	es 	wel 	anschijn
M1_23_291_O	ende 	ghenadich 	dats 	aenschijn		

M1_23_292_A	hets 		al 	een 	van 	desen
M1_23_292_B	hi 	es 	als 	een 	van 	desen
M1_23_292_C	hi 	is 	allene 		van 	desen
M1_23_292_D	hi 	is 	al 	een 	van 	desen
M1_23_292_F	hij 	es 	alleen 		van 	desen
M1_23_292_G		dits 	al 	een 	van 	desen
M1_23_292_O	het 	es 	al 	een 	van 	deesen

M1_23_293_A	die 	vanden 		watre 	maecte 	wijn
M1_23_293_B	die 	van 		water 	maicte 	wijn
M1_23_293_C	die 	van 	den 	water 	maecte 	wijn
M1_23_293_D	die 	vanden 		water 	maecte 	wijn
M1_23_293_F	die 	vanden 		water 	maecte 	wiin
M1_23_293_G	die 	van 	den 	watere 	maecte 	wijn
M1_23_293_O	die 	van 	den 	watre 	maecte 	wijn

M1_23_294_A	hine 		es 	sijns 	selues 	niet 	eyghijn
M1_23_294_B			nes 	zijns 	selues 	niet 	eghijn
M1_23_294_C	die 	en 	is 	zijns 	selues 	niet 	eyghijn
M1_23_294_D	hi 		is 	sijns 	selfs 		eyghijn
M1_23_294_F	hine 		es 	siins 	selfs 	niet 	eyghin
M1_23_294_G	hines 			sijns 	selfs 	niet 	eygijn
M1_23_294_O		en 	es 	sijns 	selfs 	niet 	eyghin

M1_23_295_A		wat 	so 	die 	dore 	lesen
M1_23_295_B		wat 	so 	die 	doren 	lesen
M1_23_295_C		wat 	zo 	die 	doren 	lesen
M1_23_295_D	soe 	wat 		die 	dooren 	lesen
M1_23_295_F	soe 	wat 		die 	doeren 	lesen
M1_23_295_G		wat 	dat 	die 	dore 	lesen
M1_23_295_O		wat 	zij 	die 	zotten 	leesen

M1_23_296_A	iacop 	hout 	dat 	gheloue 	dijn
M1_23_296_B	jacop 	hout 		tgheloue 	dijn
M1_23_296_C	jacob 	hout 	die 	gheloue 	dijn
M1_23_296_D	jacop 	houtet 		gheloue 	dijn
M1_23_296_F	jacop 	hout 	tgheloeue 		mijn
M1_23_296_G	jacob 	houde 	tgeloeue 		dijn
M1_23_296_O	jacob 	hout 	dat 	tgheloue 	dijn

M1_23_297_A		hets 	menich 	onbesceeden 	zwijn
M1_23_297_B		hets 	menich 	onbesceldich 	zwijn
M1_23_297_C		hets 	menich 	ombesceiden 	swijn
M1_23_297_D		hets 	menich 	onbescheeden 	zwijn
M1_23_297_F		hets 	menich 	onbescheden 	zwijn
M1_23_297_G	want 	hets 	menech 	onbesceeden 	swijn
M1_23_297_O		hets 	menich 	onbesceiden 	zwijn

M1_23_298_A	te 	priesterscap 	gheresen
M1_23_298_B	te 	priesterscap 	gheresen
M1_23_298_C	ter 	priesterscap 	verresen
M1_23_298_D	te 	priesterschape 	gheresen
M1_23_298_F	te 	priesterscape 	gheresen
M1_23_298_G	te 	priesterscape 	geresen
M1_23_298_O	te 	priesterscepe 	ghereesen

M1_23_299_A	dies 	niet 	en 	mach 	ghenesen
M1_23_299_B	die 	niet 		mach 	ghenesen
M1_23_299_C	die 	niene 		can 	ghenesen
M1_23_299_D	dies 	niet 	en 	can 	ghenesen
M1_23_299_F	dies 	niet 	en 	kan 	ghenesen
M1_23_299_G	dies 	niet 	en 	can 	genesen
M1_23_299_O	die 	niemende 		can 	ghenesen

M1_24_300_A	martijn 	dijn 	gheloue 	es 	goet
M1_24_300_B	martijn 	dijn 	gheloue 	es 	goet
M1_24_300_C	martijn 	dijn 	andworde 	is 	goet
M1_24_300_D	martijn 	dyne 	gheloue 	is 	goet
M1_24_300_F	merten 	dine 	antwoirde 	es 	goet
M1_24_300_G	merten 	dine 	antwerdde 	es 	goet
M1_24_300_O	martin 	dijn 	andwoorde 	es 	goed

M1_24_301_A	ic 	bem 	dies 	seker 	ende 	vroet
M1_24_301_B	dies 	bin 	ic 	seker 	ende 	vroet
M1_24_301_C	ic 	ben 	dies 	zeker 	ende 	vroet
M1_24_301_D	ick 	ben 	des 	seker 	ende 	vroet
M1_24_301_F	ic 	bin 	dies 	zeker 	ende 	vroet
M1_24_301_G	jc 	ben 	dies 	seker 	ende 	vro
M1_24_301_O	ic 	bem 	dies 	zeker 	ende 	vroet

M1_24_302_A	weldaet 		wert 	niet 	vergheten
M1_24_302_B	weldaet 		wert 	niet 	vergheten
M1_24_302_C	weldaet 	en 	waert 	nie 	vergheten
M1_24_302_D	weldaet 	en 	wort 	niet 	vergheten
M1_24_302_F	weldaet 	en 	wert 	niet 	vergheten
M1_24_302_G	weldaet 	en 	wert 	niet 	vergeten
M1_24_302_O	weldaet 		wert 	niet 	vergheten

M1_24_303_A	laet 	hem 	begaen 	diet 	ghelden 	moet
M1_24_303_B	laet 	hem 	begaen 	diet 	ghelden 	moet
M1_24_303_C	laet 	hem 	begaen 	diet 	ghelden 	moet
M1_24_303_D	laet 	hem 	begaen 	diet 	ghelden 	moet
M1_24_303_F	laet 	hem 	begaen 	diet 	ghelden 	moet
M1_24_303_G	laet 	hem 	begaen 	diet 	gelden 	moet
M1_24_303_O	laet 	hem 	begaen 	diet 	ghelden 	moet

M1_24_304_A	ende 	diet 	al 	bi 	redenen 	doet
M1_24_304_B	ende 	diet 	al 	bi 	redene 	doet
M1_24_304_C	ende 	diet 	al 	bi 	redene 	doet
M1_24_304_D	ende 	diet 	al 	bi 	reden 	doet
M1_24_304_F	ende 	diet 	al 	bij 	redenen 	doet
M1_24_304_G	ende 	diet 	al 	bi 	redenen 	doet
M1_24_304_O	ende 	diet 	al 	bi 	redene 	doet

M1_24_305_A	nemmeer 		en 	willix 		weten
M1_24_305_B	nemmer 		en 	willix 		weten
M1_24_305_C	niet 	meer 	en 	wil 	ics 	weten
M1_24_305_D	niet 	meer 	en 	wil 	ics 	weten
M1_24_305_F	nemmeer 		en 	wil 	ics 	weten
M1_24_305_G	nemmeer 		en 	willics 		weten
M1_24_305_O	niet 		en 	willics 		weeten

M1_24_306_A	hi 	es 	die 	ghene 	diet 	al 			behoet
M1_24_306_B	hi 	es 			diet 	al 	maict 	ende 	hoet
M1_24_306_C	hi 	is 			diet 	al 	maect 	ende 	hoedt
M1_24_306_D	hi 	es 			diet 	al 	maect 	ende 	behoet
M1_24_306_F	hii 	es 			diet 	al 	maecte 	ende 	behoet
M1_24_306_G	hi 	es 			diet 	al 	maect 	ende 	behoedt
M1_24_306_O	hij 	es 			diet 	al 	merct 	ende 	behoet

M1_24_307_A	alse 	die 	hinne 	hare 	kiekine 	broet
M1_24_307_B	also 	die 	henne 		teye 	broet
M1_24_307_C	alse 	die 	henne 	die 	kiekene 	broedt
M1_24_307_D	alsoe 	die 	henne 	haer 	kieken 	broet
M1_24_307_F	ghelijc 	die 	hinne 	die 	kieken 	broet
M1_24_307_G	alsoe 	die 	hinne 	har 	kiekene 	broedt
M1_24_307_O	alse 	die 	hinne 	haer 	kiekine 	broet

M1_24_308_A		heeft 	hijt 	al 	beseten
M1_24_308_B		heeft 	hijt 	al 	beseten
M1_24_308_C		heeft 	hijt 	al 	beseten
M1_24_308_D	soe 	heeft 	hijt 	al 	beseten
M1_24_308_F		heeft 	hij 	al 	beseten
M1_24_308_G		heeft 	hijt 	al 	beseten
M1_24_308_O		heeft 	hijt 	al 	beseten

M1_24_309_A	hi 	gheuet 	ons 	ziele 	vleesch 	ende 	bloet
M1_24_309_B	hi 	gheeft 	ons 	ziele 	vleesch 	ende 	bloet
M1_24_309_C	wy 	gheuen 	hem 	ziele 	vleisch 	ende 	bloet
M1_24_309_D	hi 	geeft 	ons 	siele 	vleesch 	ende 	bluet
M1_24_309_F	hij 	gheeft 	ons 	ziele 	vleesch 	ende 	bloet
M1_24_309_G	wi 	geuen 	hem 	siele 	vleesch 	ende 	bloet
M1_24_309_O	hij 	gheeft 	ons 	ziele 	lijf 	ende 	bloet

M1_24_310_A	hi 	hoet 	ons 	vorden 		helschen 	gloet
M1_24_310_B	hi 	hoet 	ons 	voir 	de 	helsche 	gloet
M1_24_310_C	hi 	hoedt 	ons 	voer 	die 	helsche 	gloet
M1_24_310_D	hi 	hoet 	ons 	voer 	die 	helsche 	gloet
M1_24_310_F	hij 	behoet 	ons 	voir 	die 	helsche 	gloet
M1_24_310_G	hi 	hoedt 	ons 	vore 	die 	helsche 	gloet
M1_24_310_O	ende 	wacht 	ons 	voor 	die 	helsche 	gloet

M1_24_311_A	dat 	wi 	niet 		werden 	te 	sleten
M1_24_311_B	dat 	wi 	niet 		werden 	verbeten	
M1_24_311_C	dat 	wij 	niene 		werden 	tereten	
M1_24_311_D	dat 	wi 	niet 	en 	werden 	verbeten	
M1_24_311_F	dat 	wij 	niet 	en 	werden 	verbeten	
M1_24_311_G	dat 	wi 	niet 	en 	werden 	verbeten	
M1_24_311_O	dat 	wi 	niet 	en 	worden 	verbeten	

M1_24_312_A	ten 	ioncsten 		noch 	verbeten	
M1_24_312_B	ten 	ionxten 	daghe 	noch 		ghesleten
M1_24_312_C	ten 	joncsten 		noch 	verbeten	
M1_24_312_D	ten 	ionxten 	daghe 	noch 	versleten	
M1_24_312_F	ten 	ioncsten 	dage 	no 	doir 	gheten
M1_24_312_G	ten 	ionxsten 	dage 	no 		geten
M1_24_312_O	ten 	ionxsten 		noch 	doereten	

M1_25_313_A	martin 	menich 		parlement
M1_25_313_B	martijn 	die 	meneghe 	parlement
M1_25_313_C	martijn 	menich 		parlement
M1_25_313_D	martijn 	die 	meyninghe 	parlement
M1_25_313_F	merten 	menich 		perlement
M1_25_313_G	merten 	menech 		perlement
M1_25_313_O	martin 	menich 	maect 	perlement

M1_25_314_A	ende 	seghet 									die 	minne 			es 	blent
M1_25_314_B	ende 	seit 	dat 									minne 			es 	blent
M1_25_314_C	men 	zeeght 	dat 								die 	minne 		is 		blent
M1_25_314_D	ende 	seyt 	dat 								die 	minne 		is 		blent
M1_25_314_F	men 	seit 	dat 								die 	minne 			es 	blent
M1_25_314_G	ende 	seggen 	dat 	die 	minne 	es 	blent 	⸫⸫ 	es 	om 	die 	minne 	dat 	si 	es 	blent 
M1_25_314_O	ende 	segghet 	dat 								die 	minne 			es 	blent

M1_25_315_A	oec 	eist 	een 	woert 	ghemeene
M1_25_315_B	oic 	eest 	een 	woort 	ghemene
M1_25_315_C	oec 	eest 	een 	woert 	ghemene
M1_25_315_D	oeck 	ist 	een 	woert 	ghemeene
M1_25_315_F	oic 	eest 	een 	woort 	ghemeene
M1_25_315_G	oec 	eest 	een 	woert 	gemeene
M1_25_315_O	doch 	eist 	een 	woort 	ghemene

M1_25_316_A	omme 	dat 	ic 	ben 	een 	onwijs 	rent
M1_25_316_B	om 	dat 	ic 	ben 	een 	onwijs 	rent
M1_25_316_C	om 	dat 	ic 	ben 	een 	onwijs 	rent
M1_25_316_D	om 	dat 	ick 	ben 	een 	onwijs 	rent
M1_25_316_F	om 	dat 	ic 	bin 	een 	onwijs 	rent
M1_25_316_G	om 	dat 	ic 	ben 	een 	onwijs 	rent
M1_25_316_O	omme 	dat 	ic 	ben 	een 	onwijs 	rent

M1_25_317_A	so 	mac 	mi 	dese 	wort 	bekent
M1_25_317_B		maec 	mi 	deser 	dijn 	bekent
M1_25_317_C	zo 	make 	mi 	dese 	redene 	bekent
M1_25_317_D		maect 	mij 	dese 	dinck 	bekent
M1_25_317_F		maect 	mi 	dese 	woirde 	bekent
M1_25_317_G	so 	maect 	mi 	dese 	woerde 	bekent
M1_25_317_O		maect 	my 	deese 	woort 	bekent

M1_25_318_A	want 	ennes 			niet 		cleene
M1_25_318_B	want 	ens 		wijsheit 	niet 		clene
M1_25_318_C	want 	en 	is 		niet 		clene
M1_25_318_D		ten 	is 		niet 	wijsheyt 	cleene
M1_25_318_F		en 	es 		niet 	wijsheyt 	cleene
M1_25_318_G	want 	en 	es 		niet 		cleene
M1_25_318_O	want 	en 	es 	wijsheit 	niet 		clene

M1_25_319_A	es 	dat 	waer 	so 	es 	minne 	torment
M1_25_319_B	es 	dat 	wair 	so 	es 	minne 	torment
M1_25_319_C	is 	dat 	waer 	zo 	is 	minne 	torment
M1_25_319_D	eest 		waer 	soe 	is 	mine 	torment
M1_25_319_F	es 	dit 	waer 	soe 	es 	minne 	torment
M1_25_319_G	es 	dat 	waer 	so 	es 	minne 	torment
M1_25_319_O	es 	dat 	waer 	zo 	es 	minne 	torment

M1_25_320_A	entie 	hare 	volghet 	es 	ghescent
M1_25_320_B	die 	hare 	volghede 	ware 	ghescent
M1_25_320_C	die 	haer 	uolghede 	waer 	ghescent
M1_25_320_D	die 	haer 	volchde 	waer 	gheschent
M1_25_320_F	die 	haer 	volghede 	waer 	geschent
M1_25_320_G	die 	hare 	volgde 	ware 	gescent
M1_25_320_O	die 	haer 	volgde 	ware 	ghescent

M1_25_321_A	ende 	onteert 	al 	reene
M1_25_321_B	ende 	onteert 	al 	rene
M1_25_321_C	ende 	ondeert 		alrene
M1_25_321_D	ende 	onteert 		alteene
M1_25_321_F	ende 	onteert 	al 	reene
M1_25_321_G	ende 	onteert 	al 	reene
M1_25_321_O	ende 	ontheert 	al 	reene

M1_25_322_A	nu 	seghet 	elc 	wise 	al 	omtrent
M1_25_322_B	nu 	seit 	elc 	wise 	al 	omtrent
M1_25_322_C	nu 	zeghet 	elc 	wise 		ommetrent
M1_25_322_D	nv 	seyt 	elc 	wijse 	al 	omtrent
M1_25_322_F	nu 	seit 	elc 	wijse 	al 	omtrent
M1_25_322_G	nu 	seget 	elc 	wise 	al 	omtrent
M1_25_322_O	nu 	seit 	elc 	wise 	al 	omtrent

M1_25_323_A	dat 	minne 	dat 	edele 	instrument
M1_25_323_B	dat 	minne 		tsoete 	instrument
M1_25_323_C	dat 	minne 	dat 	zoete 	instrument
M1_25_323_D	daer 	minne 	dat 	soete 	instrument
M1_25_323_F	dat 	minne 	dat 	zuete 	instrument
M1_25_323_G	dat 	minne 	dat 	suete 	instrvment
M1_25_323_O	dat 	minne 	dat 	zoete 	instrument

M1_25_324_A	gode 	van 	nazareene
M1_25_324_B	jhesum 	van 	nazarene
M1_25_324_C	gode 	van 	nazarene
M1_25_324_D	god 	van 	nazarene
M1_25_324_F	gode 	van 	nazarene
M1_25_324_G	gode 	van 	nazareene
M1_25_324_O	jhesum 	van 	nazarene

M1_25_325_A	brochte 	in 	desen 	weene
M1_25_325_B	brochten 	in 	desen 	wene
M1_25_325_C	bracht 	in 	dese 	wene
M1_25_325_D	brocht 	in 	dese 	weene
M1_25_325_F	brochte 	in 	desen 	weene
M1_25_325_G	brochte 	in 	desen 	weene
M1_25_325_O	brochte 	in 	desen 	weene

M1_26_326_A	iacop 	dijn 	vraghen 	es 	swaer
M1_26_326_B	iacop 	dijn 	vraghen 	es 	zwair
M1_26_326_C	iacob 	dijn 	vraghen 	is 	swaer
M1_26_326_D	iacop 	dijn 	vraghen 	is 	zwaer
M1_26_326_F	iacop 	diin 	vrage 	es 	zwaer
M1_26_326_G	iacob 	dijn 	vragen 	es 	swaer
M1_26_326_O	iacob 	dijne 	vraghe 	es 	zwaer

M1_26_327_A	doch 	proeftmen 	in 	redene 	claer
M1_26_327_B	doch 	prouftmen 	mit 	redenen 	clair
M1_26_327_C	doch 	proeftmen 	bi 	redene 	claer
M1_26_327_D	doch 	proeftmen 	met 	reden 	claer
M1_26_327_F	doch 	proeftmen 			openbaer
M1_26_327_G	doch 	ftmen 	bi 	redenen 	claer
M1_26_327_O	doch 	prouftment 	bi 	redene 	claer

M1_26_328_A		drierhande 	minne
M1_26_328_B	clair 	drierande 	minne
M1_26_328_C		drierhande 	minne
M1_26_328_D		drierhande 	minne
M1_26_328_F		drierhande 	minne
M1_26_328_G		drierande 	minne
M1_26_328_O	drie 	derhande 	minne

M1_26_329_A			deerste 		caritate 	dats 	waer
M1_26_329_B			deerste 	es 	caritate 	dats 	wair
M1_26_329_C		die 	ierste 	heit 	caritate 	dats 	waer
M1_26_329_D			deerste 		caritate 	dats 	waer
M1_26_329_F	¶ 	die 	ierste 	es 	caritate 	dats 	waer
M1_26_329_G			dierste 	es 	caritate 	dats 	waer
M1_26_329_O			deerste 	es 	caritate 	dats 	waer

M1_26_330_A	dies 		sonder 	pine 	ende 		vaer
M1_26_330_B	die 	es 	sonder 	pine 	ende 		vaer
M1_26_330_C	die 	is 	zonder 	pine 	ende 	zonder 	vaer
M1_26_330_D	si 	is 	sonder 	pine 	ende 		vaer
M1_26_330_F	die 	es 	sonder 	pine 	ende 		vaer
M1_26_330_G	die 	es 	sonder 	pine 	ende 		vaer
M1_26_330_O	die 	es 	zonder 	pine 	ende 		vaer

M1_26_331_A	ende 	daer 	woent 	god 	inne
M1_26_331_B	ende 	dair 	woent 	god 	inne
M1_26_331_C	ende 	daer 	woent 	god 	inne
M1_26_331_D	ende 	daer 	woent 	god 	inne
M1_26_331_F	ende 	daer 	woent 	god 	inne
M1_26_331_G	ende 	daer 	woent 	god 	inne
M1_26_331_O	ende 	daer 	woent 	god 	jnne

M1_26_332_A		dander 	trect 	die 	weerelt 	naer
M1_26_332_B		dander 	truct 	de 	werelt 	naer
M1_26_332_C	die 	ander 	trect 	die 	werelt 	naer
M1_26_332_D		dander 	trect 	de 	werelt 	naer
M1_26_332_F	¶ 	dander 	trect 	die 	werelt 	naer
M1_26_332_G		dander 	trect 	die 	werelt 	naer
M1_26_332_O		dander 	trect 	de 	weerelt 	naer

M1_26_333_A	om 	eere 	om 	goet 	staet 	al 	haer 	gaer
M1_26_333_B	om 	ere 	om 	goet 	staet 		hair 	gaer
M1_26_333_C	om 	ere 	om 	goet 	staet 	al 	hoer 	gaer
M1_26_333_D	om 	eer 	om 	goet 	is 	al 	haer 	gaer
M1_26_333_F	om 	eere 	om 	goet 	staet 	al 	haer 	gaer
M1_26_333_G	om 	eere 	om 	goet 	steet 	al 	hare 	gaer
M1_26_333_O	om 	eere 	om 	goet 	staet 	al 	haer 	gaer

M1_26_334_A		dits 		eene 	bastaerdinne
M1_26_334_B		dits 		een 	bastaerdinne
M1_26_334_C		dits 		ene 	bastardinne
M1_26_334_D		dats 		eene 	bastaerdinne
M1_26_334_F		dat 	es 	eene 	bastaertdinne
M1_26_334_G	ende 	dats 		ene 	bastardinne
M1_26_334_O	ende 	dat 	es 	de 	bastardinne

M1_26_335_A		die 	derde 	minne 	heescht 	die 		jaer
M1_26_335_B		de 	derde 	minne 	heescht 	de 		jaer
M1_26_335_C		die 	derde 	minne 	eescht 	die 		iaer
M1_26_335_D		die 	derde 	minne 	eyschet 	de 		iaer
M1_26_335_F	¶ 	die 	derde 	minne 	eyschen 	die 		iaer
M1_26_335_G		die 	derde 		eyscht 	die 	bloyende 	iaer
M1_26_335_O		de 	derde 		heeschet 		bloyende 	iaer

M1_26_336_A	als 	bi 	naturen 	elc 	doet 	sijn 	paer
M1_26_336_B	als 	bi 	naturen 	elc 	doet 	zijn 	paer
M1_26_336_C	alse 	bi 	naturen 	elc 		zijn 	paer
M1_26_336_D	als 	by 	natuere 	elc 	doet 	sijn 	paer
M1_26_336_F	als 	bij 	natueren 	elc 		siin 	paer
M1_26_336_G	als 	bi 	naturen 	elc 	doet 	sijn 	paer
M1_26_336_O	als 	by 	naturen 	elc 	souct 	zijn 	paer

M1_26_337_A	al 	noch 	sijn 	si 	dinne
M1_26_337_B	als 	noch 	sijn 	die 	dinne
M1_26_337_C		aldoch 	zijn 	zij 	dinne
M1_26_337_D	al 	doch 	sijn 	sy 	dinne
M1_26_337_F	al 	doch 	siin 	zij 	dinne
M1_26_337_G	maer 	doch 	sijn 	si 	dinne
M1_26_337_O	maer 	doch 	zijn 	zij 	dinne

M1_26_338_A	die 	deser 	volghen 	bi 	sinne
M1_26_338_B	die 	deiser 	volghen 	bi 	sinne
M1_26_338_C	die 	deser 	uolghen 	bi 	zinne
M1_26_338_D	die 	deser 	volghen 	met 	sinne
M1_26_338_F	die 	deser 	volghen 	met 	zinne
M1_26_338_G	die 	deser 	volgen 	met 	sinne
M1_26_338_O	die 	deser 	volghen 	met 	zinne

M1_27_339_A		deerste 	minne 	es 	so 	groot
M1_27_339_B		deerste 	minne 	es 	so 	groot
M1_27_339_C	die 	ierste 	minne 	is 	zo 	goet
M1_27_339_D		deerste 	minne 	is 	soe 	groot
M1_27_339_F		deerste 	minne 	es 	soe 	groot
M1_27_339_G		dierste 	minne 	es 	so 	grot
M1_27_339_O		deerste 	minne 	es 	zo 	groet

M1_27_340_A	dat 	alleene 	dat 	god 		gheboot
M1_27_340_B	dat 	allene 	dat 	god 		geboot
M1_27_340_C	dat 	alle 	die 	god 	ie 	gheboet
M1_27_340_D	dat 	al 	dat 	god 	ye 	gheboot
M1_27_340_F	dat 	alleene 	dat 	god 	ye 	geboot
M1_27_340_G	dat 	al 	dat 	god 	ie 	geboet
M1_27_340_O	dat 	al 	dat 	god 	ye 	gheboet

M1_27_341_A	vul 	prijsde 	niet 		haer 	werde
M1_27_341_B		volprijsde 	mit 	hairre 		wairde
M1_27_341_C		volprijsden 	niet 		haer 	weerde
M1_27_341_D		volprijsde 	hy 	met 	haer 	waerde
M1_27_341_F	en 	volprijsde 	niet 		haer 	weerde
M1_27_341_G	en 	volpresen 	niet 	hare 		werde
M1_27_341_O		volprijsde 	niet 		haer 	weerde

M1_27_342_A	iane 		trac 	so 	themesche 	broot
M1_27_342_B	jane 		trac 	so 	themelsche 	broot
M1_27_342_C	ja 	en 	trecte 	si 	themelsche 	broet
M1_27_342_D	ja 	sy 	track 		themelsche 	broot
M1_27_342_F	ja 	sij 	trac 		themels 	broot
M1_27_342_G	want 	si 	trac 		themelsche 	broet
M1_27_342_O	ja 	ne 	tracse 	niet 	themelsche 	broot

M1_27_343_A	hier 	neder 		inder 	magheden 	scoot
M1_27_343_B	hier 	neder 		inder 	maichden 	scoot
M1_27_343_C	hier 	neder 	in 	der 	maghet 	scoet
M1_27_343_D	hier 	neder 		inder 	maghet 	schoot
M1_27_343_F	hier 	neder 		inder 	maghet 	scoot
M1_27_343_G	hier 	neder 		inder 	maget 	scoet
M1_27_343_O	hier 	neder 	in 	der 	maechden 	scoet

M1_27_344_A	onder 	der 	ioden 	zwerde
M1_27_344_B	onder 	der 	ioden 	zwairde
M1_27_344_C	onder 	der 	ioeden 	sweerde
M1_27_344_D	onder 	der 	ioden 	swaerde
M1_27_344_F	onder 	der 	ioden 	zweerde
M1_27_344_G	onder 	der 	ioden 	swerde
M1_27_344_O	onder 	der 	jueden 	zweerde

M1_27_345_A		minne 	es 	god 	dat 	merct 	al 	bloot
M1_27_345_B		minne 	es 	goet 		merc 	al 	bloot
M1_27_345_C		minne 	is 	god 	dat 	merct 		albloet
M1_27_345_D		minne 	is 	god 		merctet 	al 	bloot
M1_27_345_F		minne 	es 	god 	die 	merct 	al 	bloot
M1_27_345_G	dese 	minne 	es 	god 	dat 	merct 	al 	bloet
M1_27_345_O		minne 	es 	god 	dit 	merct 	al 	bloet

M1_27_346_A	wie 	mochte 	els 	bringhen 	inder 		noot
M1_27_346_B	wie 	mochte 	els 	bringhen 	inde 		noot
M1_27_346_C	wie 	mochten 	els 	breinghen 	in 	der 	noet
M1_27_346_D	wie 	mochten 		brenghen 	inder 		noot
M1_27_346_F	wie 	mochten 	anders 	bringen 	inder 		noot
M1_27_346_G	wie 	mochte 	els 	bringen 	in 	selker 	noet
M1_27_346_O	wie 	brochte 	anders 		in 	der 	noot

M1_27_347_A	hem 	diet 	al 	verwerde
M1_27_347_B	hem 	diet 	al 	veruairde
M1_27_347_C	hem 	diet 	al 	verueerde
M1_27_347_D	hem 	diet 	al 	verwaerde
M1_27_347_F	hem 	diet 	al 	verueerde
M1_27_347_G	hem 	diet 	al 	uerwerde
M1_27_347_O	hem 	diet 	al 	verweerde

M1_27_348_A	dan 	die 	hem 	seluen 	daer 	in 	besloot
M1_27_348_B	dat 	hi 	hem 	seluen 	dair 	in 	sloet
M1_27_348_C	dan 	hi 	hem 	zeluen 	daer 	in 	besloet
M1_27_348_D	dan 	hi 	hem 		daer 	inne 	besloot
M1_27_348_F	dan 	hij 	hem 		dair 	in 	besloot
M1_27_348_G	daer 	hi 	hem 	seluen 		in 	besloet
M1_27_348_O	dan 	hi 		hemzeluen 	daer 	in 	besloet

M1_27_349_A	ende 	dor 		ons 	sijn 	bloet 	root
M1_27_349_B	die 	der 		minen 	zijn 	bloet 	root
M1_27_349_C	die 	doer 	die 	minne 	zijn 	bloet 	roet
M1_27_349_D	die 	doer 		minne 	sijn 	bluet 	root
M1_27_349_F	die 	doer 		minne 	sijn 	bloet 	root
M1_27_349_G	die 	dore 		minne 	sijn 	bloet 	roet
M1_27_349_O	ende 	doer 		minne 	zijn 	bloet 	root

M1_27_350_A	storte 	hier 	neder 	vp 	derde	
M1_27_350_B	sturte 	op 	die 		airde	
M1_27_350_C	storte 	hier 	neder 	op 	derde	
M1_27_350_D	storte 	hier 		op 	daerde	
M1_27_350_F	storte 	hier 	neder 	op 	deerde	
M1_27_350_G	storte 	hier 		op 	derde	
M1_27_350_O	storte 	hier 		vp 	de 	eerde

M1_27_351_A	ende 	in 	minnen 	hem 	openberde
M1_27_351_B	ende 		minne 		openbairde
M1_27_351_C	ende 	in 	minnen 		openberde
M1_27_351_D	ende 		minne 		openbaerde
M1_27_351_F	ende 	in 	minne 		openbaerde
M1_27_351_G	ende 	sine 	minne 		oppenberde
M1_27_351_O	ende 	in 	minnen 		openbeerde

M1_28_352_A	vvien 	dat 	selke 	minne 	es 	cont
M1_28_352_B	wie 	so 	sulke 	minne 	es 	cont
M1_28_352_C	wien 	zo 	zulke 	minne 	is 	cont
M1_28_352_D	o 	dien 	sulcke 	minne 	is 	cont
M1_28_352_F	wien 	dat 	sulke 	minne 	es 	cont
M1_28_352_G	wien 	dat 	selke 	minne 	es 	cont
M1_28_352_O	wient 	dat 	zulke 	minne 	es 	cont

M1_28_353_A	alse 	caritate 	hi 	es 	ghesont
M1_28_353_B	als 	caritate 	hi 	es 	ghesont
M1_28_353_C	alse 	caritate 	hi 	is 	ghesont
M1_28_353_D	als 	caritate 	hi 	is 	ghesont
M1_28_353_F	als 	karitate 	hij 	es 	gesont
M1_28_353_G	als 	caritate 	hi 	es 	gewont
M1_28_353_O	als 	caritate 	hi 	is 	ghesont

M1_28_354_A	men 	machene 		niet 	verblenden
M1_28_354_B	men 	machen 		niet 	verblenden
M1_28_354_C	men 	maghene 		niet 	verblenden
M1_28_354_D	men 	mach 	hem 	niet 	verblenden
M1_28_354_F	men 	mach 	hem 	niet 	verblinden
M1_28_354_G	men 	mach 	en 	niet 	verblenden
M1_28_354_O	men 	machen 		niet 	verblenden

M1_28_355_A	al 	laghe 	hi 		inder 	hellen 	gront
M1_28_355_B	al 	ware 	hi 		inder 	hellen 	gront
M1_28_355_C	al 	laghe 	hi 	in 	der 	hellen 	gront
M1_28_355_D	al 	waer 	hi 		inder 	hellen 	gront
M1_28_355_F	al 	laghe 	hij 		inder 	hellen 	gront
M1_28_355_G	al 	lage 	hi 	in 	der 	hellen 	gront
M1_28_355_O	al 	laghe 	hi 	in 	der 	hellen 	gront

M1_28_356_A	ware 		hi 		daer 	mede 	ghewont
M1_28_356_B	ware 		hire 			mede 	ghewont
M1_28_356_C	waer 		hi 		daer 	mede 	ghewont
M1_28_356_D	waer 		hi 		daer 	mede 	ghewont
M1_28_356_F	waer 		hij 		daer 	mede 	ghewont
M1_28_356_G	op 	dat 	hi 	ware 	daer 	mede 	gewont
M1_28_356_O	waere 		hi 		daer 	mede 	ghewont
M1_28_356_Z	waer 		hi 		daer 	mede 	gewont

M1_28_357_A	hine 		ware 	niet 	in 	ellenden
M1_28_357_B	hien 		ware 	niet 	in 	ellenden
M1_28_357_C	hi 	ne 	waer 	niet 	in 	ellenden
M1_28_357_D	hi 	en 	waer 	niet 	in 	allenden
M1_28_357_F	hine 		waer 	niet 	in 	ellenden
M1_28_357_G	hi 	en 	ware 	niet 	in 	ellenden
M1_28_357_O	hi 	en 	waere 	niet 	in 	allenden
M1_28_357_Z	hine 		waer 	niet 	in 	elenden

M1_28_358_A	maer 	god 	en 	wille 		den 	riken 	vont
M1_28_358_B	mar 	god 		wille 	niet 	den 	riken 	vont
M1_28_358_C	mer 	god 	en 	wil 		den 	riken 	vont
M1_28_358_D	mer 	god 	en 	wil 		den 	rijken 	vont
M1_28_358_F	mer 	god 	en 	wille 		den 	riken 	vont
M1_28_358_G	maer 	god 	en 	wilt 		den 	riken 	vont
M1_28_358_O	maer 	god 	en 	wilse 		den 	rijken 	vont
M1_28_358_Z	maer 	god 	en 	wilde 		den 	riken 	vont

M1_28_359_A	gheenen 	sondare 		gheenen 	hont
M1_28_359_B	ghenen 	sondair 		ghenen 	hont
M1_28_359_C	ghenen 	zondare 		ghenen 	hont
M1_28_359_D	ghenen 	sondaer 		ghenen 	hont
M1_28_359_F	gheenen 	sondare 	no 	ghenen 	hont
M1_28_359_G	ghenen 	sondere 		genen 	hont
M1_28_359_O	ghenen 	zondaere 		ghenen 	hont
M1_28_359_Z	ghenen 	sondare 		genen 	hont

M1_28_360_A	nemmermeer 	toe 	senden
M1_28_360_B	nemmer 	toe 	senden
M1_28_360_C	nemmermeer 	toe 	zenden
M1_28_360_D	nemmermeer 	toe 	seynden
M1_28_360_F	nemmermeer 	toe 	senden
M1_28_360_G	nemmermeer 	toe 	senden
M1_28_360_O	nemmermeer 		toezenden
M1_28_360_Z	nemmermeere 	toe 	sinden

M1_28_361_A	die 	edele 	haue 	dat 	diere 	pont
M1_28_361_B	den 	edele 	haue 		tdiere 	pont
M1_28_361_C	die 	edel 	gaue 	dat 	diere 	pont
M1_28_361_D	die 	edel 	gaue 	dat 	diere 	pont
M1_28_361_F	die 	edele 	gaue 	dat 	diere 	pont
M1_28_361_G	die 	edele 	gaue 	dat 	diere 	pont
M1_28_361_O	die 	edele 	gaue 	dat 	diere 	pont
M1_28_361_Z	dat 	edele 	gaue 	dat 	diere 	pont

M1_28_362_A		smaect 	alleene 	der 	vriende 	mont
M1_28_362_B		smaict 	allene 	de 	vremden 	mont
M1_28_362_C	het 	smaect 	allene 	der 	vriende 	mont
M1_28_362_D		smaect 	allene 	der 	vrienden 	mont
M1_28_362_F		smaecte 	alleen 	der 	vrienden 	mont
M1_28_362_G		smaect 	allene 	der 	vriende 	mont
M1_28_362_O		smaect 	allene 	der 	vrienden 	mont
M1_28_362_Z		smaect 	alleen 	der 	vriende 	mont

M1_28_363_A	men 	mach 	haer 	lijf 	doen 	henden
M1_28_363_B	men 	mach 	hair 	lijf 	doen 	eynden
M1_28_363_C	men 	mach 	hoer 	dlijf 	doen 	enden
M1_28_363_D	men 	mach 	haer 	lijf 	doen 	eynden
M1_28_363_F	men 	mach 	haer 	lijf 	doen 	enden
M1_28_363_G	men 	mach 	har 	lijf 	doen 	enden
M1_28_363_O	men 	mach 	hier 	tlijf 	doen 	henden
M1_28_363_Z	men 	mach 	haer 	lijf 	doen 	enden

M1_28_364_A	ende 	niet 	die 	ziele 	scenden
M1_28_364_B	ende 	niet 	de 	ziele 	sceynden
M1_28_364_C	mer 	niet 	die 	ziele 	scenden
M1_28_364_D	maer 	niet 	die 	siele 	schenden
M1_28_364_F	maer 	niet 	die 	ziele 	schenden
M1_28_364_G	maer 	niet 	die 	siele 	scenden
M1_28_364_O	maer 	niet 	de 	ziele 	schenden
M1_28_364_Z	ende 	niet 	de 	ziele 	scenden

M1_29_365_A		dander 	minne 	es 	onbehoet
M1_29_365_B		dander 	minne 	es 	onbehoet
M1_29_365_C	die 	ander 	minne 	is 	onbehoet
M1_29_365_D	die 	ander 	minne 	is 	onbehoet
M1_29_365_F		dander 	minne 	es 	ombehoet
M1_29_365_G		dander 	minne 	es 	onbehoedt
M1_29_365_O		dander 	minne 	es 	onbehoet
M1_29_365_Z		dander 	minne 	es 	onbehoet

M1_29_366_A	want 	soe 	staet 	om 	terdsche 	goet
M1_29_366_B	want 	so 	staet 	na 	taertsche 	goet
M1_29_366_C	want 	zi 	staet 	omt 	aerdsche 	goet
M1_29_366_D	want 	sy 	staet 	na 	daertsche 	goet
M1_29_366_F	want 	sij 	staet 	na 	deertsche 	goet
M1_29_366_G	want 	si 	staet 	na 	dertsche 	goet
M1_29_366_O	want 	zoe 	staet 	na 	deersce 	goet
M1_29_366_Z	want 	si 	staet 	na 	dertsche 	goet

M1_29_367_A	ende 	om 	der 	weerelt 	eere
M1_29_367_B	off 	nader 		werelt 	ere
M1_29_367_C	of 	om 	der 	werelt 	eere
M1_29_367_D	of 	na 	der 	werelt 	eere
M1_29_367_F	ende 	na 	der 	werelt 	eere
M1_29_367_G	ende 	onder 		werelt 	eere
M1_29_367_O	ofte 	omme 	der 	weerelt 	eere
M1_29_367_Z	ende 	omder 		werelt 	eere

M1_29_368_A	dits 		die 	minne 	die 	dicken 	doet
M1_29_368_B	dits 		die 	minne 	die 	dicken 	doet
M1_29_368_C	dits 		die 	minne 	die 	dicke 	doet
M1_29_368_D	dit 	is 		minne 	die 	dicke 	doet
M1_29_368_F	dits 			minne 	die 	dicke 	doet
M1_29_368_G	dit 	es 	de 	minne 	die 	dicke 	doet
M1_29_368_O	dit 	es 	die 	minne 	die 	dickent 	doet
M1_29_368_Z	dats 		de 	minne 	die 	dicke 	doet

M1_29_369_A	rudderscap 	wesen 	verwoet
M1_29_369_B	ridderscap 	wesen 	verwoet
M1_29_369_C	ridderscap 	wesen 	verwoet
M1_29_369_D	ridderscap 	wesen 	verwoet
M1_29_369_F	ridderscap 	wesen 	verwoet
M1_29_369_G	ridderscap 	werden 	uerwoedt
M1_29_369_O	trudderscap 	werden 	verwoet
M1_29_369_Z	ridderscap 	wesen 	uerwoet

M1_29_370_A	enten 			woeke 	heere
M1_29_370_B	ende 		den 	wouker 	eere
M1_29_370_C	ende 		den 	woekenere	
M1_29_370_D	ende 		den 	woekeneere	
M1_29_370_F	enten 			wokenneere	
M1_29_370_G	ende 		den 	woekerere	
M1_29_370_O	ende 	oec 	den 	woukereere	
M1_29_370_Z	ende 		den 	woekenere	

M1_29_371_A	want 	die 	rudder 	niet 		gheroet
M1_29_371_B	want 	die 	ridder 	niet 		gheuroet
M1_29_371_C	want 	die 	ridder 	niene 		gheroet
M1_29_371_D	want 	die 	ridder 	niet 	en 	beuroet
M1_29_371_E	want 	tie 	ridder 	niet 	en 	doet
M1_29_371_F	want 	die 	ridder 	niet 	en 	ghedoet
M1_29_371_G	want 	de 	riddere 	niene 	geroert	
M1_29_371_O	want 	die 	rudder 	niet 	en 	gheuroet
M1_29_371_Z	want 	de 	ridder 	niet 	roect	

M1_29_372_A	hine 		verslijt 	vleesch 	ende 	bloet
M1_29_372_B	hi 	versleet 	verslijt 	vleesch 	ende 	bloet
M1_29_372_C	hine 		verslijt 	vleesch 	ende 	bloet
M1_29_372_D	hy 		verslijt 	vleesch 	ende 	bloet
M1_29_372_E	hine 		verslit 	vleesch 	ende 	bloet
M1_29_372_F	hine 		verslijt 	vleesch 	ende 	bloet
M1_29_372_G	hine 		verslit 	vleesch 	ende 	bloet
M1_29_372_O	hi 	en 	verslijt 	vleesch 	ende 	bloet
M1_29_372_Z	hine 		uerslijt 	vleesch 	ende 	bloet

M1_29_373_A	vp 	dat 	sijn 	prijs 		meere
M1_29_373_B	vp 	dat 	zijn 	prijs 	niet 	mere
M1_29_373_C	op 	dat 	zijn 	prijs 		ghemere
M1_29_373_D	op 	dat 	sijn 	prijs 		meere
M1_29_373_E	op 	dat 	sijn 	prijs 		mere
M1_29_373_F	op 	dat 	siin 	prijs 		meere
M1_29_373_G	op 	dat 	sijn 	prijs 		meere
M1_29_373_O	omme 	dat 	zijn 	prijs 		meere
M1_29_373_Z	op 	dat 	sijn 	prijs 		meere

M1_29_374_A		tander 		al 	ware 		ghelt 	de 	vloet
M1_29_374_B	dander 			al 	ware 		ghelt 	de 	vloet
M1_29_374_C	die 	ander 	alwaer 	al 			ghelt 	die 	vloet
M1_29_374_D	dander 			al 	waer 		tghelt 	die 	vloet
M1_29_374_E	dander 			al 	ware 	al 	ghelt 	die 	vloet
M1_29_374_F	dander 			al 	waer 	al 	gelt 	een 	vloet
M1_29_374_G	dandere 			al 	ware 		gelt 	die 	vloet
M1_29_374_O	dander 			al 	waere 		ghelt 	de 	vloet
M1_29_374_Z	dander 			al 	waer 		gelt 	de 	vloet

M1_29_375_A	ende 		hem 	vloyde 	in 	sinen 	moet
M1_29_375_B	ende 		hem 	vloeyende 	in 	sinen 	moet
M1_29_375_C	ende 	vloyde 	hem 		in 	zinen 	moet
M1_29_375_D	ende 		hem 	vloeyde 		inden 	moet
M1_29_375_E	ende 		hem 	vloyde 		inden 	moet
M1_29_375_F	ende 		hem 	vloeyde 		inden 	moet
M1_29_375_G	ende 		hem 	vloyede 		inden 	moet
M1_29_375_O	ende 	het 	hem 	vloyde 	in 	de 	moet
M1_29_375_Z	ende 		hem 	vloide 		inden 	mont

M1_29_376_A	hem 	soude 	noch 	also 	zeere
M1_29_376_B	hem 	soude 	noch 	also 	zeere
M1_29_376_C	hem 	zoude 	noch 	alsosere	
M1_29_376_D	hem 	soude 	noch 	alsoe 	seere
M1_29_376_E	hem 	soude 		alsoe 	sere
M1_29_376_F	hem 	soude 	noch 	zoe 	zeere
M1_29_376_G	hem 	soude 	noch 	also 	seere
M1_29_376_O	hem 	zoude 	noch 	also 	zeere
M1_29_376_Z	hem 	soude 		alsoe 	zeere

M1_29_377_A	dorsten 	dant 	dede 	eere
M1_29_377_B	dorsten 	alst 	dede 	eerre
M1_29_377_C	dorsten 	alst 	dede 	ere
M1_29_377_D	dorsten 	alst 	dade 	eere
M1_29_377_E	dorsten 	als 	dede 	ere
M1_29_377_F	dorsten 	alst 	dede 	eere
M1_29_377_G	dorsten 	alst 	dede 	eere
M1_29_377_O	dorsten 	alst 	dede 	eere
M1_29_377_Z	dorsten 	alst 	dede 	eere

M1_30_378_A	dese 	minne 	heeft 	ondersceet
M1_30_378_B	dese 	minne 	heeft 	ondersceet
M1_30_378_C	dese 	minne 	heeft 	ondersceet
M1_30_378_D	dese 	minne 	heeft 	onderscheet
M1_30_378_E	dese 	minne 	heeft 	ondersceet
M1_30_378_F	dese 	minne 	heeft 	onderscheet
M1_30_378_G	dese 	minne 	heeft 	ondersceet
M1_30_378_O	deese 	minne 	heeft 	ondersceet
M1_30_378_Z	dese 		heuet 	ondersceet

M1_30_379_A	van 	hem 	die 	om 	die 	om 	die 	eere 	steet
M1_30_379_B	van 	hem 			die 	omme 	die 	ere 	steet
M1_30_379_C	van 	hem 			die 	om 	die 	ere 	steet
M1_30_379_D	van 	hem 			die 	na 	die 	eere 	steet
M1_30_379_E	van 	hem 			die 	na 	die 	ere 	steet
M1_30_379_F	van 	hem 			die 	na 	die 	eere 	steet
M1_30_379_G	van 	hem 			die 	na 	de 	eere 	steet
M1_30_379_O	van 	hem 			die 	na 	die 	eere 	steet
M1_30_379_Z	van 	hem 			die 	omde 		eere 	steet

M1_30_380_A	entie 	pijnt 	omden 				scatte
M1_30_380_B	ende 		den 	dient 			scatte
M1_30_380_C	ende 	om 	die 				scatte
M1_30_380_D	ende 		den 	dient 			scatte
M1_30_380_E	ende 	pinen 	omden 				scatte
M1_30_380_F	ende 	om 	der 	werelt 			scatte
M1_30_380_G	ende 		die 	dienen 	omme 	die 	scatte
M1_30_380_O	ende 	pinen 			omme 	die 	scatte
M1_30_380_Z	ende 	om 	der 	werelt 			scatte

M1_30_381_A	wiltu 	eere 	hebben 		wes 	ghereet
M1_30_381_B	wiltu 	ere 	hebben 		wes 	ghereet
M1_30_381_C	wiltu 	ere 	hebben 		wes 	ghereet
M1_30_381_D	wiltu 	eere 	hebben 		wes 	ghereet
M1_30_381_E	wiltu 	ere 	hebben 		wes 	gereet
M1_30_381_F	wiltu 	eere 	hebben 		wes 	ghereet
M1_30_381_G	wilstu 	eere 	hebben 	so 	wes 	gereet
M1_30_381_O	wiltu 	eere 	hebben 		wes 	bereet
M1_30_381_Z	wiltu 	eere 	hebben 		wes 	gereet

M1_30_382_A	te 	latene 	dat 	gode 	es 	leet
M1_30_382_B	te 	latene 	dat 	gode 	es 	leet
M1_30_382_C		telaten 	dat 	gode 	is 	leet
M1_30_382_D	te 	laten 	dat 	god 	is 	leet
M1_30_382_E	te 	latene 	dat 	gode 	es 	leet
M1_30_382_F	te 	laten 	dat 	gode 	es 	leet
M1_30_382_G	te 	latene 	dat 	gode 	es 	leet
M1_30_382_O	te 	latene 	dat 	gode 	es 	leet
M1_30_382_Z	te 	laten 	dat 	gode 	es 	leet

M1_30_383_A	pijndi 			omme 		datte
M1_30_383_B	pijnt 	di 	te 	doen 		datte
M1_30_383_C	pijndi 			tedoen 		datte
M1_30_383_D	pijnt 	v 	te 	doen 	al 	datte
M1_30_383_E	pintti 		te 	doene 		datte
M1_30_383_F	pijndy 		te 	doene 		datte
M1_30_383_G	pijndi 		te 	doene 		datte
M1_30_383_O	pine 	di 	te 	doene 		datte
M1_30_383_Z	pijndi 		te 	doene 		datte

M1_30_384_A	dat 	hem 		lief 	es 	ende 	dat 	hi 		heet
M1_30_384_B	dat 	hem 		lief 	sy 	ende 		hi 	di 	heet
M1_30_384_C	dat 	hem 		lief 	is 	ende 		hi 	di 	heet
M1_30_384_D		hem 	is 	lief 		ende 		hi 	dy 	heet
M1_30_384_E	dat 	hem 		lief 	es 	ende 		hi 		heet
M1_30_384_F	dat 	hem 	es 	lief 		ende 		hij 	dij 	heet
M1_30_384_G	dat 	hem 		lief 	es 	ende 		hi 		heet
M1_30_384_O	dat 	hem 		lief 	es 	ende 		hij 		heet
M1_30_384_Z	dat 	hem 		lief 	es 	ende 		hi 	di 	heet

M1_30_385_A	wes 	vromech 	ende 	om 	die 	eere 	sneet
M1_30_385_B	wies 	vrome 	ende 	omme 	de 	doecht 	zweet
M1_30_385_C	wes 	vroem 	ende 	om 	die 	ere 	sweet
M1_30_385_D	wes 	vrome 		om 	doghet 		zweet
M1_30_385_E	wes 	vromich 	ende 	om 	doget 		zweet
M1_30_385_F	wes 	vrome 	ende 		doget 		zweet
M1_30_385_G	wes 	vrome 	ende 	om 	doget 		sweet
M1_30_385_O	wes 	vrome 	ende 	om 	die 	dueghet 	zweet
M1_30_385_Z	wes 	vrome 		om 	doget 		sweet

M1_30_386_A	houtti 	dat 	men 	di 	niet 	en 	matte
M1_30_386_B		datmen 		di 	niet 		matte
M1_30_386_C		datmen 		di 	niene 		matte
M1_30_386_D		datmen 		dy 	niet 	en 	matte
M1_30_386_E		dat 	men 	dy 	niet 	en 	matte
M1_30_386_F	wacht 	datmen 		dij 	niet 	en 	matte
M1_30_386_G		dat 	men 	di 	niet 	en 	matte
M1_30_386_O		dat 	men 	di 	niet 	en 	matte
M1_30_386_Z		datmen 		di 	niet 	en 	matte

M1_30_387_A	onder 	der 	ydelre 	glorien 	cleet
M1_30_387_B	onder 	der 	ydelre 	glorien 	cleet
M1_30_387_C	onder 	der 	idelre 	glorien 	cleet
M1_30_387_D	onder 	der 	ydelre 	glorien 	cleet
M1_30_387_E	onder 	der 	ydelder 	glorien 	cleet
M1_30_387_F	onder 	der 	ydelre 	glorien 	cleet
M1_30_387_G	onder 	der 	ydelre 	glorien 	cleet
M1_30_387_O	onder 	der 	ydeler 	glorien 	cleet
M1_30_387_Z	onder 	der 	ydelre 	glorien 	cleet

M1_30_388_A	daer 	menestraudie 		met 	omme 	gheet
M1_30_388_B	dair 	ministraudie 		mede 	omme 	gheet
M1_30_388_C	daer 	menestraudie 		mede 	omme 	gheet
M1_30_388_D	daer 	soe 	menighe 	mede 	om 	gheet
M1_30_388_E	daer 	die 	meneghe 	met 	omme 	gheet
M1_30_388_F	daer 		menich 	met 	om 	gheet
M1_30_388_G	daer 	die 	menege 	met 	omme 	geet
M1_30_388_O	daer 	de 	menighe 	met 	omme 	gheet
M1_30_388_Z	daer 	de 	menege 	met 	omme 	geet

M1_30_389_A	want 	hare 	tonghe 	platte
M1_30_389_B	want 	hare 	tonghe 	platte
M1_30_389_C	want 	hare 	tonghe 	platte
M1_30_389_D	want 	haer 	tonghe 	platte
M1_30_389_E	want 	haere 	tonghe 	platte
M1_30_389_F	want 	haer 	tonghe 	platte
M1_30_389_G	want 	hare 	tongen 	platte
M1_30_389_O	want 	haere 	tonghen 	platte
M1_30_389_Z	want 	haer 	tonge 	platte

M1_30_390_A	smelten 	alse 		snee 	clatte	
M1_30_390_B	smelten 	als 		snee 	clatten	
M1_30_390_C	smelten 	alse 	sneclatte			
M1_30_390_D	smeltet 	als 	een 	snee 	clatte	
M1_30_390_E	smelten 	als 		snee 	clatte	
M1_30_390_F	smeltet 	als 		snee 	clatte	
M1_30_390_G	smelten 	als 	die 	snee 	clatte 	⸫
M1_30_390_O	smelten 	alse 	sneclatten			
M1_30_390_Z	smelten 	alse 	sneeclatte			

M1_31_391_A	eere 	te 	minne 	dats 	eene 	dinc
M1_31_391_B	eere 	te 	minne 	dats 	een 	dinc
M1_31_391_C	eere 	te 	minnen 	dats 	een 	dinc
M1_31_391_D	seere 	te 	minnen 	dats 	een 	dinck
M1_31_391_E	ere 	te 	hebben 	es 	ene 	dinc
M1_31_391_F	sere 	te 	minnen 	es 	een 	dinc
M1_31_391_O	sere 	te 	minnene 	es 	een 	dijnc
M1_31_391_Z	eere 	te 	prisen 	es 	een 	dinc

M1_31_392_A	daer 	noit 	herte 	met 	omme 		ghinc
M1_31_392_B	dair 	noyt 	herte 	mede 	ommeghinc		
M1_31_392_C	daer 	noyt 	herte 	mede 	omghinc		
M1_31_392_D	daer 	noyt 	herte 	mede 	om 	en 	ghinc
M1_31_392_E	daer 	noy 	herte 	met 	omme 		ghinc
M1_31_392_F	dair 	noyt 	herte 	met 	omginc		
M1_31_392_O	daer 	noyt 	man 	met 	omme 		ghinc
M1_31_392_Z	daer 	noit 	herte 	met 	omme 		ginc

M1_31_393_A	sone 		was 	van 	reenen 	aerde
M1_31_393_B	soe 	en 	was 	van 	reynen 	airde
M1_31_393_C	zi 	ne 	was 	van 	reinen 	aerde
M1_31_393_D	sy 	en 	was 	van 	reynen 	aerde
M1_31_393_E	sine 		was 	van 	reynen 	arde
M1_31_393_F	sine 		was 	van 	reynen 	aerde
M1_31_393_O	hine 		was 	van 	reinen 	aerde
M1_31_393_Z	sine 		was 	van 	reynen 	

M1_31_394_A	bestu 	hout 		of 	ionghelinc
M1_31_394_B	bistu 	out 	man 	of 	iongling
M1_31_394_C	bistu 	out 		of 	jonghelinc
M1_31_394_D	bistu 	out 		of 	ionghelinck
M1_31_394_E	bestu 	out 		oft 	iongelinc
M1_31_394_F	bestu 	out 		off 	ionghelinc
M1_31_394_O	bestu 	oudt 		of 	ionghelinc
M1_31_394_Z	bestu 		man 	of 	iongelinc

M1_31_395_A	doe 		wel 	altoes 		ende 	ontsprinc
M1_31_395_B	doe 	altois 	wel 			ende 	dwing
M1_31_395_C	doe 		wel 	altoes 		ende 	bedwinc
M1_31_395_D	doet 	altoos 	wel 			ende 	dwinck
M1_31_395_E	doet 			altoes 	wel 		dwinc
M1_31_395_F	doet 			altoes 	wel 	ende 	dwinc
M1_31_395_O	doet 	altoos 			wel 	ende 	dwijnc
M1_31_395_Z	doe 			altoes 	wel 	ende 	dwinc

M1_31_396_A	die 	herten 	houaerde
M1_31_396_B	dire 	harte 	houarde
M1_31_396_C	dijnre 	herten 	houaerde
M1_31_396_D	dijnre 	herten 	houaerde
M1_31_396_E	dijnre 	herten 	houerde
M1_31_396_F	diinre 	herten 	houeerde
M1_31_396_O	dijnre 	herten 	houaerde
M1_31_396_Z	dijnre 	herten 	houerde

M1_31_397_A	prijs 		die 	in 	lodders 	tonghe 	hinc
M1_31_397_B	prijs 		die 	in 	lodders 	tonge 	hing
M1_31_397_C	prijs 		die 	in 	lodders 	tonghe 	hinc
M1_31_397_D	prijs 	in 	die 		lodders 	tonghen 	hinck
M1_31_397_E	prijs 		die 	in 	lodders 	tonghe 	hinc
M1_31_397_F	prijs 		die 	in 	lodders 	tonghe 	hinc
M1_31_397_O	prijs 		die 	in 	lodders 	tonghen 	hinc
M1_31_397_Z	prijs 		die 	in 	lodders 	tonge 	hinc

M1_31_398_A	hen 	was 	noyt 	wert 	eere 	oghen 	winc
M1_31_398_B		was 	noyt 	waert 	eens 	oghen 	winc
M1_31_398_C		was 	noyt 	wert 	eens 	oghen 	winc
M1_31_398_D	en 	was 	niet 	waert 	een 	oghewinck	
M1_31_398_E		was 	noit 	wert 	eender 	oghenwinc	
M1_31_398_F		was 	noyt 	weert 	een 	oge 	winc
M1_31_398_O	en 	was 	noyt 		een 	oeghewijnc	
M1_31_398_Z		was 	noit 	wert 	eenre 	ogen 	winc

M1_31_399_A	onder 	die 	goede 	waerde
M1_31_399_B	onder 	die 	goeden 	waerde
M1_31_399_C	onder 	die 	goede 	waerde
M1_31_399_D	onder 	die 	goede 	waerde
M1_31_399_E	onder 	die 	goede 	waerde
M1_31_399_F	onder 	die 	goede 	weerde
M1_31_399_O	onder 	die 	goede 	waerde
M1_31_399_Z	onder 	die 	goede 	werde

M1_31_400_A	onwerden 	lof 	vlie 	ende 	ontsprinc
M1_31_400_B	onwerden 	loof 	vlie 	ende 	ontsprinc
M1_31_400_C	onwerden 	lof 	vlie 	ende 	ontsprinc
M1_31_400_D	onwaerden 	lof 	vlie 	ende 	ontsprinc
M1_31_400_E	onwaerdeghen 	lof 	vliet 	ende 	ontsprinc
M1_31_400_F	onweerden 	loff 	vliet 	ende 	onsprinc
M1_31_400_O	onwerden 	lof 	vlie 	ende 	ontsprijnc

M1_31_401_A	die 	meneghen 	vaet 	ende 	wilen 	vinc
M1_31_401_B	die 	meneghen 	vaet 	ende 	wilen 	vinc
M1_31_401_C	die 	menghen 	vaet 	ende 	wilen 	vinc
M1_31_401_D	die 	menighe 	vaet 	ende 	wilen 	vinc
M1_31_401_E	die 	meneghen 	vaet 	ende 	wilen 	vinc
M1_31_401_F	die 	meneghe 	vaet 	ende 	wilen 	vinc
M1_31_401_O	die 	menighen 	vaet 	ende 	wilen 	vinc
M1_31_401_Z	die 	menege 	vaet 	ende 	wilen 	vine

M1_31_402_A	die 	dat 	wort 	begaerde
M1_31_402_B	die 	dat 	woirt 	begaerde
M1_31_402_C	die 	dat 	woert 	begaerde
M1_31_402_D	die 	dat 	woert 	begaerde
M1_31_402_E	die 	dat 	wort 	begaerde
M1_31_402_F	die 	dat 	woort 	begaerde
M1_31_402_O	die 	dat 	woort 	begaerde
M1_31_402_Z	die 	dat 	wort 	begherde

M1_31_403_A	ende 	dat 		weldoen 	spaerde
M1_31_403_B	ende 	dat 	wel 	doen 	spaerde
M1_31_403_C	ende 	dat 		weldoen 	spaerde
M1_31_403_D	ende 	dat 		weldoen 	spaerde
M1_31_403_E	ende 	dat 		weldoen 	sparde
M1_31_403_F	ende 	dat 		weldoen 	spaerde
M1_31_403_O	ende 	dat 		weldoen 	spaerde
M1_31_403_Z	ende 	dat 		weldoen 	spaerde

M1_32_404_A	goet 	te 	hebbene 	ende 	scat
M1_32_404_B	goet 	te 	hebben 	ende 	scat
M1_32_404_C	goet 	te 	hebben 	ende 	scat
M1_32_404_D	goet 	te 	hebben 	ende 	scat
M1_32_404_E	goet 	te 	hebben 	ende 	scat
M1_32_404_F	goed 	te 	hebben 	ende 	scat
M1_32_404_O	goed 	te 	hebbene 	ende 	scat
M1_32_404_Z	goet 	te 	hebben 	ende 	scat

M1_32_405_A	ende 	tamelike 		te 	nuttene 	dat
M1_32_405_B	ende 	zalichlike 		te 	nutten 	dat
M1_32_405_C	ende 	temelijc 		te 	nutten 	dat
M1_32_405_D	ende 	redelijck 	ghebruyken 			dat
M1_32_405_E	ende 	met 	eren 	te 	nutten 	dat
M1_32_405_F	ende 	tamelic 		te 	nutten 	dat
M1_32_405_O	ende 	met 	eeren 	te 	nuttene 	dat
M1_32_405_Z	ende 	tamelijc 		te 	nutten 	dat

M1_32_406_A	dats 		een 	salich 	leuen
M1_32_406_B	dats 		een 	zalich 	leuen
M1_32_406_C	dats 		een 	zaelich 	leuen
M1_32_406_D	dat 	is 	een 	heylich 	leuen
M1_32_406_E	dats 		een 	salich 	leuen
M1_32_406_F	dats 		een 	salich 	leuen
M1_32_406_O	dat 	es 	een 	salich 	leuen
M1_32_406_Z	dats 		een 	salich 	leuen

M1_32_407_A	maer 	goets 	minne 	maect 	i 	gat
M1_32_407_B	mer 	gods 	minne 	maict 	een 	gat
M1_32_407_C	mer 	gods 	minne 	maect 	een 	gat
M1_32_407_D	maer 	gods 	minne 	maect 	een 	gat
M1_32_407_E	maer 	gods 	minne 	maect 	een 	gat
M1_32_407_F	maer 	gods 	minne 	maect 	een 	gat
M1_32_407_O	maer 	goets 	minne 	maect 	een 	gat
M1_32_407_Z	maer 	gods 	minne 	maect 	een 	gat

M1_32_408_A	dat 	nemmermee 	mach 	werden 	sat
M1_32_408_B	dat 	nemmermeer 	mach 	zijn 	zat
M1_32_408_C	dat 	nemmermeer 	mach 	werden 	zat
M1_32_408_D	dat 	nemmermeer 	mach 	werden 	sat
M1_32_408_E	dat 	nemmermeer 	mach 	werden 	sat
M1_32_408_F	dat 	nemmermeer 	mach 	werden 	sat
M1_32_408_O	dat 	nemmermeer 	mach 	werden 	zat
M1_32_408_Z	dat 	nemmermeere 	mach 	werden 	sat

M1_32_409_A	al 	wildement 		hem 	al 		gheuen
M1_32_409_B	al 	wildement 		hem 	al 		gheuen
M1_32_409_C	al 	wildement 		hem 	al 		gheuen
M1_32_409_D	al 	wilde 	ment 	haer 	al 		gheuen
M1_32_409_E	al 	wilde 	ment 	haer 	al 		gheuen
M1_32_409_F	al 	wildement 			al 	hier 	gheuen
M1_32_409_O	al 	wilde 	ment 	haer 	al 		gheuen
M1_32_409_Z	al 	wilde 	ment 	haer 	al 		geuen

M1_32_410_A	minne 	van 	goede 	wert 	ghehat
M1_32_410_B	minne 	van 	gode 	es 	ghehadt
M1_32_410_C	minnen 	van 	goede 	is 	ghehat
M1_32_410_D	minne 	van 	goede 	is 	ghehat
M1_32_410_E	minne 	van 	goede 	es 	ghehadt
M1_32_410_F	minne 	van 	gode 	es 	ghehat
M1_32_410_O	minne 	van 	goede 	es 	ghehadt
M1_32_410_Z	minne 	van 	gode 	es 	gehadt

M1_32_411_A	vor 	gode 	in 	die 	hoghe 	stat
M1_32_411_B	voir 	gode 	in 	die 	hoghe 	stat
M1_32_411_C	voer 	gode 	in 	die 	hoghe 	stat
M1_32_411_D	voer 	gode 	in 	die 	hoghe 	stat
M1_32_411_E	voer 	gode 	in 	die 	hoghe 	stad
M1_32_411_F	voir 	gode 	in 	die 	hoghe 	stat
M1_32_411_O	voor 	gode 	in 	de 	hoghe 	stat
M1_32_411_Z	vor 	gode 	inde 		hoghe 	stat

M1_32_412_A	daer 	die 	inghelen 	beuen
M1_32_412_B	dair 	die 	inglen 	leuen
M1_32_412_C	daer 	die 	ingle 	beuen
M1_32_412_D	daer 	die 	ynghelen 	beuen
M1_32_412_E	daer 	die 	inglen 	beuen
M1_32_412_F	daer 	die 	enghele 	beuen
M1_32_412_O	daer 	die 	inghelen 	beuen
M1_32_412_Z	daer 	die 	ingele 	beuen

M1_32_413_A	dese 	scuwen 	der 	eeren 	pat
M1_32_413_B	dese 	scuwet 	der 	heren 	pat
M1_32_413_C	dese 	scuwen 	der 	eeren 	pat
M1_32_413_D	dese 	scuwet 	der 	eeren 	pat
M1_32_413_E	dese 	scuwen 	der 	eren 	pat
M1_32_413_F	dese 	scuwen 	der 	eeren 	pat
M1_32_413_O	dese 	scuwen 	der 	eeren 	pat
M1_32_413_Z	dese 	scuwen 	der 	eeren 	pat

M1_32_414_A	want 	soe 	moet 	int 	helsche 	vat
M1_32_414_B	want 	so 	moet 	jnt 	helsche 	bat
M1_32_414_C	want 	zi 	moet 	int 	helsche 	vat
M1_32_414_D	want 	sy 	moet 	int 	helsche 	bat
M1_32_414_E	want 	so 	moet 	int 	helsce 	vat
M1_32_414_F	want 	sij 	moeten 	int 	helsche 	bat
M1_32_414_O	want 	zij 	moeten 	int 	helsche 	gat
M1_32_414_Z	want 	si 	moet 	int 	helsche 	vat

M1_32_415_A	salemoen 	heuet 	bescreuen
M1_32_415_B	salomon 	heuet 	bescreuen
M1_32_415_C	salomon 	heuet 	bescreuen
M1_32_415_D	salomon 	heeftet 	beschreuen
M1_32_415_E	salomoen 	heuet 	bescreuen
M1_32_415_F	salomon 	heuet 	bescreuen
M1_32_415_O	salomon 	heuet 	bescreuen
M1_32_415_Z	salamoen 	heuet 	bescreuen

M1_32_416_A		ennes 		niet 	erghers 	bleuen
M1_32_416_B	het 		is 	niet 	argher 	bleuen
M1_32_416_C	het 	en 	is 	niet 	aerghers 	bleuen
M1_32_416_D		ten 	is 	niet 	achter 	ghebleuen
M1_32_416_E		en 	es 	niet 	arghers 	bleuen
M1_32_416_F	want 	ten 	es 	niet 	arghers 	bleuen
M1_32_416_O		en 	es 	niet 	arghers 	bleuen
M1_32_416_Z		en 	es 	niet 	argers 	bleuen

M1_33_417_A	die 	derde 	minne 	heeschet 	de 	tijt
M1_33_417_B	die 	derde 	minne 	heescht 	te 	tijt
M1_33_417_C	die 	dorde 	minne 	eischt 	die 	tijt
M1_33_417_D	die 	derde 	minne 	eyschet 	die 	tijt
M1_33_417_E	die 	derde 	minne 	eyscht 	den 	tijt
M1_33_417_F	die 	derde 	minne 	eyscht 	den 	tijt
M1_33_417_G	die 	derde 	minne 	eyscht 	den 	tijt
M1_33_417_O	de 	derde 	minne 	heeft 	den 	tijt
M1_33_417_Z	die 	derde 	minne 	eyscht 	den 	tijt

M1_33_418_A	alse 	die 	nature 		ontbijt
M1_33_418_B	als 	die 	nature 		ombijt
M1_33_418_C	alse 	die 	nature 		ontbijt
M1_33_418_D	als 	die 	natuere 		onbijt
M1_33_418_E	alse 	bi 	naturen 	elc 	ontbijt
M1_33_418_F	als 	bij 	natueren 	elc 	ontbijt
M1_33_418_G	also 	die 	nature 		ontbijdt
M1_33_418_O	als 	die 	nature 	elc 	ontbijt
M1_33_418_Z	alse 	bi 	natueren 	elc 	ontbeit

M1_33_419_A	die 	bloyende 		jare
M1_33_419_B	die 	bloeyende 		jare
M1_33_419_C	die 	bloyende 		iare
M1_33_419_D	die 	bloeyende 		iare
M1_33_419_E	die 	bloyende 		iare
M1_33_419_F	die 	bloeyende 		iare
M1_33_419_G	die 	bloyen 	de 	iare
M1_33_419_O	der 	bloyender 		iaren
M1_33_419_Z	die 	bloiende 		iare

M1_33_420_A		dat 	es 		tedelste 	delijt
M1_33_420_B	dats 				tedelste 	delijt
M1_33_420_C		dit 	is 		tedelste 	iolijt
M1_33_420_D		dat 	is 	die 	edelste 	iolijt
M1_33_420_E	dats 	dat 			edelste 	delijt
M1_33_420_F	dats 	dat 			dedelste 	delijt
M1_33_420_G	dats 			de 	edelste 	delijt
M1_33_420_O		dat 	es 	die 	edelste 	delijt
M1_33_420_Z	dats 			de 	edelste 	delijt

M1_33_421_A	alse 	hare 	scamelheit 	besnijt
M1_33_421_B	als 	hair 	scamelheit 	besnijt
M1_33_421_C	alse 	haer 	scaemelheit 	besnijt
M1_33_421_D	als 	haer 	scamelheyt 	besnijt
M1_33_421_E	alse 	hare 	scamelheit 	besnijt
M1_33_421_F	als 	haer 	scamelheyt 	besnijt
M1_33_421_G	alse 	hare 	scamelheit 	besnijt
M1_33_421_O	als 	haer 	scamelheit 	besnijt
M1_33_421_Z	alse 	haer 	scamelheit 	besnijt

M1_33_422_A	ende 	men 	doghet 	heuet 	mare
M1_33_422_B	ende 	men 	trauwe 	heeft 	mare
M1_33_422_C	ende 	men 	trouwe 	heeft 	mare
M1_33_422_D	ende 	men 	trouwe 	heuet 	mare
M1_33_422_E	ende 	men 	trouwe 	heuet 	maere
M1_33_422_F	ende 	men 	trouwe 	heuet 	mare
M1_33_422_G	ende 	men 	doget 	heuet 	mare
M1_33_422_O	ende 	men 	trauwe 	heuet 	mare
M1_33_422_Z	ende 	men 	doget 	heuet 	mare

M1_33_423_A	die 	men 	vint 	ter 	weerelt 	wijt
M1_33_423_B	diemen 		vint 	ter 	werelt 	wijt
M1_33_423_C	die 	men 	vijnt 	ter 	werelt 	wijt
M1_33_423_D	diemen 		vint 	ter 	werelt 	wijt
M1_33_423_E	diemen 		vint 	ter 	werelt 	wijt
M1_33_423_F	diemen 		vint 	ter 	werelt 	wijt
M1_33_423_G	die 	men 	vint 	ter 	werelt 	wijt
M1_33_423_O	die 	men 	vint 	ter 	weerelt 	wijt
M1_33_423_Z	diemen 		vint 	ter 	wlt 	wijt

M1_33_424_A	want 	soe 		talre 	stont 	verblijt
M1_33_424_B	want 	so 	te 	alre 	stont 	verblijt
M1_33_424_C	want 	zi 	te 	alre 	stont 	verblijt
M1_33_424_D	want 	sy 	talder 		tijt 	verblijt
M1_33_424_E	want 	si 	talder 		tijt 	verblijt
M1_33_424_F	want 	sij 	talder 		stont 	verblijt
M1_33_424_G	want 	si 		talre 	stont 	verblijt
M1_33_424_O	want 	soe 	taller 		stont 	verblijt
M1_33_424_Z	want 	si 	talder 		stont 	verblijt

M1_33_425_A	rechts 	oft 		al 	hare 	ware
M1_33_425_B	als 	of 	het 	al 	hare 	ware
M1_33_425_C	alse 	oft 	haer 	al 		ware
M1_33_425_D	als 	of 	het 	al 	haer 	ware
M1_33_425_E	ghelijc 	oft 		al 	haer 	ware
M1_33_425_F	ghelijc 	oft 		al 	haer 	ware
M1_33_425_G	ghelijc 	ocht 		al 	hare 	ware
M1_33_425_O		oft 		al 	hare 	waere
M1_33_425_Z	ghelijc 	oft 		al 	haer 	ware

M1_33_426_A		hope 	nemmermeer 	te 	glijt
M1_33_426_B	hair 	hope 	nemmermeer 	te 	glijt
M1_33_426_C	haer 	minne 	nemmermeer 		glijt
M1_33_426_D	haer 	hope 	nemmermeer 	ghelijt	
M1_33_426_E	haer 	hope 	nemmermeer 		glijt
M1_33_426_F	haer 	hope 	nemmermeer 	ghelijdt	
M1_33_426_G	har 	hope 	nemmermeer 	gelijt	
M1_33_426_O	haer 	hope 	nemmermeer 	te 	glijt
M1_33_426_Z	haer 	hope 	nemmermeere 	gelijdt	

M1_33_427_A	die 	aldus 	sijn 	lijf 	verslijt
M1_33_427_B	die 	aldus 	zijn 	lijf 	verslijt
M1_33_427_C	die 	aldus 	zijn 	lijf 	verslijt
M1_33_427_D	die 	aldus 	sijn 	lijf 	verslijt
M1_33_427_E	die 	aldus 	sijn 	lijf 	verslijt
M1_33_427_F	die 	aldus 	siin 	lijf 	verslijt
M1_33_427_G	die 	aldus 	sijn 	lijf 	verslijt
M1_33_427_O	die 	aldus 	zijn 	lijf 	verslijt
M1_33_427_Z	die 	aldus 	sijn 	lijf 	verslijt

M1_33_428_A		maect 	sine 	zinne 	claer
M1_33_428_B		maect 	sine 	zinne 	clare
M1_33_428_C		maect 	zine 	zinne 	clare
M1_33_428_D		maect 	sine 	sinnen 	clare
M1_33_428_E	maer 	maect 	sijn 	sinne 	clare
M1_33_428_F		maect 	sine 	ziele 	clare
M1_33_428_G		maect 	sine 	sinne 	clare
M1_33_428_O		maect 	zine 	zinnen 	clare
M1_33_428_Z		maect 	sine 	ziele 	clare

M1_33_429_A	want 	god 	en 	es 	gheen 	futselaer
M1_33_429_B			men 	es 	ghene 	futselare
M1_33_429_C	ende 	hines 			gheen 	futselare
M1_33_429_D		hi 	en 	is 	gheen 	futselare
M1_33_429_E	ende 		en 	es 	gheen 	futselare
M1_33_429_F	ende 		en 	es 	gheen 	futselare
M1_33_429_G	ende 	hines 			geen 	futselare
M1_33_429_O	ende 	hi 	en 	es 	gheen 	futselare
M1_33_429_Z	ende 		en 	es 	geen 	futselare

M1_34_430_A	minne 	es 	alse 	men 	bescreuen 	vint
M1_34_430_B	minne 	es 	alsmen 		bescreuen 	vint
M1_34_430_C	minne 	is 	alsmen 		bescreuen 	vint
M1_34_430_D	minne 	is 	alsmen 		beschreuen 	vint
M1_34_430_E	minne 	es 	alsmen 		bescreuen 	vint
M1_34_430_F	minne 	es 	alsmen 		bescreuen 	vint
M1_34_430_G	minne 		alsoe 	men 	bescreuen 	vint
M1_34_430_O	minne 	es 	also 	men 	bescreuen 	vint
M1_34_430_Z	minne 	es 	alsmen 		bescreuen 	vint

M1_34_431_A		cracht 	die 	twee 	herten 			bint
M1_34_431_B		cracht 	die 	twee 	harten 	te 	gader 	bint
M1_34_431_C		cracht 	die 	twe 	herten 	tesamen 		bint
M1_34_431_D		cracht 	die 	twee 	herten 	tsamen 		bint
M1_34_431_E		cracht 	die 	ii 	herten 	tsamen 		bint
M1_34_431_F		cracht 	die 	ij 	herten 	tsamen 		bint
M1_34_431_G	es 	cracht 	die 	twee 	herten 	te 	gadere 	bint
M1_34_431_O		cracht 	die 	twe 	herten 	tsamen 		bint
M1_34_431_Z		cracht 	die 	ij 	herten 	tsamen 		bint

M1_34_432_A	tsamen 	in 	een 	reene 	wanen
M1_34_432_B		in 	enen 	reynen 	wane
M1_34_432_C		in 	enen 	reinen 	wanen
M1_34_432_D		in 	enen 	reynen 	wane
M1_34_432_E		in 	enen 	reynen 	wane
M1_34_432_F		in 	eenen 	reynen 	wane
M1_34_432_G		jn 	enen 	reenen 	wanen
M1_34_432_O		in 	enen 	reynen 	wane
M1_34_432_Z		in 	eenen 	reynen 	wane

M1_34_433_A	dattie 			minne 	heetet 	blint
M1_34_433_B	dat 		de 	minne 	hetet 	blint
M1_34_433_C	dat 	men 	die 	minne 	hetet 	blint
M1_34_433_D	dat 		die 	minne 	heetet 	blint
M1_34_433_E	dattie 			minne 	hetet 	blint
M1_34_433_F	dat 		die 	minne 	hetet 	blint
M1_34_433_G	dat 		die 	minne 	heetet 	blint
M1_34_433_O	dat 		die 	minne 	hetet 	blint
M1_34_433_Z	datte 			minne 	hetet 	blint

M1_34_434_A		doet 	dat 	menich 		es 	so 	kint
M1_34_434_B	dat 	comt 	dat 	menich 		es 	so 	kint
M1_34_434_C		coemt 	dat 	menich 		is 	zo 	kint
M1_34_434_D		comt 	dat 	menich 		is 	soe 	kint
M1_34_434_E		comt 	dat 	menich 		es 	so 	kint
M1_34_434_F		comt 	dat 	die 	menighe 	es 	zo 	kint
M1_34_434_G		cont 	dat 	menech 		es 	soe 	kint
M1_34_434_O		comt 	dat 	menich 		es 	zo 	kint
M1_34_434_Z		comt 	dat 		menegen 	es 	soe 	kint

M1_34_435_A	dat 	hi 	hem 	laet 	verspanen	
M1_34_435_B	dat 	hi 	hem 	laet 	ter 	spane
M1_34_435_C	dat 	hi 	hem 	laet 	verspanen	
M1_34_435_D	dat 	hi 	hem 	laet 	verspanen	
M1_34_435_E	datti 		hem 	laet 	verspanen	
M1_34_435_F	datti 		hem 	laet 	verspanen	
M1_34_435_G	dat 	hi 	hem 	laet 	verspanen	
M1_34_435_O	dat 	hij 	hem 	laet 	verspanen	
M1_34_435_Z	datti 		hem 	laet 	uerspanenen	

M1_34_436_A	sine 		conen 	minnen 	niet 	i 	twint
M1_34_436_B	si 	en 	connen 	minnen 	niet 	een 	twint
M1_34_436_C	zine 		connen 	minnen 	niet 		entwint
M1_34_436_D	si 	en 	connen 	minnen 	niet 	een 	twint
M1_34_436_E	sine 		connen 	minnen 	niet 	een 	twint
M1_34_436_F	sine 		connen 	minnen 	niet 	een 	twint
M1_34_436_G	sine 		connen 	minnen 	niet 	een 	twint
M1_34_436_O	zij 	en 	connen 	minnen 	niet 	een 	twint
M1_34_436_Z	sine 		connen 	minnen 	niet 	een 	twint

M1_34_437_A	die 	wandel 	sijn 	alse 	die 	wint
M1_34_437_B	die 	lozer 	zijn 	dan 	de 	wint
M1_34_437_C	die 	wandel 	zijn 	alse 	die 	wint
M1_34_437_D	die 	wanckel 	sijn 	also 	die 	wint
M1_34_437_E	die 	wandel 	sijn 	als 	die 	wint
M1_34_437_F	die 	wandel 	siin 	als 	die 	wint
M1_34_437_G	die 	wandel 	sijn 	als 	die 	wint
M1_34_437_O	die 	wandel 	zijn 	als 	die 	wint
M1_34_437_Z	die 	wandel 	sijn 	als 	de 	wint

M1_34_438_A	si 	rollen 		buter 		banen
M1_34_438_B	si 	rollen 	al 	buter 		bane
M1_34_438_C	zij 	rollen 	al 	buten 	der 	banen
M1_34_438_D	sy 	rollen 		buten 	die 	banen
M1_34_438_E	si 	rollen 		buten 		banen
M1_34_438_F	sij 	rollen 		buten 		banen
M1_34_438_G	si 	rollen 		buten 		banen
M1_34_438_O	sij 	rollen 		buter 		banen
M1_34_438_Z	si 	rollen 		buten 		banen

M1_34_439_A	ic 	waen 	mer 	also 	vele 	vint
M1_34_439_B	ic 	wane 	mer 	also 	vele 	vint
M1_34_439_C	ic 	waen 	mer 	also 	vele 	vint
M1_34_439_D	ick 	waender 	men 	soe 	vele 	vint
M1_34_439_E	ic 	wane 	men 	also 	vele 	vint
M1_34_439_F	ic 	wane 	men 	zoe 	vele 	vint
M1_34_439_G	jc 	wane 	mer 	also 	vele 	vint
M1_34_439_O	ic 	wane 	men 	also 	vele 	vint
M1_34_439_Z	ic 	waen 	mer 	soe 	vele 	vint

M1_34_440_A	minres 	in 	trouwen 	ghehint
M1_34_440_B	minres 	in 	trauwen 	ghehint
M1_34_440_C	minre 	in 	trouwen 	ghehint
M1_34_440_D	minners 	in 	trouwe 	ghehint
M1_34_440_E	minners 	in 	trouwen 	ghehint
M1_34_440_F	minres 	in 	trouwen 	ghehint
M1_34_440_G	minneren 	in 	trouwen 	gehint
M1_34_440_O	minnaers 	in 	trauwen 	ghehint
M1_34_440_Z	minners 	in 	trouwen 	gehinct

M1_34_441_A	alse 	men 	doet 	zwarter 	zwanen
M1_34_441_B	alsmen 		doet 	zwairter 	zwane
M1_34_441_C	alsmen 		doet 	swarter 	swanen
M1_34_441_D	alsmen 		doet 	swarter 	swanen
M1_34_441_E	alsmen 		doet 	zwerter 	zwanen
M1_34_441_F	alst 		doet 	zwerter 	zwanen
M1_34_441_G	alst 		doet 	swerter 	swanen
M1_34_441_O	als 	men 	doet 	zwarter 	zwanen
M1_34_441_Z	alse 		doet 	zwart 	swanen

M1_34_442_A	dus 	laet 	hare 	minne 	af 	plane
M1_34_442_B	dus 	laet 	hare 	minne 	off 	plane
M1_34_442_C	dus 	laet 	hare 	minne 		afplanen
M1_34_442_D	dus 	laet 	haer 	minne 	af 	planen
M1_34_442_E	dus 	laet 	haer 	minne 	af 	planen
M1_34_442_F	dus 	laet 	haer 	minne 	af 	planen
M1_34_442_G	dus 	laet 	har 	minne 	af 	planen
M1_34_442_O	dus 	laet 	haer 	minne 	af 	plamen
M1_34_442_Z	dus 	laet 	haer 	minne 	af 	planen

M1_35_443_A	martin 	ic 	ben 	des 	wel 	berecht
M1_35_443_B	martin 	ic 	bin 		wel 	berecht
M1_35_443_C	martijn 	ic 	ben 		wel 	berecht
M1_35_443_D	martijn 	ick 	ben 		wel 	berecht
M1_35_443_E	merten 	ghi 	hebt 	my 		berecht
M1_35_443_F	merten 	du 	heues 	mi 		berecht
M1_35_443_G	merten 	du 	heefs 	mi 	wel 	berecht
M1_35_443_O	martin 	du 	heues 	mi 		berecht
M1_35_443_Z	merten 	du 	heues 			berecht

M1_35_444_A	het 	seghet 	al 	heeren 	ende 		knecht
M1_35_444_B	het 	seit 	al 	here 	ende 		knecht
M1_35_444_C	het 	zeghet 	al 	eest 	heer 	eest 	knecht
M1_35_444_D	het 	segghet 	al 	heere 	ende 		knecht
M1_35_444_E	het 	segghen 	al 	heren 	ende 		knecht
M1_35_444_F	het 	seit 	al 	heere 	ende 		knecht
M1_35_444_G	het 	seggen 		heren 	ende 		cnecht
M1_35_444_O	het 	seght 		heere 	ende 		knecht
M1_35_444_Z	het 	seit 		heere 	ende 		knecht

M1_35_445_A	vrouwen 	ende 	ioncvrouwen
M1_35_445_B	vrouwe 	ende 	joncfrouwen
M1_35_445_C	vrouwen 	ende 	ionvrouwen
M1_35_445_D	vrouwen 	ende 	ioncfrouwen
M1_35_445_E	vrouwen 	ende 	ioffrouwen
M1_35_445_F	vrouwen 	ende 	ioncfrouwen
M1_35_445_G	vrouwen 	ende 	ioffrouwen
M1_35_445_O	vrauwen 	ende 	ioncfrauwen
M1_35_445_Z	vrouwen 	ende 	joffrouwen

M1_35_447_A	dat 	si 		met 	minnen 	sijn 	verplecht
M1_35_447_B	dat 	si 	sijn 	met 	minnen 		verplecht
M1_35_447_C	dat 	zij 		met 	minnen 	zijn 	verplecht
M1_35_447_D	dat 	sy 		met 	minnen 	sijn 	verplecht
M1_35_447_E	dat 	si 		met 	minnen 	sijn 	verplecht
M1_35_447_F	dat 	zij 		met 	minnen 	siin 	verplecht
M1_35_447_G	dat 	si 		met 	minnen 	sijn 	verplecht
M1_35_447_O	dat 	zij 	van 		minnen 	zijn 	verplecht
M1_35_447_Z	datsi 			met 	minnen 	sijn 	uerplecht

M1_35_446_A	in 	sanghe 	ende 	in 	rime 	slecht
M1_35_446_B	in 	sanghe 	ende 	in 	rime 	slecht
M1_35_446_C	in 	zanghe 	ende 	in 	rimen 	slecht
M1_35_446_D	in 	sanghe 	ende 	in 	ryme 	slecht
M1_35_446_E	in 	sanghe 	ende 	in 	rime 	slecht
M1_35_446_F	in 	sanghe 	ende 	in 	rime 	slecht
M1_35_446_G	jn 	sange 	ende 	in 	rime 	slecht
M1_35_446_O	in 	sanghe 	ende 	in 	rime 	slecht
M1_35_446_Z	in 	sanghe 		in 	rime 	slecht

M1_35_448_A	ende 	men 	caens 		niet 	bescauwen
M1_35_448_B	ende 	men 	cant 		niet 	bescouwen
M1_35_448_C	ende 	men 	canze 		niet 	ghescouwen
M1_35_448_D	ende 	men 	can 	dat 	niet 	ghescouwen
M1_35_448_E	ende 	men 	caent 			gescouwen
M1_35_448_F	ende 	men 	cans 		niet 	ghescouwen
M1_35_448_G	ende 	men 	caens 		niet 	gescouwen
M1_35_448_O	ende 	men 	canse 		niet 	ghescouwen

M1_35_449_A	mi 	dincke 	dat 	al 	die 	weerelt 	vecht
M1_35_449_B	mi 	dinct 	dat 	al 	die 	werelt 	vecht
M1_35_449_C	mi 	dunct 	dat 	al 	die 	werelt 	vecht
M1_35_449_D	my 	dunct 	dat 	al 	die 	werelt 	vecht
M1_35_449_E	mi 	dinct 		al 	die 	werelt 	vecht
M1_35_449_F	mij 	dunct 		al 	die 	werelt 	vecht
M1_35_449_G	mi 	dunct 	dat 		die 	werelt 	vecht
M1_35_449_O	my 	dijnct 	dat 	al 	de 	werelt 	vecht
M1_35_449_Z	mi 	dunct 	dat 	alde 		werelt 	vecht

M1_35_450_A	ieghen 		reenre 	minnen 	lecht
M1_35_450_B	jeghen 	der 	reynre 	minnen 	lecht
M1_35_450_C	jeghen 	der 	reinre 	minnen 	lecht
M1_35_450_D	jeghen 	der 	reynder 	minnen 	lecht
M1_35_450_E	ieghen 	der 	reynder 	minnen 	lecht
M1_35_450_F	jegen 	der 	reynder 	minnen 	lecht
M1_35_450_G	jegen 	der 	reinre 	minne 	lecht
M1_35_450_O	jeghen 	der 	reyner 	minnen 	plecht
M1_35_450_Z	iegen 	der 	reinder 	minnen 	plecht

M1_35_451_A	ende 	volghen 		ontrouwen
M1_35_451_B	ende 	volghen 		ontrouwen
M1_35_451_C	ende 	volghen 		ontrouwen
M1_35_451_D	ende 	volghen 	der 	ontrouwen
M1_35_451_E	ende 	volghen 	der 	ontrouwen
M1_35_451_F	ende 	volghen 	der 	ontrouwen
M1_35_451_G	ende 	volgen 	der 	ontrouwen
M1_35_451_O	ende 	volghen 	der 	ontrouwen
M1_35_451_Z	ende 	volgen 	der 	ontrouwen

M1_35_452_A	menech 	seghet 	nv 	ende 	echt
M1_35_452_B	menich 	seit 	nv 	ende 	echt
M1_35_452_C	menich 	zeghet 	nu 	ende 	echt
M1_35_452_D	menich 	seghet 	nv 	ende 	echt
M1_35_452_E	menich 	seget 	nv 	ende 	echt
M1_35_452_F	menich 	zeyt 	nv 	ende 	echt
M1_35_452_G	menech 	seecht 	nu 	ende 	echt
M1_35_452_O	menich 	seit 	nu 	ende 	echt
M1_35_452_Z	menich 	seit 	nv 	ende 	echt

M1_35_453_A	mijn 	sin 	es 	so 	ane 	v 	ghehecht
M1_35_453_B	mijn 	sin 	is 	an 		v 	gheecht
M1_35_453_C	mijn 	zin 	is 	aen 		v 	ghehecht
M1_35_453_D	mijn 	sinne 	is 	aen 		v 	ghehecht
M1_35_453_E	mijn 	sin 	es 	an 		v 	gehecht
M1_35_453_F	mijn 	sin 	is 	aen 		v 	ghehecht
M1_35_453_G	mijn 	sin 	es 		ane 	v 	gehecht
M1_35_453_O	mijn 	zin 	es 	an 		v 	ghehecht
M1_35_453_Z	mijn 	sin 	es 	aen 		v 	gehect

M1_35_454_A	dat 		ic 	wane 	bedouwen	
M1_35_454_B	so 	sere 	ic 	wane 	bedauwen	
M1_35_454_BR	soe 	sere 	ic 	wane 	beduwen	
M1_35_454_C	zo 		ic 	waene 	bedouwen	
M1_35_454_D	soe 	seere 	ick 	waen 	te 	verdouwen
M1_35_454_E	soe 	zere 	ic 	wane 		verdouwen
M1_35_454_F	soe 	zeere 	ic 	wane 	bedouwen	
M1_35_454_G	so 	seere 	ic 	wane 	bedouwen	
M1_35_454_O	so 	zeere 	ic 	wane 	bedouwen	
M1_35_454_Z	soe 	zeere 	ic 	waen 	bedouwen	

M1_35_455_A		achtre 	maken 	si 	de 	mouwen
M1_35_455_B	van 	achter 	maken 	si 	de 	mauwen
M1_35_455_BR		achter 	maken 	si 	die 	mouwen
M1_35_455_C		achter 	maken 	zij 	die 	mouwen
M1_35_455_D		achter 	maken 	sy 	die 	mouwen
M1_35_455_E	maer 	achter 	maken 	si 	die 	mouwen
M1_35_455_F	maer 	achter 	maken 	zij 	die 	mouwen
M1_35_455_G		achter 	maken 	si 	de 	mouwen
M1_35_455_O		achter 	maken 	zij 	de 	mouwen
M1_35_455_Z		achter 	maken 	si 	de 	mouwen

M1_36_456_A	iacop 	du 	hebs 	mi 	oit 	ghevraghet
M1_36_456_B	iacop 	du 	hebs 	mi 	gheuraecht	
M1_36_456_BR	iacop 	du 	heues 	mi 	geuraecht	
M1_36_456_C	iacob 	du 	heefs 	mi 	oyt 	gheuraeght
M1_36_456_D	iacop 	du 	heues 	my 	gheuraecht	
M1_36_456_E	iacop 	ghi 	hebt 	my 		geuraegt
M1_36_456_F	iacob 	du 	heues 	mi 		ghevraeght
M1_36_456_G	iacob 	du 	heefs 	mi 	altoes 	gevraecht
M1_36_456_O	iacob 	du 	hebs 	my 	gheuraecht	
M1_36_456_Z	merten 	du 	heues 	mi 		gevraget

M1_36_457_A	ende 	ic 	andwort 	ende 	verdraghet	
M1_36_457_B	ende 	ic 	antworde 	ende 		verdraecht
M1_36_457_BR		jc 	antwoorde 	ende 		verdraecht
M1_36_457_C	ende 	ic 	andwoerde 	ende 	ic 	verdraeght
M1_36_457_D		ick 	antwoert 	ende 		verdraecht
M1_36_457_E		ic 	antwoert 	ende 		verdraegt
M1_36_457_F		ic 	antwoirde 	ende 		verdraecht
M1_36_457_G	ende 	ic 	antwerde 	ende 		verdraecht
M1_36_457_O		ic 	andwoort 	ende 		verdraecht
M1_36_457_Z		ic 	antwerde 	ende 	verdraget	

M1_36_458_A	nu 	willic 		martin 		vraghen	
M1_36_458_B	nu 	willic 		martin 		vraghen	
M1_36_458_BR	nv 	willic 			merten 	vragen	
M1_36_458_C	nu 	wil 	ic 	martijn 		vraghen	
M1_36_458_D	nv 	wil 	ick 	martijn 		vraghen	
M1_36_458_E	nv 	willic 			merten 	vraghen	
M1_36_458_F	nu 	wil 	ict 		merten 	al 	verdragen
M1_36_458_G	nu 	willic 			merten 	vragen	
M1_36_458_O	nu 	wille 	ic 	martin 		vraeghen	
M1_36_458_Z			ic 	wilt 	merten 		verdragen

M1_36_459_A	waenstu 	dat 	mi 	wel 	behaghet
M1_36_459_B	waenstu 	dat 	mi 	wel 	behaghet
M1_36_459_BR	waenstu 	dat 	mi 	wel 	behaecht
M1_36_459_C	waenstu 	dats 	mi 	wel 	behaeght
M1_36_459_D	waenstu 	dattet 	my 	wel 	behaecht
M1_36_459_E	waendi 	dat 	my 	wel 	behaegt
M1_36_459_F	waenstu 	dat 	mi 	wel 	behaecht
M1_36_459_G	waendi 	dats 	mi 	wel 	behaecht
M1_36_459_O	waenstu 	dats 	my 	wel 	behaecht
M1_36_459_Z	waendi 	dat 	mi 	wel 	behaget

M1_36_460_A	dattu 	mi 		dus 	heues 	gheiaghet
M1_36_460_B	dattu 	mi 		dus 	hebs 	gheiaghet
M1_36_460_BR	dattu 	mi 		dus 	heues 	geiaecht
M1_36_460_C	dattu 	mi 			heues 	veriaeght
M1_36_460_D	dattu 		my 	dus 	hebste 	gheiaecht
M1_36_460_E	dat 	ghi 	my 	dus 	hebt 	geiaegt
M1_36_460_F	dattu 	mi 	heues 	dus 		gheiaecht
M1_36_460_G	dattu 	mi 		dus 	heefs 	gheiaecht
M1_36_460_O	dattu 		my 	dus 	hebs 	gheiaecht
M1_36_460_Z	dattu 	mi 		dus 	heues 	geiaget

M1_36_461_A	neent 	wistics 		wien 	claghen
M1_36_461_B	neen 	wistict 		wien 	claghen
M1_36_461_BR	neent 	wistict 		wien 	clagen
M1_36_461_C	neent 	wist 	ic 	wient 	claghen
M1_36_461_D	neen 	wist 	ict 	wien 	claghen
M1_36_461_E	neent 	wistict 		wien 	claghen
M1_36_461_F	neent 	wistic 		wien 	claghen
M1_36_461_G	neent 	wistics 		wien 	clagen
M1_36_461_O	neent 	wiste 	icx 	wien 	claeghen
M1_36_461_Z	neent 	wistict 		wien 	clagen

M1_36_462_A	martin 	vrient 	wat 	helpt 	gheclaghet
M1_36_462_B	martin 		wat 	helpt 	gheclaghet
M1_36_462_BR	merten 		wat 	hulpt 	geclaecht
M1_36_462_C	martijn 	vrient 	wat 	holpt 	gheclaecht
M1_36_462_D	martijn 	vrient 	wat 	salt 	gheclaecht
M1_36_462_E	merten 	vrient 	wat 	hulpt 	geclaegt
M1_36_462_F	merten 	vrient 	wat 	hulpt 	geclaecht
M1_36_462_G	merten 	vrient 	wat 	holpe 	geclaecht
M1_36_462_O	martin 	vrient 	wat 	helpt 	gheclaecht
M1_36_462_Z	merten 	vrient 	wat 	hulpt 	geclaget

M1_36_463_A	vrach 	dattu 	wilt 	ende 	ic 	ghewaghet
M1_36_463_B	vraech 	dattu 	wilt 	ende 	ic 	waghet
M1_36_463_BR	vraecht 	dattu 	wilt 		ic 	waecht
M1_36_463_C	vraech 	dattu 	wilt 		ic 	vaeght
M1_36_463_D	vraecht 	wat 	du 	willet 	ick 	waecht
M1_36_463_E	vraegt 	dattu 	wils 		ic 	waegt
M1_36_463_F	vraecht 	dattu 	wilt 		ic 	waecht
M1_36_463_G	vraecht 	dattu 	wils 	ende 		gewaecht
M1_36_463_O	vraecht 	wattu 	wils 		ic 	waecht
M1_36_463_Z	vraget 	dattu 	wils 		ic 	verdraget

M1_36_464_A	ic 	wilt 	al 	verdraghen
M1_36_464_B	ic 	wille 	antwoirden 	waghen
M1_36_464_BR	jc 	wilt 	al 	verdragen
M1_36_464_C	ic 	wilt 	al 	verdraghen
M1_36_464_D	ick 	wilt 	al 	verdraghen
M1_36_464_E	ic 	wilt 	al 	verdraghen
M1_36_464_F	ic 	wilt 	al 	verdragen
M1_36_464_G	jc 	wilt 	al 	verdragen
M1_36_464_O	ic 	wilt 	al 	verdraeghen
M1_36_464_Z	ic 	wilt 	al 	verdragen

M1_36_465_A	god 	helpe 	mi 	want 	hi 	vermaghet
M1_36_465_B	god 	helpe 	mi 	want 	hi 	vermaghet
M1_36_465_BR	god 	hulpe 	mi 	want 	hi 	vermaecht
M1_36_465_C	god 	helpe 	mi 	want 	hi 	vermaeght
M1_36_465_D	god 	help 	my 	want 	hi 	vermaecht
M1_36_465_E	god 	hulpe 	my 	want 	hy 	vermaegt
M1_36_465_F	god 	hulpe 	mi 	want 	hijt 	vermaecht
M1_36_465_G	god 	helpe 	mi 	want 	hi 	vermaecht
M1_36_465_O	god 	helpe 	my 	want 	hij 	vermaecht
M1_36_465_Z	god 	hulpe 	mi 	want 	hi 	vermacht

M1_36_466_A	dat 	mijn 	sin 	so 	werde 	ghevaghet
M1_36_466_B	dat 	mijn 	zin 	so 	werde 	veruaghet
M1_36_466_BR	dat 	mijn 	sin 	soe 	worde 	geuaecht
M1_36_466_C	dat 	mijn 	zin 	zoe 	werde 	gheuaeght
M1_36_466_D	dat 	mijn 	sinnen 		worden 	genaecht
M1_36_466_E	dat 	mijn 	sin 	so 	werde 	geuaegt
M1_36_466_F	dat 	mijn 	sin 	soe 	worde 	ghevaecht
M1_36_466_G	dat 	mijn 	sin 	so 	werde 	gevaecht
M1_36_466_O	dat 	mijn 	zin 	zo 	werde 	gheuaecht
M1_36_466_Z	dat 	mijn 	sin 		werde 	gevaget

M1_36_467_A	dats 		di 	moete 	behaghen
M1_36_467_B	dats 		di 	moete 	behaghen
M1_36_467_BR	dats 		di 	moet 	behagen
M1_36_467_C	dats 	mi 		moete 	behaghen
M1_36_467_D	dats 		di 	moet 	behaghen
M1_36_467_E	dat 	v 		moet 	behaghen
M1_36_467_F	dats 		dy 	moete 	behaghen
M1_36_467_G	dats 	v 		moete 	behagen
M1_36_467_O	dat 	hi 	dij 	moete 	behaeghen
M1_36_467_Z	dat 		di 	moet 	behagen

M1_36_468_A	ic 	wille 	dandworde 			waghen
M1_36_468_B	ic 	wille 		de 	antwoorde 	waghen
M1_36_468_BR	jc 	wil 			dantwoorde 	wagen
M1_36_468_C	ic 	wille 	dandwoerde 			waghen
M1_36_468_D	ick 	wil 	dan 	die 	woerden 	waghen
M1_36_468_E	ic 	wille 	danwoerde 			draghen
M1_36_468_F	ic 	wil 	dantwoirde 			waghen
M1_36_468_G	jc 	wille 	dantwerde 			wagen
M1_36_468_O	ic 	wille 	dandwoorde 			waeghen
M1_36_468_Z	ic 	wille 	danwerde 			wagen

M1_37_469_A	lieue 	iacop 	so 	berecht 	mi
M1_37_469_B	soete 	iacop 		berecht 	my
M1_37_469_BR		iacop 	nv 	bericht 	mi
M1_37_469_C	lieue 	jacob 	nu 	bericht 	mi
M1_37_469_D		iacop 	so 	berecht 	mi
M1_37_469_E		iacop 	nv 	berecht 	my
M1_37_469_F		iacob 	nu 	berecht 	mi
M1_37_469_G		iacob 	nu 	berecht 	mi
M1_37_469_O		iacob 	nu 	berecht 	my
M1_37_469_Z		iacob 	nv 	berecht 	mi

M1_37_470_A	of 	dat 	volc 	al 	comen 	si
M1_37_470_B	off 	dat 	volc 	al 	comen 	si
M1_37_470_BR	oft 	dat 	volc 	al 	comen 	si
M1_37_470_C	of 	dat 	volc 	al 	comen 	zi
M1_37_470_D	of 	dat 	volck 	al 	comen 	si
M1_37_470_E	of 	dat 	volc 		comen 	sy
M1_37_470_F	oft 	tfolck 		al 	comen 	sij
M1_37_470_G	ochte 	tfolc 		al 	comen 	si
M1_37_470_O	of 	dat 	volc 	al 	commen 	zi
M1_37_470_Z	oft 	dat 	uolc 	al 	comen 	si

M1_37_471_A	vanden 		eersten 	adame
M1_37_471_B	vanden 		eersten 	adame
M1_37_471_BR	vanden 		iersten 	adame
M1_37_471_C	van 	den 	iersten 	adame
M1_37_471_D	vanden 		eersten 	adame
M1_37_471_E	vanden 		yersten 	adame
M1_37_471_F	vanden 		iersten 	adame
M1_37_471_G	van 	den 	iersten 	adame
M1_37_471_O	van 	den 	eersten 	adaeme
M1_37_471_Z	vanden 		iersten 	adame

M1_37_472_A	twi 	es 	deen 	edel 	dander 	vri
M1_37_472_B	twi 	es 	deen 	eydel 	dander 	vri
M1_37_472_BR	twi 	es 	deen 	edel 	dander 	vri
M1_37_472_C	twi 	is 	deen 	edel 	dander 	vri
M1_37_472_D	nv 	is 	deen 	edel 	dander 	vry
M1_37_472_E	twi 	eest 	deen 	edel 	dander 	vry
M1_37_472_F	twij 	es 	deen 	edel 	dander 	vry
M1_37_472_G	twi 	es 	deen 	edel 	dander 	vri
M1_37_472_O	twi 	es 	deen 	edel 	dander 	vry
M1_37_472_Z	twi 	es 	deen 	edel 	dander 	vri

M1_37_473_A		die 	derde 	eyghin 	man 	daer 	bi
M1_37_473_B		de 	derde 	eghin 	man 	dair 	bi
M1_37_473_BR		die 	derde 	eygen 	man 	daerbi	
M1_37_473_C	ende 	die 	dorde 	eyghen 		daerbi	
M1_37_473_D		die 	derde 	eyghen 	man 	daer 	by
M1_37_473_E		die 	derde 	eyghen 	man 	daer 	by
M1_37_473_F		die 	derde 	eyghen 	man 	dair 	bij
M1_37_473_G		de 	derde 	eygen 	man 	daer 	bi
M1_37_473_O		de 	derde 	eyghin 	man 	daer 	by
M1_37_473_Z		die 	der 	eygen 	man 	daerbi	

M1_37_474_A	wanen 		quam 		desen 	name
M1_37_474_B	wane 		quamen 		dese 	name
M1_37_474_BR	wanen 		quam 		desen 	name
M1_37_474_C	wane 		quam 		dese 	name
M1_37_474_D	van 	waen 	quam 		dese 	name
M1_37_474_E	wanen 		quam 		desen 	name
M1_37_474_F	wanen 		quam 	ons 	desen 	name
M1_37_474_G	wanen 		quam 		desen 	name
M1_37_474_O	wane 		quamen 		dese 	name
M1_37_474_Z	wanen 		quam 	ons 	desen 	name

M1_37_475_A	twi 	seghemen 	ten 	dorpere 		spi
M1_37_475_B	twi 	seitmen 	ten 	dorpre 		si
M1_37_475_BR	twi 	seitmen 		toten 	dorper 	tfi
M1_37_475_C	twi 	zeghetmen 	ten 		dorper 	fi
M1_37_475_D	nv 	seytmen 		totten 	dorper 	tsi
M1_37_475_E	twi 	seitmen 		toten 	dorper 	tfy
M1_37_475_F	twij 	seitmen 		toten 	dorper 	tsi
M1_37_475_G	twi 	seit 	men 	toten 	dorper 	fi
M1_37_475_O	twi 	seit 	men 	den 	dorper 	spi
M1_37_475_Z	twi 	seitmen 		toten 	dorper 	tfi

M1_37_476_A	ganc 	wech 	god 	onneere 	di
M1_37_476_B	ganc 	wech 	god 	oneere 	di
M1_37_476_BR	ganc 	wech 	god 	onnere 	di
M1_37_476_C	ganc 	wech 	god 	onnere 	di
M1_37_476_D	ganck 	wech 	god 	oneere 	di
M1_37_476_E	ganc 	wech 	god 	onnere 	dy
M1_37_476_F	ganc 	wech 	god 	onneere 	dij
M1_37_476_G	ganc 	wech 	god 	onneere 	di
M1_37_476_O	ganc 	wech 	god 	onneere 	di
M1_37_476_Z	ganc 	wech 	god 	onneere 	di

M1_37_477_A	du 	best 	der 	weerelt 	scame
M1_37_477_B	du 	best 	der 	werelt 	scame
M1_37_477_BR	du 	best 	der 	werelt 	scame
M1_37_477_C	du 	bist 	der 	werelt 	scame
M1_37_477_D	du 	biste 	der 	werelt 	scame
M1_37_477_E	dv 	best 	der 	werelt 	scame
M1_37_477_F	du 	best 	der 	werelt 	scame
M1_37_477_G	du 	best 	der 	werelt 	scame
M1_37_477_O	du 	best 	der 	weerelt 	scame
M1_37_477_Z	dv 	best 	der 	werelt 	scame

M1_37_478_A	die 	edele 	heuet 		al 	tghecri
M1_37_478_B	die 	edele 	heeft 		al 	tghecri
M1_37_478_BR	die 	edele 	heeft 		al 	tgecri
M1_37_478_C	die 	edele 	man 	heest 	al 	tghecri
M1_37_478_D	die 	edel 	heuet 		al 	tghecri
M1_37_478_E	die 	edele 	heuet 		al 	tgecri
M1_37_478_F	die 	edele 	heuel 		al 	tghecry
M1_37_478_G	die 	edele 	heeft 		al 	tgecri
M1_37_478_O	die 	edel 	heuet 		al 	tghecri
M1_37_478_Z	die 	edel 	heuet 		al 	tgrecri

M1_37_479_A	men 	seghet 	willecome 		ghi
M1_37_479_B	me 	seit 	wel 	comen 	ghi
M1_37_479_BR	men 	seit 	wille 	come 	gi
M1_37_479_C	men 	zeghet 	willecome 		ghi
M1_37_479_D	men 	seyt 	willecome 		ghi
M1_37_479_E	men 	seit 	willecome 		ghy
M1_37_479_F	men 	seyt 	willecome 		ghij
M1_37_479_G	men 	seit 	wille 	come 	gi
M1_37_479_O	men 	seit 	willecomme 		ghi
M1_37_479_Z	men 	seit 	willecome 		ghi

M1_37_480_A	dats 		dies 	ic 	nu 	vergrame
M1_37_480_B	dit 	doet 	dat 	ic 	mi 	vergrame
M1_37_480_BR	dit 	doet 	dat 	ic 	mi 	vergrame
M1_37_480_C	dats 		daer 	ic 	om 	vergrame
M1_37_480_D	dit 	doet 	dat 	ick 	my 	vergrame
M1_37_480_E	dit 	doet 	dat 	ic 	my 	vergrame
M1_37_480_F	dit 	doet 	dat 	ic 	mi 	vergrame
M1_37_480_G	dit 	doet 	dat 	ic 		vergrame
M1_37_480_O	dit 	doet 	dat 	ic 	my 	vergrame
M1_37_480_Z	dat 	doet 	dat 	ic 	mi 	vergrame

M1_37_481_A	want 	het 	dinct 	mi 	ontame
M1_37_481_B	want 	het 	dinct 	mi 	ontame
M1_37_481_BR	want 	het 	dunct 	mi 	ontame
M1_37_481_C	want 	het 	dunct 	mi 	ontame
M1_37_481_D	want 	het 	dunct 	mi 	ontame
M1_37_481_E	want 	het 	dinct 	my 	ontame
M1_37_481_F	want 	het 	dunct 	my 	ontame
M1_37_481_G	want 	het 	dunct 	mi 	ontame
M1_37_481_O	want 	het 	dijnct 	mi 	ontame
M1_37_481_Z	want 	het 	dunct 	mi 	ontame

M1_38_482_A	martin 	meneghen 			es 	bedect	
M1_38_482_B	martin 	meneghen 			es 	bedect	
M1_38_482_BR	merten 		menich 		es 	bedect	
M1_38_482_C	martijn 		menich 		is 	bedect	
M1_38_482_D	martijn 	menighe 			is 	bedect	
M1_38_482_E	merten 		menich 		es 	bedect	
M1_38_482_F	merten 	die 	menich 		is 	bedect	
M1_38_482_G	merten 	menegen 			es 	bedect	
M1_38_482_O	martin 		menich 	dinc 	es 	bedect 	dinc
M1_38_482_Z	merten 	menege 			es 	bedect	

M1_38_483_A	die 	dinc 			daer 	dijn 	sin 	vp 	mect
M1_38_483_B	dit 	dinc 			dair 	dijn 	sin 	op 	mect
M1_38_483_BR	die 	dinc 			daer 	dijn 	sin 	op 	mect
M1_38_483_C	die 	dinc 			daer 	dijn 	zin 	op 	mect
M1_38_483_D	die 	dinct 			daer 	syne 	sinne 	op 	mect
M1_38_483_E	die 	dinc 			daer 	sijn 	sin 	op 	mect
M1_38_483_F	die 	dinct 			daer 	zijn 	sin 	op 	mect
M1_38_483_G	die 	dinc 			daer 	u 	sin 	op 	mect
M1_38_483_O	ende 	dijnct 	hem 	groot 	daer 		hi 	vp 	mect
M1_38_483_Z	die 	dinc 			daer 	sijn 	sin 	op 	mect

M1_38_484_A	ende 	du 	vraghes 	wel 	verre
M1_38_484_B	ende 	du 	vraghes 	wel 	verre
M1_38_484_BR	ende 	du 	vrages 	wel 	verre
M1_38_484_C	ende 	du 	vraghes 	wel 	verre
M1_38_484_D	ende 	du 	vraghes 	wel 	verre
M1_38_484_E	maer 	du 	vrages 	wel 	verre
M1_38_484_F	ende 	du 	vraghes 	wel 	verre
M1_38_484_G	ende 	gi 	vraecht 	wel 	verre
M1_38_484_O	maer 	du 	sprekes 	wel 	verre
M1_38_484_Z	ende 	du 	vrages 	wel 	verre

M1_38_485_A	want 	heuet 	een 	persemier 	geblect
M1_38_485_B	want 	heeft 	een 	personier 	gheplect
M1_38_485_BR	al 	heeft 	een 	persemir 	geplect
M1_38_485_C	want 	heeft 	een 	persemier 	gheblect
M1_38_485_D	waen 	heeft 	een 	persemir 	gheplect
M1_38_485_E	al 	heeft 	een 	persemeer 	gheplect
M1_38_485_F	al 	heeft 	een 	persemer 	gheplect
M1_38_485_G	al 	heeft 	een 	persemier 	geblect
M1_38_485_O	al 	heeft 	een 	persemier 	gheplect
M1_38_485_Z	al 	heuet 	een 	persemer 	geplect

M1_38_486_A	enten 		lieden 	thare 	ontpect
M1_38_486_B	ende 	den 	lieden 	thare 	ontpect
M1_38_486_BR	enten 		lieden 	thare 	onttrect
M1_38_486_C	ende 	den 	luden 	thaer 	ontpect
M1_38_486_D	ende 	den 	lieden 	thaer 	ontrect
M1_38_486_E	enten 		lieden 	thare 	ontrect
M1_38_486_F	enten 		lieden 	thare 	ontrect
M1_38_486_G	ende 	den 	lieden 	thare 	ontplect
M1_38_486_O	ende 	den 	lieden 	thare 	ontrect
M1_38_486_Z	ende 	den 		thare 	ontrect

M1_38_487_A	so 	wille 	hi 	sonder 	merre
M1_38_487_B	hi 	wille 		sonder 	merre
M1_38_487_BR	soe 	wilt 	hi 	sonder 	merren
M1_38_487_C	hi 	wil 		zonder 	merre
M1_38_487_D	soe 	wil 	hi 	sonder 	merre
M1_38_487_E	hi 	wilt 		sonder 	merre
M1_38_487_F	soe 	wilt 	hij 	sonder 	merre
M1_38_487_G	hi 	wilt 	nochtan 	sonder 	merre
M1_38_487_O	hij 	wille 		zonder 	merre
M1_38_487_Z	hi 	wilt 		sonder 	merre

M1_38_488_A	onder 	die 	edele 	sijn 	ghetrect
M1_38_488_B	onder 	deydele 		sijn 	ghetrect
M1_38_488_BR	onder 	die 	edele 	sijn 	getrect
M1_38_488_C	onder 	die 	edele 	zijn 	ghetrect
M1_38_488_D	onder 	die 	edele 		ghetrect
M1_38_488_E	onder 	die 	edele 	sijn 	getrect
M1_38_488_F	onder 	die 	edele 	siin 	ghetrect
M1_38_488_G	onder 	dedele 		sijn 	getrect
M1_38_488_O	onder 	die 	edele 	zijn 	ghetrect
M1_38_488_Z	onder 	die 	edel 	zijn 	getrect

M1_38_489_A	al 	ware 	hi 	c 	fout 	beulect
M1_38_489_B	al 	ware 	hi 	m  	vout 	beulect
M1_38_489_BR	al 	waer 	hi 	dusentfout 		beulect
M1_38_489_C		alwaer 	hi 	dusentvout 		beulect
M1_38_489_D	al 	waer 	hi 	dusentfout 		beulect
M1_38_489_E	al 	ware 	hi 	dusentvout 		beulect
M1_38_489_F	al 	ware 	hij 	dusenfout 		beulect
M1_38_489_G	al 	ware 	hi 	dusentech 	werf 	bevlect
M1_38_489_O	al 	waere 	hij 	dusentuout 		beulect

M1_38_490_A	tghelt 	claerten 		vanden 	terre
M1_38_490_B	tghelt 	claerstene 		vanden 	sterre
M1_38_490_BR	tgelt 	claerten 		vanden 	terre
M1_38_490_C	tghelt 	claerten 	van 	den 	terre
M1_38_490_D	tghelt 	claert 	hem 	vander 	terre
M1_38_490_E	tgelt 	claerten 	van 	den 	terre
M1_38_490_F	tghelt 	claret 		vanden 	terre
M1_38_490_G	tgelt 	claertene 	van 	den 	terre
M1_38_490_O	tghelt 	claertene 	van 	der 	terre
M1_38_490_Z	tgelt 	claer 		vanden 	terre

M1_38_491_A	dits 	die 	dinc 	die 		lieden 	wect
M1_38_491_B	dits 	die 	dinc 	die 		lieden 	wect
M1_38_491_BR	dits 		dinc 	die 		lieden 	weet
M1_38_491_C	dits 	die 	dinc 	die 	de 	lude 	wect
M1_38_491_D	dit 	is 	dat 	dinck 	dat 	lieden 	wrect
M1_38_491_E	dits 	die 	dinc 	die 		lieden 	wect
M1_38_491_F	dits 		dinc 	dien 	de 	lieden 	wect
M1_38_491_G	dits 	de 		die 	de 	liede 	wect
M1_38_491_O	dit 	dijnc 	alzo 		de 	lieden 	wect
M1_38_491_Z	dits 	de 	dinc 	die 		liede 	wect

M1_38_492_A	ende 	menich 			sins 	te 	winne 	trect
M1_38_492_B	dat 	menich 			zin 	te 	winne 	trect
M1_38_492_BR	dat 	menich 		tsine 		te 	winnen 	tre
M1_38_492_C	dat 	menich 		tsijn 			tewinne 	trect
M1_38_492_D	dat 	menich 		tsijn 		te 	winnen 	trect
M1_38_492_E	dat 	elc 		tsine 		te 	winnen 	trect
M1_38_492_F	dat 	menich 		tsine 		te 	winnen 	trect
M1_38_492_G	dat 	menech 	dinc 	tsine 	sin 	te 	winnenne 	trect
M1_38_492_O	dat 	menich 		tsine 		te 	winnene 	trect
M1_38_492_Z	dat 	menich 		tsine 		te 	winne 	trect

M1_38_493_A	ende 	maecter 		gode 	om 	erre
M1_38_493_B	ende 	maecter 		god 	mede 	erre
M1_38_493_BR	ende 	maecter 		gode 	om 	erre
M1_38_493_C	ende 	maecter 		gode 	om 	erre
M1_38_493_D	ende 	maect 	daer 	god 	om 	erre
M1_38_493_E	ende 	maecter 		gode 	om 	erre
M1_38_493_F	ende 	maecter 		god 	om 	erre
M1_38_493_G	ende 	maecter 		gode 	mede 	erre
M1_38_493_O	ende 	maecter 		gode 	om 	erre
M1_38_493_Z	ende 	maect 		gode 	om 	erre

M1_38_494_A	entie 		ziele 	in 	die 	werre
M1_38_494_B	ende 	de 	ziele 	in 		werre
M1_38_494_BR	entie 		ziele 	in 		werre
M1_38_494_C	ende 	die 	ziele 	in 		werre
M1_38_494_D	ende 	die 	siel 	in 		werre
M1_38_494_E	entie 		ziele 	in 		werre
M1_38_494_F	entie 		ziele 	in 		werre
M1_38_494_G	ende 	die 	siele 	in 		werre
M1_38_494_O	ende 	de 	ziele 	in 		werre
M1_38_494_Z	ende 	die 	ziele 	in 		werre

M1_39_495_A	nv 	waent 	sulc 	dat 	tfolc 	eyghijn
M1_39_495_B	sulc 	waent 		dat 	volc 	eyghijn
M1_39_495_BR	selc 	waent 		dat 	volc 	eyghijn
M1_39_495_C	zulc 	waent 		dat 	volc 	eyghijn
M1_39_495_D	sulck 	waent 	dat 	dat 	volc 	eyghijn
M1_39_495_E	sulc 	waent 		dat 	tfolc 	eyghijn
M1_39_495_F	selc 	waent 	dat 	dat 	volc 	eyghijn
M1_39_495_G	selc 	waent 	dat 	dat 	volc 	eygh
M1_39_495_O	svlc 	waent 		dat 	volc 	eyghin
M1_39_495_Z	selc 	waent 		dat 	volc 	eygijn

M1_39_496_A	comen 	es 	vanden 		quaden 	cayhijn
M1_39_496_B	comen 	es 	vanden 		quaden 	caym
M1_39_496_BR	comen 	es 	vanden 		quaden 	y
M1_39_496_C	comen 	is 	van 	den 	quaden 	cayn
M1_39_496_D	comen 	is 	vanden 		quaden 	caym
M1_39_496_E	comen 	es 	vanden 		quaden 	cayn
M1_39_496_F	comen 	es 	vanden 		quaden 	caym
M1_39_496_G	comen 	es 	vanden 		quaden 	cayn
M1_39_496_O	commen 	es 	van 	den 	quaden 	cayn
M1_39_496_Z	comen 	es 	vanden 		quade 	caym

M1_39_497_A	die 	vermorde 	abelle
M1_39_497_B	die 	vermoirde 	abelle
M1_39_497_BR	die 	vermoerde 	abelle
M1_39_497_C	die 	vermoerde 	abelle
M1_39_497_D	die 	vermoerde 	abelle
M1_39_497_E	die 	vermorde 	abelle
M1_39_497_F	die 	vermoorde 	abelle
M1_39_497_G	die 	vermoerdde 	abelle
M1_39_497_O	die 	vermoorde 	abelle
M1_39_497_Z	die 	vermorde 	abelle

M1_39_498_A	ende 	dien 	god 	verdoemt 	hiet 	sijn
M1_39_498_B		dien 	god 	verdomt 	hiet 	sijn
M1_39_498_BR	entie 		god 	verdoemt 	hiet 	sijn
M1_39_498_C	ende 	die 	god 	verdoemt 	hiet 	zijn
M1_39_498_D	ende 	die 	god 	verdoemt 	heet 	sijn
M1_39_498_E	ende 	die 	god 	verdoemt 	hiet 	sijn
M1_39_498_F	entie 		god 	verdoemt 	hiet 	ziin
M1_39_498_G	ende 	dien 	god 	verdoemt 	hiet 	tsijn
M1_39_498_O	ende 	dien 	god 	verdoemt 	hiet 	zijn
M1_39_498_Z	ende 	dien 	god 	verdoemt 	hiet 	sijn

M1_39_499_A	dit 	en 	es 	niet 	waer 	martijn
M1_39_499_B	dits 			niet 	wair 	martijn
M1_39_499_BR	dits 			niet 	waer 	mertijn
M1_39_499_C	dit 	en 	is 	niet 	waer 	martijn
M1_39_499_D	dit 	en 	is 	niet 	waer 	martijn
M1_39_499_E	dit 		nes 	niet 	waer 	mertijn
M1_39_499_F	dits 			niet 	waer 	mertijn
M1_39_499_G	dit 	en 	es 	niet 	waer 	mertijn
M1_39_499_O	dit 		es 	al 	lueghene 	martijn
M1_39_499_Z	dits 			niet 	waer 	mertijn

M1_39_500_A	bi 	redenen 	die 	ic 		telle
M1_39_500_B	bi 	redenen 	die 	ic 		telle
M1_39_500_BR	bi 	redenen 	die 	ic 		telle
M1_39_500_C	bi 	redene 	die 	ic 		telle
M1_39_500_D	bi 	reden 	die 	ick 		telle
M1_39_500_E	bi 	rededenen 	die 	ic 		telle
M1_39_500_F	bij 	redene 	die 	ic 		telle
M1_39_500_G	bi 	redenen 	die 	ic 	v 	telle
M1_39_500_O	by 	redene 	die 	ic 		telle
M1_39_500_Z	bi 	redenen 	die 	ic 		spelle

M1_39_501_A	want 	al 	dat 	gheslachte 	sijn
M1_39_501_B	want 		dat 	gheslachte 	zijn
M1_39_501_BR	dat 	al 	dat 	geslachte 	sijn
M1_39_501_C	want 	al 	dat 	gheslaechte 	zijn
M1_39_501_D	want 	al 	dat 	gheslachte 	sijn
M1_39_501_E	dat 	al 	dat 	gheslechte 	sijn
M1_39_501_F	dat 	al 	dat 	gheslachte 	siin
M1_39_501_G	dat 	al 	dat 	geslechte 	sijn
M1_39_501_O	want 	al 	dat 	gheslachte 	zijn
M1_39_501_Z	dat 	al 	dat 	geslachten 	sijn

M1_39_502_A	bescrijft 	ons 		die 	bibele 	fijn
M1_39_502_B	scriuet 	ons 		die 	bibele 	fijn
M1_39_502_BR	want 	ons 	scrijft 	die 	bibel 	fijn
M1_39_502_C	alse 	ons 	scrijft 	die 	bible 	fijn
M1_39_502_D	schriuet 	ons 		die 	bible 	fijn
M1_39_502_E	want 	ons 	seit 	die 	bibele 	fijn
M1_39_502_F	want 	ons 	scrijft 	die 	bybel 	fiin
M1_39_502_G	want 	ons 	wijst 	die 	bibel 	fijn
M1_39_502_O	scriuet 	ons 		de 	bible 	fijn
M1_39_502_Z	want 	ons 	scrijft 	de 	bibele 	fijn

M1_39_503_A	verdranc 		die 	louie 	felle
M1_39_503_B	verdranc 		die 	diluuie 	felle
M1_39_503_BR	verdranc 		die 	luuie 	felle
M1_39_503_C	verdranc 	in 		diluuie 	felle
M1_39_503_D	verdranck 			diluuie 	felle
M1_39_503_E	verdranc 	in 	die 	delouie 	felle
M1_39_503_F	verdranc 		die 	diluuie 	felle
M1_39_503_G	verdranc 	in 	die 	deluuie 	felle
M1_39_503_O	verdranc 		die 	diluuie 	felle
M1_39_503_Z	verdranc 		die 	deluuie 	felle

M1_39_504_A	maer 	dat 		dorplijc 	venijn
M1_39_504_B	mer 	tvalsche 	dorperlike 		venijn
M1_39_504_BR	maer 	tfalsche 	dorperlijc 		venijn
M1_39_504_C	mer 	valsch 	dorperlijc 		venijn
M1_39_504_D	maer 	tfalsche 	dorperlic 		fenijn
M1_39_504_E	maer 	dat 	valsce 	dorplijc 	fenijn
M1_39_504_F	maer 	tvalsche 	dorperlijc 		fenijn
M1_39_504_G	maer 	scalc 	dorperlec 		venijn
M1_39_504_O	maer 	dat 	dorperlic 		venijn
M1_39_504_Z	maer 	dat 	dorperlijc 		venijn

M1_39_505_A	dat 	caym 	drouch 	dats 	noch 	anschijn
M1_39_505_B	dat 	caym 	drouch 	es 	noch 	anschijn
M1_39_505_BR	dat 	caym 	droech 	dats 		anscijn
M1_39_505_C	dat 	cayn 	droech 	is 	noch 	inscijn
M1_39_505_D	dat 	caym 	droech 	dats 		aenschijn
M1_39_505_E	dat 	cayn 	droech 	dats 		anschijn
M1_39_505_F	dat 	caym 	droech 	es 	noch 	aenschijn
M1_39_505_G	dat 	caym 	droech 	es 		anschijn
M1_39_505_O	dat 	cayn 	drouch 	es 	noch 	anschijn
M1_39_505_Z	dat 	caym 	droech 	es 	an 	scijn

M1_39_506_A	an 	meneghen 		die 	ic 	telle
M1_39_506_B	bi 	meneghen 		die 	ic 	telle
M1_39_506_BR	aen 	menigen 		die 	ic 	telle
M1_39_506_C	aen 		zomen 	die 	ic 	spelle
M1_39_506_D	aen 	menighe 		die 	ick 	telle
M1_39_506_E	an 	meneghen 		die 	ic 	telle
M1_39_506_F	aen 	meneghen 		die 	ic 	telle
M1_39_506_G	an 	menegen 		die 	ic 	spelle
M1_39_506_O	an 	so 	mighen 	die 	ic 	spelle
M1_39_506_Z	van 	menegen 		die 	ic 	spelle

M1_39_507_A	van 	herten 	sijn 	gheselle
M1_39_507_B	van 	herten 	sine 	gheselle
M1_39_507_BR	van 	herten 	sijn 	geselle
M1_39_507_C	van 	herten 	zijn 	gheselle
M1_39_507_D	van 	herten 	sijn 	gheselle
M1_39_507_E	van 	herten 	sijn 	gheselle
M1_39_507_F	van 	herten 	siin 	gheselle
M1_39_507_G	van 	herten 	sijn 	geselle
M1_39_507_O	van 	herten 	sijn 	gheselle
M1_39_507_Z	van 	herten 	sine 	geselle

M1_40_508_A	sulc 	waent 	dat 		vanden 	quaden 	cam
M1_40_508_B	svlc 	waent 	dat 		vanden 	quaden 	cam
M1_40_508_BR	selc 	waent 	dat 		vanden 	quaden 	
M1_40_508_C	zulc 	waent 	dat 	van 	den 	quaden 	cam
M1_40_508_D	sulc 	waent 	dat 		vanden 	quaden 	cam
M1_40_508_E	sulc 	waent 	dat 		vanden 	quaden 	cam
M1_40_508_F	selc 	waent 	dat 	volc 	vanden 	quaden 	cam
M1_40_508_G	selc 	waent 	dat 	van 	den 	quaden 	cham
M1_40_508_O	svlc 	waent 	dat 		vanden 	quaden 	cham
M1_40_508_Z	selc 	waent 	dat 		vanden 	quaden 	cam

M1_40_509_A	doe 	noe 	sijn 	vader 		was 	gram
M1_40_509_B	doe 	noe 	sijn 	vader 		was 	gram
M1_40_509_BR	dies 	noe 	sijn 	vader 		was 	gram
M1_40_509_C	dien 	noe 	zijn 	vader 		was 	gram
M1_40_509_D	daer 	noe 	sijn 	vader 	op 	was 	gram
M1_40_509_E	want 	noe 	sijn 	vader 		was 	gram
M1_40_509_F	dies 	noe 	siin 	vader 		was 	gram
M1_40_509_G	daer 	noe 	sijn 	vader 	op 	was 	gram
M1_40_509_O	daer 	noe 	zijn 	vader 	vp 	was 	gram
M1_40_509_Z	die 	noe 	sijn 	vader 		was 	gram

M1_40_510_A		want 	hine 		niet 	en 	decte
M1_40_510_B	omme 	dat 	hine 		niet 		decte
M1_40_510_BR	om 	dat 	hine 		niet 	en 	decte
M1_40_510_C		want 	hine 		niet 	en 	decte
M1_40_510_D	om 	dat 	hi 	hem 	niet 	en 	decte
M1_40_510_E	om 	dat 	hine 		niet 	en 	decte
M1_40_510_F	om 	dat 	hine 		niet 	en 	decte
M1_40_510_G	om 	dat 	hine 		niet 	en 	decte
M1_40_510_O		dat 	hij 	en 	niet 	en 	decte
M1_40_510_Z		dat 	hine 		niet 	ende 	decte

M1_40_511_A	dat 	eyghin 	volc 	van 	hem 	quam
M1_40_511_B	dat 	eyghen 	volc 	van 	hem 	quam
M1_40_511_BR	dat 	eyghen 	volc 	van 	hem 	quam
M1_40_511_C		eyghendoeme 		van 	hem 	quam
M1_40_511_D	dat 	eyghen 	volck 	van 	hem 	quam
M1_40_511_E	dat 	eyghen 	volc 	van 	hem 	quam
M1_40_511_F	dat 	eyghen 	volc 	van 	hem 	quam
M1_40_511_G	dat 	deygijn 	volc 	van 	hem 	quam
M1_40_511_O	dat 	deyghin 	volc 	van 	hem 	quam
M1_40_511_Z	dat 	eygen 	uolc 	van 	hem 	quam

M1_40_512_A	want 	hem 	sijns 	vader 	vlouc 		mesquam
M1_40_512_B	want 	hem 	svader 		vlouc 		mesquam
M1_40_512_BR	want 	hem 		tfaders 	volc 		mesqu
M1_40_512_C	want 	hem 	swaer 		vloec 		bequam
M1_40_512_D	want 	hem 	svaders 		vloec 		mesquam
M1_40_512_E	want 	hem 	des 	vaders 	vloec 		mesquam
M1_40_512_F	want 	hem 	des 	tfuaders 	vloec 		mesquam
M1_40_512_G	want 		svaders 		vloec 	hem 	mesquam
M1_40_512_O	want 	hem 	zijns 	vaders 	vlouc 		mesquam
M1_40_512_Z	want 		des 	vaders 	vloec 		mesquam

M1_40_513_A	hi 	dolde 	diere 		vp 	mecte
M1_40_513_B	hi 	doelde 	diere 		op 	mecte
M1_40_513_BR	hi 	doelde 	diere 		op 	mecte
M1_40_513_C	hi 	doelde 	die 	derop 		mecte
M1_40_513_D	hi 	doelde 	die 	daer 	op 	mecte
M1_40_513_E	hi 	doelde 	diere 		op 	micte
M1_40_513_F	hii 	doelde 	diere 		op 	mecte
M1_40_513_G	hi 	doelde 	diere 		op 	mecte
M1_40_513_O	hij 	doelde 	die 	hier 	vp 	mecte
M1_40_513_Z	hi 	doelde 	diere 		op 	mecte

M1_40_514_A	al 	vindmen 		dattie 		goede 	ram
M1_40_514_B	al 	vintmen 		dat 	de 	ongaue 	ram
M1_40_514_BR	al 	vintmen 		dat 	die 	goede 	ram
M1_40_514_C	al 	vijntmen 		dat 	die 	quade 	ram
M1_40_514_D	al 	vintmen 		dat 	die 	quade 	ram
M1_40_514_E	al 	vintmen 		dat 	die 	goede 	ram
M1_40_514_F	al 	vintmen 		dattie 		goede 	ram
M1_40_514_G	al 	vintmen 		dat 	die 	goede 	ram
M1_40_514_O	al 	vint 	men 	dat 	die 	gaue 	ram
M1_40_514_Z	al 	valt 		dattie 		goede 	ram

M1_40_515_A	dicken 	wint 	dongaue 	lam
M1_40_515_B	dicken 	wint 	tongaue 	lam
M1_40_515_BR	dicke 	wint 	dongaue 	lam
M1_40_515_C	dicke 	wint 	tongheue 	lam
M1_40_515_D	dicke 	wint 	tongaue 	lam
M1_40_515_E	dicke 	wint 	dongaue 	lam
M1_40_515_F	dicke 	wint 	dongaue 	lam
M1_40_515_G	dicwile 	wint 	dongaue 	lam
M1_40_515_O	dickent 	wint 	dongaue 	lam
M1_40_515_Z	dicke 	vint 	dongaue 	lam

M1_40_516_A	dits 		der 	rudarise 		secte
M1_40_516_B	dits 		der 	rudairsser 		secte
M1_40_516_BR	dits 		der 	rudarise 		secte
M1_40_516_C	dits 		der 	ruder 		zecte
M1_40_516_D	dits 		der 	rudarius 		secte
M1_40_516_E	dits 		der 	rudarise 		secte
M1_40_516_F	dits 		der 	rudarise 		secte
M1_40_516_G	dits 		der 	rudarise 		secte
M1_40_516_O	dit 	es 	der 	ruder 	lieder 	secte
M1_40_516_Z	dats 		der 	rudarise 		secte

M1_40_517_A	vanden 		edelen 	abraham
M1_40_517_B	vanden 		eydelen 	abraham
M1_40_517_BR	van 	den 	edelen 	abraham
M1_40_517_C	van 	den 	edelen 	abraham
M1_40_517_D	vanden 		edelen 	abraham
M1_40_517_E	vanden 		edelen 	abraham
M1_40_517_F	vanden 		edelen 	abraham
M1_40_517_G	vanden 		edelen 	abraham
M1_40_517_O	van 	den 	goeden 	abraham
M1_40_517_Z	vanden 		edelen 	abraham

M1_40_518_A	quam 	eyghin 	volc 	als 	ic 	vernam
M1_40_518_B	quam 	eyghin 	volc 	als 	ict 	vernam
M1_40_518_BR	quam 	eygen 	volc 	alsic 		verna
M1_40_518_C	quam 	eygen 	volc 	alsict 		vernam
M1_40_518_D	quam 	eyghen 	volck 	als 	ick 	vernam
M1_40_518_E	quam 	eyghen 	volc 	alsic 		vernam
M1_40_518_F	quam 	eyghen 	volc 	als 	ic 	vernam
M1_40_518_G	quam 	eygijn 	volc 	alsic 		vernam
M1_40_518_O	quam 	edel 	volc 	als 	ic 	vernam
M1_40_518_Z	quam 	eygen 	uolc 	soe 	ic 	vernam

M1_40_519_A	dat 	oint 	ter 	eeren 	trecte
M1_40_519_B	dat 	oyt 	ter 	eren 	trecte
M1_40_519_BR	dat 	oit 	ter 	eren 	trecte
M1_40_519_C	die 	oyt 	ter 	eeren 	trecte
M1_40_519_D	dat 	oyt 	ter 	eeren 	trecte
M1_40_519_E	die 	oyt 	ter 	eren 	trecte
M1_40_519_F	dat 	noyt 	ter 	eeren 	trecte
M1_40_519_G	dat 	oyt 	ter 	eren 	trecte
M1_40_519_O	dat 	oyt 	ter 	eeren 	trecte
M1_40_519_Z	dat 	oit 	ter 	eeren 	trecte

M1_40_520_A	noch 	noit 	hem 			beulecte
M1_40_520_B	ende 	noyt 	hem 			beulecte
M1_40_520_BR	ende 		hem 	niet 	en 	beulecte
M1_40_520_C	ende 		hem 	nie 		beulecte
M1_40_520_D	ende 		hem 	noyt 	en 	beulecte
M1_40_520_E	ende 		hem 	noyt 		beulecte
M1_40_520_F	ende 		hem 	niet 	en 	beulecte
M1_40_520_G	ende 		hem 	noyt 	en 	bevlecte
M1_40_520_O	ende 		hem 	noyt 	en 	beulecte
M1_40_520_Z	ende 		hem 	noyt 	en 	beulecte

M1_41_521_A	martin 	tduudsche 		loy 		vertelt
M1_41_521_B	martin 	thoude 		loy 		vertelt
M1_41_521_BR	merten 		duutsche 	loy 		vertelt
M1_41_521_C	martijn 	die 	dietsche 	loy 		vertelt
M1_41_521_D	martijn 	die 		loy 	ons 	vertelt
M1_41_521_E	merten 	dat 	duutsce 	loy 		vertelt
M1_41_521_F	merten 	dat 	duytsche 	loy 		vertelt
M1_41_521_G	merten 		dwalschen 	loy 		vertelt
M1_41_521_O	martin 	de 	duutsche 	loy 		vertelt
M1_41_521_Z	merten 	tuusche 		loy 		vertelt

M1_41_522_A	dat 	van 	onrechtre 	ghewelt
M1_41_522_B	dat 	van 	onrechter 	ghewelt
M1_41_522_BR	dat 	van 	onrechter 	gewelt
M1_41_522_C	dat 	van 	onrechter 	ghewelt
M1_41_522_D	dat 	van 	onrechter 	ghewelt
M1_41_522_E	dat 	van 	onrechter 	gewelt
M1_41_522_F	dat 	van 	gherechter 	ghewelt
M1_41_522_G	dat 	van 	ongerechter 	gewelt
M1_41_522_O	dat 	van 	ongherechtigher 	ghewelt
M1_41_522_Z	dat 	van 	ongerecht 	gewelt

M1_41_523_A	eyghindoem 	es 	comen
M1_41_523_B	eyghendom 	es 	comen
M1_41_523_BR	eyghendom 	es 	comen
M1_41_523_C	eyghendoem 	is 	comen
M1_41_523_D	eyghendoeme 	is 	ghecomen
M1_41_523_E	eygendom 	es 	comen
M1_41_523_F	eyghendom 	es 	comen
M1_41_523_G	eygendoem 	es 	comen
M1_41_523_O	eyghendom 	es 	coemen
M1_41_523_Z	eygendom 	es 	comen

M1_41_524_A	alse 	een 	prinche 		verwan 	wijch 	vp 	tvelt
M1_41_524_B	als 	een 	prinche 		wan 	wijch 	op 	tvelt
M1_41_524_BR	als 	een 	prince 		wan 	wijch 	op	
M1_41_524_C	alse 	een 	prince 		verwan 		op 	tuelt
M1_41_524_D	als 	een 	prince 		wan 	crijch 	opt 	velt
M1_41_524_E	als 	een 	prince 		wan 	wijch 	op 	tfelt
M1_41_524_F	als 	een 	prince 		wan 	wijgh 	op 	tfelt
M1_41_524_G	als 	i 	prince 		verwan 		op 	tfelt
M1_41_524_O	als 	een 	prinche 	wijch 	wan 		vp 	tvelt
M1_41_524_Z	als 	een 	prinse 		wan 	wijch 	op 	tfelt

M1_41_525_A	ende 	sine 	viande 	hadde 	gheuelt			
M1_41_525_B	tvolc 	datmen 			te 	liue 	helt 	d
M1_41_525_BR	tfolc 	datmen 			te 	liue 	helt	
M1_41_525_C	tuolc 	datmen 				telue 	helt	
M1_41_525_D	tvolck 	datmen 			te 	liue 	helt	
M1_41_525_E	tfolc 	dat 	men 		te 	liue 	helt	
M1_41_525_F	tfolc 	dat 	men 		te 	liue 	helt	
M1_41_525_G	ende 	sine 	viande 	hadde 	gevelt			
M1_41_525_O	tvolc 	dat 	men 	daer 	te 	liue 	helt	
M1_41_525_Z	tfolc 	datmen 			te 	liue 	helt	

M1_41_526_A	dat 	hiet 	hi 		verdoemen
M1_41_526_B	dat 	deide 	hi 		verdomen
M1_41_526_BR		dede 	men 		verdoemen
M1_41_526_C	dat 	dede 	hi 		verdomen
M1_41_526_D	dat 	dede 	hy 		verdoemen
M1_41_526_E		dede 	men 		verdoemen
M1_41_526_F		dedemen 			verdoemen
M1_41_526_G	dat 	hiet 	hi 		verdoemen
M1_41_526_O		dede 	men 	doe 	verdomen
M1_41_526_Z		dedemen 			verdoemen

M1_41_527_A	ende 	vercopen 	omme 	ghelt
M1_41_527_B	ende 	vercopen 	om 	ghelt
M1_41_527_BR	ende 	vercopen 	om 	gelt
M1_41_527_C	ende 	vercopen 	omme 	ghelt
M1_41_527_D	ende 	vercopen 	om 	ghelt
M1_41_527_E	ende 	vercopen 	omme 	ghelt
M1_41_527_F	ende 	vercopen 	om 	ghelt
M1_41_527_G	ende 	vercopen 	omme 	gelt
M1_41_527_O	ende 	vercopen 	omme 	ghelt
M1_41_527_Z	ende 	vercopen 	om 	gelt

M1_41_528_A	dits 		volc 	dat 	men 	noch 	eyghin 	telt
M1_41_528_B	dits 		volc 	datmen 		eyghen 	scelt	
M1_41_528_BR	dits 		volc 	datmen 		eygen 	scelt	
M1_41_528_C	dits 	tuolc 		datmen 		eyghen 	scelt	
M1_41_528_D	dit 	is 	tvolck 	datmen 		eyghen 	schelt	
M1_41_528_E	dits 	tfolc 		dat 	men 	eyghen 	scelt	
M1_41_528_F	dits 		tvolck 	datmen 		eygen 	scelt	
M1_41_528_G	dats 	tfolc 		dat 	men 	eygen 	scelt	
M1_41_528_O	dit 	es 	tvolc 	dat 	men 	eyghen 	scelt	
M1_41_528_Z	dats 		volc 	datmen 		eygen 	scelt	

M1_41_529_A	ende 		men 	scalc 	hort 	noemen
M1_41_529_B	ende 		men 	scalc 	hoirt 	nomen
M1_41_529_BR	ende 		men 	scalc 	hoort 	noemen
M1_41_529_C	ende 	datmen 		scalc 	hoert 	nomen
M1_41_529_D	ende 	datmen 		scalck 	hoert 	nomen
M1_41_529_E	ende 	dat 	men 	scalc 	hoort 	noemen
M1_41_529_F	ende 		men 	scalc 	hoort 	noemen
M1_41_529_G	ende 	dat 	men 	scalc 	hort 	noemen
M1_41_529_O	ende 		men 	scalc 	hoort 	noemen
M1_41_529_Z	ende 			scalc 	hoert 	noemen

M1_41_530_A	natuere 	gaet 	haren 	rechten 	telt
M1_41_530_B	nature 	gaet 	haren 	rechten 	telt
M1_41_530_BR	natuere 	gaet 	haren 	rechten 	telt
M1_41_530_C	nature 	gaet 	haren 	rechten 	telt
M1_41_530_D	natuere 	gaet 	haren 		telt
M1_41_530_E	nature 	gaet 	haren 	rechten 	telt
M1_41_530_F	nature 	gaet 	haren 	rechten 	telt
M1_41_530_G	nature 	gaet 	haren 	rechten 	telt
M1_41_530_O	nature 	gaet 	haeren 	rechten 	telt
M1_41_530_Z	natuere 	gaet 	haren 		telt

M1_41_531_A	maer 		auenture 	wast 	ende 	snelt
M1_41_531_B	maer 			wast 	ende 	smelt
M1_41_531_BR	dauontuere 			wast 	ende 	smelt
M1_41_531_C	mer 	die 	auenture 	wast 	ende 	smelt
M1_41_531_D	maer 			wast 	ende 	smelt
M1_41_531_E	maer 			wast 	ende 	smelt
M1_41_531_F	maer 			wast 	ende 	smelt
M1_41_531_G	maer 			wast 	ende 	smelt
M1_41_531_O	maer 		auenture 	wast 	ende 	smelt
M1_41_531_Z	maer 		auentuere 	vast 	ende 	smelt

M1_41_532_A		meneghen 	te 	vromen
M1_41_532_B	den 	meneghen 	te 	onvromen
M1_41_532_BR		menighen 	te 	vromen
M1_41_532_C		zomeghen 	te 	vromen
M1_41_532_D		menighen 	te 	vromen
M1_41_532_E		meneghen 	te 	vromen
M1_41_532_F	den 	meneghen 	te 	vromen
M1_41_532_G		menegen 	te 	vromen
M1_41_532_O		menighen 	te 	vroemen

M1_41_533_A	ende 	tonneeren 		hem 	somen
M1_41_533_B	ende 	te 	onneren 	hem 	somen
M1_41_533_BR	ende 	tonneren 		hem 	somen
M1_41_533_C	ende 	tonneren 		hem 	zomen
M1_41_533_D	ende 	tonuromen 		hem 	somen
M1_41_533_E	ende 	tonneren 		hem 	somen
M1_41_533_F	ende 	tonneeren 		hem 	zomen
M1_41_533_G	ende 	tonneeren 		hen 	somen
M1_41_533_O	ende 	toneeren 		hem 	zoemen
M1_41_533_Z		tonneeren 		hem 	somen

M1_42_534_A	god 	ghedoghet 	om 	onse 	mesdaet
M1_42_534_B	god 	ghehinghet 	omme 	de 	misdaet
M1_42_534_BR	god 	ghedoget 	dor 	ons 	misdaet
M1_42_534_C	god 	ghedoghet 	om 	onze 	misdaet
M1_42_534_D	god 	ghehenghet 	doer 	die 	mesdaet
M1_42_534_E	god 	gedoget 	om 	onse 	mesdaet
M1_42_534_F	god 	gedoget 	doir 	ons 	misdaet
M1_42_534_G	god 	gedoeget 	dor 	onse 	mesdaet
M1_42_534_O	god 	ghehinghet 	omme 	die 	mesdaet
M1_42_534_Z	god 	doget 	om 	ons 	mesdaet

M1_42_535_A	dat 	een 	gheslachte 		neder 	gaet
M1_42_535_B	dat 	een 	gheslachte 		neider 	gaet
M1_42_535_BR	dat 	een 	geslechte 	ondergaet		
M1_42_535_C	dat 	een 	gheslachte 	nedergaet		
M1_42_535_D	dat 	deen 	gheslachte 	tonder 		gaet
M1_42_535_E	dat 	een 	geslechte 	tonder 		gaet
M1_42_535_F	dat 	een 	gheslecte 	onder 		gaet
M1_42_535_G	dat 	deen 	geslechte 	te 	nieute 	gaet
M1_42_535_O	dat 	een 	gheslachte 	tondergaet		
M1_42_535_Z	dat 	een 	geslachte 	ter 	neder 	gaet

M1_42_536_A	ende 		een 	ander 	riset
M1_42_536_B	ende 		een 	ander 	riset
M1_42_536_BR	ende 		een 	ander 	riset
M1_42_536_C	ende 	dat 	een 	ander 	riset
M1_42_536_D	ende 		een 	ander 	rijsen
M1_42_536_E	ende 		een 	ander 	riset
M1_42_536_F	ende 		een 	ander 	rijset
M1_42_536_G	ende 		een 	ander 	riset
M1_42_536_O	ende 		een 	ander 	rijset

M1_42_537_A	wie 	mach 	weten 	sinen 	staet
M1_42_537_B	wie 	mach 	weiten 	sinen 	raet
M1_42_537_BR	wie 	mach 	weten 	sinen 	raet
M1_42_537_C	wie 	mach 	weten 	zinen 	raet
M1_42_537_D	wie 	mach 	weten 	sine 	staet
M1_42_537_E	wie 	mach 	weten 	sinen 	staet
M1_42_537_F	wie 	mach 	weten 	sinen 	raet
M1_42_537_G	wie 	mach 	weten 	sinen 	raet
M1_42_537_O	wie 	mach 	weten 	sinen 	raet

M1_42_538_A	hi 	weet 	wiene 		mint 	of 	haet
M1_42_538_B	hi 	kent 	wiene 		mint 	of 	haet
M1_42_538_BR	hi 	weet 	wien 		mint 	oft 	haet
M1_42_538_C	hi 	kent 	wie 	hen 	mint 	of 	haet
M1_42_538_D	hi 	weet 	wie 	hem 	mint 	of 	haet
M1_42_538_E	hi 	weet 	wiene 		mint 	oft 	haet
M1_42_538_F	hij 	weet 	wien 		mint 	of 	haet
M1_42_538_G	hi 	kint 	wiene 		mint 	ofte 	haet
M1_42_538_O	hij 	weet 	wie 	hem 	mint 	of 	haet

M1_42_539_A		die 		aldie 	weerelt 	spiset
M1_42_539_B		die 	al 	die 	werelt 	spiset
M1_42_539_BR		die 	al 	die 	werelt 	spiset
M1_42_539_C		die 	alle 	de 	werelt 	spiset
M1_42_539_D		die 	al 	die 	werelt 	spiset
M1_42_539_E		die 	al 	die 	werelt 	spiset
M1_42_539_F		die 	al 	die 	werelt 	spiset
M1_42_539_G	hi 	die 	al 	die 	werelt 	spiset
M1_42_539_O		die 	al 	de 	weerelt 	spijset

M1_42_540_A	die 	meest 	tsinen 		dienste 	staet
M1_42_540_B	die 	meest 	te 	sinen 	dienste 	staet
M1_42_540_BR	die 	meest 	tsinen 		dienste 	staet
M1_42_540_C	die 	meest 	tesinen 		dienste 	staet
M1_42_540_D	die 	meest 	tsinen 		dienste 	staet
M1_42_540_E	die 	meest 	tsinen 		dienste 	staet
M1_42_540_F	die 	meeste 	tsinen 		dienste 	staet
M1_42_540_G	die 	meest 	te 	sinen 	dienste 	staet
M1_42_540_O	die 	meest 	te 	zinen 	dienste 	staet

M1_42_541_A	men 	siet 	dat 	sijn 	oyr 	ende 	sijn 	saet
M1_42_541_B	men 	ziet 	dat 	zijn 	hoir 	ende 	zijn 	saet
M1_42_541_BR	men 	seit 	dat 	sijn 	eer 	ende 	sijn 	saet
M1_42_541_C	men 	ziet 	dat 	zijn 	eere 	ende 	zijn 	zaet
M1_42_541_D	men 	siet 	dat 	sijn 	oer 	ende 		saet
M1_42_541_E	men 	seit 	dat 	sijn 	oer 		sijn 	saet
M1_42_541_F	men 	seyt 	dat 	zijn 	oir 	ende 	zijn 	zaet
M1_42_541_G	men 	siet 	dat 	sijn 	oer 	ende 	sijn 	saet
M1_42_541_O	men 	ziet 	dat 	zijn 	oer 	ende 	zijn 	zaet

M1_42_542_A	meest 	in 	die 	eere 	gheriset
M1_42_542_B	meest 	in 	die 	ere 	gheriset
M1_42_542_BR	meest 	in 	de 	eere 	riset
M1_42_542_C	meest 	in 	die 	eere 	gheriset
M1_42_542_D	meest 	in 	die 	eere 	rijset
M1_42_542_E	meest 	in 		eren 	riset
M1_42_542_F	meest 	in 	die 	eere 	rijset
M1_42_542_G	meest 	in 		deere 	riset
M1_42_542_O	meest 	in 	die 	eere 	rijset

M1_42_543_A	dan 	alse 	tfolc 		wert 	so 	quaet
M1_42_543_B	ende 	als 	dit 	volc 	wert 	so 	quaet
M1_42_543_BR	maer 	als 	tfolc 		es 	soe 	quaet
M1_42_543_C	ende 	alst 		volc 	wordt 	zo 	quaet
M1_42_543_D	mer 	alst 		volck 	wort 	soe 	quaet
M1_42_543_E	maer 	alse 	tfolc 		wert 	so 	quaet
M1_42_543_F	maer 	als 		tvolc 	wert 	soe 	quaet
M1_42_543_G	ende 	alse 	dat 	volc 	wert 	soe 	quaet
M1_42_543_O	maer 	als 	dat 	volc 	wert 	so 	quaet

M1_42_544_A	dat 		die 	wet 	gods 	versmaet
M1_42_544_B	dat 	het 	de 	wet 	gods 	versmaet
M1_42_544_BR	dat 		die 	wet 	gods 	versmaet
M1_42_544_C	dattet 		die 	wit 	gods 	versmaet
M1_42_544_D	dat 		die 	wete 	gods 	versmaet
M1_42_544_E	dat 		die 	wet 	gods 	versmaet
M1_42_544_F	dat 		die 	wet 	gods 	versmaet
M1_42_544_G	dat 		de 	wet 	gods 	versmaedt
M1_42_544_O	dat 	het 	die 	wet 	gods 	versmaet

M1_42_545_A	wert 	het 	te 	valle 	ghewiset
M1_42_545_B	wartet 		ten 	valle 	ghewiset
M1_42_545_BR	wordet 	v 		alle 	ghewiset
M1_42_545_C	wordet 		te 	ualle 	ghewiset
M1_42_545_D	wordet 		ten 	valle 	ghewijset
M1_42_545_E		werdet 	te 	valle 	ghewiset
M1_42_545_F	wordet 		te 	valle 	ghewijset
M1_42_545_G	so 	werdet 	te 	valle 	gewiset
M1_42_545_O	wordet 		te 	valle 	ghewijset

M1_42_546_A	ende 	van 	niemene 	ghepriset
M1_42_546_B	ende 	van 	nyemene 	ghepriset
M1_42_546_BR	ende 	van 	niemant 	gepriset
M1_42_546_C	ende 	van 	niemen 	ghepriset
M1_42_546_D	ende 	van 	nyemant 	gheprijset
M1_42_546_E	ende 	van 	niemen 	gepriset
M1_42_546_F	ende 	van 	niemant 	ghepriset
M1_42_546_G	ende 	van 	niemene 	gepriset
M1_42_546_O	ende 	van 	niement 	gheprijset

M1_43_547_A	mine 	rouc 		wiene 	drouch 	of 	wan
M1_43_547_B	mine 	rouct 		wiene 	drouch 	of 	wan
M1_43_547_BR	mjne 		roect 	wien 	droech 	of 	wan
M1_43_547_C	mine 		roect 	wiene 	droech 	of 	wan
M1_43_547_D	mij 	en 	roect 	wien 	droech 	of 	wan
M1_43_547_E	mi 	en 	roect 	wiene 	droech		
M1_43_547_F	mine 		roec 	wien 	droech 	of 	wan
M1_43_547_G	mi 	en 	roect 	wien 	droech 	ochte 	wan
M1_43_547_O	minen 	rouct 		wien 	drouch 	of 	wan

M1_43_548_A	daer 	trouwe 		ende 	doghet 	es 	an
M1_43_548_B	dair 		wijsheit 	ende 	doecht 	es 	an
M1_43_548_BR	daer 	trouwe 		ende 	doget 	es 	an
M1_43_548_C	daer 		wijsheit 	ende 	doeght 	is 	an
M1_43_548_D	daer 	trouwe 		ende 	doghet 	is 	an
M1_43_548_E	daer 	trouwe 		en 	doget 	es 	an
M1_43_548_F	daer 	trouwe 		ende 	eere 	es 	an
M1_43_548_G	daer 	i 	wijsheit 	ende 	doget 	es 	an
M1_43_548_O	vp 	datter 	duecht 	ende 	eere 	leit 	an

M1_43_549_A	ende 	reene 	es 	van 	seden
M1_43_549_B	ende 	reyne 	es 	van 	zeden
M1_43_549_BR	ende 	reyne 	es 	van 	seden
M1_43_549_C	ende 	reyne 	is 	van 	zeden
M1_43_549_D	ende 	reyn 	is 	van 	seden
M1_43_549_E	ende 	reyne 	es 	van 	seden
M1_43_549_F	ende 	reyne 	es 	van 	zeden
M1_43_549_G	ende 	reene 	es 	van 	seden
M1_43_549_O	ende 	reyne 	es 	van 	zeden

M1_43_550_A		huut 	wat 	lande 	dat 	hi 	ran
M1_43_550_B		wt 	wat 	lande 	dat 	hi 	ran
M1_43_550_BR		wt 	wat 	lande 	datti 		ran
M1_43_550_C		vyt 	wat 	lande 	dat 	hi 	ran
M1_43_550_D		wt 	wat 	lande 	dat 	hi 	ran
M1_43_550_E	noch 	uut 	wat 	lande 	datti 		quam
M1_43_550_F	noch 	vut 	wat 	lande 		hij 	ran
M1_43_550_G		wt 	wat 	lande 	dat 	hi 	ran
M1_43_550_O		huut 	wat 	lande 	dat 	hi 	ran

M1_43_551_A	dats 			dien 	ic 	der 	namen 	an
M1_43_551_B	dat 		is 	dien 	god 	der 	namen 	jan
M1_43_551_BR	ds 	die 			ic 	der 	namen 	an
M1_43_551_C	dats 			dien 	ic 	den 	name 	an
M1_43_551_D	dat 		is 	dien 	ick 	den 	name 	gan
M1_43_551_E	dats 			dien 	ic 	der 	eren 	an
M1_43_551_F	dats 	die 			ic 	der 	namen 	an
M1_43_551_G	dats 			dieninc 		der 	namen 	an
M1_43_551_O		die 	es 	dien 	god 	der 	eeren 	jan

M1_43_552_A	vander 		edelheden
M1_43_552_B	van 	rechter 	edelheiden
M1_43_552_BR	van 	der 	edelheden
M1_43_552_C	van 	der 	edelheden
M1_43_552_D	van 	gherechter 	edelheden
M1_43_552_E	dander 		edelheden
M1_43_552_F	vander 		edelheden
M1_43_552_G	van 	der 	edelheden
M1_43_552_O	van 	gherechter 	edelheden

M1_43_553_A	al 	vercochtmen 		selken 	man
M1_43_553_B	al 	vercochtene 	sulke 	enen 	man
M1_43_553_BR	al 	vercochtmen 		sulken 	man
M1_43_553_C	al 	vercochtmen 		zulken 	man
M1_43_553_D	al 	vercochtmen 		sulcken 	man
M1_43_553_E	al 	vercocht 	men 	sulken 	man
M1_43_553_F	al 	vercoeptmen 		sulken 	man
M1_43_553_G	al 	vercochte 	men 	selken 	man
M1_43_553_O	al 	vercochtmen 	al 	zulken 	man

M1_43_554_A	hens 			niemen 	die 	hem 	gherouen 	can
M1_43_554_B	hens 			niemen 	die 	hem 	gherouen 	can
M1_43_554_BR	niemant 					hem 	gerouen 	can
M1_43_554_C	hens 			niemen 	die 	ne 	gherouen 	can
M1_43_554_D	nyemant 					hem 	gheroouen 	can
M1_43_554_E	ens 			niemen 	diene 		gerouen 	can
M1_43_554_F	niemant 	en 	es 		die 	hem 	berouen 	can
M1_43_554_G		en 	es 	niemen 	die 		geroeuen 	can
M1_43_554_O	niement 		es 		diene 		gherouen 	can

M1_43_555_A		doghedachticheden		
M1_43_555_B	sire 	doechtachticheiden		
M1_43_555_BR		doechdachticheden		
M1_43_555_C	zijnre 	doechdachticheden		
M1_43_555_D	sijnre 	doghetachtichede		
M1_43_555_F	siinre 	doechdachticheden		
M1_43_555_G	hem 	siere 	doech 	dachtecheden
M1_43_555_O	sijnre 	duechtdachticheden		

M1_43_556_A	mi 	dincke 	dat 	edelheit 	began
M1_43_556_B	mi 	dincke 	dat 	eydelhede 	began
M1_43_556_BR	mi 	dunct 	dat 	edelheit 	began
M1_43_556_C	mi 	dunct 		edelheit 	began
M1_43_556_D	my 	dunct 	dat 	edelheyt 	began
M1_43_556_F	my 	dunc 	dat 	edelheyt 	began
M1_43_556_G	mi 	dunct 	dat 	edelheit 	began
M1_43_556_O	my 	dijnct 	dat 	edelheit 	began

M1_43_557_A	huter 	reinre 			herten 	dan
M1_43_557_BR	wt 			reynder 	herten 	dan
M1_43_557_C	vte 	reinre 			herten 	dan
M1_43_557_D	wt 	suuer 	ende 	reynder 	herten 	dan
M1_43_557_F	vut 			reynder 	herten 	dan
M1_43_557_G	vter 	reenre 			herten 	dan
M1_43_557_O	vut 			reyner 	herten 	dan

M1_43_558_A	met 	dogheden 		besneden
M1_43_558_B	mit 	douchden 		besneiden
M1_43_558_BR	met 	doechden 		besneden
M1_43_558_C	met 	doeghden 		besneden
M1_43_558_D	met 	doechden 		besneden
M1_43_558_F	met 	doeghden 		besneden
M1_43_558_G	met 	dogeden 		besneden
M1_43_558_O	met 	duechden 	wel 	besneden

M1_43_559_A	ende 	beghint 	noch 	heden
M1_43_559_BR	ende 	doet 	noch 	heden
M1_43_559_C	ende 	beghint 	noch 	heden
M1_43_559_D	ende 	doet 	noch 	heden
M1_43_559_F	ende 	beghint 	noch 	heden
M1_43_559_G	ende 	doet 	noch 	heden
M1_43_559_O	ende 	beghint 	noch 	heden

M1_44_560_A	martijn 	oftu 		clemmen 	wout
M1_44_560_B	martijn 	oftu 		clemmen 	wout
M1_44_560_BR	merten 	oftu 		clemmen 	wout
M1_44_560_C	martijn 	oftu 		climmen 	wout
M1_44_560_D	martijn 	oftu 		climmen 	wout
M1_44_560_F	merten 	oftu 		clemmen 	wout
M1_44_560_G	merten 	oftu 		clemmen 	wout
M1_44_560_O	martin 	of 	du 	clemmen 	wout

M1_44_561_A	ter 	edelheit 	drie 	pointe 	hout
M1_44_561_B	ter 	eydelheit 	drie 	pointen 	hout
M1_44_561_BR		eedelheit 	drie 	poenten 	hout
M1_44_561_C	ter 	edelheit 	drie 	poynten 	hout
M1_44_561_D	der 	edelheyt 	drie 	puncten 	hout
M1_44_561_F	ter 	edelheit 	iij 	poenten 	hout
M1_44_561_G	ter 	edelheit 	iij 	poente 	hout
M1_44_561_O	ter 	edelheit 	drie 	pointen 	hout

M1_44_562_A	die 	jc 	di 		sal 	leeren
M1_44_562_B	die 	ic 	di 		sal 	leren
M1_44_562_BR	die 	ic 	di 		sal 	leren
M1_44_562_C	die 	ic 	di 		zal 	leren
M1_44_562_D	die 	ick 	v 		sal 	leeren
M1_44_562_F	die 	ic 	dij 		sal 	leeren
M1_44_562_G	die 	ic 	di 		sal 	leeren
M1_44_562_O	die 	ic 	di 	nu 	zal 	leere

M1_44_563_A	wes 	nerachtich 	ende 	minne 	niet 		tgout
M1_44_563_B	wes 	nerachtich 		minne 	niet 		tgout
M1_44_563_BR	wes 	nerachtich 		minne 	niet 		gout
M1_44_563_C	wes 	naerechtich 		minne 	niet 	dat 	gout
M1_44_563_D	wes 	neerachtich 		minne 	niet 	dat 	gout
M1_44_563_F	wes 	eerachtich 		minne 	niet 		tgout
M1_44_563_G	wes 	nerechtech 	en 	minne 	niet 		tgout
M1_44_563_O	weest 	neerachtich 	ende 	mint 	niet 		tgout

M1_44_564_A	wes 		eerachtich 	menich 	fout
M1_44_564_B	wes 	erachtich 	menichuout		
M1_44_564_BR	wes 	erachtich 	menichfout		
M1_44_564_C	wes 	crachtich 	menichuout		
M1_44_564_D	wes 		menichfout		
M1_44_564_F	wes 	neerachtich 	menichfout		
M1_44_564_G	wes 	eerechtech 	menechfout		
M1_44_564_O	ende 	weest 	menichfout		

M1_44_565_A	dese 	twee 		hout 	niet 	vor 	sceren
M1_44_565_B	dese 	twe 	pointen 		niet 	voir 	sceren
M1_44_565_BR	dese 	ij 		hout 	niet 	voor 	sceren
M1_44_565_C	dese 			hout 	niet 	voer 	sceren
M1_44_565_D	dese 	twee 	en 	hout 	niet 	voer 	scheren
M1_44_565_F	dese 	ij 		hout 	niet 	voir 	scheren
M1_44_565_G	dese 	ij 	en 	houde 	niet 	vore 	sceeren
M1_44_565_O	deese 	twe 	zijn 	al 		vul 	eeren

M1_44_566_A	wes 	werachtich 	ende 	stout
M1_44_566_B	wes 	werachtich 	ende 	stout
M1_44_566_BR	wes 	warachtich 	ende 	stout
M1_44_566_C	wes 	wareftich 	ende 	stout
M1_44_566_D	wes 	warachtich 	ende 	stout
M1_44_566_F	wes 	warsichtich 	ende 	stout
M1_44_566_G	wes 	warachtech 	ende 	stout
M1_44_566_O	weest 	warachtich 	ende 	stout

M1_44_567_A	dese 	drie 	pointe 	vaste 		hout
M1_44_567_B	dese 	drie 	punten 	des 	wes 	boud
M1_44_567_BR	dese 	drie 	poenten 			hout
M1_44_567_C	dese 	drie 	pointen 	des 	wes 	bout
M1_44_567_D	dese 	twee 	puncten 	soe 	weest 	bout
M1_44_567_F	dese 	drie 	poynten 			hout
M1_44_567_G	dese 	iij 	poente 			hout
M1_44_567_O	deese 	drie 	pointen 		wel 	hout

M1_44_568_A	so 	bestu 			vul 	eeren
M1_44_568_B	die 		zijn 	al 	vul 	eren
M1_44_568_BR	want 	si 	sijn 		vol 	eren
M1_44_568_C	die 		zijn 	aluol 		eeren
M1_44_568_D	die 		sijn 	al 	vol 	eeren
M1_44_568_F	want 	sij 	siin 		vol 	eeren
M1_44_568_G	want 	si 	sijn 	al 	vol 	eeren
M1_44_568_O	ende 	niet 			voor 	sceeren

M1_44_569_A	hennes 			niemen 	jonc 	no 	out
M1_44_569_B	het 		nes 	niemen 	ionc 	no 	out
M1_44_569_BR		en 	es 	niemant 	jonc 	no 	out
M1_44_569_C	hens 	nieman 		dan 	jonc 	ende 	out
M1_44_569_D	ten 	is 	oeck 	nyemant 	ionck 	of 	out
M1_44_569_F	so 	en 		niement 	ionc 	no 	out
M1_44_569_G	ende 	en 	es 	niemen 	ionc 	no 	out
M1_44_569_O	niement 	en 	es 	dan 	ionc 	noch 	out

M1_44_570_A	dien 	du 	scal 	dan 	dincken 	sout
M1_44_570_B	dien 	du 	scalc 		dincken 	sout
M1_44_570_BR	dien 	du 	scalc 	duncken 		sout
M1_44_570_C	dien 	du 	scalc 	dunken 		zout
M1_44_570_D	dien 	du 	scalck 		dincken 	sout
M1_44_570_F	dien 	du 	scalc 	duncken 		sout
M1_44_570_G	dien 	du 	scalc 	dunken 		sout
M1_44_570_O	dien 	du 	serf 		dijnken 	zout

M1_44_571_A	sonder 		die 	weldaet 	deeren
M1_44_571_B	sonder 			weldaet 	deren
M1_44_571_BR	sonder 		die 	weldaet 	deren
M1_44_571_C	zonder 		die 	weldaet 	deren
M1_44_571_D	dan 		die 	weldaet 	deeren
M1_44_571_F	sonder 	hem 	die 	weldaet 	deeren
M1_44_571_G	sonder 		dien 	weldaet 	deeren
M1_44_571_O	danne 		die 	weldaet 	deeren

M1_44_572_A	ende 	doghet 	tondogheden 			keeren
M1_44_572_B	ende 	alle 	doecht 		verkeren	
M1_44_572_BR	ende 		doecht 		tondoechden 	keren
M1_44_572_C	ende 	alle 	die 	doeght 	verkeren	
M1_44_572_D	ende 		doecht 	tot 	ondoechden 	keeren
M1_44_572_F	ende 	doghet 			tondoeghden 	keeren
M1_44_572_G	ende 		tondogeden 			keeren
M1_44_572_O	ende 		duecht 		tonduechden 	keeren

M1_45_573_A	vvaerheit 	jacop 		ic 	hebbe 		verstaen
M1_45_573_B	trauwen 	iacop 		ic 	heb 		verstaen
M1_45_573_BR			merten 	ic 	hebbe 	wel 	verstaen
M1_45_573_C	waereit 			ic 	hebbe 		verstaen
M1_45_573_D		iacop 		ick 	heb 	wel 	verstaen
M1_45_573_F			merten 	ic 	hebbe 	wel 	verstaen
M1_45_573_G	te 	waren 	merten 	ic 	hebbe 		verstaen
M1_45_573_O		iacob 		ic 	hebbe 	wel 	verstaen

M1_45_574_A		vut 	dinen 	monde 	redene 	gaen
M1_45_574_B	vte 		dinen 	monde 	woirden 	gaen
M1_45_574_BR		wt 	dinen 	monde 	woerde 	gaen
M1_45_574_C	vyt 		dinen 	monde 	woert 	gaen
M1_45_574_D	woerden 	wt 	dine 	monde 		gaen
M1_45_574_F	woirden 	vut 	dinen 	monde 		gaen
M1_45_574_G	woerde 	wt 	dinen 	monde 		gaen
M1_45_574_O		vut 	dinen 	monde 	woorden 	gaen

M1_45_575_A	vul 	rechtre 	waerhede
M1_45_575_B	vol 	gherechter 	waerheiden
M1_45_575_BR	vol 	rechter 	waerheden
M1_45_575_C	vol 	rechter 	waerheiden
M1_45_575_D	vol 	rechter 	waerheden
M1_45_575_F	vol 	rechter 	waerheden
M1_45_575_G	volge 	rechter 	waerheden
M1_45_575_O	vul 	gherechter 	waerheden

M1_45_576_A	al 	spreect 	in 	sinen 	bouc 	alaen
M1_45_576_B	al 	spreect 	in 	sine 	boeken 	alane
M1_45_576_BR	al 	sprect 	in 	sinen 	boec 	alaen
M1_45_576_C	al 	zeit 	in 	zinen 	boeken 	alaen
M1_45_576_D	al 	spreect 	in 	sinen 	boeck 	alaen
M1_45_576_F	al 	sprect 	in 	sinen 	bouc 	alaen
M1_45_576_G	al 	sprect 	in 	sinen 	boec 	alaen
M1_45_576_O	al 	spreect 	in 	sinen 	bouc 	alaen

M1_45_577_A	dat 	edelheit 	quam 	sonder 	waen
M1_45_577_B	dat 	edelheit 	quam 	sonder 	waene
M1_45_577_BR	dat 	edelheit 	quam 	sonder 	waen
M1_45_577_C	dat 	edelheit 	quam 	zonder 	waen
M1_45_577_D	dat 	edelheyt 	quam 	sonder 	waen
M1_45_577_F	dat 	edelheit 	quam 	sonder 	waen
M1_45_577_G	dat 	edelheit 	quam 	sonder 	waen
M1_45_577_O	dat 	edelheit 	quam 	zonder 	waen

M1_45_578_A	van 	verhouderder 		rijcheden
M1_45_578_B	van 		ouder 	rijcheden
M1_45_578_BR	van 		ouder 	rijcheden
M1_45_578_C	van 		ouder 	rijcheiden
M1_45_578_D	van 		ouder 	rijcheden
M1_45_578_F	van 		ouder 	rijcheden
M1_45_578_G	van 	veroudder 		rijcheden
M1_45_578_O	van 	ouer 	ouder 	rijcheden

M1_45_579_A	die 	delheit 	mach 	men 	af 	dwaen
M1_45_579_B	die 	edelhede 	machmen 		of 	dwaen
M1_45_579_BR	die 	edelheit 	machmen 		af 	dwaen
M1_45_579_C	die 	edelheit 	machmen 			afdwaen
M1_45_579_D	sulcke 	edelheit 	machmen 			afdwaen
M1_45_579_F	dese 	edelheyt 	machmen 			afdwaen
M1_45_579_G	die 	edelheit 	machmen 		af 	dwaen
M1_45_579_O	zulke 	edelheit 	mach 	men 	of 	dwaen

M1_45_580_A	wertmen 	arem 		so 	eist 	ghedaen
M1_45_580_B	wartmen 	arm 		so 	ist 	gedaen
M1_45_580_BR	wortmen 	arm 		soe 	eest 	gedaen
M1_45_580_C	wordtmen 	arm 		zo 	eest 	ghedaen
M1_45_580_D	wortmen 		arme 	soe 	ist 	ghedaen
M1_45_580_F	wortmen 		erm 	so 	eist 	ghedaen
M1_45_580_G	wertmen 	arm 		so 	eest 	gedaen
M1_45_580_O	wort 	men 	aerme 	so 	eist 	ghedaen

M1_45_581_A	men 	valt 	in 	doude 	steden	
M1_45_581_B	men 	valt 	in 	de 	oude 	steiden
M1_45_581_BR	men 	valt 	in 	doude 	seden	
M1_45_581_C	men 	ualt 	in 	doude 	steden	
M1_45_581_D	men 	valt 	in 	doude 	steden	
M1_45_581_F	men 	valt 	in 	doude 	stede	
M1_45_581_G	men 	valt 	in 	doude 	seden	
M1_45_581_O	men 	valt 	in 	doude 	steeden	

M1_45_582_A	maer 	reene 	edelheit 	dats 	i 	traen
M1_45_582_B	mer 	reyne 	eydelhede 	es 	een 	traen
M1_45_582_BR		reyne 	edelheit 	dats 	een 	traen
M1_45_582_C	mer 	rein 	edelheit 	is 	een 	traen
M1_45_582_D	mer 	reyne 	edelheit 	dats 	een 	traen
M1_45_582_F	maer 	reyne 	edelheyt 	es 	een 	traen
M1_45_582_G		reene 	edelheit 	es 	een 	traen
M1_45_582_O		reyne 	edelheit 	es 	een 	traen

M1_45_583_A	die 	dorper 	herte 	nie 		conste 	ontfaen
M1_45_583_B	die 	dorpers 	harte 	niet 		can 	ontfaen
M1_45_583_BR	die 	dorpers 	herte 	niet 		can 	ontfaen
M1_45_583_C	die 	dorper 	herte 	niene 		can 	ontfaen
M1_45_583_D	die 	dorpers 	herte 	niet 		can 	ontfaen
M1_45_583_F	die 	dorpers 	herte 	niet 	en 	can 	ontfaen
M1_45_583_G	dien 	dorpers 	herte 	niet 	en 	mach 	ontfaen
M1_45_583_O	die 	dorper 	herte 	niet 		can 	ontfaen

M1_45_584_A	die 	gheuet 	dor 	smeinschen 	beden
M1_45_584_B	die 	gheeft 	dor 	smenschen 	beiden
M1_45_584_BR	die 	geeft 	doer 	smenschen 	bede
M1_45_584_C	die 	gheuet 	doer 	smenschen 	beden
M1_45_584_D	die 	gheeft 	doer 	smenschen 	beden
M1_45_584_F	die 	gheeft 	dor 	smenschen 	bede
M1_45_584_G	die 	geest 	dore 	tsmenschen 	bede
M1_45_584_O	die 	gheefse 	dor 	smenschen 	beede

M1_45_585_A		god 	in 	sire 	miltheden
M1_45_585_B		god 	in 	sire 	rijcheden
M1_45_585_BR		god 	in 	siere 	milthede
M1_45_585_C		god 	in 	zijnre 	miltheden
M1_45_585_D		god 	in 	syne 	miltheden
M1_45_585_F		god 	door 	sine 	milthede
M1_45_585_G		god 	dore 	sine 	melthede
M1_45_585_O	maer 	god 	vut 	zijnre 	miltheden

M1_46_586_A	iacop 	ic 	hore 		an 	dine 	wort
M1_46_586_B	iacop 	ic 	hoire 		an 	dine 	woirt
M1_46_586_BR	iacop 	ic 	hore 		an 	dese 	woort
M1_46_586_C	iacob 	ic 	hore 		aen 	dine 	woert
M1_46_586_D	iacop 	ick 	hoer 	wel 	aen 	dijn 	woert
M1_46_586_F	iacob 	ic 	hoore 		an 	dine 	woort
M1_46_586_G	iacob 	ic 	hore 		an 	dine 	woert
M1_46_586_O	iacob 	ic 	hore 		an 	dijn 	woort

M1_46_587_A	dat 	alle 	menschelike 	ghebort
M1_46_587_B	dat 	alle 	menschelike 	gheboort
M1_46_587_BR	dat 	alle 	menschelijc 	geboert
M1_46_587_C	dat 	alle 	menschelike 	gheboert
M1_46_587_D	dat 	alle 	menschelijc 	gheboert
M1_46_587_F	dat 	alle 	menschelike 	gheboort
M1_46_587_G	dat 	alle 	menschelike 	geboert
M1_46_587_O	dat 	alle 	menschelijc 	gheboort

M1_46_588_A	van 	adame 		begonde
M1_46_588_B	van 	adaem 		begonde
M1_46_588_BR	van 	adame 		begonde
M1_46_588_C	van 	adaem 		begonde
M1_46_588_D	van 	adam 		begonde
M1_46_588_F	van 	adame 		begonde
M1_46_588_G	van 	adame 		begonde
M1_46_588_O	an 	adaeme 	eerst 	begonde

M1_46_589_A	hoe 	es 	die 	maechscap 	so 	te 	stort
M1_46_589_B	hoe 	es 	die 	maescop 	so 	te 	stoort
M1_46_589_BR	hoe 	es 	die 	maechscap 	dus 	te 	stoort
M1_46_589_C	twi 	is 	die 	manscap 	dus 		testoert
M1_46_589_D	nv 	is 	die 	maechscap 	soe 		ghestoert
M1_46_589_F	twi 	es 	die 	maechscap 	dus 		verstoort
M1_46_589_G	hoe 	es 	die 	maechscap 	dus 	te 	stoert
M1_46_589_O	hoe 	es 	dit 	maechscap 	dus 		verstoort

M1_46_590_A	dat 	deen 	den 	andren 	vermort	
M1_46_590_B	dat 	deen 	den 	andren 	vermoirt	
M1_46_590_BR	dat 	deen 	den 	anderen 		vermoert
M1_46_590_C	dat 	deen 	den 	andren 		vermoert
M1_46_590_D	dat 	deen 	den 	anderen 		vermoert
M1_46_590_F	dat 	deen 	den 	anderen 	vermoort	
M1_46_590_G	dat 	deen 	den 	anderen 	nv 	vermoert
M1_46_590_O	dat 	deene 	dandre 	dus 	vermoort	

M1_46_591_A	dits 	iammer 	ende 	sonde
M1_46_591_B	dats 	jammer 	ende 	sonde
M1_46_591_BR	dits 	iammer 	ende 	sonde
M1_46_591_C	dits 	iamer 	ende 	zonde
M1_46_591_D	dats 	iammer 	ende 	sonde
M1_46_591_F	dits 	iammer 	ende 	sonde
M1_46_591_G	dats 	iammer 	ende 	sonde
M1_46_591_O	dits 	iammer 	ende 	zonde

M1_46_592_A	nijt 	es 	weder 	ende 	voort
M1_46_592_B	nijt 	is 	weder 	ende 	voort
M1_46_592_BR	nijt 	es 	weder 	ende 	voort
M1_46_592_C	nijt 	is 	weder 	ende 	voert
M1_46_592_D	nijt 	is 	weder 	ende 	voert
M1_46_592_F	nijt 	es 	weder 	ende 	voort
M1_46_592_G	nijt 	es 	weder 	ende 	voert
M1_46_592_O	nijt 	es 	weder 	ende 	voort

M1_46_593_A	meester 	int 	lant 		ende 	in 	die 	port
M1_46_593_B	meester 	in 	dorpe 		ende 	in 		poort
M1_46_593_BR	meest 	opt 	lant 		ende 	inde 		poort
M1_46_593_C	beide 	in 	die 	lande 	ende 	in 	die 	poert
M1_46_593_D	eest 	opt 	lant 	of 		in 	die 	poert
M1_46_593_F	meest 	opt 	dlant 		ende 	in 	de 	poort
M1_46_593_G	meester 	op 	dlant 		ende 	in 	die 	poert
M1_46_593_O	meest 	vpt 		land 	ende 	in 	de 	poort

M1_46_594_A	tfolc 	es 		worden 	honde
M1_46_594_B	tuolc 	is 		worden 	honde
M1_46_594_BR	tfolc 	es 		worden 	honde
M1_46_594_C	tuolc 	is 		worden 	honde
M1_46_594_D	tvolck 	is 		worden 	honden
M1_46_594_F	tfolc 	es 		worden 	honde
M1_46_594_G	de 	liede 	sijn 	worden 	houde
M1_46_594_O	tvolc 	es 		worden 	honden

M1_46_595_A	sech 	mi 	alse 	diet 	gherne 	hort
M1_46_595_B	segt 	mi 	als 	diet 	gairne 	hoirt
M1_46_595_BR	bericht 	mi 	als 	diet 	gherne 	hoort
M1_46_595_C	zegh 	mi 	als 	die 	gherne 	hoert
M1_46_595_D	segt 	mi 	als 	diet 	gaerne 	hoert
M1_46_595_F	berecht 	my 	als 	diet 	gherne 	hoort
M1_46_595_G	berecht 	mi 	alse 	diet 	gerne 	hoert
M1_46_595_O	seght 	my 	als 	diet 	gheerne 	hoort

M1_46_596_A	te 	vraghene 	bem 	ic 	becoort	
M1_46_596_B	te 	vraghene 	bin 	ic 	becoirt	
M1_46_596_BR	te 	vragene 	benic 		becoort	
M1_46_596_C		teuraghede 	ben 	ic 		becoert
M1_46_596_D	te 	vraghen 	ben 	ick 	nv 	becoert
M1_46_596_F	te 	vraghenne 	ben 	ic 	becoort	
M1_46_596_G	te 	vragene 	benic 			becoert
M1_46_596_O	te 	vraghene 	bem 	ic 	becoort	

M1_46_597_A	alse 	diet 	gherne 	onder 	vonde
M1_46_597_B	als 	diet 	gairne 	ondervonde	
M1_46_597_BR	ende 		gherne 	onderuonde	
M1_46_597_C	ende 	diet 	gherne 	onderuonde	
M1_46_597_D	als 	diet 	gaerne 	onderuonde	
M1_46_597_F	ende 		gheerne 	ondervonde	
M1_46_597_G	ende 		gerne 	ondervonde	
M1_46_597_O	ende 		gheerne 	onderuonde	

M1_46_598_A	van 	beghinne 	ten 	gronde
M1_46_598_B	van 	beghinne 	te 	gronde
M1_46_598_BR	van 	beghin 	ten 	gronde
M1_46_598_C	van 	beghinne 		tegronde
M1_46_598_D	van 	beghinne 	ten 	gronde
M1_46_598_F	van 	beghinne 	ten 	gronde
M1_46_598_G	van 	beginne 	ten 	gronde
M1_46_598_O	van 	beghinne 	ten 	gronde

M1_47_599_A	martin 	houerde 	ende 	nijt
M1_47_599_B	martin 	houairde 	ende 	nijt
M1_47_599_BR	merten 	houerde 	ende 	nijt
M1_47_599_C	martijn 	houaerde 	ende 	nijt
M1_47_599_D	martijn 	houaerde 	ende 	nijt
M1_47_599_F	merten 	houerde 	ende 	nijt
M1_47_599_G	merten 	houerde 	ende 	nijt
M1_47_599_O	martin 	houerde 	ende 	nijt

M1_47_600_A	entie 		alre 	eerste 	strijt
M1_47_600_B	ende 	die 	alre 	eerste 	strijt
M1_47_600_BR	entie 		alder 	ierste 	strijt
M1_47_600_C	ende 	die 	alre 	ierste 	strijt
M1_47_600_D	ende 	die 	alder 	eerste 	strijt
M1_47_600_F	entie 		alder 	ierste 	strijt
M1_47_600_G	ende 	die 	alre 	ierste 	strijt
M1_47_600_O	ende 	die 	alder 	eerste 	strijt

M1_47_601_A	begonste 	in 	hemelrike
M1_47_601_B	begonde 	in 	hemelrijke
M1_47_601_BR	began 	in 	hemelrike
M1_47_601_C	begonst 	in 	hemelrike
M1_47_601_D	begonst 	in 	hemelrike
M1_47_601_F	beghan 	in 	hemelrike
M1_47_601_G	begonste 	in 	hemelrike
M1_47_601_O	begonste 	in 	hemelrijke

M1_47_602_A	alse 	lucifer 	te 	sire 	ontijt
M1_47_602_B	als 	lucifer 	te 	sire 	ontijt
M1_47_602_BR	als 	lucifer 		tsine 	onttijt
M1_47_602_C	alse 	lucifer 	te 	zijnre 	ontijt
M1_47_602_D	als 	lucifer 	te 	sijnre 	ontijt
M1_47_602_F	als 	lucifer 	te 	siere 	ontijt
M1_47_602_G	doe 	lucifer 	te 	siere 	ontijt
M1_47_602_O	als 	lucifer 	tot 	zijnre 	ontijt

M1_47_603_A	inden 		hemelschen 	delijt
M1_47_603_B	inden 		hemelschen 	delijt
M1_47_603_BR	jnden 		hemelscen 	delijt
M1_47_603_C	in 	den 	hemelschen 	delijt
M1_47_603_D	inden 		hemelschen 	iolijt
M1_47_603_F	inden 		hemelschen 	delijt
M1_47_603_G	jnden 		hemelschen 	delijt
M1_47_603_O	in 	den 	hemelschen 	delijt

M1_47_604_A	wilde 	sijn 	gods 	ghelike
M1_47_604_B	wilde 	zijn 	gods 	gelike
M1_47_604_BR	wilde 	sijn 	gods 	ghelike
M1_47_604_C	wilde 	zijn 	gods 	ghelike
M1_47_604_D	wilde 	sijn 	gods 	ghelike
M1_47_604_F	wildy 	ziin 	gods 	ghelike
M1_47_604_G	wilde 	sijn 	gods 	gelike
M1_47_604_O	wilde 	zijn 	gods 	ghelijke

M1_47_605_A	daer 	viel 	hi 	inden 	helschen 	bijt
M1_47_605_B	dair 	viel 	hi 	int 	helsche 	bijt
M1_47_605_BR	daer 	viel 	hi 	int 	helsce 	bijt
M1_47_605_C	daer 	viel 	hi 	int 	helsche 	bijt
M1_47_605_D	daer 	viel 	hi 	int 	helsche 	bijt
M1_47_605_F	daer 	viel 	hii 	int 	helsche 	bijt
M1_47_605_G	so 	viel 	hi 	in 	thelsche 	bijt
M1_47_605_O	daer 	viel 	hi 	int 	helsche 	bijt

M1_47_606_A	daer 	hi 	nemmermeer 	en 	slijt
M1_47_606_B	dair 	hi 	nemmermeer 		verslijt
M1_47_606_BR	daer 	hi 	nemmermeer 		ijt
M1_47_606_C	daer 	hi 	nemmermeer 		verslijt
M1_47_606_D	daer 	hi 	nemmermeer 		verslijt
M1_47_606_F	daer 	hij 	nemmermeer 		verslijt
M1_47_606_G	daer 	hi 	nemmermeer 	en 	verblijt
M1_47_606_O	daer 	hi 	nemmermeer 		verslijt

M1_47_607_A	maer 	bliuet 	eewelike	
M1_47_607_B	maer 	hi 	blijfter 	ewelike
M1_47_607_BR	ende 	bliuet 		ewelike
M1_47_607_C	ende 	zal 	bliuen 	ewelike
M1_47_607_D		hi 	blijfter 	ewelijcke
M1_47_607_F	ende 	bliuet 	eeuwelike	
M1_47_607_G	ende 		blijft 	ewelike
M1_47_607_O	maer 	bliuet 		ewelijke

M1_47_608_A	nu 	sent 	hi 	dor 	die 	weerelt 	wijt
M1_47_608_Ant							ijt
M1_47_608_B	nu 	zent 	hi 	doir 	die 	werelt 	wijt
M1_47_608_BR	nv 	seint 	hi 	doer 	die 	werelt 	wijt
M1_47_608_C	nu 	zeint 	hi 	doer 	die 	werelt 	wijt
M1_47_608_D	nu 	seyndt 	hi 	doer 	die 	werelt 	wijt
M1_47_608_F	nu 	sendt 	hij 	dor 	de 	werelt 	wijt
M1_47_608_G	nu 	sent 	hi 	dore 	der 	werelt 	wijt
M1_47_608_O	nu 	sent 	hi 	duer 	de 	weerelt 	wijt

M1_47_609_A	mijn 	venijn 	ende 	sijn 	vlijt
M1_47_609_B	sijn 	venijn 	ende 	zinen 	vlijt
M1_47_609_BR	sijn 	venijn 	ende 	sijn 	nijt
M1_47_609_C	zijn 	venijn 	ende 	zinen 	vlijt
M1_47_609_D	sijn 	fenijn 	ende 	sijn 	vlijt
M1_47_609_F	siin 	fenijn 	ende 	siin 	nijt
M1_47_609_G	sijn 	venijn 	ende 	sinen 	nijt
M1_47_609_O	zijn 	venijn 	ende 	zijn 	vlijt

M1_47_610_A	ende 	wille 	dat 	het 	blike
M1_47_610_B	ende 	wille 	dattet 		blike
M1_47_610_BR	ende 	wille 	dat 		blike
M1_47_610_C	ende 	wil 	dat 	het 	blike
M1_47_610_D	ende 	wil 	dat 		blike
M1_47_610_F	ende 	wille 	dat 	het 	blijke
M1_47_610_G	ende 	wilt 	dat 	hi 	blike
M1_47_610_O	ende 	wille 	dat 	het 	blike

M1_47_611_A	alset 		doet 	iammerlike
M1_47_611_B	alst 		doet 	jammerlike
M1_47_611_BR	alst 		doot 	jammerlike
M1_47_611_C	als 	het 	doet 	jamerlike
M1_47_611_D	alst 		doet 	iammerlijke
M1_47_611_F	alst 		doet 	iammerlike
M1_47_611_G	alsoe 	hi 	doet 	iammerlike
M1_47_611_O	alst 		doet 	iammerlijke

M1_48_612_A	twee 	worde 	in 	die 	weerelt 	sijn
M1_48_612_B	twee 	woirde 	in 	die 	werelt 	zijn
M1_48_612_BR	twee 	woorde 	inde 		werelt 	sijn
M1_48_612_C	twe 	worde 	in 	die 	werelt 	zijn
M1_48_612_D	twee 	woerden 	in 	die 	werelt 	sijn
M1_48_612_F	twee 	woirde 	in 	die 	werelt 	ziin
M1_48_612_G	twee 	woerde 	in 	die 	werelt 	sijn
M1_48_612_O	twe 	worden 	in 	die 	weerelt 	zijn

M1_48_613_A	dats 	alleene 	mijn 	ende 	dijn
M1_48_613_B	dats 	allene 	mijn 	eynde 	dijn
M1_48_613_BR	dats 	alleene 	mijn 	ende 	dijn
M1_48_613_C	dats 	al 	mijn 	ende 	dijn
M1_48_613_D	dats 	alleene 	mijn 	ende 	dijn
M1_48_613_F	dats 	alleen 	mijn 	ende 	diin
M1_48_613_G	dats 	algader 	mine 	ende 	dijn
M1_48_613_O	dats 	allene 	mijn 	ende 	dijn

M1_48_614_A	mochtmen 		die 	verdriuen
M1_48_614_B	mochtemen 		dese 	verdriuen
M1_48_614_BR	mochtmen 		die 	verdriuen
M1_48_614_C	mochtmen 		die 	verdriuen
M1_48_614_D	mochtmen 		die 	verdriuen
M1_48_614_F	mochtmen 		die 	verdriuen
M1_48_614_G	mochtmen 		die 	verdriuen
M1_48_614_O	mochte 	men 	die 	verdriuen

M1_48_615_A	pays 	ende 	vrede 	bleue 	fijn
M1_48_615_B	pays 	ende 	vrede 	bleue 	fijn
M1_48_615_BR	pais 	ende 	vrede 	bleuen 	fijn
M1_48_615_C	pais 	ende 	vrede 	bleuen 	fijn
M1_48_615_D	payse 	ende 	vrede 	bleuen 	fijn
M1_48_615_F	pays 	ende 	vrede 	bleuen 	fiin
M1_48_615_G	pays 	ende 	vrede 	bleue 	fijn
M1_48_615_O	pays 	ende 	vrede 	bleue 	fijn

M1_48_616_A	het 	ware 	al 	vri 	ende 	niemen 	eyghijn
M1_48_616_Ant							jn
M1_48_616_B	het 	wair 	al 	vri 		niemen 	eghijn
M1_48_616_BR	het 	waer 	al 	vri 	niemens 		eyghijn
M1_48_616_C	het 	waer 	al 	vri 		nieman 	eyghijn
M1_48_616_D	het 	waer 	al 	vri 	nyemant 		eyghijn
M1_48_616_F	het 	waer 	al 	vry 	niemens 	eyghiin	
M1_48_616_G	het 	ware 		vri 		niemen 	eigijn
M1_48_616_O	het 	ware 	al 	vry 	niement 	eyghin	

M1_48_617_A		manne 	metten 	wiuen
M1_48_617_B		mannen 	metten 	wiuen
M1_48_617_BR		manne 	metten 	wiuen
M1_48_617_C		manne 	metten 	wiuen
M1_48_617_D	die 	mannen 	metten 	wiuen
M1_48_617_F		mannen 	metten 	wiuen
M1_48_617_G	de 	manne 	metten 	wiuen
M1_48_617_O		mannen 	metten 	wiuen

M1_48_618_A	het 	war 	ghemeene 	tarwe 	ende 	wijn
M1_48_618_B	het 	ware 	ghemene 	tarwe 	ende 	wijn
M1_48_618_BR	het 	waer 	ghemene 	terwe 	ende 	wijn
M1_48_618_C	het 	waer 	ghemene 	water 	ende 	wijn
M1_48_618_D	het 	waer 	gemeen 	tarwe 	ende 	wijn
M1_48_618_F	het 	waer 	ghemeen 	tarwe 	ende 	wiin
M1_48_618_G	het 	ware 	gemeene 	taruwe 	ende 	wijn
M1_48_618_O	het 	ware 	ghemiene 	tarwe 	ende 	wijn

M1_48_619_A	ouer 		zee 	noch 	vpten 		rijn
M1_48_619_B	ouer 		zee 	ende 	opden 		rijn
M1_48_619_BR	ouer 		see 	ende 	opten 		rijn
M1_48_619_C	ouerze 			noch 	op 	den 	rijn
M1_48_619_D	ouer 		zee 	ende 	opten 		rijn
M1_48_619_F	ouer 	die 	zee 	ende 	opten 		rijn
M1_48_619_G	ouer 		see 	ende 	opten 		rijn
M1_48_619_O	ouer 	die 	zee 	noch 	vp 	den 	rijn

M1_48_620_A	ne 	soudemen 	niemen 		ontliuen
M1_48_620_B		soudemen 	niemen 		ontliuen
M1_48_620_BR	men 	soude 		niemant 	ontliuen
M1_48_620_C		zoudemen 		nieman 	ontliuen
M1_48_620_D		soudemen 		nyemant 	ontliuen
M1_48_620_F	men 	soude 	oic 	niemant 	ontliuen
M1_48_620_G	men 	soude 	niemene 		ontliuen
M1_48_620_O		soude 	men 	niement 	ontliuen

M1_48_621_A	nu 	benemet 	dat 	venijn
M1_48_621_B	nu 	beneyment 	dat 	venijn
M1_48_621_BR	nv 	benemt 	dat 	venijn
M1_48_621_C	nu 	benemet 		tvenijn
M1_48_621_D	nv 	benemet 	dat 	fenijn
M1_48_621_F	nu 	beneemt 	dat 	fenijn
M1_48_621_G	nu 	benemet 	dat 	venijn
M1_48_621_O	nu 	beneemt 	dit 	martijn

M1_48_622_A	van 	ghiericheden 	dit 	martijn
M1_48_622_B	van 	ghiericheden 	dit 	maertijn
M1_48_622_BR	van 	ghiericheden 		mertijn
M1_48_622_C	van 	ghiricheiden 	dat 	martijn
M1_48_622_D	van 	ghiericheden 		martijn
M1_48_622_F	van 	ghiericheden 		mertiin
M1_48_622_G	van 	gierecheiden 	lieue 	mertijn
M1_48_622_O	van 	ghiericheden 	dat 	venijn

M1_48_623_A	ende 	doet 	al 	achtre 	bliuen
M1_48_623_B	ende 	doet 	al 	achter 	bliuen
M1_48_623_BR	ende 	doet 	al 	achter 	bliuen
M1_48_623_C	ende 	doet 	al 	achter 	bliuen
M1_48_623_D	ende 	doet 	al 	achter 	bliuen
M1_48_623_F	ende 	doet 	al 	achter 	bliuen
M1_48_623_G	ende 	doedt 	al 	achter 	bliuen
M1_48_623_O	ende 	doet 	al 	achter 	bliuen

M1_48_624_A	ende 	ander 	loy 	bescriuen
M1_48_624_B	ende 	ander 	loy 	bescriuen
M1_48_624_BR	ende 	ander 	loy 	bescriuen
M1_48_624_C	ende 	ander 	loy 	bescriuen
M1_48_624_D	ende 	ander 	loy 	bescriuen
M1_48_624_F	ende 	ander 	loy 	bescriuen
M1_48_624_G	ende 	ander 	loye 	bescriuen
M1_48_624_O	ende 	ander 	loy 	bescriuen

M1_49_625_A	god 	diet 	al 	bi 	redenen 	doet
M1_49_625_B	god 	diet 	al 	bi 	redenen 	doet
M1_49_625_BR	god 	diet 	al 	bi 	redenen 	doet
M1_49_625_C	god 	diet 	al 	bi 	redene 	doet
M1_49_625_D	god 	diet 	al 	by 	redene 	doet
M1_49_625_F	god 	diet 	al 	bij 	redenne 	doet
M1_49_625_G	god 	diet 	al 	bi 	ridenen 	doet
M1_49_625_O	gog 	diet 	al 	by 	redene 	doet

M1_49_626_A	gaf 	dat 	wandel 	herdsche 	goet
M1_49_626_Ant		t			
M1_49_626_B	gaff 	dit 	wandel 	erdtsche 	goet
M1_49_626_BR	gaf 	dit 	wandel 	eertsce 	goet
M1_49_626_C	gaf 	dit 	wandel 	aertsche 	goet
M1_49_626_D	gaf 	dat 	wanckel 	aertsche 	goet
M1_49_626_F	gaff 	dit 	wandel 	eertsche 	goet
M1_49_626_G	gaf 	dit 	wandel 	erdsche 	goet
M1_49_626_O	gaf 	dit 	wandel 	eertsche 	goet
M1_49_626_Z	gaf 	dit 	wandel 	ertsche 	goet

M1_49_627_A	der 	menscheit 		ghemeene
M1_49_627_B	der 	menscheit 	ghemene	
M1_49_627_BR	der 	menscheit 		gemeene
M1_49_627_C	der 	menscheit 	ghemene	
M1_49_627_D	der 	menscheyt 	ghemeyne	
M1_49_627_F	der 	menscheit 		ghemeene
M1_49_627_G	der 	menscheit 		gemeene
M1_49_627_O	den 	menschen 	al 	ghemeene
M1_49_627_Z	der 	menscheit 		ghemeene

M1_49_628_A	dattere 			mede 	ware 		ghevoet
M1_49_628_B	datter 	de 	mensche 	mede 	ware 		gheuoet
M1_49_628_BR	datter 			mede 	waer 		geuoet
M1_49_628_C		dat 		daermede 	ware 		gheuoet
M1_49_628_D	om 	dat 	hyer 	met 	soude 	sijn 	geuoet
M1_49_628_F	datter 			mede 	waer 		gheuoet
M1_49_628_G	datter 			mede 	soude 	sijn 	gevoet
M1_49_628_O	om 	dat 	zij 	daermede 	soude 	zijn 	gheuoet
M1_49_628_Z	datter 			mede 	waest 		geuoet

M1_49_629_A	ende 	ghecleet 	ende 	ghescoet
M1_49_629_B	ende 	ghecleet 	ende 	ghescoet
M1_49_629_BR	ende 	gecleet 	ende 	ghescoet
M1_49_629_C	ende 	ghecleet 	ende 	ghescoet
M1_49_629_D	ende 	ghecleet 	ende 	ghescoet
M1_49_629_F	ende 	ghecleet 	ende 	ghescoet
M1_49_629_G	ende 	ghecleedt 	ende 	gescoet
M1_49_629_O	ende 	ghecleet 	ende 	ghescoet
M1_49_629_Z			ende 	geel 

M1_49_630_A	ende 		leuen 	souden 	reene
M1_49_630_B	ende 		leuen 	soude 	rene
M1_49_630_BR	ende 		leuen 	soude 	reene
M1_49_630_C	ende 		leuen 	zoude 	rene
M1_49_630_D	ende 		leuen 	soude 	reyne
M1_49_630_F	ende 		leuen 	soude 	reene
M1_49_630_G	ende 		leuen 	soude 	reene
M1_49_630_O	ende 	soude 	leuen 		reene
M1_49_630_Z	ende 		leue 		

M1_49_631_A		nu 	es 	ghiericheit 	so 	verwoet
M1_49_631_B	maer 	nv 	es 	ghierichede 	so 	verwoet
M1_49_631_BR		nv 	es 	ghiericheit 	soe 	verwoet
M1_49_631_C		nu 	is 	ghiricheit 	zo 	verwoet
M1_49_631_D		nv 	is 	ghiericheyt 	soe 	verwoet
M1_49_631_F		nu 	es 	ghiericheit 	so 	verwoet
M1_49_631_G		nu 	es 	gierecheit 	so 	verwoet
M1_49_631_O		nu 	es 	ghiericheit 	zo 	verwoet
M1_49_631_Z		nu 	es 	g 		verwoet

M1_49_632_A	dat 	elc 	settet 		sinen 	moet
M1_49_632_B	dat 	elc 	stellet 		sinen 	moet
M1_49_632_BR	dat 	elc 		set 	sinen 	moet
M1_49_632_C	dat 	elc 	zettet 		zinen 	moet
M1_49_632_D	dat 	elc 		set 	sinen 	moet
M1_49_632_F	dat 	elc 		set 	sinen 	moet
M1_49_632_G	dat 	elc 		set 	sinen 	moet
M1_49_632_O	dat 	elc 	nu 	set 	zijnen 	voet
M1_49_632_Z	dat 	elc 		set 	sinen 	moet

M1_49_633_A	omme 	al 	te 	hebbene 	alleene
M1_49_633_B	omme 	al 	te 	hebben 	allene
M1_49_633_BR	om 		te 	hebbene 	alleene
M1_49_633_C	om 		te 	hebben 	allene
M1_49_633_D	om 	al 	te 	hebben 	alleyne
M1_49_633_F	om 		te 	hebben 	alleene
M1_49_633_G	om 	al 	te 	hebbene 	alleene
M1_49_633_O	omme 	al 	te 	hebbene 	alleene
M1_49_633_Z	om 		te 	heb 	alleene

M1_49_634_A	hier 	omme 	stordmen 		menschen 	bloet
M1_49_634_B	hier 	omme 	steurt 	men 	menschen 	bloet
M1_49_634_BR	hier 	om 	stortmen 		smenschen 	bloet
M1_49_634_C	hier 	om 	stortmen 		smenschen 	bloet
M1_49_634_D	hier 	om 	stortmen 		smenschen 	bloet
M1_49_634_F	hier 	om 	stortmen 		smenschen 	bloet
M1_49_634_G	hieromme 		stort 	men 	menschen 	bloet
M1_49_634_O	hier 	omme 	sturtmen 		smenschen 	bloet
M1_49_634_Z	hier 	om 	sturtmen 		smenschen 	bloet

M1_49_635_A	hier 	omme 		stichtmen 	metter 	spoet
M1_49_635_B	hier 	omme 	so 	stichtmen 	metter 	spoet
M1_49_635_BR	hier 	om 		stichtmen 	metter 	spoet
M1_49_635_C	hier 	om 		stichtmen 	metter 	spoet
M1_49_635_D	hier 	om 		strijtmen 	metter 	spoet
M1_49_635_F	hier 	om 		stichtmen 	metter 	spoet
M1_49_635_G	ende 			stichtmen 	metter 	spoet
M1_49_635_O	hier 	omme 		stichtmen 	metter 	spoet
M1_49_635_Z	hier 	om 		stichtmen 	metter 	spoet

M1_49_636_A	borghe 	ende 	hoghe 	steene
M1_49_636_B	borghen 	ende 		stene
M1_49_636_BR	borge 	ende 	hoghe 	steene
M1_49_636_C	borghe 	ende 	hoghe 	stene
M1_49_636_D	borch 	ende 	hoghe 	steyne
M1_49_636_F	borghe 	ende 	hoghe 	steene
M1_49_636_G	borgen 	ende 	hoeghe 	steene
M1_49_636_O	burghen 	ende 	hoghe 	steene
M1_49_636_Z	borge 	ende 	hoge 	steene

M1_49_637_A		meneghen 	te 	weene
M1_49_637_B	den 	meneghen 	te 	wene
M1_49_637_BR		menighen 	te 	weene
M1_49_637_C		meneghen 		tewene
M1_49_637_D		bringhen 	te 	weyne
M1_49_637_F	den 	menighen 	te 	weene
M1_49_637_G		menegen 	te 	weene
M1_49_637_O	den 	menighen 	te 	weene
M1_49_637_Z		meneghen 	ten 	weene

M1_50_638_A		iacop 	ic 	hebbe 	wel 	verstaen
M1_50_638_B	wairhede 	iacop 	ic 	heb 		verstaen
M1_50_638_BR		iacop 	ic 	hebbe 	wel 	verstaen
M1_50_638_C		iacob 	ic 	heb 	wel 	verstaen
M1_50_638_D		iacop 	ick 	heb 	wel 	verstaen
M1_50_638_F		iacob 	ic 	hebbe 	wel 	verstaen
M1_50_638_G		iacob 	ic 	hebbe 	wel 	verstaen
M1_50_638_O		iacob 	ic 	hebbe 	wel 	verstaen
M1_50_638_Z		iacop 	ic 	heb 	wel 	uerstaen

M1_50_639_A	dat 	het 	waer 	es 	sonder 	waen
M1_50_639_B	dattet 		wair 	is 	sonder 	waen
M1_50_639_BR	dat 	dit 	waer 	es 	sonder 	waen
M1_50_639_C	dat 		alwaer 	is 	zonder 	waen
M1_50_639_D	dattet 		waer 	is 	sonder 	waen
M1_50_639_F	dat 	dit 	waer 	es 	sonder 	waen
M1_50_639_G	dat 	dit 	waer 	es 	sonder 	waen
M1_50_639_O	dat 		waer 	es 	sonder 	waen
M1_50_639_Z	dat 	dit 	waer 	es 	sonder 	waen

M1_50_640_A	dattu 	hier 	heues 	ontbonden
M1_50_640_B	dattu 	hier 	heefs 	ontbonden
M1_50_640_BR	dattu 	hier 	heues 	ontbonden
M1_50_640_C	dat 	du 	heues 	ontbonden
M1_50_640_D	dattu 	hier 	heues 	ontbonden
M1_50_640_F	dattu 	hier 	heues 	ontbonden
M1_50_640_G	dattu 		heefs 	ontbonden
M1_50_640_O	dattu 	hebs 	mi 	ontbonden
M1_50_640_Z	dattu 		heues 	ontbonden

M1_50_641_A	goets 	es 	ghenouch 	lietment 		gaen
M1_50_641_B	goets 	es 	genoich 	lietment 		gaen
M1_50_641_BR	goets 	es 	genoech 	lietmen 		gaen
M1_50_641_C	goets 	is 	gnoech 	liet 	ment 	gaen
M1_50_641_D	goets 	is 	ghenoech 	lietment 		gaen
M1_50_641_F	goets 	es 	ghenoech 	lietment 		gaen
M1_50_641_G	goets 	es 	genoech 	lietement 		gaen
M1_50_641_O	goets 	es 	ghenouch 	lietment 		gaen
M1_50_641_Z	goets 	es 	genoech 	lietment 		gaen

M1_50_642_A		int 	ghemeene 	ende 	hem 	ontfaen
M1_50_642_B	gaen 	int 	gheemeen 	ende 	hem 	ontfaen
M1_50_642_BR	jnt 		ghemene 	ende 	hem 	ontfaen
M1_50_642_C		int 	ghemene 	ende 	hem 	ontfaen
M1_50_642_D		int 	ghemeyne 	ende 	hem 	ontfaen
M1_50_642_F		int 	ghemeene 	ende 	hem 	ontfaen
M1_50_642_G	jn 		tghemeene 	ende 	hem 	ontfaen
M1_50_642_O		int 	ghemeene 	ende 	hem 	ontfaen
M1_50_642_Z		int 	gemeen 	ende 	hem 	ontfaen

M1_50_643_A	die 	arem 	worden 	vonden
M1_50_643_B	die 	airme 	worden 	vonden
M1_50_643_BR	die 	arme 	worden 	vonden
M1_50_643_C	die 	aerme 	worden 	vonden
M1_50_643_D	die 	arme 	worden 	gheuonden
M1_50_643_F	die 	arme 	worden 	vonden
M1_50_643_G	die 	arm 	worde 	vonden
M1_50_643_O	die 	aerme 	worden 	vonden
M1_50_643_Z	die 	arme 	werden 	vonden

M1_50_644_A	dus 	viele 	alle 	orloghe 	saen
M1_50_644_Ant	soe 	viel 			
M1_50_644_B	so 	vele 	alle 	oirloghe 	zaen
M1_50_644_BR	die 	viel 	al 	orloghe 	saen
M1_50_644_C	dus 	viel 	al 	oerloeghe 	zaen
M1_50_644_D	soe 	viele 	alle 	oerloghe 	saen
M1_50_644_F	so 	viel 	al 	orloghe 	saen
M1_50_644_G	dus 	viele 	alle 	orloge 	saen
M1_50_644_O	so 	viele 	alle 	orloghe 	zaen
M1_50_644_Z	dus 	viele 	al 	orloge 	zaen

M1_50_645_A	dus 	mochtmen 		die 	zielen 	dwaen
M1_50_645_Ant	dus 		moch			
M1_50_645_B	so 	mochtmen 		de 	ziele 	dwaen
M1_50_645_BR	dus 	mochtmen 		die 	ziele 	dwaen
M1_50_645_C	dus 	mochtmen 		die 	ziele 	dwaen
M1_50_645_D	soe 	mochtmen 		die 	siele 	dwaen
M1_50_645_F	soe 	mochtmen 		die 	ziele 	dwaen
M1_50_645_G	so 	mochtemen 		die 	siele 	dwaen
M1_50_645_O	ende 	men 	mochte 	de 	ziele 	dwaen
M1_50_645_Z	dus 	mochmen 		de 	ziele 	dwaen

M1_50_646_A	ende 	claren 	vanden 		sonden
M1_50_646_Ant	ende 	clare			
M1_50_646_B	ende 	claerse 	vanden 		zonden
M1_50_646_BR	ende 	claren 	vanden 		sonden
M1_50_646_C	ende 	claren 	van 	den 	zonden
M1_50_646_D	ende 	claren 	vanden 		sonden
M1_50_646_F	ende 	claren 	vanden 		sonden
M1_50_646_G	ende 	claren 	vanden 		sonden
M1_50_646_O	ende 	claren 	van 		sonden
M1_50_646_Z	ende 	claren 	vanden 		sonden

M1_50_647_A	miltheit 	heeft 	hare 	macht 	ghedaen
M1_50_647_Ant	miltheit 		h		
M1_50_647_B	miltheit 	heeft 	hare 	macht 	gediaen
M1_50_647_BR	miltheit 	heeft 	haer 	macht 	gedaen
M1_50_647_C	miltheit 	heeft 	haer 	macht 	ghedaen
M1_50_647_D	miltheyt 	heeft 	haer 	macht 	ghedaen
M1_50_647_F	miltheyt 	heeft 	hair 	macht 	gedaen
M1_50_647_G	meltheit 	heeft 	her 	macht 	gedaen
M1_50_647_O	miltheit 	heeft 	haer 	macht 	ghedaen
M1_50_647_Z	miltheit 	heuet 	haer 	macht 	gedaen

M1_50_648_A	vrecheit 	leert 	die 	weerelt 	vlaen
M1_50_648_Ant	vrecheit 			l	
M1_50_648_B	vrecheit 	leert 	die 	werelt 	vlaen
M1_50_648_BR	vrecheit 	leert 	die 	werelt 	vlaen
M1_50_648_C	vreetheit 	leert 	die 	werelt 	vaen
M1_50_648_D	vrecheyt 	leert 	die 	werelt 	vlaen
M1_50_648_F	vrecheyt 	leert 	die 	werelt 	vlaen
M1_50_648_G	vrecheit 	leert 	die 	werelt 	vlaen
M1_50_648_O	vrecheit 	leert 	de 	weerelt 	vlaen
M1_50_648_Z	vrecheit 	leert 	die 	wlt 	vlaen

M1_50_649_A	dit 	proeuen 	ende 	orconden
M1_50_649_Ant	dit 	proeu		
M1_50_649_B	dat 	prouen 	ende 	orconden
M1_50_649_BR	dit 	proeuen 	ende 	orconden
M1_50_649_C	dat 	proeuen 	ende 	orconden
M1_50_649_D	dit 	proeuen 	ende 	orconden
M1_50_649_F	dit 	proeuen 	ende 	oirconden
M1_50_649_G	dit 	proeuen 	ende 	orconden
M1_50_649_O	dit 	prouuen 	ende 	orconden
M1_50_649_Z	dit 	proeuen 	ende 	orconden

M1_50_650_A	die 	minres 	vanden 		ponden
M1_50_650_Ant	die 	winn			
M1_50_650_B	die 	minres 	vanden 		ponden
M1_50_650_BR	die 	winners 	vanden 		ponden
M1_50_650_C	die 	minners 	van 	den 	ponden
M1_50_650_D	die 	minnaers 	vanden 		ponden
M1_50_650_F	die 	winners 	vanden 		ponden
M1_50_650_G	de 	meesters 	vanden 		ponden
M1_50_650_O	de 	minnaers 	van 	den 	ponden
M1_50_650_Z	die 	winners 	vanden 		ponden

M1_51_651_A	iacop 	eene 	dinc 	mac 	mi 	cont
M1_51_651_Ant	iacob 	e				
M1_51_651_B	iacop 	ere 	dinc 	mac 	mi 	cont
M1_51_651_BR	iacop 	een 	dinc 	maect 	mi 	cont
M1_51_651_C	iacob 	ene 	dinc 	maec 	mi 	kont
M1_51_651_D	iacop 	een 	dinck 	maect 	mij 	cont
M1_51_651_F	iacob 	een 	dinc 	maect 	mi 	cont
M1_51_651_G	i1acob 	een 	dinc 	maect 	mi 	cont
M1_51_651_O	iacob 	maect 	my 	een 	dijnc 	cont
M1_51_651_Z	iacop 	een 	dinc 	maect 	mi 	cont

M1_51_652_A	alse 	die 	mensche 	es 	ghewont
M1_51_652_Ant	als 	d			
M1_51_652_B	als 	die 	minre 	wert 	ghewont
M1_51_652_BR	als 	die 	mensche 	wort 	ghewont
M1_51_652_C	alse 	die 	mensche 	wordt 	ghewont
M1_51_652_D	als 	die 	mensche 	wort 	ghewont
M1_51_652_F	als 	die 	mensche 	wert 	ghewont
M1_51_652_G	alse 	die 	mensche 	wert 	gewont
M1_51_652_O	als 	de 	mensche 	wert 	ghewont
M1_51_652_Z	alse 	een 	mensche 	wert 	gewont

M1_51_653_A	van 	gherechtre 	minnen
M1_51_653_Ant	van 	gher	
M1_51_653_B	met 	gherechter 	minne
M1_51_653_BR	van 	gherechter 	minnen
M1_51_653_C	met 	gherechter 	minnen
M1_51_653_D	met 	gherechter 	minnen
M1_51_653_F	van 	gherechter 	minnen
M1_51_653_G	van 	gerechter 	minne
M1_51_653_O	met 	noyaeler 	minne
M1_51_653_Z	van 	gerechter 	minnen

M1_51_654_A	doet 		der 	oghen 	wandel 	vont
M1_51_654_Ant	doet 		der 	og		
M1_51_654_B	doet 		der 	oghen 	wandele 	vont
M1_51_654_BR	doet 		der 	ogen 	wandel 	vont
M1_51_654_C	doer 		der 	oghen 	wandel 	vont
M1_51_654_D	doet 		der 	oghen 	wanckel 	vont
M1_51_654_F	doet 		der 	ogen 	wandel 	vont
M1_51_654_G	doet 		der 	ogen 	wandel 	vont
M1_51_654_O	doet 	dat 	der 	oghen 	wandel 	vont
M1_51_654_Z	doet 		der 	ogen 	wandel 	vont

M1_51_655_A	al 	comet 	vter 		herten 	gront
M1_51_655_Ant	oft 	comt				
M1_51_655_B	of 	comtet 	vter 		herten 	gront
M1_51_655_BR	oft 	cornet 	vter 		herten 	gront
M1_51_655_C	of 	coemet 	vter 		herten 	gront
M1_51_655_D	oft 	comet 	wten 		herten 	gront
M1_51_655_F	oft 	comt 	vter 		herten 	gront
M1_51_655_G	ocht 	comet 	vter 		herten 	gront
M1_51_655_O	ofte 	commet 	vut 	der 	herten 	gront
M1_51_655_Z	oft 	comt 	vter 		herten 	gront

M1_51_656_A	dit 	euel 	te 	beghinne
M1_51_656_Ant	dit 	euel 	t	
M1_51_656_B	dit 	euel 	ten 	beghinne
M1_51_656_BR	dit 	euel 	ten 	beghinne
M1_51_656_C	dit 	euel 		tebeghinnen
M1_51_656_D	dit 	euel 	ten 	beghinne
M1_51_656_F	dit 	euel 	ten 	beghinne
M1_51_656_G	dit 	euel 	ten 	beginne
M1_51_656_O	dit 	euel 	ten 	beghinne
M1_51_656_Z	dit 	euel 	ten 	beghinne

M1_51_657_A	ic 	liet 	mi 	costen 	wel 	een 	pont
M1_51_657_Ant	ic 	liet 	m				
M1_51_657_B	ic 	liet 	mi 	costen 	wel 	een 	pont
M1_51_657_BR	jc 	liet 	mi 	costen 	j 		pont
M1_51_657_C	ic 	lietmi 		costen 	wel 	een 	pont
M1_51_657_D	ic 	lietet 	my 	costen 	wel 	een 	pont
M1_51_657_F	ic 	liet 	mi 	costen 	wel 	een 	pont
M1_51_657_G	jc 	liet 	mi 	costen 	wel 	een 	pont
M1_51_657_O	ic 	liet 	my 	costen 	wel 	een 	pont
M1_51_657_Z	ic 	liet 	mi 	costen 	wel 	een 	pont

M1_51_658_A	ende 	ics 	vroet 	ware 		teser 	stont
M1_51_658_Ant	ende 	ics 	vr				
M1_51_658_B	dat 	ics 	vroet 	ware 	te 	deser 	stont
M1_51_658_BR	ende 	ics 	vroet 	ware 		teser 	stont
M1_51_658_C	dat 	ics 	vroet 	waer 	te 	deser 	stont
M1_51_658_D	dat 	icx 	vroet 	waer 	te 	deser 	stont
M1_51_658_F	ende 	ics 	vroet 	waer 	ter 		stont
M1_51_658_G	ende 	ics 	vroet 	ware 	te 	deser 	stont
M1_51_658_O	dat 	icx 	vroet 	ware 	te 	deser 	stont
M1_51_658_Z	ende 	icts 	wijs 	werde 		deser 	stont

M1_51_659_A	mac 		mi 	dies 	in 	inne
M1_51_659_Ant	maect 		mi 			
M1_51_659_B	maec 		mi 	des 	in 	jnne
M1_51_659_BR	maect 		mi 	des 	an 	jnne
M1_51_659_C	maec 		mi 	dies 	in 	innen
M1_51_659_D	maect 		my 	des 	een 	eynde
M1_51_659_F	maect 		mi 	des 	een 	inne
M1_51_659_G	maect 		mi 	dies 	een 	inne
M1_51_659_O	maect 	d 	my 	dies 	te 	binne
M1_51_659_Z	maect 		mi 	des 	een 	inne

M1_51_660_A	mine 	redene 	bliuet 	onghesont
M1_51_660_Ant	mijn 	hert		
M1_51_660_B	mine 	redene 	blijft 	onghesont
M1_51_660_BR	mijn 	herte 	bliuet 	ongesont
M1_51_660_C	mijn 	redene 	blijft 	onghesont
M1_51_660_D	mijn 	reden 	bliuet 	onghesont
M1_51_660_F	mijn 	herte 	bliuet 	onghesont
M1_51_660_G	mijn 	herte 	bliuet 	ongesont
M1_51_660_O	mine 	herte 	bliues 	onghesont
M1_51_660_Z	mijn 	herte 	bliuet 	ongesont

M1_51_662_A	hennes 	wijsheit 		niet 		dinne
M1_51_662_Ant		en 	es 	niet		
M1_51_662_B	hens 	wijsheit 		niet 		dinne
M1_51_662_BR		en 	es 	niet 	wijsheit 	dinne
M1_51_662_C	hets 	wijsheit 		niet 		dinnen
M1_51_662_D		ende 	is 	met 	wijsheyt 	dinne
M1_51_662_F	want 	en 	es 	met 	wijsheit 	dinne
M1_51_662_G		en 	es 	niet 	wijsheit 	dinne
M1_51_662_O	wiens 	wijsheit 		niet 	es 	dinne
M1_51_662_Z	want 	en 	es 	niet 	wijsheit 	dinne

M1_51_663_A	naer 	dat 	ic 	redene 	kinne
M1_51_663_Ant	na 	dat 	ic		
M1_51_663_B	naer 	dat 	ic 	redene 	kinne
M1_51_663_BR	na 	dat 	ic 	redene 	kinne
M1_51_663_C	na 	dat 	ic 	redene 	kinnen
M1_51_663_D	na 	dat 	ick 	reden 	kinne
M1_51_663_F	na 	dat 	ic 	redene 	kinne
M1_51_663_G	na 	dat 	ic 	redene 	kinne
M1_51_663_O	na 	dat 	ic 	redene 	kinne
M1_51_663_Z	na 	dat 	ic 	redenne 	kinne

M1_52_664_A	martin 	du 	best 	eene 	vri 	druut
M1_52_664_Ant	merten 	du 				
M1_52_664_B	martijn 	du 	bist 	j 	vreemt 	druut
M1_52_664_BR	merten 	du 	best 	een 	vremt 	druut
M1_52_664_C	martijn 	du 	bist 	een 	vremde 	druut
M1_52_664_D	martijn 	du 	biste 	een 	vreemt 	druyt
M1_52_664_F	merten 	du 	best 	een 	vremt 	druut
M1_52_664_G	merten 	du 	bes 	een 	vremt 	druut
M1_52_664_O	martin 	du 	best 	een 	vry 	druut
M1_52_664_Z	merten 	dv 	best 	een 	vremt 	druut

M1_52_665_A	du 	spreex 	recht 	als 	een 	vriese 	ruut
M1_52_665_Ant	du 	spr					
M1_52_665_B	du 	spreicts 		als 	een 	vriese 	ruut
M1_52_665_BR	du 	sprecs 		als 	een 	vriese 	ruut
M1_52_665_C	du 	sprekes 		alse 	een 	vriese 	ruut
M1_52_665_D	du 	sprekes 		als 	een 	vriese 	ruyt
M1_52_665_F	du 	sprekes 		als 	een 	vriese 	ruut
M1_52_665_G	du 	sprects 		als 	een 	vriese 	ruut
M1_52_665_O	du 	spreecs 		als 	een 	vriese 	ruut
M1_52_665_Z	du 	sprekes 		als 	een 	vriese 	ruut

M1_52_666_A	die 		noch 	noit 	en 	minde
M1_52_666_Ant	die 		noch 		n	
M1_52_666_B	die 	noyt 	noch 		en 	minde
M1_52_666_BR	die 		noch 	noit 	en 	minde
M1_52_666_C	die 		noch 	noyt 	en 	minde
M1_52_666_D	die 	nv 	noch 	noyt 	en 	minde
M1_52_666_F	die 		noch 	noyt 	en 	minde
M1_52_666_G	die 		noch 	noyt 	en 	minde
M1_52_666_O	die 		noch 	noyt 	en 	minde
M1_52_666_Z	die 		noch 	noit 	en 	minde

M1_52_667_A	alre 	hande 	edele 	fruut
M1_52_667_Ant	alrehand			
M1_52_667_B	alrande 		edele 	fruut
M1_52_667_BR	alrehande 		edel 	fruut
M1_52_667_C	alrehande 		edel 	fruut
M1_52_667_D	alderhande 		edel 	fruyt
M1_52_667_F	alderhande 		edel 	fruut
M1_52_667_G	aldus 	hande 	edel 	fruut
M1_52_667_O	alderhande 		edel 	fruut
M1_52_667_Z	alderhande 		edel 	fruut

M1_52_668_A	comt 	van 		minnen 	vut 	ende 	vut
M1_52_668_Ant	comt 	van					
M1_52_668_B	comt 	van 		minnen 	vut 	ende 	vut
M1_52_668_BR	comt 	van 		minnen 	wt 	ende 	wt
M1_52_668_C	coemt 	van 		minnen 	vut 	ende 	vut
M1_52_668_D	comt 	van 		minnen 	wt 	ende 	vuyt
M1_52_668_F	comt 	van 		minnen 	vut 	ende 	vut
M1_52_668_G	comt 	van 		minne 	vte 	ende 	wt
M1_52_668_O	commet 	van 	der 	minnen 			vut
M1_52_668_Z	comt 	van 		minnen 	wt 	ende 	wt

M1_52_669_A	die 	noit 	dorper 	en 	kinde
M1_52_669_Ant	dat 	noit 	do		
M1_52_669_B	die 	noyt 	dorper 		kinde
M1_52_669_BR	dat 	noit 	dorper 	en 	kinde
M1_52_669_C	die 	noyt 	dorper 	en 	kinde
M1_52_669_D	dat 	nye 	dorper 	en 	kinde
M1_52_669_F	dat 	noyt 	dorper 	en 	kinde
M1_52_669_G	dat 	noyt 	dorper 	en 	kinde
M1_52_669_O	dat 	noyt 	dorper 		bekinde
M1_52_669_Z	dat 	noit 	dorper 	en 	kinde

M1_52_670_A	hem 		can 	ghehelpen 	el 	gheen 	cruut
M1_52_670_Ant	hem 	en 	m				
M1_52_670_B	hem 	en 	can 	ghehelpen 	ander 		cruut
M1_52_670_BR	hem 	en 	mach 	hulpen 	el 	geen 	cruut
M1_52_670_C		in 	can 	ghepeinsen 	els 	gheen 	cruut
M1_52_670_D	hem 	en 	mach 	helpen 	ander 		cruyt
M1_52_670_F	hem 	en 	mach 	hulpen 	el 	geen 	cruut
M1_52_670_G	hem 	en 	can 	gelpen 	els 	geen 	crvut
M1_52_670_O	hem 	en 	helpt 	gheen 	ander 		cruut
M1_52_670_Z	hem 		mach 	hulpen 		geen 	cruut

M1_52_671_A	die 	stille 	mint 	of 	ouer 	luut
M1_52_671_Ant	die 	stille 				
M1_52_671_B	die 	stille 	mint 	of 	ouer 	luut
M1_52_671_BR	die 	stille 	mint 	oft 	ouerluut	
M1_52_671_C	die 	stille 	mint 	of 	ouerluut	
M1_52_671_D	die 	stille 	mint 	oft 	ouer 	luyt
M1_52_671_F	die 	stille 	mint 	oft 	ouer 	luut
M1_52_671_G	die 	stille 	mint 	ofte 	ouer 	luut
M1_52_671_O	die 	stille 	mint 	oft 	ouer 	luut
M1_52_671_Z	die 	stille 	mint 	of 	ouer 	luut

M1_52_672_A	dan 		hem 	teuel 	toe 	sinde
M1_52_672_B	dan 	die 	hem 	teuel 	toezinde	
M1_52_672_BR	dan 	die 	hem 	deuel 	toe 	seinde
M1_52_672_C	dan 	die 	hem 	teuel 	toeseinde	
M1_52_672_D	dan 	die 	hem 	deuel 	toe 	sende
M1_52_672_F	dan 	die 	hem 	deuel 	toe 	sinde
M1_52_672_G	dan 	die 	hem 	deuel 	toe 	sinde
M1_52_672_O	dan 		hem 	deuel 	toe 	sinde
M1_52_672_Z	dan 		hem 	deuel 	toe 	sinde

M1_52_673_A	der 	herten 	enter 		oghen 	virtuut
M1_52_673_B	der 	herten 	ende 	der 	oghen 	vertuut
M1_52_673_BR	der 	herten 	enter 		ogen 	virtuut
M1_52_673_C	der 	herten 	ende 	der 	oghen 	virtuut
M1_52_673_D	der 	herten 	ende 	der 	hoger 	virtuyt
M1_52_673_F	der 	herten 	enter 		ogen 	vertuut
M1_52_673_G	der 	herten 	ende 	der 	ogen 	viertuut
M1_52_673_O	der 	herten 	ende 	der 	oeghen 	virtuut
M1_52_673_Z	der 	herten 	enter 		ogen 	virtuut

M1_52_674_A	willic 		dat 	hier 	mede 	si 	beduut
M1_52_674_B	willic 		dat 	hier 	mede 	si 	beduut
M1_52_674_BR	willic 		dat 	hier 	bi 	si 	beduut
M1_52_674_C	wil 	ic 	dat 	hier 	mede 	zi 	beduut
M1_52_674_D	wil 	ick 	dat 	hier 	by 	si 	beduyt
M1_52_674_F	willic 		dat 	haer 	mede 	sij 	beduut
M1_52_674_G	willic 		dat 	hier 	bi 	si 	beduut
M1_52_674_O	willic 		dat 	hier 	by 	zijn 	beduut
M1_52_674_Z	willic 		dat 	hier 	bi 	si 	beduut

M1_52_675_A	prouf 	of 	ic 	dit 	ontbinde
M1_52_675_B	prouft 	off 	ic 	dit 	ombinde
M1_52_675_BR	proeft 	hoe 	ic 	dit 	ontbinde
M1_52_675_C	proef 	wat 	ic 		ontbinde
M1_52_675_D	proeft 	hoe 	ick 	dit 	ontbinde
M1_52_675_F	proeft 	hoe 	ic 	dit 	ontbinde
M1_52_675_G	proeft 	hoe 	ic 	dit 	ontbinde
M1_52_675_O	prouft 	hoe 	ic 	dit 	ontbinde
M1_52_675_Z	proef 	hoe 	ic 	dit 	ontbinde

M1_52_676_A	entie 		redene 	bevinde	
M1_52_676_B	ende 	die 	redene 	beuinde	
M1_52_676_BR	entie 		redene 		vinde
M1_52_676_C	ende 	die 	redene 	beuinde	
M1_52_676_D	ende 	die 	reden 	bewinde	
M1_52_676_F	entie 		redene 	ondervinde	
M1_52_676_G	ende 	de 	redene 	onder 	vinde
M1_52_676_O	ende 	die 	redene 	beuinde	
M1_52_676_Z	ende 	te 	redene 		vinde

M1_53_677_A	een 	zwaer 	orloghe 	ende 	een 	groet 	strijt
M1_53_677_B	een 	zwair 	oirloghe 	ende 	een 	zwaer 	strijt
M1_53_677_BR	en 	swaer 	orloge 		een 	swaer 	strijt
M1_53_677_C	een 	swaer 	oerloghe 	ende 	een 	swaer 	strijt
M1_53_677_D	een 	swaer 	oerloghe 	ende 			strijt
M1_53_677_F	een 	zwaer 	orloge 		een 	zwaer 	strijt
M1_53_677_G	een 	swaer 	orloge 	ende 	een 	swaer 	strijt
M1_53_677_O	een 	zwaer 	oerloghe 	ende 	j 		strijt
M1_53_677_Z	een 	swaer 	orloge 	ende 	een 	zwaer 	strijt

M1_53_678_A	ende 	daer 	toe 	een 	eewelijc 	nijt
M1_53_678_B	ende 	dair 	toe 	een 	ewelic 	verwijt
M1_53_678_BR	ende 	daer 	toe 	een 	ewelijc 	nijt
M1_53_678_C	ende 	daertoe 		een 	ewelic 	nijt
M1_53_678_D	ende 	daer 	toe 	een 	eewelijck 	nijt
M1_53_678_F	ende 	daer 	toe 	een 	eeuwegelijc 	nijt
M1_53_678_G	ende 	daer 	toe 	een 	vreselec 	nijt
M1_53_678_O	ende 	daer 	toe 	een 	ewich 	nijt
M1_53_678_Z	ende 	daertoe 		een 	ewelijc 	nijt

M1_53_679_A	es 	tusschen 	der 	herten 	enten 		oghen
M1_53_679_B	es 	tusschen 	der 	herten 	ende 	den 	oghen
M1_53_679_BR	es 	tusschen 		therte 	enten 		ogen
M1_53_679_C	is 	tusghen 		therte 	ende 		oghen
M1_53_679_D	is 	tusschen 		therte 	ende 		oghen
M1_53_679_F	es 	tusschen 		therte 	enten 		ogen
M1_53_679_G	es 	tusschen 	der 	herten 	ende 	den 	ogen
M1_53_679_O	es 	tusschen 	der 	herten 	ende 	den 	oeghen
M1_53_679_Z	es 	tusschen 		therte 	ende 		oogen

M1_53_680_A	therte 	den 	oghen 		verwijt
M1_53_680_B	therte 	den 	oghe 	altois 	verwijt
M1_53_680_BR	therte 	den 	ogen 		verwijt
M1_53_680_C	therte 	den 	oghen 		verwijt
M1_53_680_D	therte 	den 	oghen 		verwijt
M1_53_680_F	therte 	den 	oghen 		verwijt
M1_53_680_G	therte 	den 	ogen 		uerwijt
M1_53_680_O	therte 	den 	oeghen 		verwijt
M1_53_680_Z	therte 	den 	ogen 		verwijt

M1_53_681_A	du 	best 	die 	mijns 	niet 	ne 	vermijt
M1_53_681_B	du 	beste 	die 	minnens 	niet 		vermijt
M1_53_681_BR	du 	best 	die 	mijns 	niet 	en 	vermijt
M1_53_681_C	du 	bist 	die 	mijns 	niet 	en 	vermijt
M1_53_681_D	du 	biste 	die 	mijns 	niet 	en 	vermijt
M1_53_681_F	du 	bist 	die 	mijns 	niet 	en 	vermijt
M1_53_681_G	du 	bes 	die 	mijns 	niet 	en 	vermijt
M1_53_681_O	du 	zijs 	die 	my 	niet 	en 	vermijt
M1_53_681_Z	dv 	best 	die 	mijns 	niet 		vermijt

M1_53_682_A	bidi 		bem 	ic 	bedroghen	
M1_53_682_Ant			en			
M1_53_682_B	bi 	di 	ben 	ic 	bedroghen	
M1_53_682_BR	bedi 		benic 		doer 	vlogen
M1_53_682_C	bedi 		ben 	ic 	bedroghen	
M1_53_682_D	by 	di 	ben 	ick 	bedroghen	
M1_53_682_F	bedi 		bin 	ic 	doir 	vloghen
M1_53_682_G	bi 	di 	benic 	bedroegen		
M1_53_682_O	by 	di 	bem 	ic 	doruloghen	
M1_53_682_Z	bedi 		benic 	bedrogen		

M1_53_683_A	du 	best 		open 	talre 	tijt
M1_53_683_Ant	n 	wijt				
M1_53_683_B	du 	wijt	emmer 	hopen 		
M1_53_683_BR	du 	wijt	emmer 	open 		
M1_53_683_C	du 	wijt	emmer 	open 		
M1_53_683_D	du 	wijt	ymmer 	open 		
M1_53_683_F	du 	wijt	emmer 	open 		
M1_53_683_G	du 	wijt	emmer 	open 		
M1_53_683_O	du 	wijt	opene 	ende 		
M1_53_683_Z	dv 	wijt	emmer 	open 		

M1_53_684_A	elken 	besonder 	die 	vordi 		lijt
M1_53_684_Ant				r 	di 	lijt
M1_53_684_B	elker 	sonde 	die 	voir 	di 	lijt
M1_53_684_BR	elke 	sonde 	die 	vor 	di 	lijt
M1_53_684_C	elker 	zonden 	die 	voerdi 		lijt
M1_53_684_D	elcker 	sonden 	die 	voer 	dy 	lijt
M1_53_684_F	elke 	sonde 	die 	voer 	dij 	lijt
M1_53_684_G	elker 	sonden 	die 	vore 	di 	lijt
M1_53_684_O	elker 	zonden 	die 	voor 	di 	lijt
M1_53_684_Z	elker 	sonden 	die 	uore 	di 	lijt

M1_53_685_A	du 	best 	vrient 	dits 			gheloghen
M1_53_685_Ant	ts 	gelogen					
M1_53_685_B	ende 		vrient 	dit 	nes 	niet 	gheloghen
M1_53_685_BR	du 	gelogen	vrient 	dats 			
M1_53_685_C	du 	bist 	vrient 	dits 			gheloghen
M1_53_685_D	du 	hetes 	vrient 		hets 		gheloghen
M1_53_685_F	du 	hetes 	vrient 		hets 		ghelogen
M1_53_685_G		bestu 	vrient 	dits 			ongelogen
M1_53_685_O	du 	heetse 	vrient 	maer 	tes 		gheloghen
M1_53_685_Z	bedi 	benic 					dorulogen

M1_53_686_A	sluut 	dine 	dore 	teenegher 		tijt
M1_53_686_Ant				neger 		tijt
M1_53_686_B	sluut 	dine 	dore 	tenigher 		tijt
M1_53_686_BR	sluut 	dijn 	dore 	te 	eniger 	tijt
M1_53_686_C	sluyt 	dine 	důere 	tenegher 		tijt
M1_53_686_D	sluyt 	dijn 	herte 	tenigher 		tijt
M1_53_686_F	sluut 	dijn 	dore 	tenigher 		tijt
M1_53_686_G	sluut 	dijn 	doren 	teneger 		tijt
M1_53_686_O	sluut 	dijn 	duere 	tenigher 		tijt
M1_53_686_Z	sluut 	v 	dore 	tenegher 		tijt

M1_53_687_A	daer 		menich 	dief 	voren 	lijt
M1_53_687_Ant					vor 	lijt
M1_53_687_B	dair 	so 	menich 	dief 	voir 	lijt
M1_53_687_BR	daer 	soe 	menich 	dief 	voer 	lijt
M1_53_687_C	daer 	zo 	menich 	dief 	voer 	lijt
M1_53_687_D	daer 	soe 	menich 	dief 	voer 	lijt
M1_53_687_F	daer 	so 	menich 	dief 	voirlijt	
M1_53_687_G	daer 	so 	menech 	dief 	vore 	lijt
M1_53_687_O	daer 	so 	menich 	dief 	voren 	lijt
M1_53_687_Z	daer 	soe 	menich 	dief 	uore 	lijt

M1_53_688_A	bidi 			ben 	ic 	bedroghen	
M1_53_688_Ant				gen			
M1_53_688_B	bi 		di 	ben 	ic 	doir 	vloghen
M1_53_688_BR	bedi 			benic 		bedrogen	
M1_53_688_C	bedi 			ben 	ic 	doeruloghen	
M1_53_688_D	daer 	by 		ben 	ick 	bedroghen	
M1_53_688_F	bedy 			ben 	ic 	bedroghen	
M1_53_688_G	oftic 		werde 			dore 	vlogen
M1_53_688_O		by 	di 	bem 	ic 	bedroghen	
M1_53_688_Z	bedi 			ben 	ic 	bedroghen	

M1_53_689_A	dies 	claghic 		den 	oghen
M1_53_689_Ant				n	
M1_53_689_B	des 	claghe 	ic 	den 	oghen
M1_53_689_BR	dat 	clagic 		den 	ogen
M1_53_689_C	dies 	claghic 		den 	oghen
M1_53_689_D	dat 	claghe 	ick 	den 	hoghen
M1_53_689_F	dat 	claghic 		den 	oghen
M1_53_689_G	dies 	clagic 		den 	hogen
M1_53_689_O	dies 	claghe 	ic 	ouer 	doghen
M1_53_689_Z	dat 	clagic 		minen 	ogen

M1_54_690_A	vvapene 	vriendelijc 	viant
M1_54_690_Ant		elijc 	viant
M1_54_690_B	wapen 	vriendelic 	viant
M1_54_690_BR	vvapine 	vriendelijc 	viant
M1_54_690_C	wapene 	vriendelijc 	viant
M1_54_690_D	wapen 	vriendelick 	viant
M1_54_690_F	wapene 	vriendelic 	viant
M1_54_690_G	wapen 	vriendelec 	viant
M1_54_690_O	waphene 	vriendelic 	viant
M1_54_690_Z	wapen 	vriendelijc 	viant

M1_54_691_A	meneghen 	di 	doghic 			pant
M1_54_691_Ant	menegen 					pant
M1_54_691_B	doir 	di 	doghe 	ic 	menighen 	brant
M1_54_691_BR	doer 	di 	dogic 		menigen 	pant
M1_54_691_C	meneghen 	di 	doghic 			brant
M1_54_691_D	doer 	dy 	doech 	ick 	menighen 	brant
M1_54_691_F	doir 	di 	doghic 		menigen 	pant
M1_54_691_G	menegen 	di 	doegic 			pant
M1_54_691_O	dor 	di 	doghe 	ic 	menighen 	brant
M1_54_691_Z	menegen 	u 	dogic 			pant

M1_54_692_A	ende 	meneghe 		coude
M1_54_692_B	ende 		menich 	coude
M1_54_692_BR	ende 		menich 	coude
M1_54_692_C	ende 		menich 	coude
M1_54_692_D	ende 	menighe 		coude
M1_54_692_F	ende 	menighe 		coude
M1_54_692_G	ende 	wel 	menech 	coude
M1_54_692_O	ende 	oec 	menich 	coude
M1_54_692_Z	ende 	meneghe 		coude

M1_54_693_A	wach 	datti 		nature 	oit 	vant
M1_54_693_Ant				ere 	di 	vant
M1_54_693_B	wapene 	dat 		nature 	dit 	vant
M1_54_693_BR	wapine 	dat 		natuere 	di 	vant
M1_54_693_C	wapene 	dat 		nature 	di 	vant
M1_54_693_D	wapen 	dat 	dy 	natuer 	ye 	vant
M1_54_693_F	wapene 	dat 		nature 	di 	vant
M1_54_693_G	wapen 	dat 		nature 	dit 	vant
M1_54_693_O	waphene 	dat 	die 	nature 		vant
M1_54_693_Z	wapen 	dat 		natuere 	di 	vant

M1_54_694_A	waerdi 		verboden 	huus 	ende 	lant
M1_54_694_Ant				uus 	ende 	lant
M1_54_694_B	wair 	di 	verboden 	huus 	ende 	lant
M1_54_694_BR	waer 	di 	verboden 	huis 	ende 	lant
M1_54_694_C	waer 	di 	verboden 	huus 	ende 	lant
M1_54_694_D	waer 	di 	verboden 	huys 	ende 	lant
M1_54_694_F	waer 	dij 	verboden 	huus 	ende 	lant
M1_54_694_G	ware 	di 	verboden 	huus 	ende 	lant
M1_54_694_O	waere 	di 	verboden 	huus 	ende 	lant
M1_54_694_Z	waer 	di 	uerboden 	huus 	ende 	lant

M1_54_695_A	ende 	des 	meinschen 	houde
M1_54_695_Ant	 			houde
M1_54_695_B	ende 	des 	smenschen 	houde
M1_54_695_BR	ende 	des 	menschen 	houde
M1_54_695_C	ende 	des 	menschen 	houde
M1_54_695_D	ende 	des 	menschen 	houde
M1_54_695_F	ende 	des 	menschen 	houde
M1_54_695_G	ende 	des 	menschen 	houde
M1_54_695_O	ende 	des 	menschen 	houde
M1_54_695_Z	ende 	des 	menschen 	houde

M1_54_696_A	sone 		bonde 	mi 	gheen 	bant
M1_54_696_Ant		en 				bant
M1_54_696_B	so 	en 	bonde 	mi 	gheen 	bant
M1_54_696_BR	sone 		bonde 	mi 	geen 	bant
M1_54_696_C	zo 		nebonde 	mi 	gheen 	bant
M1_54_696_D	sone 		bonde 	my 	gheen 	bant
M1_54_696_F	sone 		bonde 	mi 	gheen 	bant
M1_54_696_G	so 	en 	bonde 	mi 	geen 	bant
M1_54_696_O	so 	ne 	ghebonde 	my 	gheen 	bant
M1_54_696_Z	sone 		bonde 	mi 	geen 	bant

M1_54_697_A	lichtre 	ware 		dan 	een 	zant
M1_54_697_Ant			n 		i 	sant
M1_54_697_B	lichter 	ware 		dan 	een 	zant
M1_54_697_BR	lichter 	waric 		dan 	j 	sant
M1_54_697_C	lichter 	ware 		dan 	een 	zant
M1_54_697_D	lichter 	waer 	ick 	dan 	een 	zant
M1_54_697_F	lichter 	waer 	ic 	dan 	een 	sant
M1_54_697_G	lichter 	war 	en 	daer 	i 	sant
M1_54_697_O	lichter 	waren 		dan 	een 	zant
M1_54_697_Z	lichter 	waeric 		dan 	een 	sant

M1_54_698_A	al 	gader 	mine 	scoude
M1_54_698_Ant				ude
M1_54_698_B	al 	gader 	mine 	scoude
M1_54_698_BR	ende 	alle 	mine 	scoude
M1_54_698_C		algader 	mine 	scoude
M1_54_698_D		algader 	mine 	scoude
M1_54_698_F		algader 	mine 	scoude
M1_54_698_G		algader 	mine 	scoude
M1_54_698_O		alle 	mine 	scoude
M1_54_698_Z		algader 	mine 	scoude

M1_54_699_A	men 	stake 	bet 	vut 	metter 	hant
M1_54_699_Ant					metterhant	
M1_54_699_B	men 	stake 	best 	vte 	mitter 	hant
M1_54_699_BR	men 	stake 	bat 	wt 	metter 	hant
M1_54_699_C	men 	stake 	bet 	vut 	metter 	hant
M1_54_699_D	men 	stake 	bat 	wt 	metter 	hant
M1_54_699_F	men 	stake 	bat 	vte 	metter 	hant
M1_54_699_G	men 	stake 	bat 	wt 	metter 	hant
M1_54_699_O	men 	stake 	bet 	vte 	metter 	hant
M1_54_699_Z	men 	stake 	bat 	wt 	metter 	hant

M1_54_700_A	ende 	versmorde 	sulken 	pant
M1_54_700_Ant			lken 	pant
M1_54_700_B	end 	versmoirde 	sulken 	pant
M1_54_700_BR	ende 	versmoorde 	sulken 	pant
M1_54_700_C	ende 	versmoerde 	alsulken 	pant
M1_54_700_D	ende 	versmoerde 	sulcken 	pant
M1_54_700_F	ende 	versmorde 	sulken 	pant
M1_54_700_G	ende 	versmorde 	selken 	pant
M1_54_700_O	ende 	versmoorde 	sulken 	pant
M1_54_700_Z	ende 	versmorde 	sulken 	pant

M1_54_701_A	onder 		donreene 	moude
M1_54_701_Ant				moude
M1_54_701_B	onder 	de 	reyne 	moude
M1_54_701_BR	onder 		donreyne 	moude
M1_54_701_C	onder 	die 	onreine 	moude
M1_54_701_D	onder 		donreyne 	moude
M1_54_701_F	onder 		donreyne 	moude
M1_54_701_G	onder 		donreine 	moude
M1_54_701_O	onder 		donreyne 	moude
M1_54_701_Z	onder 		donreyne 	moude

M1_54_702_A	vp 	dat 	nature 	woude
M1_54_702_Ant				woude
M1_54_702_B	op 	dat 	nature 	woude
M1_54_702_BR	op 	dat 	natuere 	woude
M1_54_702_C	waert 	dat 	nature 	woude
M1_54_702_D	op 	dat 	natuere 	woude
M1_54_702_F	op 	dat 	natuere 	woude
M1_54_702_G	op 	dat 	nature 	woude
M1_54_702_O	vp 	dat 	nature 	woude
M1_54_702_Z	op 	dat 	natuere 	woude

M1_55_703_A	therte 	zweech 	ende 		toghe 	sprac
M1_55_703_Ant			ge 			sprac
M1_55_703_B	therte 	zweech 		die 	toghe 	sprac
M1_55_703_BR	therte 	sweech 	doge 			sprac
M1_55_703_C	therte 	sweech 	ende 		toghe 	sprac
M1_55_703_D	therte 	sweech 		de 	oghe 	sprack
M1_55_703_F	therte 	zwech 	doge 			sprac
M1_55_703_G	therte 	sweech 	doege 			sprac
M1_55_703_O	therte 	zwech 	ende 	de 	oeghe 	sprac
M1_55_703_Z	ttherte 	sweech 	doge 			sprac

M1_55_704_A	mi 	dinct 	dat 	hu 	sin 	ghebrac
M1_55_704_Ant					ins 	gebrac
M1_55_704_B	mi 	dincke 	dat 	v 	sin 	ghebrac
M1_55_704_BR	jc 	wane 	dat 	v 	sms 	gebrac
M1_55_704_C	mi 	dunct 	dat 	v 	zins 	ghebrac
M1_55_704_D	mi 	duncke 	dat 	v 	sins 	ghebrack
M1_55_704_F	ic 	wane 	dat 	v 	sins 	ontbrac
M1_55_704_G	mi 	dunct 	dat 	u 	sins 	gebrac
M1_55_704_O	my 	dijnct 	dat 	di 	zins 	ghebrac
M1_55_704_Z	ic 	waen 		v 	sins 	gebrac

M1_55_705_A	vrouwe 	coninghinne
M1_55_705_Ant		nne
M1_55_705_B	vrouwe 	coninginne
M1_55_705_BR	vrouwe 	coninghinne
M1_55_705_C	vrouwe 	coninghinne
M1_55_705_D	vrouwe 	coninginne
M1_55_705_F	vrouwe 	coninghinne
M1_55_705_G	vrouwe 	coninginne
M1_55_705_O	vrauwe 	coninghinne
M1_55_705_Z	vrouwe 	coninghinne

M1_55_706_A	dat 	ghi 	mi 	tyet 	hu 	onghemac
M1_55_706_Ant						ongemac
M1_55_706_B	dat 	ghi 	mi 	tiet 	v 	onghemac
M1_55_706_BR	dat 	ghi 	mi 	tijt 	v 	ongemac
M1_55_706_C	dat 	ghi 	mi 	tyet 	v 	onghemac
M1_55_706_D	dat 	ghi 	my 	tijt 	v 	onghemack
M1_55_706_F	dat 	ghij 	mi 	tijt 	v 	onghemac
M1_55_706_G	dat 	gi 	mi 	tijt 	u 	ongemac
M1_55_706_O	dat 	ghi 	my 	tiet 	v 	onghemac
M1_55_706_Z	dat 	ghi 	mi 	tijt 	v 	ongemac

M1_55_707_A	want 		noit 	van 	mi 		tuwaert 		lac
M1_55_707_Ant							uwert 		lac
M1_55_707_B	want 		noyt 	van 	mi 	te 	v 	waert 	lac
M1_55_707_BR	want 	mi 	noit 				tuwaert 		lac
M1_55_707_C	want 		noyt 	van 	mi 		tuwart 		lac
M1_55_707_D	want 		noyt 	van 	mi 		tuwert 		lack
M1_55_707_F	want 	mi 	noyt 				tuwaert 	en 	lac
M1_55_707_G	want 			van 	mi 	quam 	di 	noyt 	lac
M1_55_707_O	want 			van 	my 	noyt 	tuwaert 		lac
M1_55_707_Z	want 	mi 	noit 				tuwaert 		lac

M1_55_708_A	een 	stof 	al 	quaemt 	mi 	inne
M1_55_708_Ant				emt 	mi 	inne
M1_55_708_B	een 	stof 	al 	quaemt 	mi 	jnne
M1_55_708_BR	een 	stof 	al 	quaeat 	mi 	jnne
M1_55_708_C	een 	stof 	al 	quaemt 	mi 	inne
M1_55_708_D	een 	stof 		alquaemt 	my 	inne
M1_55_708_F	een 	stof 	al 	quaemt 	mi 	inne
M1_55_708_G	een 	stof 	al 	quaemt 	mi 	inne
M1_55_708_O	een 	stof 	al 	quaemt 	my 	jnne
M1_55_708_Z	een 	stof 	al 	quaemt 	mi 	inne

M1_55_709_A	alse 	men 	mi 	somwile 	vte 	stac
M1_55_709_Ant	le 				wt 	"stac

"
M1_55_709_B	alsmen 		mi 	somwile 	vte 	stac
M1_55_709_BR	alsmen 		mi 	somwile 	wt 	stac
M1_55_709_C	alsmen 		mi 	zomwile 		vutstac
M1_55_709_D	alsmen 		mi 	somwilen 	wt 	stack
M1_55_709_F	alsmen 	somwijle 	mi 		vut 	stac
M1_55_709_G	als 	men 	mi 	somwile 	wt 	stac
M1_55_709_O	als 	men 	my 	somtijts 	vute 	stac
M1_55_709_Z	alsmen 		mi 	somtijt 	vte 	stac

M1_55_710_A	wat 	dochte 	daer 	na 	smeinschen 	sac	
M1_55_710_B	wat 	doochde 	dair 	na 	smensthen 		zac
M1_55_710_BR	wat 	dochte 	daerna 		smenschen 	sac	
M1_55_710_C	wat 	docht 	daer 	na 	des 	menschen 	zac
M1_55_710_D	wat 	dochte 	daer 	na 	smenschen 	sack	
M1_55_710_F	wat 	dochte 	daer 	na 	smenschen 	sac	
M1_55_710_G	wat 	dochte 	daer 	na 	smenschen 	sac	
M1_55_710_O	wat 	dochte 	daer 	na 	smenschen 	sac	
M1_55_710_Z	want 	docht 	daerna 		tsmenscen 	sac	

M1_55_711_A	sijn 	wel 	varen 	was 		dinne
M1_55_711_B	sijn 	wel 	varen 	es 		dine
M1_55_711_BR	sijn 	weluaren 		was 		dinne
M1_55_711_C	zijn 	weluaren 		was 		dinne
M1_55_711_D	sijn 	weluaren 		was 	seer 	dinne
M1_55_711_F	ende 	weluaren 		was 		dinne
M1_55_711_G	sijn 	welvaren 		was 		dinne
M1_55_711_O	sijne 	weluaert 	die 	was 		dinne
M1_55_711_Z	sijn 	weluaren 		es 		dunne

M1_55_712_A	sonder 	noot 	maecti 		ghecrac
M1_55_712_B	sonder 	noot 	maict 	ghi 	ghecrac
M1_55_712_BR	sonder 	noot 	maecti 		gecrac
M1_55_712_C	zonder 	noet 	maecti 	ghetrac	
M1_55_712_D	sonder 	note 	maecte 	hi 	ghecrack
M1_55_712_F	sonder 	noot 	maecte 		ghecrac
M1_55_712_G	sonder 	noet 	maecti 	getrac	
M1_55_712_O	sonder 	noot 	maecti 		ghecrac
M1_55_712_Z	sonder 	noet 	maecti 		gecrac

M1_55_713_A	ende 	werpt 	vp 	mi 		uwen 	hac
M1_55_713_B	ende 	werpt 	vp 	mi 		uwen 	hack
M1_55_713_BR	ende 	worpt 	op 	mi 		uwen 	hac
M1_55_713_C	ende 	waerpt 	op 	mi 		uwen 	hac
M1_55_713_D	ende 	worpt 	op 	mi 		uwen 	hack
M1_55_713_F	ende 	worpt 	op 	mi 		uwen 	hac
M1_55_713_G	ende 	werpt 	op 	mi 	al 	uwen 	hac
M1_55_713_O	ende 	worpt 	vp 	my 		uwen 	hac
M1_55_713_Z	ende 	werpt 	op 	mi 		uwen 	hac

M1_55_714_A	dat 	ic 	hu 	vrouwe 	kinne
M1_55_714_B	ende 	ic 	v 	vrouwe 	kinne
M1_55_714_BR	ende 	ic 	v 	vrouwe 	kinne
M1_55_714_C	ende 	ic 	v 	vrouwe 	kinne
M1_55_714_D	ende 	ick 	v 	vrouwe 	kinne
M1_55_714_F	ende 	ic 	v 	vrouwe 	kinne
M1_55_714_G	ende 	ic 	v 	vrouwe 	kinne
M1_55_714_O	want 	ic 	v 	vrauwe 	kinne
M1_55_714_Z	ende 	ic 	v 	urouwe 	kinne

M1_55_715_A		ende 	mine 	coninghinne
M1_55_715_B		ouer 	mine 	godinne
M1_55_715_BR		ouer 	mine 	godinne
M1_55_715_C		ende 	mine 	godinne
M1_55_715_D		ouer 	mine 	godinne
M1_55_715_F		ouer 	mine 	godinne
M1_55_715_G	als 	ouer 	mine 	godinne
M1_55_715_O		ouer 	mine 	goddinne
M1_55_715_Z		ende 	mijn 	godinne

M1_56_716_A	merket 	vrouwe 	ende 	besiet
M1_56_716_B	merct 	vrouwe 	ende 	besiet
M1_56_716_BR	merket 	vrouwe 	ende 	besiet
M1_56_716_C	merct 	vrouwe 	ende 	besiet
M1_56_716_D	mercket 	vrouwe 	ende 	besiet
M1_56_716_F	merket 	vrouwe 	ende 	besiet
M1_56_716_G	merket 	vrouwe 	ende 	besiet
M1_56_716_L	merct 	vrouwe 	ende 	besiet
M1_56_716_O	merket 	vrauwe 	ende 	besiet

M1_56_717_A	dat 	ghi 	ouer 	mi 	ghebiet
M1_56_717_B	dat 	ghi 	ouer 	mi 	ghebiet
M1_56_717_BR	dat 	ghi 	ouer 	mi 	ghebiet
M1_56_717_C	dat 	ghi 	ouer 	mi 	ghebiet
M1_56_717_D	dat 	ghi 	ouer 	mi 	ghebiet
M1_56_717_F	wat 	ghi 	ouer 	mi 	ghebiet
M1_56_717_G	dat 	gi 	ouer 	mi 	gebiet
M1_56_717_L	wat 	ghi 	ouer 	mi 	ghebiet
M1_56_717_O	dat 	ghi 	ouer 	my 	ghebiet

M1_56_718_A	alse 	ouer 	alle 	huwe 	lede
M1_56_718_B	als 	ouer 	alle 		leyde
M1_56_718_BR	als 	ouer 	mi		
M1_56_718_C	alse 	ouer 	alle 	uwe 	lede
M1_56_718_D	als 	ouer 	al 	v 	lede
M1_56_718_F	als 	ouer 	al 	v 	lede
M1_56_718_G	als 	ouer 	al 	uwe 	lede
M1_56_718_L	als 	ouer 	al 	v 	lede
M1_56_718_O	als 	ouer 	alle 	uwe 	leede

M1_56_719_A	menne 	conde 	hu 	ghescaden 	niet
M1_56_719_B	men 	conde 	v 	ghescaden 	niet
M1_56_719_BR	men 	co 	gesciet 	om 	niet
M1_56_719_C	men 	conde 	v 	ghescaden 	niet
M1_56_719_D	men 	mochte 	v 	scaden 	niet
M1_56_719_F	men 	conde 	v 	geschaden 	niet
M1_56_719_G	men 	conste 	di 	gescaden 	niet
M1_56_719_L	men 	conde 	v 	gescaeden 	niet
M1_56_719_O	men 	conste 	v 	ghescaden 	niet

M1_56_720_A	waert 	so 	dat 	ghi 	van 	hu 	sciet	
M1_56_720_B	wairt 	so 	dat 	ghi 	van 	v 	schiet	
M1_56_720_BR	waert 		dat 	ghi 		ouer 	mi 	
M1_56_720_C	waert 	zo 	dat 	ghi 	van 	v 	sciet	
M1_56_720_D	waert 	soe 	dat 	ghi 	van 	v 		stiet
M1_56_720_F	waert 		dat 	ghij 	van 	v 		stiet
M1_56_720_G	waert 		dat 	gi 	van 	u 		stiet
M1_56_720_L	waert 	soe 	dat 	ghi 	van 	v 	sciet	
M1_56_720_O	waert 	zo 	dat 	ghi 	van 	v 	tijt 	stiet

M1_56_721_A	alle 	dorperhede			
M1_56_721_B	alle 	dorperheide			
M1_56_721_BR	als 	ouer 	al 	v 	lede
M1_56_721_C	alle 	dorperhede			
M1_56_721_D	alle 	dorperhede			
M1_56_721_F	alle 	dorperhede			
M1_56_721_G	alle 	dorperhede			
M1_56_721_L	alle 	dorperhede			
M1_56_721_O	alle 	dorperhede			

M1_56_722_A	maer 	alse 	ghi 	bi 	mi 	bespiet
M1_56_722_B	mar 	als 	ghi 	bi 	mi 	bespiet
M1_56_722_BR	maer 	als 	ghi 	bi 	mi 	bespiet
M1_56_722_C	mer 	alse 	ghi 	met 	mi 	bespiet
M1_56_722_D	maer 	als 	ghi 	by 	mi 	bespiet
M1_56_722_F	maer 	als 	ghij 	bi 	mi 	bespiet
M1_56_722_G	maer 	alse 	gi 	bi 	mi 	bespiet
M1_56_722_L	maer 	alse 	ghi 	bi 	mi 	bespiet
M1_56_722_O	maer 	als 	ghi 	by 	mi 	bespiet

M1_56_723_A	dinghen 	die 	ghi 		ane 	v 	tiet
M1_56_723_B	dinc 	die 	ghi 	mi 	ane 		tyet
M1_56_723_BR	dinghen 	die 	ghi 		ane 	v 	tiet
M1_56_723_C	dinghe 	die 	ghi 	an 		v 	tiet
M1_56_723_D	dinck 	die 	ghi 		tuwaert 		tiet
M1_56_723_F	dinghen 	die 	ghij 		ane 	v 	tiet
M1_56_723_G	dingen 	die 	gi 		ane 	di 	tiet
M1_56_723_L	dinghen 	die 	ghi 		ane 	v 	tiet
M1_56_723_O	dinghen 	die 	ghi 	aan 		v 	tiet

M1_56_724_A	volghedijs 	gherne 		mede
M1_56_724_B	volghedijs 		gairne 	meide
M1_56_724_BR		volgics 	geerne 	mede
M1_56_724_C	volghedi 	gherne 		mede
M1_56_724_D	volghe 	icx 	gaerne 	mede
M1_56_724_F	volghics 	gheerne 		mede
M1_56_724_G	so 	volgics 	gerne 	mede
M1_56_724_L	volghics 	gherne 		mede
M1_56_724_O	mostics 	volghen 		meede

M1_56_725_A	ghi 	sijt 		alse 		tcrancke 	riet
M1_56_725_B	ghi 	sijt 	recht 	als 		cranc 	riet
M1_56_725_BR	ghi 	sijt 		als 	dat 	crancke 	riet
M1_56_725_C	ghi 	zijt 		alse 		cranke 	riet
M1_56_725_D	ghi 	sijt 		als 	dat 	crancke 	riet
M1_56_725_F	ghij 	sijt 		als 	dat 	crancke 	riet
M1_56_725_G	ghi 	sijt 		alse 	dat 	cranke 	riet
M1_56_725_L	ghi 	sijt 		als 	dat 	crancke 	riet
M1_56_725_O	ghi 	zijt 		als 	dat 	cranke 	riet

M1_56_726_A	dat 	den 	winde 	volghet 	ende 	vliet
M1_56_726_B	dat 	den 	winde 	volghet 	ende 	vliet
M1_56_726_BR	dat 	metten 	winde 	volcht 	ende 	vliet
M1_56_726_C	dat 	metten 	wijnde 	volghet 	ende 	vliet
M1_56_726_D	dat 	metten 	winde 	volcht 	ende 	vliet
M1_56_726_F	dat 	metten 	winde 	waeyt 	ende 	vliet
M1_56_726_G	dat 	metten 	winde 	volgt 	ende 	vliet
M1_56_726_L	dat 	metten 	winde 	waeyt 	ende 	vliet
M1_56_726_O	dat 	metten 	winde 	volcht 	ende 	vliet

M1_56_727_A	hu 	onghestadichede
M1_56_727_B	dwu 	onghestadicheide
M1_56_727_BR	v 	onghestadichede
M1_56_727_C	vwe 	onghestadichede
M1_56_727_D		donghestadichede
M1_56_727_F	van 	ghestadichede
M1_56_727_G	dijn 	ongestadechhede
M1_56_727_L	v 	ongestaedichede
M1_56_727_O	huwe 	onghestadichede

M1_56_728_A	maect 	hu 	den 	onvrede
M1_56_728_B	maict 	v 	den 	onvreide
M1_56_728_BR	maect 	v 	den 	onurede
M1_56_728_C	maect 	v 	den 	onurede
M1_56_728_D	maect 	v 	den 	onurede
M1_56_728_F	maect 	v 	den 	onvrede
M1_56_728_G	maect 	v 	den 	onvrede
M1_56_728_L	maect 	v 	den 	onureede
M1_56_728_O	maect 	ons 	den 	onvrede

M1_57_729_A	dit 	orloghe 	heuet 	ghevelt
M1_57_729_B	dit 	oirloghe 	heeft 	gheuelt
M1_57_729_BR	dit 	orloghe 	heeft 	beuelt
M1_57_729_C	dit 	orloeghe 	heeft 	gheuelt
M1_57_729_D	dit 	oerloghe 	heeft 	beuelt
M1_57_729_F	dit 	orloghe 	heeft 	beuelt
M1_57_729_G	dit 	orloge 	heeft 	gegevelt
M1_57_729_L	dit 	orloge 	heeft 	gheuelt
M1_57_729_O	dit 	orloghe 	heuet 	gheuelt

M1_57_730_A	alse 	men 	hare 		den 	twist 	vertelt
M1_57_730_B	alsmen 		hare 		den 	twist 	telt
M1_57_730_BR	als 	men 	haerden 	of 	herden 	twist 	vertelt
M1_57_730_C	alsmen 		haer 		den 	twist 	vertelt
M1_57_730_D	alsmen 		haer 		den 	twist 	vertelt
M1_57_730_F	alsmen 		haer 		den 	twist 	vertelt
M1_57_730_G	als 	men 	hare 		den 	twist 	vertelt
M1_57_730_L	alsmen 		haer 		den 	twist 	vertelt
M1_57_730_O	als 	men 	haer 		den 	twist 	uertelt

M1_57_731_A	vrouwe 	redene 	bi 	besceede
M1_57_731_B	vrouwe 	redene 	bi 	besceide
M1_57_731_BR	vrouwe 	redene 	bi 	bescede
M1_57_731_C	vrouwe 	redene 	bi 	gescede
M1_57_731_D	vrouwe 	reden 	by 	beschede
M1_57_731_F	vrouwe 	redene 	bij 	bescheede
M1_57_731_G	vrouwe 	redene 	bi 	besceede
M1_57_731_L	vrouwe 	redene 	bi 	besceede
M1_57_731_O	vrauwe 	redene 	bi 	besceede

M1_57_732_A	beede 		gader 	soese 	scelt
M1_57_732_B	bede 	te 	gader 	soese 	scelt
M1_57_732_BR	beide 		gader 	sise 	scelt
M1_57_732_C	bedegader 			sise 	scelt
M1_57_732_D	beyde 	te 	gader 	sise 	schelt
M1_57_732_F	beide 		gader 	sijse 	scelt
M1_57_732_G	beide 		gader 	sise 	scelt
M1_57_732_L	beide 		gader 	sise 	scelt
M1_57_732_O	bede 		gader 	zijze 	stelt

M1_57_733_A	elken 	deelt 	soe 			daer 	sijn 	ghelt
M1_57_733_B	elke 	deelt 	so 			dair 	zijn 	ghelt
M1_57_733_BR	elken 	deilt 	si 			daer 	sijn 	gelt
M1_57_733_C	elken 	deelt 	zi 			daer 	zijn 	ghelt
M1_57_733_D	elcken 	deylt 	sy 			daer 	sijn 	ghelt
M1_57_733_F	elken 	deilt 	zij 	haer 	ghelt 	daer 	zijn 	gelt
M1_57_733_G	ende 	deilt 			elken 	daer 	sijn 	gelt
M1_57_733_L	elken 	deilt 	si 			daer 	sijn 	gelt
M1_57_733_O	elken 	deelt 	zij 			daer 	zijn 	ghelt

M1_57_734_A			niet 	ghelike 		beede
M1_57_734_B			niet 	ghelike 		bede
M1_57_734_BR			niet 	ghelike 		beede
M1_57_734_C			niet 	ghelike 		bede
M1_57_734_D	maer 		niet 	ghelijck 	als 	bede
M1_57_734_F	maer 		niet 	ghelike 		bede
M1_57_734_G			niet 	gelijc 		beede
M1_57_734_L			niet 	gelike 		beede
M1_57_734_O	maer 	euenghelijc 	niet 			beede

M1_57_735_A	baersculdich 	soe 		die 	herte 	spelt
M1_57_735_B	baensculdich 	so 		de 	herte 	stelt
M1_57_735_BR	baer 	sculdich 	si 		therte 	spelt
M1_57_735_C	barsculdich 	zi 		die 	herte 	spelt
M1_57_735_D	baerschuldich 		si 		therte 	spelt
M1_57_735_F	baersculdich 	zij 			therte 	spelt
M1_57_735_G	bar 	sculdech 	si 	die 	herte 	scelt
M1_57_735_L	baersculdich 		si 	die 	herte 	spelt
M1_57_735_O	barsculdich 	zij 	dat 		herte 	stelt

M1_57_736_A	alse 	diese 		ouer 	voghet 	helt
M1_57_736_B	als 	diese 		ouer 	voeghet 	helt
M1_57_736_BR	als 	diese 		ouer 	voget 	helt
M1_57_736_C	alse 	die 	zi 	ouer 	voghet 	helt
M1_57_736_D	als 	die 	sij 	ouer 	voecht 	helt
M1_57_736_F	als 	diese 		ouer 	voghet 	helt
M1_57_736_G	als 	die 	si 	ouer 	voget 	helt
M1_57_736_L	als 	die 	si 	ouer 	voget 	helt
M1_57_736_O	als 	die 	sij 	ouer 	voghet 	helt

M1_57_737_A	ende 	vrouwe 	bi 	haren 	heede
M1_57_737_B	ende 	vrouwe 	bi 	haren 	ede
M1_57_737_BR	ende 	vrouwe 	bi 	haren 	eede
M1_57_737_C	ende 	vrouwe 	bi 	haren 	ede
M1_57_737_D	ende 	vrouwe 	by 	haren 	eede
M1_57_737_F	ende 	vrouwe 	bij 	haren 	eede
M1_57_737_G	ende 	vrouwe 	bi 	haren 	eede
M1_57_737_L	ende 	vrouwen 	bi 	haren 	eede
M1_57_737_O	ende 	vrauwe 	by 	haeren 	eede

M1_57_738_A	maer 	des 	ongheuals 	ghewelt
M1_57_738_B	maer 	des 	gheualles 	ghewelt
M1_57_738_BR	maer 	dies 	geuals 	gewelt
M1_57_738_C	mer 	des 	gheualles 	ghewelt
M1_57_738_D	maer 	deses 	valsches 	ghewelt
M1_57_738_F	mer 	dies 	gheuals 	ghewelt
M1_57_738_G	maer 	dies 	gevals 	gewelt
M1_57_738_L	maer 	dies 	vals 	ghewelt
M1_57_738_O	met 	des 	gheuals 	ghewelt

M1_57_739_A	dat 	bi 	ziene 	therte 		dwelt
M1_57_739_B	dat 	bi 	sine 	therte 	ghe 	dwelt
M1_57_739_BR	dat 	bi 	siene 	therte 		dwelt
M1_57_739_C	dat 	bi 	lieue 	therte 		dwelt
M1_57_739_D	dat 	by 	sien 	therte 		dwelt
M1_57_739_F	dat 	bij 	siene 	therte 		dwelt
M1_57_739_G	dat 	bi 	siene 	therte 		dwelt
M1_57_739_L	dat 	bi 	siene 	therte 		dwelt
M1_57_739_O	dat 	bi 	ziene 	therte 		dwelt

M1_57_740_A	tyet 	soe 	des 	oghes 	gheleede
M1_57_740_B	tiet 	so 	des 	oghen 	ghelede
M1_57_740_BR	tijt 	si 	des 	ogen 	geleede
M1_57_740_C	tijt 	zi 	des 	oghen 	ghelede
M1_57_740_D	tijt 	sy 	des 	oghen 	ghelede
M1_57_740_F	tijt 	sijt 	des 	ogen 	ghelede
M1_57_740_G	tijt 	si 	der 	ogen 	geleede
M1_57_740_L	tijt 	si 	der 	oegen 	geleede
M1_57_740_O	tiecht 	zij 	der 	oeghen 	gheleede

M1_57_741_A	dus 	deelet 	soe 	die 	veede
M1_57_741_B	dus 	deelt 	so 	de 	vede
M1_57_741_BR	dus 	deilt 	si 	die 	vrede
M1_57_741_C	dus 	deilt 	zi 	die 	vede
M1_57_741_D	dus 	deelt 	sy 	die 	vrede
M1_57_741_F	dus 	deilt 	sij 	den 	vrede
M1_57_741_G	aldus 	deilt 	si 	die 	veede
M1_57_741_L	dus 	deilt 	si 	die 	veede
M1_57_741_O	dus 	deelt 	soe 	die 	weede

M1_58_742_A	martin 	hier 	bi 	moghestu 		sien
M1_58_742_B	martijn 	hier 	bi 	moghestu 		zien
M1_58_742_BR	merten 	hier 	bi 	machtu 		sien
M1_58_742_C	martijn 	hier 	bi 	machtu 		zien
M1_58_742_D	martijn 	hier 	by 	mochstu 		sien
M1_58_742_F	merten 	hier 	bij 	machtu 		sien
M1_58_742_G	merten 	hier 	bi 	mogedi 		sien
M1_58_742_L	merten 	hier 	bi 	mach 	men 	sien
M1_58_742_O	martin 	hier 	bi 	muechdi 		sien

M1_58_743_A	weder 	die 	oghen 	therte 		vlien
M1_58_743_B	weder 	die 	oghen 	der 	herten 	tien
M1_58_743_BR	weder 	die 	ogen 	therte 	ontien	
M1_58_743_C	weder 	die 	oghen 	therte 		tien
M1_58_743_D	weder 	die 	oghen 	therte 		tien
M1_58_743_F	weder 	die 	ogen 	therte 	antien	
M1_58_743_G	weder 		doegen 	therte 		tien
M1_58_743_L	weder 	die 	oegen 	therte 		tien
M1_58_743_O	weder 	die 	oeghen 	therte 		thien

M1_58_744_A	so 	therte 		die 			oghen
M1_58_744_B	so 			die 	herten 	de 	oghen
M1_58_744_BR	soe 	therte 		die 	ogen		
M1_58_744_C	of 	therte 		die 			oghen
M1_58_744_D	soe 	therte 	doet 	die 			oghen
M1_58_744_F	soe 	therte 		die 			oghen
M1_58_744_G	so 	thete 		die 	oegen		
M1_58_744_L	soe 	therte 		die 	oegen		
M1_58_744_O	zo 	therte 		die 	oeghen		

M1_58_745_A	alse 		therte 			wille 	ontien
M1_58_745_B	als 		therte 	de 	oghen 	wille 	vlien
M1_58_745_BR	als 	dat 	herte 			wille 	vlien
M1_58_745_C	alse 	dat 	herte 			wil 	vlien
M1_58_745_D	als 	sy 	therte 			willen 	vlien
M1_58_745_F	als 	dat 	herte 			willet 	vlien
M1_58_745_G	alse 	dat 	herte 			wille 	vlien
M1_58_745_L	alse 		therte 			wilde 	vlien
M1_58_745_O	wanneer 		therte 			wille 	vlien

M1_58_746_A			om 	niet 		dan 	die 	oghen 	spien
M1_58_746_B			omme 	niet 			die 	oghen 	spien
M1_58_746_BR			om 	niet 			die 	ogen 	spien
M1_58_746_C			om 	niet 		al 	die 	oghen 	spien
M1_58_746_D			om 	niet 			die 	oghen 	spien
M1_58_746_F			om 	niet 	eest 	dat 	die 	ogen 	spien
M1_58_746_G	so 	es 	om 	niet 			der 	oegen 	gespien
M1_58_746_L			omme 	niet 	eest 	dattie 		oegen 	spien
M1_58_746_O	so 	scadet 		niet 		dat 	de 	oeghen 	spien

M1_58_747_A	daer 			nes 	gheen 	ghedoghen
M1_58_747_B	dair 			nes 	gheen 	ghedoghen
M1_58_747_BR	daer 			nes 	gheen 	gedogen
M1_58_747_C	doer 			des 	oghen 	ghedoghen
M1_58_747_D	daer 	toe 	en 	is 	gheen 	ghedoghen
M1_58_747_F	daer 		en 	niet 	dan 	doghen
M1_58_747_G	daer 		en 	es 	geen 	gedoegen
M1_58_747_L	daer 		en 	es 	gheen 	ghedoegen
M1_58_747_O	daer 		en 	zij 		ghedoeghen

M1_58_748_A	maer 	hets 	emmer 	der 	herten 	plien
M1_58_748_B	mer 	hets 		der 	herten 	plien
M1_58_748_BR	maer 	hets 		der 	herten 	plien
M1_58_748_C	mer 	het 	is 	der 	herten 	plien
M1_58_748_D	maer 	het 	is 	der 	herten 	plien
M1_58_748_F	mer 	hets 		der 	herten 	plien
M1_58_748_G	maer 	het 	es 	der 	herten 	plien
M1_58_748_L	maer 	hets 		der 	herten 	plien
M1_58_748_O	maer 	het 	es 	der 	herten 	plien

M1_58_749_A	alst 	dor 	doghen 		siet 	desen 	of 	dien
M1_58_749_B	alst 		doghen 		doirsien 	desen 	of 	dien
M1_58_749_BR	alst 	doer 	dogen 		siet 	desen 	of 	dien
M1_58_749_C	alst 	doer 		oghen 	ziet 	dien 	of 	dien
M1_58_749_D	alst 	doer 	die 	oghen 	siet 	desen 	of 	dien
M1_58_749_F	alst 	doir 	dogen 		siet 	desen 	of 	dien
M1_58_749_G	alst 	dore 	doegen 		siet 	desen 	oft 	dien
M1_58_749_L	als 		doghe 		siet 	desen 	oft 	dien
M1_58_749_O	alst 	duer 	die 	oeghen 	siet 	desen 	of 	dien

M1_58_750_A	daert 	hem 		toe 	wille 	boghen
M1_58_750_B	dair 	so 	hare 	toe 	wille 	boghen
M1_58_750_BR	daert 	hem 		toe 	wille 	pogen
M1_58_750_C	daert 	hem 	wil 	toe 		boghen
M1_58_750_D	daert 	hem 		toe 	wil 	boghen
M1_58_750_F	daert 	hem 		toe 	wille 	poghen
M1_58_750_G	daert 	hem 		toe 	wilt 	boegen
M1_58_750_L	daer 	hem 		toe 	wille 	boegen
M1_58_750_O	daert 	hem 		toe 	wille 	toeghen

M1_58_751_A	so 	moet 	al 	sijn 	wille 	ghescien
M1_58_751_B	so 	moet 	al 	hare 	wille 	ghescien
M1_58_751_BR	soe 	moet 	al 	sijn 	wille 	gescien
M1_58_751_C	zo 	moet 		zijn 	wille 	ghescien
M1_58_751_D	soe 	moet 	alle 	haer 	wille 	gheschien
M1_58_751_F	soe 	moet 	alle 	siin 	wille 	gescien
M1_58_751_G	so 	moet 	al 	sijn 	wille 	gescien
M1_58_751_L	soe 	moet 	al 	haren 	wille 	gescien
M1_58_751_O	zo 	moet 	al 	zinen 	wille 	gheschien

M1_58_752_A		toghe 	moet 	lyen 	ende 	ghien
M1_58_752_B		toghe 	moet 	lyen 	en 	ghien
M1_58_752_BR	doge 		moet 	lien 	ende 	ghien
M1_58_752_C		toghe 	moet 	lijen 	ende 	ghien
M1_58_752_D	die 	oghen 	moeten 	lien 		engien
M1_58_752_F		doghen 	moeten 	lyen 	ende 	ghien
M1_58_752_G	doege 		moet 	lien 	ende 	gien
M1_58_752_L	die 	ogen 	moeten 	lien 	ende 	ghien
M1_58_752_O	de 	oghe 	moet 	lyen 	ende 	ghien

M1_58_753_A	daer 	dore 	quam 	ghevloghen
M1_58_753_B	dair 	soe 	quam 	gheuloghen
M1_58_753_C	daer 	doere 	quam 	gheuloghen
M1_58_753_D	daert 	doer 	quam 	gheuloeghen
M1_58_753_F	daert 	dore 	quam 	ghevloghen
M1_58_753_G	daert 	dore 	quam 	gevloegen
M1_58_753_L	daer 	dore 	quaem 	gheuloegen
M1_58_753_O	daer 	duere 	quam 	gheuloghen

M1_58_754_A	minne 	int 	vertoghen
M1_58_754_B	minne 	int 	bertoghen
M1_58_754_BR	minne 	int 	vertogen
M1_58_754_C	minne 	int 	vertoghen
M1_58_754_D	minne 	int 	vertoghen
M1_58_754_F	minne 	int 	vertoghen
M1_58_754_G	dminnen 	in 	tfertoegen
M1_58_754_L	minne 	int 	vertoeghen
M1_58_754_O	minne 	int 	vertoeghen

M1_59_755_A	iacop 	dine 	redene 	es 	claer
M1_59_755_B	iacop 	dine 	redene 	is 	clair
M1_59_755_BR	iacop 	dine 	redene 	es 	claer
M1_59_755_C	iacob 	dine 	redene 	is 	claer
M1_59_755_D	iacop 	dine 	reden 	is 	claer
M1_59_755_F	iacob 	dine 	redene 	es 	claer
M1_59_755_G	iacob 	dine 	redene 	es 	claer
M1_59_755_L	iacop 	v 	redene 	es 	claer
M1_59_755_O	iacob 	dijne 	redene 	es 	claer

M1_59_756_A	al 	dinct 	soe 	den 	ghenen 	zwaer
M1_59_756_B	al 	dinct 	so 	den 	oghen 	zwaer
M1_59_756_BR	al 	dunct 	si 	den 	ghenen 	swaer
M1_59_756_C	al 	dunctsi 		den 	ghenen 	swaer
M1_59_756_D	al 	dunct 	sy 	den 	ghenen 	swaer
M1_59_756_F	al 	dunct 	sij 	den 	gheenen 	zwaer
M1_59_756_G	al 	dunct 	si 	den 	genen 	swaer
M1_59_756_L	al 	dunct 	si 	den 	ghenen 	swaer
M1_59_756_O	al 	dijnct 	zoe 	den 	ghenen 	zwaer

M1_59_757_A	die 	lettel 	ghevroeden
M1_59_757_B	die 	littel 	gheuroeden
M1_59_757_BR	die 	luttel 	geuroeden
M1_59_757_C	die 	luttel 	gheuroeden
M1_59_757_D	die 	luttel 	gheuroeden
M1_59_757_F	die 	luttel 	ghevroeden
M1_59_757_G	die 	lettel 	gevroeden
M1_59_757_L	die 	luttel 	gheuroeden
M1_59_757_O	die 	lettel 	gheuroeden

M1_59_758_A	ic 	weet 	dat 	wel 		ouer 	waer
M1_59_758_B	ic 	weet 	dat 	wel 		ouer 	waer
M1_59_758_C	ic 	weet 		wel 		ouerwaer	
M1_59_758_D	ick 	weet 		wel 		ouer 	waer
M1_59_758_F	ic 	weet 		wel 		ouer 	waer
M1_59_758_G	jc 	weet 		wel 		ouer 	waer
M1_59_758_L	ic 	weet 		wel 		ouer 	waer
M1_59_758_O	ic 	weet 		wel 	zeker 	ouer 	waer

M1_59_759_A		die 	ziele 		ware 		al 	sonder 	vaer
M1_59_759_B	dat 			het 	ware 	der 	zielen 		gaer
M1_59_759_C	dat 	weer 	ziele 					zonder 	uaer
M1_59_759_D	dattet 	waer 				der 	sielen 		gaer
M1_59_759_F		die 				der 	zielen 	hadde 	vaer
M1_59_759_G	dat 	siere 	sielen 	en 	ware 	geen 			vaer
M1_59_759_O	datter 		zielen 		ware 	gheen 			vaer

M1_59_760_A	ende 	in 	sekerre 		hoeden
M1_59_760_B	dat 	wi 	ons 	wilden 	hoeden
M1_59_760_C	ende 	in 	zeker 		hoeden
M1_59_760_D	dat 	wi 	ons 	willen 	hoeden
M1_59_760_F	ende 	hem 		wilde 	hoeden
M1_59_760_G	die 	hem 	woude 		hoeden
M1_59_760_O	die 	hem 		wilde 	hoeden

M1_59_761_A		wilde 		therte 	maken 	ommaer
M1_59_761_B		wilde 		therte 	maken 	onmair
M1_59_761_C		wilde 	die 	herte 	maken 	ommaer
M1_59_761_D	woude 		dat 	herte 	maken 	onmaer
M1_59_761_F	ende 	siin 		herte 	maken 	onmaer
M1_59_761_G	woude 	sijn 		herte 	maken 	onmaer
M1_59_761_L	ende 	wilde 		therte 	maken 	on
M1_59_761_O		wilde 		therte 	maken 	onmaer

M1_59_762_A		daer 	hare 	die 	oghen 	sendden 	naer
M1_59_762_B		dat 	hem 	de 	oghen 	zenden 	naer
M1_59_762_C		dat 	hoer 	die 	oghen 	zeinden 	naer
M1_59_762_D		dat 	hem 	die 	oghen 	senden 	naer
M1_59_762_F		dat 	haer 	dogen 		senden 	vaer
M1_59_762_G		dat 	hare 	dogen 		bringen 	naer
M1_59_762_L	van 	dat 	haer 	doegen 		bringen 	n
M1_59_762_O		dat 	hem 	de 	oeghen 	zonde 	naer

M1_59_763_A	niemen 	dorstem 			vermoeden
M1_59_763_B	hine 	dorste 	hem 	niet 	vermoeden
M1_59_763_C	nieman 	en 	dorfte 		vermoeden
M1_59_763_D	wi 	en 	dorsten 	niet 	vermoeden
M1_59_763_F	hine 	dorste 	hem 	niet 	vermoeden
M1_59_763_G	hine 	dorste 		niet 	vermoeden
M1_59_763_L	hine 	dorste 	hem 	niet 	vermoeden
M1_59_763_O	ten 	dorste 	hem 	niet 	vermoeden

M1_59_764_A	dat 	hi 		beuen 	soude 	daer
M1_59_764_B	dat 	hi 		leuen 	soude 	dair
M1_59_764_C	dat 	hi 		beuen 	zoude 	daer
M1_59_764_D	dat 	wi 	souden 	beuen 		daer
M1_59_764_F	datti 			beuen 	soude 	dair
M1_59_764_G	dat 	hi 		beuen 	soude 	daer
M1_59_764_L	datti 			beuen 	soude 	daer
M1_59_764_O	dat 	het 	zoude 	beuen 		daer

M1_59_766_A	ende 				wisen 	ten 	gloeden
M1_59_766_B	ende 				wisen 	ten 	gloeden
M1_59_766_C	ende 				wisen 	ten 	gloeden
M1_59_766_D	ende 				wisen 	ten 	gloeden
M1_59_766_F	ende 				wisen 	ten 	gloeden
M1_59_766_G	ende 				wisen 	ten 	gloeden
M1_59_766_L	ende 				wisen 	ten 	gloeden
M1_59_766_O	ende 	daer 	god 	zal 	wisen 	ten 	gloeden

M1_59_767_A	die 		hier 	ten 	sonden 	spoeden
M1_59_767_B	die 		hier 	ten 	sonden 	spoeden
M1_59_767_C	die 		hier 	ten 	zonden 	spoeden
M1_59_767_D	die 		hier 	ten 	sonden 	spoeden
M1_59_767_F	die 		haer 	ten 	sonden 	spoeden
M1_59_767_G	die 	hen 	hier 	ten 	sonden 	spoeden
M1_59_767_L	die 	hem 	hier 	ten 	sonden 	spoeden
M1_59_767_O	die 		hier 	tot 	zonden 	spoeden

M1_60_768_A	berecht 	mi 	jacop 	oftu 		wout
M1_60_768_B	berecht 	mi 	iacop 	oftu 		wout
M1_60_768_C	bericht 	mi 	iacob 	of 	tu 	wout
M1_60_768_D	berecht 	my 	iacop 	ofstu 		wout
M1_60_768_F	berecht 	mi 	iacob 	oftu 		wout
M1_60_768_G	berecht 	mi 	iacob 	oftu 		wout
M1_60_768_K	berecht 	mi 	jacob 	oftu 		wout
M1_60_768_L	berecht 	mi 	iacop 	oftu 		w
M1_60_768_O	berecht 	my 	iacob 	oftu 		wout

M1_60_769_A	weder 	es 	sekerst 			int 	behout
M1_60_769_B	weder 		sekerst 	est 		int 	behout
M1_60_769_C	weder 		zekerste 	is 		in 	behout
M1_60_769_D	welck 			is 	seker 	in 	behout
M1_60_769_F	welc 		sekerst 	es 		in 	behout
M1_60_769_G	welc 		sekerst 	es 		in 	dbehout
M1_60_769_K	weder 		sekerst 	is 		int 	behout
M1_60_769_L	welc 		sekerst 	es 		int 	beh
M1_60_769_O	weder 	es 	zekerst 			int 	behout

M1_60_770_A		rijcheit 	so 	aermoede
M1_60_770_B		rijcheit 	so 	armoede
M1_60_770_C		rijkheit 	of 	aermoede
M1_60_770_D		rijcheyt 	oft 	armoede
M1_60_770_F		rijcheyt 	oft 	armoede
M1_60_770_G	so 	rijcheit 	so 	armoede
M1_60_770_K		rijcheit 	of 	armoede
M1_60_770_L		rijcheit 	ofte 	aermoede
M1_60_770_O		rijcheit 	zo 	aermoede

M1_60_771_A	eist 		leec 	clerc 	ionc 	of 	hout
M1_60_771_B	eist 	clerc 	leec 		ionc 	of 	oudt
M1_60_771_C	eest 	monic 		clerc 	ionc 	of 	out
M1_60_771_D	eest 	clerck 	leeck 		ionck 	oft 	out
M1_60_771_F	eest 	clerc 	leec 		ionc 	oft 	out
M1_60_771_G	eest 	clerc 	leec 		ionc 	of 	out
M1_60_771_K	eest 		leec 	clerc 	ionc 	of 	out
M1_60_771_L	eest 	moenc 		clerc 	ionc 	ofte 	
M1_60_771_O	eist 	clerc 	leec 		ionc 	oft 	oudt

M1_60_772_A	het 	dinc 	mi 		wesen 	gader 		gout
M1_60_772_B	al 	dinct 	mi 		wesen 	gader 		gout
M1_60_772_C	het 	dunct 	mi 		wesen 	gadergout		
M1_60_772_D	al 	dunctet 	my 	gaderen 				gout
M1_60_772_F	al 	duncket 	mi 	gaderen 				gout
M1_60_772_G	het 	dunct 	mi 	al 		gader 	wesen 	bout
M1_60_772_K	het 	dinct 	mi 	al 	wesen 	gader 		gout
M1_60_772_L	al 	duncket 	mi 	gadren 				gout
M1_60_772_O	al 	dijnket 	my 		wesen 	gader 		gout

M1_60_773_A		alstaet 		naer 	den 	goede
M1_60_773_B	al 	staet 			naden 	goede
M1_60_773_C	al 	staet 		na 	den 	goede
M1_60_773_D	ende 	staet 			naden 	goede
M1_60_773_F	ende 	staet 	al 	na 	den 	goede
M1_60_773_G	ende 	staen 			naden 	goede
M1_60_773_K	al 	staet 		na 	den 	goede
M1_60_773_L	ende 	staet 			naeden 	goede
M1_60_773_O	ende 	staet 	al 	na 	den 	goede

M1_60_774_A	aermoede 	prijstmen 	menich 	fout
M1_60_774_B	armoede 	prisic 		menichuout
M1_60_774_C	aermoede 	prijstmen 		menichfout
M1_60_774_D	armoede 	prijs 	ick 	menichfout
M1_60_774_F	armoede 	prijs 	ic 	menichfout
M1_60_774_G	armoede 	prisic 		menechfout
M1_60_774_K	aermoede 	prisic 		menichfout
M1_60_774_L	aermoede 	prisic 		menichfo
M1_60_774_O	aermoede 	prise 	ic 	menichfout

M1_60_775_A	men 	seghet 	soe 	es 	seker 	ende 	bout
M1_60_775_B	men 	seit 	so 	es 	sekerst 	int 	behout
M1_60_775_C	men 	zeeght 		hets 	zeker 	ende 	bout
M1_60_775_D	want 	sy 		es 	seker 	ende 	bout
M1_60_775_F	want 	sij 		es 	sekerst 	ende 	bout
M1_60_775_G	want 	het 		es 	seker 	ende 	stout
M1_60_775_K	want 	si 	is 		zeker 	ende 	stout
M1_60_775_L	want 	si 		es 	seker 	ende 	bout
M1_60_775_O	want 		zoe 	es 	zekerst 	int 	behout

M1_60_776_A	vor 	rouers 	sonder 	hoede
M1_60_776_B	voir 	rouers 	sonder 	hoede
M1_60_776_C	van 	rouer 	zonder 	hoede
M1_60_776_D	voer 	rouers 	sonder 	hoede
M1_60_776_F	voer 	rouers  	sonder 	hoede
M1_60_776_G	vore 	roeuers 	sonder 	hoede
M1_60_776_K	voor 	rouers 	sonder 	hoede
M1_60_776_L	voer 	roeuers 	sonder 	hoe
M1_60_776_O	voor 	rouers 	zonder 	hoede

M1_60_777_A	doch 	minnen 	si 	vor 	dwater 	smout
M1_60_777_B	doch 	minnen 	si 	voir 	twater 	tsmout
M1_60_777_C	doch 	minnen 	zi 	voer 	dwater 	smout
M1_60_777_D	doch 	minnen 	sy 	voer 	water 	tsmout
M1_60_777_F	doch 	minnen 	zij 	voir 	water 	smout
M1_60_777_G	doch 	minnen 	si 	vore 	water 	smout
M1_60_777_K	doch 	minnen 	si 	voor 	water 	smout
M1_60_777_L	doch 	minnen 	si 	voer 	water 	
M1_60_777_O	doch 	minnen 	zij 	voor 	water 	smout

M1_60_778_A	si 	scuwen 	hongher 	ende 	cout
M1_60_778_B	si 	scuwen 	hongher 	ende 	coudt
M1_60_778_C	zi 	scuwen 	hongher 	ende 	cout
M1_60_778_D	sy 	scuwen 	hongher 	ende 	cout
M1_60_778_F	sij 	scuwen 	honger 	ende 	cout
M1_60_778_G	si 	scuwen 	honger 	ende 	cout
M1_60_778_K	si 	scuwen 	honger 	ende 	cout
M1_60_778_L	si 	scuwen 	honger 	ende 	cout
M1_60_778_O	ende 	scuwen 	hongher 	ende 	cout

M1_60_779_A	eist 	alsic 		mi 	gheuroede
M1_60_779_B	est 	als 	ic 	mi 	bemoede
M1_60_779_C	eest 	alse 	ics 	mi 	beuroede
M1_60_779_D	eest 	als 	ick 	mi 	beuroede
M1_60_779_F	eest 	zo 	ic 	mi 	vermoede
M1_60_779_G		also 	ic 	mi 	bevroede
M1_60_779_K	eist 	also 	ic 	mi 	vermoede
M1_60_779_L	eest 	alsoe 	ic 	mi 	vermoede
M1_60_779_O	eist 	zo 	ic 	my 	vermoede

M1_60_780_A	so 	dolen 	dese 		vroede
M1_60_780_B	so 	dolen 	dese 		vroede
M1_60_780_C	zo 	dolen 	desen 		vroede
M1_60_780_D	soe 	dolen 	der 	werelt 	vroede
M1_60_780_F	soe 	dolen 	dese 		vroede
M1_60_780_G	so 	delen 	dese 		vroede
M1_60_780_K	so 	dolen 	dese 		vroede
M1_60_780_L	soe 	doelen 	dese 		vroede
M1_60_780_O	zo 	dolen 	dese 		vroede

M1_61_781_A	martin 	ic 	mete 	di 	vul 	dit 	vat
M1_61_781_B	mairtijn 	ic 	mete 	di 	vol 	dijn 	vat
M1_61_781_C	martijn 	ic 	mete 	di 	vol 	dat 	vat
M1_61_781_D	martijn 	ick 	mete 		vol 	dijn 	vat
M1_61_781_F	merten 	ic 	mete 	di 	vol 	diin 	vat
M1_61_781_G	merten 	ic 	mete 		vol 	dijn 	vat
M1_61_781_K	maertin 	ic 	mete 	di 	vul 	diin 	vat
M1_61_781_L	merten 	ic 	mete 		vol 	dijn 	vat
M1_61_781_O	martin 	ic 	mete 		vul 	dijn 	vat

M1_61_782_A	vpten 		stoel 	daer 	moyses 		sat
M1_61_782_B		biden 	stoel 	dair 	moyses 		sat
M1_61_782_C	opten 	berch 		daer 	moyses 	op 	sat
M1_61_782_D	opten 		stoel 	daer 	moyses 		sat
M1_61_782_F	opten 		stoel 	dair 	moyses 		sat
M1_61_782_G	op 	den 	stoel 	daer 	moyses 		sat
M1_61_782_K	vp 	den 	stoel 	der 	moyses 		sat
M1_61_782_L	opten 		stoel 	daer 	moeyses 		
M1_61_782_O	vp 	den 	stoel 	daer 	moyses 		zat

M1_61_783_A	daer 	sitten 		die 	gheleerde
M1_61_783_B	dair 	saten 		die 	gheleerde
M1_61_783_C		zitten 		die 	gheleerde
M1_61_783_D		sitten 		die 	gheleerde
M1_61_783_F		sitten 	nu 	die 	gheleerde
M1_61_783_G		sitten 		die 	geleerde
M1_61_783_K		sitten 		die 	gheleerde
M1_61_783_L		sitten 		die 	gheleerde
M1_61_783_O		sitten 		die 	gheleerde

M1_61_784_A	dat 	si 	wisen 		doe 	al 	dat
M1_61_784_B	dat 	si 	di 	raden 	doe 	al 	dat
M1_61_784_C	wat 	zij 	di 	heten 	doe 		aldat
M1_61_784_D	dat 	si 	dy 	raden 	doet 	al 	dat
M1_61_784_F	wat 	sij 	dij 	heten 	doet 	al 	dat
M1_61_784_G	dat 	si 	di 	raden 	doech 	al 	dat
M1_61_784_K	dat 	si 	di 	raden 	doe 	al 	dat
M1_61_784_L	dat 	si 	di 	heten 	doet 	al 	dat
M1_61_784_O	dat 	zij 	wijsen 		doet 	al 	dat

M1_61_785_A	si 	wisen 	bi 	den 	rechten 	pat
M1_61_785_B	si 	wisen 	di 	den 	rechten 	pat
M1_61_785_C	zij 	wisen 	di 	den 	rechten 	pat
M1_61_785_D	si 	wisen 	di 	den 	rechten 	pat
M1_61_785_F	sij 	wisen 	v 	den 	rechten 	pat
M1_61_785_G	si 	wisen 	di 	den 	rechten 	pat
M1_61_785_K	si 	wisen 	di 	den 	rechten 	pat
M1_61_785_L	si 	wisen 	di 	den 	rechten 	p
M1_61_785_O	zij 	wijsen 	di 	den 	rechten 	pat

M1_61_786_A		wel 	hem 	diere 	hem 	an 	keerde
M1_61_786_B		wel 	hem 	dier 	hem 	an 	keerde
M1_61_786_C		wel 	die 	daer 	hem 		toekeerde
M1_61_786_D		wel 	hem 	dier 	hem 	aen 	keerde
M1_61_786_F		wel 		diere 	hem 	aen 	keerde
M1_61_786_G		wel 	hem 	dier 	hem 	toe 	keerde
M1_61_786_K	so 	wel 	hem 	diere 	hem 	an 	keerde
M1_61_786_L		wel 	hem 	diere 	hem 	toe 	keerde
M1_61_786_O		wel 	hem 	dier 	hem 	toe 	keerde

M1_61_787_A	maer 	in 	wel 	deene 	sijn 	si 		lat
M1_61_787_B	maer 	in 	weeldoene 		sijn 	si 		lac
M1_61_787_C	mer 	int 	weldoen 		zijn 	zi 		lat
M1_61_787_D	maer 	in 	weldoen 		sijn 	si 	soe 	lac
M1_61_787_F	maer 	in 	weldoen 		sijn 	zij 		lat
M1_61_787_G	maer 	in 	weldoene 		sijn 	si 		lat
M1_61_787_K	mer 	in 	weldoen 		siin 	si 		lat
M1_61_787_L	maer 	in 	weldoene 		sijn 	si 		lat
M1_61_787_O		in 	weldoene 		zijn 	zij 	seere 	lat

M1_61_788_A	si 	heeten 		vasten 		si 	sijn 	sat
M1_61_788_B	si 	heten 		vasten 	ende 	si 	sijn 	sadt
M1_61_788_C	zij 	eten 		vast 	zij 	drinken 		zat
M1_61_788_D	sy 	heyten 	te 	vasten 		si 	sijn 	sat
M1_61_788_F	sij 	heten 		vasten 	zij 	ziin 		zat
M1_61_788_G	si 	heeten 		vasten 		si 	sijn 	sat
M1_61_788_K	si 	heten 		vasten 	mer 	si 	siin 	sat
M1_61_788_L	si 	heten 		vaste 		si 	sijn 	sat
M1_61_788_O	sij 	heeten 		vasten 	zij 	zijn 		zat

M1_61_789_A	ne 	volghe 	niet 	sulken 	heerde
M1_61_789_B	ne 	volghe 	niet 	sulken 	heerde
M1_61_789_C	en 	volghe 	niet 	zulken 	heerde
M1_61_789_D	en 	volghe 	niet 	sulcken 	heerde
M1_61_789_F	en 	volght 	niet 	sulken 	herde
M1_61_789_G	en 	volch 	niet 	selken 	heerde
M1_61_789_K		volghe 	niet 	sulke 	heerde
M1_61_789_L	en 	volcht 	niet 	sulken 	herd
M1_61_789_O	en 	volght 	niet 	zulke 	heerde

M1_61_790_A	sine 		minnen 	niet 	vorden 			scat
M1_61_790_B	sien 		minnen 	niet 	voirden 			scat
M1_61_790_C	zine 		minnen 	niet 	voer 		den 	scat
M1_61_790_D	sy 	en 	minnen 	niet 	voer 		den 	scat
M1_61_790_F	sine 		minnen 	niet 	voir 		den 	scat
M1_61_790_G	sine 		minnen 	geen 	dinc 	vore 	den 	scat
M1_61_790_K	si 	en 	minnen 	niet 	voor 		den 	scat
M1_61_790_O	si 	en 	minnen 	niet 	voor 		den 	scat

M1_61_791_A	haer 	hant 	es 	altoes 	sonder 	gat
M1_61_791_B	hair 	hant 	es 	altois 	sonder 	gat
M1_61_791_C	haer 	hant 	is 	altoes 		gat
M1_61_791_D	haer 	hant 	is 	altoos 	sonder 	gat
M1_61_791_F	haer 	hant 	es 	altoes 	sonder 	gat
M1_61_791_G	hare 	hande 	sijn 	altoes 	sonder 	gat
M1_61_791_K	haer 	hant 	is 	altoos 	sonder 	gat
M1_61_791_L	haer 	hant 	es 	altoes 	sonder 	g
M1_61_791_O	haer 	handt 	es 	altoos 	zonder 	gat

M1_61_792_A	noint 			volc 	was 	bouen 	der 	erde
M1_61_792_B	noyt 		was 	volc 		bouen 		deerde
M1_61_792_C	noit 	en 	was 	volc 		bouen 	die 	eerde
M1_61_792_D	noyt 	en 	quam 	volck 	opter 			eerde
M1_61_792_F	noyt 	en 	was 	volc 	op 			deerde
M1_61_792_G	noyt 	en 	was 	volc 		bouen 		deerde
M1_61_792_K	noyt 		was 	volc 	vp 		de 	eerde
M1_61_792_L	noeyt 			volc 	op 			eerde
M1_61_792_O	noyt 		was 	volc 		bouen 		deerde

M1_61_793_A	dat 	meer 	goeds 	begherde	
M1_61_793_B	dat 	meer 	tgoet 	begheerde	
M1_61_793_C	die 	meer 	goeds 	begheerde	
M1_61_793_D	dat 	meer 	scats 	begeerde	
M1_61_793_F	dat 	meer 	scats 	begheerde	
M1_61_793_G	dat 	meer 	den 	scat 	begerde
M1_61_793_K	dat 	meer 	scats 	begheerde	
M1_61_793_L	dat 	meer 	scats 	begeerde	
M1_61_793_O	dat 	meer 	scats 	begheerde	

M1_62_794_A	die 	meerre 	menechte 	es 	dus 	daen
M1_62_794_B	die 	meeste 	menichte 	es 		dustaen
M1_62_794_C	die 	meerre 	meneghe 	is 	dus 	ghedaen
M1_62_794_D	die 	meeste 	menicht 	is 	dus 	gedaen
M1_62_794_F	die 	meeste 	menichte 	es 	dus 	gedaen
M1_62_794_G	die 	meerre 	partie 	es 	dus 	gedaen
M1_62_794_K	die 	meeste 	menichte 	es 	dus 	gedaen
M1_62_794_L	die 	meeste 	menichste 	e		
M1_62_794_O	de 	meeste 	menichte 	es 	dus 	ghedaen

M1_62_795_A	doch 		vint 	mer 	sonder 	waen
M1_62_795_B	doch 	so 	vintmer 		sonder 	waen
M1_62_795_C	doch 	zo 	vijntmen 		zonder 	waen
M1_62_795_D	nochtan 		vintmer 		sonder 	waen
M1_62_795_F	doch 	soe 	vintmer 		sonder 	waen
M1_62_795_G	doch 	soe 	vint 	mer 	sonder 	waen
M1_62_795_K	nochtan 		vintmer 		sonder 	waen
M1_62_795_L	doch 	soe 	vint 	men 	al 	s
M1_62_795_O	doch 	zo 	vintmer 		sonder 	waen

M1_62_796_A	al 	sijn 	si 	selsiene
M1_62_796_B	al 	sijn 	si 	selsiene
M1_62_796_C	al 	zijn 	zi 	zelsiene
M1_62_796_D	al 	sijn 	sy 	selsiene
M1_62_796_F	al 	siin 	zij 	selsiene
M1_62_796_G	al 	sijn 	si 	selsiene
M1_62_796_K	al 	siin 	si 	selsiene
M1_62_796_L	al 	sijn 	si 	selsine
M1_62_796_O	al 	zijn 	zij 	selsiene

M1_62_797_A	die 	den 	erdschen 	goede 	ontgaen
M1_62_797_B	die 	den 	airtschen 	goede 	ontgaen
M1_62_797_C	die 	den 	aerdschen 	goede 	ontgaen
M1_62_797_D	die 	den 	eertschen 	goede 	ontgaen
M1_62_797_F	die 	den 	eertschen 	goede 	ontgaen
M1_62_797_G	die 	den 	ertschen 	goede 	ontgaen
M1_62_797_K	die 	den 	eerdschen 	goede 	ontgaen
M1_62_797_L	die 	den 	ertschen 	goede 	ontgae
M1_62_797_O	die 	den 	eertschen 	goede 	ontgaen

M1_62_798_A	ende 		aermoede 		anevaen
M1_62_798_B	ende 		armoede 	ontfaen	
M1_62_798_C	ende 	die 	aermoede 	ontfaen	
M1_62_798_D	ende 		armoede 	ane 	vaen
M1_62_798_F	ende 		armoede 	ane 	vaen
M1_62_798_G	ende 		armoede 	ontfaen	
M1_62_798_K	ende 		armoede 	ane 	vaen
M1_62_798_L	ende 		aermoede 	ane 	vaen
M1_62_798_O	ende 		aermoede 	ontfaen	

M1_62_799_A	bi 	heleghen 		engiene
M1_62_799_B	bi 	heleghe 		engiene
M1_62_799_C	bi 	der 	heiligher 	engiene
M1_62_799_D	by 	heylighen 		engienen
M1_62_799_F	bij 	heylighen 		engyene
M1_62_799_G	bi 	heilegen 		engiene
M1_62_799_K	bi 	helighen 		engiene
M1_62_799_L	bi 	heylegen 	en 	siene
M1_62_799_O	by 	helighen 		engiene

M1_62_800_A	si 	lieten 	hem 	bluwen 	ende 	slaen
M1_62_800_B	si 	laten 	hem 	blouwen 	ende 	slaen
M1_62_800_C	zij 	laten 	hem 	blouwen 	ende 	slaen
M1_62_800_D	si 	laten 	hem 	blouwen 	ende 	slaen
M1_62_800_F	sij 	lieten 	hem 	blouwen 	ende 	slaen
M1_62_800_G	ende 	laten 	hen 	blouwen 	ende 	slaen
M1_62_800_K	si 	laten 	hem 	blouwen 	ende 	slaen
M1_62_800_L	si 	laeten 	hem 	blouwen 	ende 	sla
M1_62_800_O	si 	laten 	hem 	bleuwen 	ende 	slaen

M1_62_801_A	tormenteren 		ende 	vaen
M1_62_801_B	tormentieren 		ende 	vaen
M1_62_801_C	tormenteren 		ende 	vaen
M1_62_801_D	tormenteren 		ende 	vaen
M1_62_801_F		tormenten 	ende 	vlaen
M1_62_801_G	oec 	tormenten 	ende 	vaen
M1_62_801_K	tormenteren 		ende 	vlaen
M1_62_801_L		tormenten 	ende 	vaen
M1_62_801_O	tormenteren 		ende 	vaen

M1_62_802_A	omme 	die 	helle 		tontvliene
M1_62_802_B	om 	die 	helle 	te 	ontvliene
M1_62_802_C	om 	die 	helle 		tontvliene
M1_62_802_D	om 	die 	helle 	te 	vliene
M1_62_802_F	om 	die 	helle 		tontvliene
M1_62_802_G	om 	die 	helle 	tontfliene	
M1_62_802_K	om 	de 	helle 		tontvliene
M1_62_802_L	omme 	die 	helle 	tonfliene	
M1_62_802_O	omme 	die 	helle 		tontvliene

M1_62_803_A	hier 	in 	waert 	sekerst 		vulstaen
M1_62_803_B	hier 	in 	est 	zekerst 		volstaen
M1_62_803_C	hier 	in 	waert 	zekerste 		volstaen
M1_62_803_D	hier 	inne 	waert 	sekerst 		volstaen
M1_62_803_F	hier 	in 	waert 	tsekerst 	te 	volstaen
M1_62_803_G	hier 	in 	waert 	sekerst 		volstaen
M1_62_803_K	hier 	in 	waert 	sekerst 		vulstaen
M1_62_803_L	hier 	in 	waert 	sekerst 		
M1_62_803_O	hier 	inne 	waert 	zekerst 		vulstaen

M1_62_804_A	want 	dien 	hem 	in 	dit 	doepsel 	dwaen
M1_62_804_B	want 	die 	hem 	in 	dit 	doopsel 	dwaen
M1_62_804_C	want 	die 	hem 	in 	dit 	doepsel 	dwaen
M1_62_804_D	want 	die 	hem 	in 	die 	doopsel 	dwaen
M1_62_804_F	want 	die 	hem 	in 	dit 	doopsel 	dwaen
M1_62_804_G	want 	die 	hen 	in 	den 	doepsel 	dwaen
M1_62_804_K		die 	hem 	in 	dit 	doopsel 	dwaen
M1_62_804_L		die 	hem 	int 		doepsel 	
M1_62_804_O	want 	die 	hem 	in 	dit 	doopsel 	dwaen

M1_62_805_A	sijn 	seker 	gode 	te 	ziene
M1_62_805_B	sijn 	seker 	gode 	te 	siene
M1_62_805_C	zijn 	zeker 	gode 		tesiene
M1_62_805_D	sijn 	seker 	gode 	te 	siene
M1_62_805_F	siin 	seker 	gode 	te 	siene
M1_62_805_G	sijn 	seker 	gode 	te 	siene
M1_62_805_K	siin 	seker 	gode 	te 	siene
M1_62_805_O	zijn 	sculdich 	gode 	te 	siene

M1_62_806_A		noch 	niet 	te 	messchiene
M1_62_806_B	ende 	hem 	niet 	te 	messciene
M1_62_806_C	ende 	hem 	niet 	te 	mischiene
M1_62_806_D	ende 	hem 	niet 	te 	messchiene
M1_62_806_F	ende 	hem 	niet 	te 	misschiene
M1_62_806_G	ende 	hen 	niet 	te 	messciene
M1_62_806_K	ende 	hem 	niet 	te 	messciene
M1_62_806_O	ende 	hem 	niet 	te 	messciene

M1_63_807_A	die 	gods 	sone 	toghet 	ons 		dat
M1_63_807_B	die 	gods 	sone 	toghet 	ons 		dat
M1_63_807_C	die 	gods 	zoene 	thoget 	ons 		dat
M1_63_807_D	die 	gods 	sone 	toent 	ons 	selue 	dat
M1_63_807_F	die 	gods 	sone 	toecht 	ons 		dat
M1_63_807_G	de 	gods 	sone 	toent 	ons 		dat
M1_63_807_K	die 	gods 	sone 	toocht 	ons 		dat
M1_63_807_L	 	gods 	sone 	toget 	ons 		dat
M1_63_807_O	de 	godssone 		toechde 		zelue 	dat

M1_63_808_A	die 	enen 	gheweldich 	sit 	ende 	sat
M1_63_808_B	die 	enen 	gheweldich 	sit 	ende 	sat
M1_63_808_C	die 		euengheweldich 	zit 	ende 	zat
M1_63_808_D	die 	euen 	gheweldich 	sit 	ende 	sat
M1_63_808_F	die 		euengheweldich 	sit 	ende 	sat
M1_63_808_G	die 	euen 	geweldech 	sit 	ende 	sat
M1_63_808_K	die 	euen 	gheweldich 	sit 	ende 	sat
M1_63_808_L	die 	euen 	gheweldich 	sit 	ende 	sat
M1_63_808_O	die 	euen 	gheweldich 	zit 	ende 	zat

M1_63_809_A	den 	vader 	in 	sijn 	rike
M1_63_809_B	den 	vader 		inden 	rijke
M1_63_809_C	den 	uader 	in 	den 	rike
M1_63_809_D	den 	vader 		inden 	rijke
M1_63_809_F	den 	vader 		inden 	rike
M1_63_809_G	den 	vader 	in 	den 	rike
M1_63_809_K	den 	vader 	in 	den 	rike
M1_63_809_L	en 	vader 		inden 	rike
M1_63_809_O	den 	vader 	in 	zijn 	rijke

M1_63_810_A	hi 	beete 	in 	dese 	aerme 	stat
M1_63_810_B	hi 	beete 	in 	dese 	arme 	stat
M1_63_810_C	hi 	beette 	in 	die 	aerme 	stat
M1_63_810_D	hi 	beete 	in 	die 	arme 	stat
M1_63_810_F	hij 	beette 	in 	die 	arme 	stadt
M1_63_810_G	hi 	beitte 	inder 		armer 	stat
M1_63_810_K	hi 	beete 	in 	dese 	arme 	stat
M1_63_810_L	 	beete 	inder 		maget 	vat
M1_63_810_O	hij 	beette 	in 	dese 	aerme 	stat

M1_63_811_A			inder 	reynre 	marien 	vat
M1_63_811_B			inder 	reynre 	magheden 	vat
M1_63_811_C	in 	der 		reinre 	maeghede 	vat
M1_63_811_D			inder 	reynre 	maghet 	vat
M1_63_811_F	hier 	neder 	inder 	reinder 	maget 	vat
M1_63_811_G	jn 	der 		reinder 	maget 	vat
M1_63_811_K		jnder 		reynre 	magheden 	vat
M1_63_811_L		der 		reinder 	maget 	scat
M1_63_811_O	in 	der 		reyner 	maechden 	vat

M1_63_812_A	harde 	omoedelike
M1_63_812_B	harde 	oitmoedelike
M1_63_812_C	harde 	oetmoedelike
M1_63_812_D	herde 	oetmoedelike
M1_63_812_F	herde 	oetmoedelike
M1_63_812_G	herde 	oetmoedelike
M1_63_812_K	herde 	omoedelike
M1_63_812_L	de 	oetmoedelike
M1_63_812_O	harde 	oetmoedelijke

M1_63_813_A	daer 	hi 	cume 		soghes 	was 	sat
M1_63_813_B	dair 	hi 	cume 	oyt 	zoghes 	was 	zat
M1_63_813_C	dat 	hi 	cume 	oyt 	zoeghes 	wart 	zat
M1_63_813_D	daer 	hi 	bi 	na 	soghes 	wert 	sat
M1_63_813_F	daer 	hij 	cume 	ye 		was 	sat
M1_63_813_G	daer 	hi 	cume 		soeges 	wert 	sat
M1_63_813_K	der 	hi 	cume 		zoghes 	wert 	sat
M1_63_813_L		i 	cume 	oeyt 	soges 	was 	sat
M1_63_813_O	daer 	hy 	cume 	ye 		was 	zat

M1_63_814_A	ende 	ghedoghede 	meneghen 	gadsat	
M1_63_814_B	ende 	doghede 	meneghen 	godsat	
M1_63_814_C	ende 	ghedoghede 	meneghen 	godsat	
M1_63_814_D	ende 	doghede 	menighen 		hat
M1_63_814_F	ende 	doghede 	menighen 	gods 	hat
M1_63_814_G	ende 	gedoegede 	menegen 		hat
M1_63_814_K	ende 	doghede 	menighen 	gods 	hat
M1_63_814_L	 	gedoegede 	menegen 		hadt
M1_63_814_O	ende 	leet 	menich 	quaet 	ghewat

M1_63_815_A	van 	sinen 	onghelike
M1_63_815_B	van 	sinen 	onghelike
M1_63_815_C	van 	zinen 	onghelike
M1_63_815_D	van 	sinen 	onghelike
M1_63_815_F	van 	sinen 	onghelike
M1_63_815_G	van 	sinen 	ongelike
M1_63_815_K	van 	sinen 	onghelike
M1_63_815_L	n 	sinen 	ongeliken
M1_63_815_O	dan 	zijnen 	onghelijke

M1_63_816_A	dat 	aermoede 	es 	een 	pat
M1_63_816_B	die 	armoede 	es 	een 	pat
M1_63_816_C	dat 	aermoede 	is 	die 	pat
M1_63_816_D	dat 	armoede 	is 	een 	pat
M1_63_816_F		armoede 	es 	een 	pat
M1_63_816_G	maer 	armoede 	es 	die 	pat
M1_63_816_K	die 	armoede 	dats 	i 	pat
M1_63_816_L		moede 	es 	een 	pat
M1_63_816_O	reyne 	aermoede 	es 	j 	pat

M1_63_817_A	die 	dor 	den 	hemel 	maect 	een 	gat
M1_63_817_B	die 	doir 	den 	hemel 	maict 	een 	gadt
M1_63_817_C	die 	doer 	den 	hemel 	maect 	een 	gat
M1_63_817_D	die 	doer 	den 	hemel 	maect 	een 	gat
M1_63_817_F	die 	doir 	den 	hemel 	maect 	i 	gat
M1_63_817_G	die 	dore 	den 	hemel 	maect 	een 	gat
M1_63_817_K	die 	dor 	den 	hemel 	maect 	i 	gat
M1_63_817_L	 	doer 	den 	hemel 	maecte 	i 	gat
M1_63_817_O	die 	doer 	den 	hemel 	maect 	j 	gat

M1_63_818_A	ende 	soe 		niet 	en 		beswike
M1_63_818_B	ende 	zoene 		niet 			bezwike
M1_63_818_C	ende 	zi 		niene 			beswike
M1_63_818_D	ende 	si 	hem 	niet 	en 		beswike
M1_63_818_F	datti 		hem 	niet 	en 		bezwike
M1_63_818_G	ende 			niet 	en 		beswike
M1_63_818_K	ende 	so 		niet 	en 		beswike
M1_63_818_L		i 		niet 	en 		beswike
M1_63_818_O	want 	zij 		niet 	en 	zal 	bezwike

M1_63_819_A	die 	hare 	met 	trouwen 	wike
M1_63_819_B	die 	hare 	mit 	herten 	wike
M1_63_819_C	die 	haer 	met 	herten 	wike
M1_63_819_D	die 	haer 	met 	herten 	wyke
M1_63_819_F	die 	hem 	met 	herten 	wike
M1_63_819_G	die 	hem 	met 	herten 	wike
M1_63_819_K	die 	haer 	met 	trouwen 	wike
M1_63_819_L		hare 	met 	trouwen 	wike
M1_63_819_O	die 	haer 	met 	herten 	wijke

M1_64_820_A	vvaenstu 	martin 	weeldich 		vet
M1_64_820_B	waenstu 	martijn 	weeldich 		vet
M1_64_820_C	waenstu 	martijn 	weeldich 		vet
M1_64_820_D	waenstu 	martijn 	weeldich 		vet
M1_64_820_F	waenstu 	merten 	weeldich 	ende 	vet
M1_64_820_G	waenstu 	merten 	weeldech 		vet
M1_64_820_K	waenstu 	maertin 	weeldich 		vet
M1_64_820_L	enstu 	merten 	weldich 		vet
M1_64_820_O	waenstu 	martin 	weeldich 	ende 	vet

M1_64_821_A	ende 	ghecleet 	nv 	wel 	nv 	bet
M1_64_821_B	sijn 	ghecleet 	nv 	wel 	nv 	bet
M1_64_821_C	ende 	ghecleedt 	nu 	wel 	nu 	bet
M1_64_821_D	sijn 	ghecleet 	nv 	wel 	nv 	bet
M1_64_821_F	chierlic 	gecleet 	nu 	wel 	nu 	bet
M1_64_821_G	sijn 	gecleedt 	nu 	wel 	nu 	bet
M1_64_821_K	siin 	ghecleet 	nv 	wel 	nv 	bet
M1_64_821_L	ijn 	gecleet 	nv 	wel 	nv 	bet
M1_64_821_O	ende 	ghecleet 	zo 	lanc 	zo 	bet

M1_64_822_A		varen 	int 	langhe 	leuen
M1_64_822_B	ende 	varen 	int 	langhe 	leuen
M1_64_822_C		varen 	int 	langhe 	leuen
M1_64_822_D		varen 	int 	langhe 	leuen
M1_64_822_F	ende 	varen 	int 	langhe 	leuen
M1_64_822_G		varen 	in 	dlange 	leuen
M1_64_822_K		varen 	int 	langhe 	leuen
M1_64_822_L	 	vaeren 	int 	langhe 	leuen
M1_64_822_O		vaeren 	int 	ewich 	leuen

M1_64_823_A	ende 	jh 		naect 	int 	bloet 	besmet
M1_64_823_B	ende 	ihesus 	hinc 	naect 	int 	bloet 	besmet
M1_64_823_C	ende 	ihc 		naect 	int 	bloet 	besmet
M1_64_823_D	ende 	ihesus 		naect 	met 	bloede 	besmet
M1_64_823_F	ende 	ihesus 		naect 	met 	bloede 	besmet
M1_64_823_G	ende 	ihesus 		naect 	in 	dbloet 	genet
M1_64_823_K	ende 	ihesus 	hinc 		mit 	bloet 	besmet
M1_64_823_L		sus 		naect 	met 	bloede 	besmet
M1_64_823_O	ende 	ihc 	hinc 		int 	bloet 	besmet

M1_64_824_A	ende 		sine 	rechtre 	side 		ghesplet
M1_64_824_B	ende 	zine 		rechtre 	zide 		ghesplet
M1_64_824_C	ende 	zine 		rechter 	zide 		ghesplet
M1_64_824_D	ende 		sijn 	rechter 	syde 		ghesplet
M1_64_824_F	ende 	ziin 		rechter 	zijde 		ghesplet
M1_64_824_G	ende 	in 	sine 		side 		gesplet
M1_64_824_K	ende 		sine 	rechter 	zide 		ghesplet
M1_64_824_L	 			rechte 	side 	doer 	splet
M1_64_824_O		zijn 		rechter 	zijde 	was 	ghesplet

M1_64_825_A	825 	ende 		an 	thout 		verheuen
M1_64_825_B	dair 	hi 		an 	thout 	was 	verheuen
M1_64_825_C	ant 	hout 				was 	verheuen
M1_64_825_D	aent 	houte 				was 	verheuen
M1_64_825_F	aent 	cruce 				was 	verheuen
M1_64_825_G					anthout 	was 	verheuen
M1_64_825_K	ant 	hout 				was 	verheuen
M1_64_825_L	 	hout 				was 	verheuen
M1_64_825_O		ende 	was 	an 	thout 		verheuen

M1_64_826_A	of 		thouet 	van 	onser 	wet
M1_64_826_B	of 	dat 	hooft 	van 	onser 	wet
M1_64_826_C	of 	dat 	hoeft 	van 	onzer 	wet
M1_64_826_D	oft 	dat 	hoeft 	van 	onser 	wet
M1_64_826_F	op 	dat 	hoot 	van 	onser 	wet
M1_64_826_G	ochte 	dat 	hoet 	van 	onser 	wet
M1_64_826_K	of 	dat 	hooft 	van 	onser 	wet
M1_64_826_L	 		hoeft 	vandaer 	kerstenen 	wet
M1_64_826_O	of 	dat 	hooft 	van 	onser 	wet

M1_64_827_A	met 	scarpen 	dornen 	was 	beset
M1_64_827_B	met 	scarpen 	doirnen 	was 	beset
M1_64_827_C	met 	scarpen 	dornen 	was 	beset
M1_64_827_D	met 	scarpen 	doernen 	was 	beset
M1_64_827_F	met 	scerpen 	doornen 	was 	beset
M1_64_827_G	met 	scerpen 	dornen 	was 	beset
M1_64_827_K	met 	scarpen 	dornen 	was 	beset
M1_64_827_L	 	scarpen 	dornen 	was 	beset
M1_64_827_O	met 	scerpen 	doornen 	was 	beset

M1_64_828_A	alset 		noch 	es 	bescreuen
M1_64_828_B		alst 	noch 	es 	bescreuen
M1_64_828_C	also 	alst 		is 	bescreuen
M1_64_828_D	alsoe 	alst 		was 	bescreuen
M1_64_828_F	alsoet 		noch 	is 	bescreuen
M1_64_828_G	alsoet 		noch 	es 	bescreuen
M1_64_828_K		alst 	noch 	is 	bescreuen
M1_64_828_L	et 			es 	bescreuen
M1_64_828_O	alzoot 		noch 	es 	bescreuen

M1_64_829_A	eist 	dattu 		wilt 	sijn 	sijn 	let
M1_64_829_B	eist 	dattu 	weisen 	wils 	zijn 		let
M1_64_829_C		wiltu 	wesen 	een 	zijn 		lit
M1_64_829_D	eest 	datstu 		wilt 	wesen 	sijn 	let
M1_64_829_F	maer 	wiltu 	siin 		gods 		let
M1_64_829_G	eest 	dattu 	wesen 	wilt 	gods 		let
M1_64_829_K	eist 	dattu 	wesen 	wilt 	gods 		let
M1_64_829_L	 		wesen 		gods 		let
M1_64_829_O	eist 	dattu 	zijn 	wils 	zijn 		let

M1_64_830_A	magherlike 	drinc 	ende 	et
M1_64_830_B	magherlike 	drinc 	ende 	et
M1_64_830_C	magherlike 	drinc 	ende 	et
M1_64_830_D	magherlijck 	drinct 	ende 	et
M1_64_830_F	magherlijc 	drinc 	ende 	et
M1_64_830_G	magerlike 	drinc 	ende 	et
M1_64_830_K	magerlike 	drinc 	ende 	et
M1_64_830_L	erliken 	drinct 	ende 	et
M1_64_830_O	magherlijke 	drijnc 	ende 	et

M1_64_831_A	leere 	weelde 	begheuen
M1_64_831_B	lere 	weelde 	begheuen
M1_64_831_C	lere 	weelde 	begheuen
M1_64_831_D	leert 	weelde 	begheuen
M1_64_831_F	leer 	weelde 	begheuen
M1_64_831_G	leere 	weelde 	begeuen
M1_64_831_K	leere 	weelde 	begheuen
M1_64_831_L	t 	welde 	begheuen
M1_64_831_O	leere 	weelde 	begheuen

M1_64_832_A	oftu 		moets 	zware 	sneuen
M1_64_832_B	oftu 		moets 	zwaire 	sneuen
M1_64_832_C	of 	du 	moets 	sware 	sneuen
M1_64_832_D	of 	du 	moets 	swaerlijck 	sneuen
M1_64_832_F	oftu 		moets 	zwairlic 	sneuen
M1_64_832_G	ochte 	du 	moets 	swarlijk 	sneuen
M1_64_832_K	of 	du 	moets 	zware 	sneuen
M1_64_832_L		u 	moets 		sneuen
M1_64_832_O	of 	du 	zuls 	zwaerlijc 	sneuen

M1_65_833_A	niet 	en 	segghic 		dat 	rijcheit 	sent
M1_65_833_B	niet 		segghic 		dat 	rijcheit 	zent
M1_65_833_C	niene 	zegghic 			dat 	rijkheit 	zent
M1_65_833_D	niet 	en 	seg 	ick 	dat 	rijcheyt 	sent
M1_65_833_F	niet 	zeggic 			dat 	rijcheit 	sent
M1_65_833_G	niet 	en 	seggic 		dat 	rijcheit 	sent
M1_65_833_K	niet 	en 	seggic 		dat 	rijcheit 	sent
M1_65_833_L	t 	en 	seggic 		dat 	rijcheit 	sent
M1_65_833_O	niet 	en 	segghe 	ic 	dat 	rijcheit 	zent

M1_65_834_A	die 	zielen 	inden 			torment
M1_65_834_B	die 	ziele 	inden 			torment
M1_65_834_C	die 	ziele 	den 			torment
M1_65_834_D	die 	siele 	inden 			torment
M1_65_834_F	die 	siele 	in 	dat 		torment
M1_65_834_G	de 	siele 	in 		thelsche 	torment
M1_65_834_Ge		 		dat 		torment
M1_65_834_K	"dus

"					
M1_65_834_L	ie 	ziele 	int 			torment
M1_65_834_O	de 	ziele 	in 	dat 	ewich 	torment

M1_65_835_A	vp 	dat 	ment 	nutte 	met 	rechte
M1_65_835_B	op 	dat 	ment 	nutte 	met 	rechte
M1_65_835_C	op 	dat 	ment 	nutte 	met 	rechte
M1_65_835_D	op 	dat 	ment 	nutte 	te 	rechte
M1_65_835_F	op 	dat 	men 	nutte 	te 	rechte
M1_65_835_G	op 	dat 	ment 	nutte 	te 	rechte
M1_65_835_Ge			en 	nutte 	te 	rechte
M1_65_835_L			atment 	nut 	met 	rechte
M1_65_835_O	vp 	dat 	menze 	nutte 	by 	rechte

M1_65_836_A	maer 	sekerst 	es 		vlien 	dat 	serpent
M1_65_836_B	mer 	zekerst 	ist 		vlien 		tserpent
M1_65_836_C	mer 	zekerste 	is 		vlien 	dat 	serpent
M1_65_836_D	maer 	beter 	ist 	te 	vlien 		tserpent
M1_65_836_F	maer 	sekerst 	eest 		vlien 		tserpent
M1_65_836_G	maer 	sekerst 	eest 		vlien 		tserpent
M1_65_836_Ge		erst 	es 	te 	vlien 		tserpent
M1_65_836_L		erst 	es 		vlien 		tserpent
M1_65_836_O	maer 	zekerst 	eist 		vlien 	dat 	serpent

M1_65_837_A	dan 	te 	wandelen 		daer 	om 	trent
M1_65_837_B	dan 		wandelen 		daer 		omtrent
M1_65_837_C	dan 		wandelen 		daer 		omtrent
M1_65_837_D	dan 	te 	wandelen 		daer 		omtrent
M1_65_837_F	dan 	te 	wandelen 		dair 		omtrent
M1_65_837_G	dan 		wandelen 		daer 		omtrent
M1_65_837_Ge	n 	te 	wandelen 		daer 		omtrent
M1_65_837_L		te 	wandelen 		daer 		omtrent
M1_65_837_O	dan 		wandelen 	al 	daer 		omtrent

M1_65_838_A		dat 	het 	di 	niet 		bevlechte
M1_65_838_B	dattet 				niet 		enbeulecte
M1_65_838_C		dat 		di 	niet 		beulechte
M1_65_838_D	dattet 			dy 	niet 	en 	beulechte
M1_65_838_F	datti 				niet 	en 	bevlecte
M1_65_838_G	ende 	dat 		di 			bevlecte
M1_65_838_Ge	atti 				niet 	en 	beulecte
M1_65_838_L				i 	niet 	en 	beulecte
M1_65_838_O	datti 				niet 	en 	beuechte

M1_65_839_A	maer 	rijcheit 	maect 	den 	mensche 	so 	blent
M1_65_839_B	want 	rijcheit 	maect 	den 	menighen 	so 	blent
M1_65_839_C	want 	rijkheit 	maect 	meneghen 			blent
M1_65_839_D	want 	rijcheit 	maect 	dat 	volc 	so 	blent
M1_65_839_F	maer 	rijcheyt 	maect 	eenen 		so 	blent
M1_65_839_G	want 	rijcheit 	maect 	menegen 			blent
M1_65_839_Ge		rijcheit 	maect 	j 		so 	blint
M1_65_839_L		heit 	maect 	menegen 			blint
M1_65_839_O	want 	rijcheit 	maect 		menighen 	zo 	blent

M1_65_840_A	dat 	hi 	gode 	nine 		kent
M1_65_840_B	dat 	hi 	gode 	niet 	en 	kent
M1_65_840_C	dat 	hi 	gode 	niene 		kent
M1_65_840_D	dattet 		gode 	niet 	en 	bekent
M1_65_840_F	datti 		gode 	niet 	en 	kent
M1_65_840_G	dat 	hi 	gode 	niet 	en 	kent
M1_65_840_Ge	datti 		gode 	niet 	en 	kint
M1_65_840_L		i 	gode 	niet 	en 	kent
M1_65_840_O	dat 	hi 	gode 	niet 	en 	kent

M1_65_841_A	dus 	sceet 	men 	vanden 		lechte
M1_65_841_B	dair 	sceet 	hi 	vanden 		lechte
M1_65_841_C	daer 	sceedtmen 		van 	den 	lechte
M1_65_841_D	dus 	scheetmen 		vanden 		lechte
M1_65_841_F	dus 	scheetmen 		vanden 		lichte
M1_65_841_G	dus 	scheedt 	hi 	van 	den 	lechte
M1_65_841_Ge	dus 	sceetmen 		vanden 		lichte
M1_65_841_L		eet 	hi 	vanden 		lechte
M1_65_841_O	daer 	scheet 	men 	van 	den 	lechte

M1_65_842_A	ende 	wert 	van 	leuene 	een 	rent
M1_65_842_B	ende 	wert 	van 	leuene 	een 	rent
M1_65_842_C	ende 	wordt 	van 	leuene 	een 	rent
M1_65_842_D	ende 	wert 	van 	leuen 	een 	rent
M1_65_842_F	ende 	wort 	van 	leuen 	een 	rent
M1_65_842_G	ende 	wert 	van 	leuene 	een 	rent
M1_65_842_Ge	ende 	wort 	van 	leuen 	j 	rent
M1_65_842_L		wort 	van 	leuene 	i 	rent
M1_65_842_O	ende 	wort 	van 	leuene 	een 	rent

M1_65_843_A	daer 		valt 	men 	inden 	helschen 	scent
M1_65_843_B	dair 	na 	valt 	hi 	in 	helsche 	conuent
M1_65_843_C	dan 		valtmen 		int 	helsche 	conuent
M1_65_843_D	daer 	na 	valtmen 		inden 		torment
M1_65_843_F	ende 		valt 		in 	thelsche 	torment
M1_65_843_G	ende 		valt 		in 	thelsche 	couent
M1_65_843_Ge	ende 		valt 		int 	thelle 	torment
M1_65_843_L		 	valtmen 		int 	helsche 	couent
M1_65_843_O	dus 		valtmen 		int 		conuent

M1_65_844_A	dus 	bringhet 		in 	die 	echte
M1_65_844_B	dair 	brenghet 	v 		die 	hechte
M1_65_844_C	dus 	brenghet 		in 	die 	hechte
M1_65_844_D	dus 	brenghet 		in 	die 	hechte
M1_65_844_F	dus 	brincti 		in 	die 	hechte
M1_65_844_G	aldus 	bringt 		in 	die 	hechte
M1_65_844_Ge	dus 	brincti 	indie 			hechte
M1_65_844_L	 	brinct 	inde 			hechte
M1_65_844_O	daer 	de 	viant 	in 		hechte

M1_65_845_A	die 	duuel 	sine 	knechte
M1_65_845_B	die 	duuel 	sine 	knechte
M1_65_845_C	die 	duuel 	zine 	knechte
M1_65_845_D	die 	duuel 	sinen 	knechte
M1_65_845_F	die 	duuel 	sinen 	knechte
M1_65_845_G	de 	duuel 	sine 	knechte
M1_65_845_Ge	die 	duuel 	sine 	knechte
M1_65_845_L	 	duuel 	sine 	knechte
M1_65_845_O	brijnct 	alle 	zine 	knechte

M1_66_846_A	iacop 	du 	spreex 	wel 	ende 	waer
M1_66_846_B	iacop 	du 	segs 	wel 	ende 	wair
M1_66_846_C	iacob 	du 	sprekes 	wel 	ende 	waer
M1_66_846_D	iacop 	du 	segghes 	wel 	ende 	waer
M1_66_846_F	iacob 	du 	seges 	wel 	ende 	waer
M1_66_846_G	iacob 	du 	sprecs 	wel 	ende 	waer
M1_66_846_Ge	iacop 	du 	seges 	wel 	ende 	waer
M1_66_846_L	cop 	du 	segt 	wel 	ende 	waer
M1_66_846_O	iacob 	du 	seghs 	wel 	ende 	waer

M1_66_847_A	maer 	die 	wech 	es 	nauwe 	ende 	zwaer
M1_66_847_B		die 	wech 	es 	nauwe 	ende 	zwair
M1_66_847_C		die 	wech 	is 	nauwe 	ende 	swaer
M1_66_847_D		die 	wech 	is 	nauwe 	ende 	swaer
M1_66_847_F		die 	wech 	es 	nauwe 	ende 	zwaer
M1_66_847_G		die 	wech 	es 	hoge 	ende 	swaer
M1_66_847_Ge		die 	wech 	es 	hoech 	ende 	swaer
M1_66_847_L		ie 	wech 	es 	inge 	ende 	swaer
M1_66_847_O		de 	wech 	es 	nauwe 	ende 	zwaer

M1_66_848_A	ende 	zeere 	onghetreden
M1_66_848_B	ende 	zere 	onghetreden
M1_66_848_C	ende 	zeer 	onghetreden
M1_66_848_D	ende 	seer 	onghetreden
M1_66_848_F	ende 	zeere 	onghetreden
M1_66_848_G	ende 	sere 	ongetreden
M1_66_848_Ge	ende 	sere 	ongetreden
M1_66_848_L	e 	zeere 	ongetreeden
M1_66_848_O	ende 	zeere 	onghetreden

M1_66_849_A	met 	aermoeden 	te 	clemmene 	daer
M1_66_849_B	met 	armoede 	te 	clemmene 	dair
M1_66_849_C	met 	aermoede 	teclimmen 		daer
M1_66_849_D	met 	armoede 	climtmen 		daer
M1_66_849_F	met 	armoede 	climmen 		daer
M1_66_849_G	met 	armoede 	te 	clemmene 	daer
M1_66_849_Ge	met 	aermoede 	comen 		daer
M1_66_849_L		moeden 	te 	clemmen 	daer
M1_66_849_O	met 	aermoede 	te 	clemmene 	daer

M1_66_850_A	daer 	men 	leuet 	sonder 	vaer
M1_66_850_B	dairmen 		leuet 	sonder 	vaer
M1_66_850_C	daermen 		leuet 	zonder 	vaer
M1_66_850_D	daermen 		leuet 	sonder 	vaer
M1_66_850_F	daer 	men 	leuet 	sonder 	vaer
M1_66_850_G	daer 	men 	leeft 	sonder 	vaer
M1_66_850_Ge	daermen 		leuet 	sonder 	vaer
M1_66_850_O	daermen 		leuet 	zonder 	vaer

M1_66_851_A	in 	eeweliken 		vreden
M1_66_851_B	mit 	eweliker 		vreden
M1_66_851_C	in 		eweliken 	vreden
M1_66_851_D	in 	eewelijken 		vreden
M1_66_851_F	in 	eeuweliker 		vreden
M1_66_851_G	ende 	met 	eweliken 	vreden
M1_66_851_Ge	in 	eweliker 		vreden
M1_66_851_O	in 		eweliken 	vreden

M1_66_852_A	martin 	so 	trec 	die 	aerme 	naer
M1_66_852_B	martin 	so 	trec 	den 	armen 	naer
M1_66_852_C	martijn 	zo 	trect 	den 	aermen 	naer
M1_66_852_D	martijn 		trect 	die 	arme 	naer
M1_66_852_F	merten 		trect 	die 	arme 	naer
M1_66_852_G	merten 	nu 	trec 	den 	armen 	naer
M1_66_852_Ge	merten 		trect 	die 	arme 	naer
M1_66_852_L	merten 		trect 	die 	arme 	naer
M1_66_852_O	maertin 	zo 	trect 	die 	aerme 	naer

M1_66_853_A		deele 	hem 	stille 	ende 	openbaer
M1_66_853_B	ende 	deel 	hem 	stille 	ende 	openbair
M1_66_853_C	ende 	deile 	hem 	stille 	ende 	openbaer
M1_66_853_D		deelt 	hem 	stille 	ende 	openbaer
M1_66_853_F		deilt 	hem 	stille 	ende 	openbaer
M1_66_853_G	ende 	deele 	hen 	stille 	ende 	oppenbaer
M1_66_853_Ge		deile 	hem 	stille 	ende 	openbaer
M1_66_853_L		deilt 	hem 	stille 		oppenbaer
M1_66_853_O		deelt 	hem 	stille 	ende 	openbaer

M1_66_854_A	van 	dire 	weeldicheden
M1_66_854_B	van 	dire 	weldicheden
M1_66_854_C	van 	dijnre 	weldicheden
M1_66_854_D	van 	dijnre 	weeldicheden
M1_66_854_F	van 	dijnre 	rijcheden
M1_66_854_G	van 	dijnre 	rijcheden
M1_66_854_Ge	van 	dijnre 	rijcheden
M1_66_854_L	van 	uwer 	weeldicheden
M1_66_854_O	van 	dijnre 	weeldicheden

M1_66_855_A	eere 	der 	kerken 	enten 			outaer
M1_66_855_B	eere 	die 	kercke 	ende 		die 	outair
M1_66_855_C	in 	die 	kerke 	ende 	op 	den 	outaer
M1_66_855_D	eert 	die 	kercke 	ende 			toutaer
M1_66_855_F	eert 	die 	kerke 	enten 			outaer
M1_66_855_G	eere 	de 	kerke 	ende 		den 	outaer
M1_66_855_Ge	ere 	die 	kerke 	ende 			outaer
M1_66_855_L	eer 	die 	kerke 	entie 			outaer
M1_66_855_O	eere 	die 	kerke 	ende 		den 	outaer

M1_66_856_A	het 	wert 	ten 	joncsten 	daghe 	claer
M1_66_856_B	het 	wert 	ten 	jonxsten 	daghe 	clair
M1_66_856_C	het 	wordt 	te 	ioncsten 	daghe 	claer
M1_66_856_D	het 	wort 	ten 	ionxsten 	daghen 	claer
M1_66_856_F	het 	wort 	ten 	lesten 	dage 	maer
M1_66_856_G	het 	wert 	ten 	ioncsten 	dage 	maer
M1_66_856_Ge	het 	wort 	ten 	lesten 		maer
M1_66_856_L	het 	woort 	ten 	ioncsten 	dagen 	claer
M1_66_856_O	het 	wert 	ten 	jonxsten 	daghe 	claer

M1_66_857_A	daer 	di 	god 	sal 	besteden
M1_66_857_B	dat 	di 	god 	sal 	besteiden
M1_66_857_C	datti 		god 	zal 	besteden
M1_66_857_D	daer 	dy 	god 	sal 	bescheden
M1_66_857_F	daer 	dij 	god 	sal 	besteden
M1_66_857_G	daer 	di 	god 	sal 	besceeden
M1_66_857_Ge	daer 	bi 	god 	sal 	besceden
M1_66_857_L	daer 	v 	god 	sal 	besceeden
M1_66_857_O	daer 	di 	god 	zal 	besteden

M1_66_858_A	met 	sinen 	lieuen 	leden
M1_66_858_B	met 	sinen 	lieuen 	leden
M1_66_858_C	met 	zinen 	lieuen 	leden
M1_66_858_D	met 	sinen 	lieuen 	leden
M1_66_858_F	met 	sinen 	lieuen 	leden
M1_66_858_G	met 	sinen 	lieuen 	leden
M1_66_858_Ge	met 	sinen 	lieuen 	leden
M1_66_858_L	met 	sinen 	lieuen 	leeden
M1_66_858_O	met 	zijnen 	lieuen 	leden

M1_67_859_A		die 	wech 	es 	nauwe 	ende 	hooch
M1_67_859_B	es 	die 	wech 		nauwe 	ende 	hooch
M1_67_859_C	is 	die 	wech 		nauwe 	ende 	hoech
M1_67_859_D	is 	die 	wech 		nauwe 	ende 	hoech
M1_67_859_F	es 	die 	wech 		nauwe 	ende 	hoech
M1_67_859_G	es 	die 	wech 		nauwe 	ende 	hoech
M1_67_859_Ge	es 	die 	wech 		nau 	ende 	hoech
M1_67_859_L		die 	wech 	es 	inghe 	ende 	hoech
M1_67_859_O		de 	wech 	es 	nauwe 	ende 	hoech

M1_67_860_A	daer 	jh 	bi 	te 	hemele 		vlooch
M1_67_860_B	dair 	ihesus 	bi 	ten 	hemel 		vlooch
M1_67_860_C	daer 	ihc 	bi 		tehemele 		vloech
M1_67_860_D	daer 	god 	by 	te 	hemel 		vloech
M1_67_860_F	daer 	ihesus 	bij 	te 	hemel 		vloech
M1_67_860_G	daer 	god 		te 	hemele 	bi 	vloech
M1_67_860_Ge	daer 	ihesus 	bi 	te 	hemel 		vloech
M1_67_860_L	daer 	god 	bi 	te 	hemel 		vloech
M1_67_860_O	daer 	ihesus 	bi 	ten 	hemel 		vloech

M1_67_861_A	dats 	passie 	ende 	aermoede
M1_67_861_B	dats 	passie 	ende 	armoede
M1_67_861_C	na 	passien 	ende 	aermoeden
M1_67_861_D	dats 	passie 	ende 	armoede
M1_67_861_F	dats 	passie 	ende 	armoede
M1_67_861_G	dats 	passie 	ende 	armoede
M1_67_861_Ge	dats 	passie 	ende 	aermoede
M1_67_861_L	dats 	passie 	ende 	aermoede
M1_67_861_O	dats 	passie 	ende 	aermoede

M1_67_862_A	oftu 		meer 	hebs 	dan 	di 	dooch
M1_67_862_B	off 	du 	meer 	heefs 	dan 	di 	dooch
M1_67_862_C	heefstu 		meer 		dan 	di 	doech
M1_67_862_D	hebstu 		meer 		dan 	dy 	doech
M1_67_862_F	oftu 		meer 	heues 	dan 	dy 	doech
M1_67_862_G	eest 	dattu 	meer 	heefs 	dan 	di 	doech
M1_67_862_Ge	oftu 		meer 	heues 	dandi 		doech
M1_67_862_L	oftu 		meer 	hebts 	dan 	di 	doech
M1_67_862_O	oftu 		meer 	hebs 	dan 	di 	doech

M1_67_863_A	om 	die 	gods 	hulde 		pooch
M1_67_863_B	om 		gods 	hulpe 		pooch
M1_67_863_C	om 	die 	gods 	hulde 		poech
M1_67_863_D	om 	die 	gods 	hulde 		poech
M1_67_863_F	om 	die 	gods 	hulde 		poech
M1_67_863_G	om 	den 	middelen 	wech 	so 	poech
M1_67_863_Ge	om 		gods 	hulde 		poech
M1_67_863_L	omme 	den 	middelen 	pat 	soe 	poech
M1_67_863_O	om 	die 	gods 	hulde 		poech

M1_67_864_A		deele 	van 	dinen 	goede
M1_67_864_B	dele 		van 	dinen 	goede
M1_67_864_C	deile 		van 	dinen 	goeden
M1_67_864_D		deel 	van 	dinen 	goede
M1_67_864_F	deyle 		van 	dinen 	goede
M1_67_864_G	so 	deele 	van 	dinen 	goede
M1_67_864_Ge	deile 		van 	dinen 	goede
M1_67_864_L	deile 		van 	dinen 	goede
M1_67_864_O		deele 	van 	dinen 	goede

M1_67_865_A	dine 	fiere 	herte 	booch
M1_67_865_B	dine 	fiere 	herte 	tooch
M1_67_865_C	dine 	fiere 	herte 	boech
M1_67_865_D	dine 	fiere 	herte 	boech
M1_67_865_F	dine 	fiere 	herte 	poech
M1_67_865_G	dine 	fiere 	herte 	boech
M1_67_865_Ge	dine 	fiere 	herte 	boech
M1_67_865_L	dine 	fiere 	herte 	poech
M1_67_865_O	dine 	fiere 	herte 	boech

M1_67_866_A	ten 	armen 	mensche 	ende 	pooch
M1_67_866_B	ten 	armen 		ende 	tooch
M1_67_866_C	den 	aermen 		ende 	toech
M1_67_866_D	den 	armen 		ende 	toech
M1_67_866_F	den 	armen 	lieden 	ende 	toech
M1_67_866_G	den 	armen 	mensche 	ende 	toech
M1_67_866_Ge	den 	armen 		ende 	toech
M1_67_866_L	den 	armen 	mensche 	ende 	toech
M1_67_866_O	den 	aermen 		ende 	toech

M1_67_867_A	ontfaermcheit 	van 	moede
M1_67_867_B	ontfarmicheit 	van 	moede
M1_67_867_C	ontfarmicheit 	van 	moede
M1_67_867_D	ontfermicheyt 	van 	moede
M1_67_867_F	ontfermicheyt 	van 	moede
M1_67_867_G	ontfermecheit 	van 	moede
M1_67_867_Ge	ontfermicheit 	van 	moede
M1_67_867_L	ontfermicheit 	van 	moede
M1_67_867_O	ontfaermicheit 	van 	moede

M1_67_868_A	god 	selue 	die 	noit 	ende 	loech
M1_67_868_B	god 	selue 	die 	noyt 	ne 	looch
M1_67_868_C	god 	zelue 	die 	noyt 	en 	loech
M1_67_868_D	god 	selue 	die 	noyt 	en 	loech
M1_67_868_F	god 	selue 	die 	noyt 	en 	loech
M1_67_868_G	god 	selue 	die 	noyt 	en 	loech
M1_67_868_Ge	god 	selue 	die 	nie 	en 	loech
M1_67_868_L	god 	selue 	die 	noeyt 	en 	loech
M1_67_868_O	god 	selue 	die 	noyt 	en 	loech

M1_67_869_A	enten 		milden 	noit 		bedroech
M1_67_869_B	ende 	den 	milden 	noyt 		bedroich
M1_67_869_C	ende 	den 	milden 	niene 		bedroech
M1_67_869_D	noch 	den 	milden 	nie 	en 	bedroech
M1_67_869_F	no 	den 	milden 		en 	bedroech
M1_67_869_G	ende 	den 	milden 	noyt 	en 	bedroech
M1_67_869_Ge	enten 		milden 	niet 	en 	bedroech
M1_67_869_L	noch 	den 	milden 	noeyt 	en 	bedroech
M1_67_869_O	ende 	den 	milden 	nye 	en 	bedroech

M1_67_870_A	sette 	di 	in 	siere 	hoede
M1_67_870_B	sette 	di 	in 	sire 	hoede
M1_67_870_C	zet 	di 	in 	zijnre 	hoede
M1_67_870_D	sette 	dy 	in 	sijnre 	hoede
M1_67_870_F	sette 	dij 	in 	siinre 	hoeden
M1_67_870_G	setti 		in 	siere 	hoeden
M1_67_870_Ge	sette 	di 	in 	sijnre 	hoeden
M1_67_870_L	sette 		in 	siere 	hoeden
M1_67_870_O	sette 	di 	in 	sijnre 	hoede

M1_67_871_A	buten 	des 	viants 	roede
M1_67_871_B	buten 	der 	duuelen 	roede
M1_67_871_C	buten 	der 	duuel 	roede
M1_67_871_D	buten 	die 	duuelen 	roede
M1_67_871_F	buten 	der 	duuele 	roeden
M1_67_871_G	buten 	des 	duuels 	roeden
M1_67_871_L	onder 	der 	duuel 	roede
M1_67_871_O	buten 	der 	vianden 	roede

M1_68_872_A	iacop 	die 	weerelt 	maect 	ghescal
M1_68_872_B	iacop 	die 	werelt 	maict 	ghescal
M1_68_872_C	iacob 	die 	werelt 	maect 	ghescal
M1_68_872_D	iacop 	menich 		maect 	ghescal
M1_68_872_F	iacob 	die 	werelt 	maect 	ghescal
M1_68_872_G	iacob 	die 	werelt 	maect 	gescal
M1_68_872_Ge	iacop 	die 	werelt 	maec	
M1_68_872_L	iacop 	die 	werelt 	maect 	gescal
M1_68_872_O	iacob 	de 	werelt 	maect 	ghescal

M1_68_873_A	ende 	thyent 			den 	vrouwen 		al
M1_68_873_B	ende 	tyent 			den 	vrouwen 		al
M1_68_873_C	ende 	tyet 			den 	vrouwen 		al
M1_68_873_D	ende 	thiet 			den 	vrouwen 		al
M1_68_873_F	ende 	tyent 			den 	vrouwen 		al
M1_68_873_G	ende 	tiet 			den 	vrouwen 	ouer 	al
M1_68_873_Ge	ende 	tient 			den 	vro		
M1_68_873_L	ende 	tient 			den 	vrouwen 		al
M1_68_873_O	ende 	tyent 	bi 	na 	den 	vrauwen 		al

M1_68_874_A	dat 	wi 	in 		sonden 	sneuen
M1_68_874_B	dat 	wi 	in 		sonden 	sneuen
M1_68_874_C	dat 	wij 	in 	den 	zonden 	sneuen
M1_68_874_D	dat 	wi 	in 		sonden 	sneuen
M1_68_874_F	dat 	wij 	in 		sonden 	sneuen
M1_68_874_G	dat 	wi 	in 		sonden 	sneuen
M1_68_874_Ge	dat 	wi 	in 		sonden 	sne
M1_68_874_L	dat 	wi 	in 		sonden 	sneuen
M1_68_874_O	dat 	wij 	in 		sonden 	sneuen

M1_68_875_A	want 	yeue 	viel 	den 	eersten 	val
M1_68_875_B	want 	eua 	viel 	den 	eersten 	val
M1_68_875_C	want 	eua 	viel 	den 	iersten 	ual
M1_68_875_D	want 	eua 	viel 	den 	eersten 	val
M1_68_875_F	want 	eua 	viel 	den 	iersten 	val
M1_68_875_G	want 	ieue 	viel 	den 	iersten 	val
M1_68_875_Ge		eua 	viel 	den 	iersten 	v
M1_68_875_L	want 	yeua 	viel 	den 	yersten 	val
M1_68_875_O	want 	eua 	viel 	den 	eersten 	val

M1_68_876_A	daer 	wi 		omme 	int 	erdsche 	dal
M1_68_876_B	dair 	wi 		omme 	int 	erdsche 	dal
M1_68_876_C	daer 	wij 		om 	int 	aertsche 	dal
M1_68_876_D	daer 	wi 		om 	in 	thelsche 	dal
M1_68_876_F	daer 	wij 	al 	omme 	int 	helsche 	dal
M1_68_876_G	daer 	wi 		omme 	in 	derdsche 	dal
M1_68_876_Ge	daer 	wi 		omme 	int 	thelsce 	
M1_68_876_L	daer 	wi 		omme 	int 	helsche 	dal
M1_68_876_O	daer 	wij 		omme 	int 	helsche 	dal

M1_68_877_A	noch 	alle 	sijn 	verdreuen
M1_68_877_B	noch 	alle 	zijn 	verdreuen
M1_68_877_C	noch 	alle 	zijn 	verdreuen
M1_68_877_D	noch 	alle 	sijn 	verdreuen
M1_68_877_F	noch 	alle 	sijn 	verdreuen
M1_68_877_G	noch 	alle 	sijn 	verdreuen
M1_68_877_Ge		alle 	sijn 	verdreuen
M1_68_877_L		alle 	sijn 	verdreuen
M1_68_877_O	noch 	alle 	zijn 	verdreuen

M1_68_878_A	so 		segghen 	si 		groot 	ende 	smal
M1_68_878_B	so 		segghen 	si 	dat 	groot 	ende 	smal
M1_68_878_C	zo 		zegghen 	zi 		groet 	ende 	smal
M1_68_878_D		nv 	segghen 	sy 		groot 	ende 	smal
M1_68_878_F	ja 			zij 	zeggen 	groot 	ende 	smal
M1_68_878_G	doch 		seggen 	si 	alle 	grot 	ende 	smal
M1_68_878_Ge	ja 		seggen 	si 		groot 	ende 	
M1_68_878_L		nv 	seggen 	si 		groot 	ende 	smal
M1_68_878_O	ja 	ende 	segghen 	zij 		groot 	ende 	smal

M1_68_879_A	dat 	soe 	adame 	therte 	stal	
M1_68_879_B	dat 	so 	adaem 	therte 	stal 	die
M1_68_879_C	dat 	zi 	adame 	therte 	stal	
M1_68_879_D	dat 	si 	adame 	therte 	stal	
M1_68_879_F	dat 	sij 	adame 	therte 	stal	
M1_68_879_G	dat 	si 	adame 	therte 	stal	
M1_68_879_Ge	dat 	si 	adame 	therte 	sta	
M1_68_879_L	dat 	si 	adaeme 	therte 	stal	
M1_68_879_O	dat 	zoe 	adame 	therte 	stal	

M1_68_880_A	die 	hem 		hare 	liet 	vergheuen
M1_68_880_B	die 	hem 		hare 	liet 	vergheuen
M1_68_880_C	die 	hem 		haer 	liet 	vergheuen
M1_68_880_D	die 	hem 		hier 	liet 	vergheuen
M1_68_880_F	die 	hem 	van 	haer 	liet 	vergeuen
M1_68_880_G	die 	hem 	van 	hare 	liet 	vergeuen
M1_68_880_Ge	die 	hem 	van 	hem 	liet 	verg
M1_68_880_L	die 	hem 		haer 	liet 	vergheuen
M1_68_880_O	die 	hem 		hier 	liet 	vergheuen

M1_68_881_A		sech 	mi 	wien 		men 	thyen 	sal
M1_68_881_B		segt 	my 	wiement 			tyen 	sal
M1_68_881_C		zegh 	mi 	wie 		ment 	tyen 	zal
M1_68_881_D		segt 	my 	wien 		ment 	thien 	sal
M1_68_881_F		segt 	mi 	wient 		men 	tyen 	sal
M1_68_881_G		segt 	mi 	wien 		ment 	tien 	sal
M1_68_881_Ge		sech 		wient 		men 	tien 	
M1_68_881_L	nv 	segt 	mi 	wien 		men 	tien 	sal
M1_68_881_O		seght 	my 	wi 	en 	ment 	tyen 	zal

M1_68_882_A	dit 	verlies 	sonder 	ghetal	
M1_68_882_B	dit 	verlies 	sonder 	getal	
M1_68_882_C	dit 	verlies 	zonder 	ghetal	
M1_68_882_D	dit 	verlies 	sonder 	ghetal	
M1_68_882_F	dit 	verlies 	sonder 	ghetal	
M1_68_882_G	dit 	verlies 	sonder 	getal	
M1_68_882_Ge	dit 	verlies 	sonder 	geta	
M1_68_882_L	dit 	verlies 	sonder 	getal	
M1_68_882_O	dit 	vernoy 	groot 	ende 	smal

M1_68_883_A	daer 	wi 	in 	moeten 	sneuen
M1_68_883_B	dair 	wi 	omme 	moeten 	sneuen
M1_68_883_C	daer 	wij 	om 	moeten 	beuen
M1_68_883_D	daer 	wi 	om 	moeten 	beuen
M1_68_883_F	daer 	wij 	omme 	selen 	beuen
M1_68_883_G	daer 	wi 	omme 	moeten 	beuen
M1_68_883_Ge	daer 	wi 	om 	sullen 	beuen
M1_68_883_L	daer 	wi 	omme 	moeten 	beuen
M1_68_883_O	daeromme 			moeten 	beuen

M1_68_884_A	alse 	enden 	sal 	dit 	leuen
M1_68_884_B	als 	enden 	sal 	dit 	leuen
M1_68_884_C	alse 	einden 	zal 	dit 	leuen
M1_68_884_D	als 	eynden 	sal 	dit 	leuen
M1_68_884_F	als 	eynden 	sal 	dit 	leuen
M1_68_884_G	alse 	endden 	sal 	dit 	leuen
M1_68_884_Ge	als 	enden 	sal 	dit 	leu
M1_68_884_L	als 	inden 	sal 	ons 	leuen
M1_68_884_O	als 	henden 	zal 	dit 	leuen

M1_69_885_A	martin 	die 	ghene 	en 	es 			
M1_69_885_B	martin 		hi 		es 	niet 	wel 	vroet
M1_69_885_C	martijn 		hine 		is 	niet 	harde 	uroet
M1_69_885_D	martijn 		hi 	en 	is 	niet 		vroet
M1_69_885_F	merten 		hine 		es 	niet 		vroet
M1_69_885_G	merten 	die 	gene 	en 	es 	niet 		vroet
M1_69_885_Ge	merten 		hene 		nes 	niet 		v
M1_69_885_L	merten 		hine 		es 	niet 		vroet
M1_69_885_O	martin 		hi 	en 	es 	niet 	harde 	vroet

M1_69_886_A	die 	mi 	tyet 		dat 	hi 	m
M1_69_886_B	die 		andren 	tiet 	dan 	hi 	misdoet
M1_69_886_C	die 	mi 	aen 	tijet 	dat 	hi 	misdoet
M1_69_886_D	die 	yemant 		tijt 	dat 	hy 	mesdoet
M1_69_886_F	die 	eenen 		tijt 	dat 	hij 	mesdoet
M1_69_886_G	die 	euen 	anderen 	tiet 	dat 	hi 	mesdoet
M1_69_886_Ge	die 	enen 		tijt 	dat 	hi 	m
M1_69_886_L	die 	mi 	tyt 		datti 		mesdoet
M1_69_886_O	die 	yemende 		tiet 	dat 	hy 	mesdoet

M1_69_887_A	kent 	hi 	vrome 	ende 	scade
M1_69_887_B	kent 	hi 	vrome 	of 	scade
M1_69_887_C	kende 	hi 	vroem 	of 	scade
M1_69_887_D	kent 	hi 	vrome 	oft 	scade
M1_69_887_F	kent 	hine 	vrome 	oft 	scade
M1_69_887_G	kent 	hijt 	vrome 	ochte 	scade
M1_69_887_Ge	kent 	hi 	vrome 	oft 	s
M1_69_887_L	kent 	hi 	vroeme 	ofte 	scaede
M1_69_887_O	kent 	hy 	vrome 	of 	scade

M1_69_888_A	ic 	zie 	die 	zee 	ic 	zie 	die 	vloet
M1_69_888_B	ic 	zie 	die 	zee 	ic 	zie 	die 	vloet
M1_69_888_C	ic 	zie 	die 	zee 	ic 	zie 	die 	vloet
M1_69_888_D	ick 	sie 	die 	zee 	ick 	sie 	die 	vloet
M1_69_888_F	ic 	zye 	die 	zee 	ic 	sye 	die 	vloet
M1_69_888_G	jc 	sie 	die 	see 	ic 	sie 	die 	vloet
M1_69_888_Ge	ic 	sie 	die 	see 	ic 	sic 	di	
M1_69_888_L	ic 	sie 	die 	see 	ic 	sie 	die 	vloet
M1_69_888_O	ic 	sie 	die 	zee 	ic 	sie 	de 	vloet

M1_69_889_A	ic 	settere 	willins 	in 	den 	voet
M1_69_889_B	ic 	setter 	willens 	in 	den 	voet
M1_69_889_C	ic 	zetter 	willens 	in 	den 	voet
M1_69_889_D	ick 	setter 	willens 	in 	die 	voet
M1_69_889_F	ic 	zette 	willens 	in 	den 	voet
M1_69_889_G	jc 	setter 	willens 	in 	den 	voet
M1_69_889_Ge	ic 	setter 	willens 	inde		
M1_69_889_L	ic 	setter 	willens 	in 	den 	voet
M1_69_889_O	ende 	zetter 	willins 	in 	den 	voet

M1_69_890_A	bi 	eenen 	dommen 	rade
M1_69_890_B	bi 	enen 	dommen 	rade
M1_69_890_C	bi 	enen 	dommen 	rade
M1_69_890_D	by 	eenen 	dommen 	rade
M1_69_890_F	bij 	enen 	dommen 	rade
M1_69_890_G	bi 	enen 	dommen 	rade
M1_69_890_Ge	bi 	enen 	dommen 	ra
M1_69_890_L	bi 	enen 	dommen 	raede
M1_69_890_O	by 	enen 	dommen 	rade

M1_69_891_A	wien 	maghics 		draghen 	euel 	moet
M1_69_891_B	wien 	mach 	ics 	draghen 	euelmoet	
M1_69_891_C	wien 	magh 	ic 	draghen 	euel 	moet
M1_69_891_D	wien 	mach 	icx 	dragen 	euelen 	moet
M1_69_891_F	wien 	magics 		dragen 	euelen 	moet
M1_69_891_G	wien 	magics 		dragen 	euelen 	moet
M1_69_891_Ge	wien 	dragics 			euelen 	
M1_69_891_L	wien 	maghic 		draegen 	euelen 	moet
M1_69_891_O	wien 	mach 	icx 	draghen 	euelmoet	

M1_69_892_A	of 	mi 	die 	stroem 	metter 		spoet
M1_69_892_B	of 	mi 	de 	stroom 	mit 	groter 	spoet
M1_69_892_C	of 	mi 	die 	storm 	met 	groter 	spoet
M1_69_892_D	oft 	mi 	die 	strome 	metter 		spoet
M1_69_892_F	oft 	mi 	die 	stroem 	metter 		spoet
M1_69_892_G	ochte 	mi 	die 	stroem 	metter 		spoet
M1_69_892_Ge	oft 	mi 	die 	stroem 	met		
M1_69_892_L	dat 	mi 	die 	stroem 	metter 		spoet
M1_69_892_O	of 	my 	de 	stroom 	metter 		spoet

M1_69_893_A	draghet 	inden 		ghewade
M1_69_893_B	draghet 	in 	die 	ghewade
M1_69_893_C	draghet 	in 		onghewade
M1_69_893_D	draghet 	int 		ghewade
M1_69_893_F	draghet 	int 		ghewade
M1_69_893_G	draecht 	in 	die 	gewade
M1_69_893_Ge	voort 	inden 		gewade
M1_69_893_L	draget 	inde 		gewaede
M1_69_893_O	draghet 	in 	die 	ghewade

M1_69_894_A	of 	ic 	quaet 	kenne 	ende 	goet
M1_69_894_B	off 	ic 	quaet 	can 	ende 	goet
M1_69_894_C	of 	ic 	quaet 	can 	ende 	goet
M1_69_894_D	oft 	ick 	quaet 	kenne 	ende 	goet
M1_69_894_F	oft 	ic 	quaet 	kenne 	ende 	goet
M1_69_894_G	ende 	ic 	quaet 	can 	ende 	goet
M1_69_894_Ge	oft 	ic 	quaet 	kinne 	ende 	
M1_69_894_L	dat 	ic 	quaet 	can 	ende 	goet
M1_69_894_O	oft 	ic 	quaet 	kenne 	ende 	goet

M1_69_895_A	ende 	ic 	mi 		veinse 	verwoet
M1_69_895_B	ende 	ic 	mi 		veynse 	verwoet
M1_69_895_C	ende 	ic 	mi 	willens 	veinze 	verwoet
M1_69_895_D	ende 	ick 	my 	willens 	veyse 	verwoet
M1_69_895_F	ende 	ic 	mi 	willens 	vense 	verwoet
M1_69_895_G	ende 	ic 	mi 	willens 	veise 	verwoet
M1_69_895_Ge	ende 	ic 	my 		vense 	verwo
M1_69_895_O	ende 	ic 	my 	zeluen 	wensche 	verwoet

M1_69_896_A	men 	saelt 	claghen 	spade
M1_69_896_B	men 	salt 	claghen 	spade
M1_69_896_C	men 	zalt 	claghen 	spade
M1_69_896_D	men 	salt 	claghen 	spade
M1_69_896_F	men 	sael 	clagen 	spade
M1_69_896_G	men 	saelt 	clagen 	spade
M1_69_896_Ge	men 	salt 	clagen 	spa
M1_69_896_O	men 	zalt 	claghen 	spade

M1_69_897_A	dat 	ic 	mi 	verlade
M1_69_897_B	dat 	ic 	mi 	verlade
M1_69_897_C	dat 	ic 	mi 	verlade
M1_69_897_D	dat 	ick 	my 	verlade
M1_69_897_F	dat 	ic 	my 	verlade
M1_69_897_G	dat 	ic 	mi 	verlade
M1_69_897_Ge	dat 	ic 	my 	verlade
M1_69_897_L	dat 	ic 	mi 	verlaede
M1_69_897_O	dat 	ic 	my 	verlade

M1_70_898_A	sulc 	thyent 	den 	vrouwen 	vpsien
M1_70_898_B	svlc 	tyet 	der 	vrauwen 	opzien
M1_70_898_C	zulc 	tyet 	der 	vrouwen 	opzien
M1_70_898_D	sulck 	claghet 	den 	vrouwen 	opsien
M1_70_898_F	selc 	tyen 	den 	vrouwen 	opsien
M1_70_898_G	selc 	tient 	den 	vrouwen 	opsien
M1_70_898_Ge	selc 	tient 	den 	vrouwen 	
M1_70_898_L	selc 	tient 	den 	vrouwen 	opsien
M1_70_898_O	sulke 	tyent 	den 	vrauwen 	vpsien

M1_70_899_A	dat 	si 	hem 	dat 	herte 	ontien
M1_70_899_B	dat 	si 	hem 	dat 	herte 	ontyen
M1_70_899_C	dat 	zi 	hem 	dat 	herte 	ontien
M1_70_899_D	dat 	sy 	hem 		therte 	ontdien
M1_70_899_F	dat 	sij 	den 	mans 	therte 	ontien
M1_70_899_G	dat 	si 	hen 		therte 	ontien
M1_70_899_Ge	dat 	si 	hem 		therte 	onti
M1_70_899_L	dat 	si 	hem 		therte 	ontien
M1_70_899_O	dat 	zij 	hem 		therte 	onthien

M1_70_900_A	alse 	die 	steen 	die 	naelde
M1_70_900_B	als 	die 	steen 	de 	naelde
M1_70_900_C	alse 	die 	steen 	die 	naelde
M1_70_900_D	als 	die 	steen 	die 	naelde
M1_70_900_F	als 	die 	steen 	die 	naelde
M1_70_900_G	alse 	die 	steen 	de 	naelde
M1_70_900_Ge	als 	die 	steen 	die 	nael
M1_70_900_L	als 	die 	steen 	die 	naelde
M1_70_900_O	als 	die 	steen 	de 	naelde

M1_70_901_A	hi 	dinct 	mi 	mesdoen 	in 	dien
M1_70_901_B	hi 	dinct 	mi 	mesdoen 	in 	dien
M1_70_901_C	die 	dunken 	mi 	misdoen 	in 	dien
M1_70_901_D	hi 	dunct 	my 	mesdoen 	in 	dien
M1_70_901_F	hij 	dunct 	mi 	misdoen 	in 	dien
M1_70_901_G	si 	dunken 	mi 	mesdoen 	in 	dien
M1_70_901_Ge	hi 	dunct 	my 	mesdoen 	in 	
M1_70_901_L	hi 	dunct 	mi 	mesdoen 	in 	dien
M1_70_901_O	hy 	dijnct 	my 	mesdoen 	in 	dien

M1_70_902_A	wilde 	hi 	der 	waerheit 	ghien
M1_70_902_B	wilde 	hi 	der 	wairheit 	lien
M1_70_902_C	wilde 	hi 	der 	waerheit 	ghien
M1_70_902_D	wil 	hy 	der 	waerheyt 	ghien
M1_70_902_F	wilde 	hij 	der 	waerheyt 	lyen
M1_70_902_G	wilde 	men 	der 	waerheit 	gien
M1_70_902_Ge	wildi 		die 	waerheit 	ghien
M1_70_902_L	wilde 	hi 	der 	waerheit 	ghien
M1_70_902_O	wilde 	hy 	der 	waerheit 	ghien

M1_70_903_A		dat 	hi 	daer 	toe 	taelde
M1_70_903_B	van 	dat 	hi 	dair 	toe 	taelde
M1_70_903_C		dat 	hi 	daertoe 		taelde
M1_70_903_D		dat 	hi 	daer 	toe 	taelde
M1_70_903_F	van 	dat 	hij 	daer 	toe 	taelde
M1_70_903_G		dat 	men 	daer 	toe 	taelde
M1_70_903_Ge	eer 		hire 		toe 	taelde
M1_70_903_L	van 	datti 		daer 	toe 	taelde
M1_70_903_O	wie 	dat 		daer 	toe 	taelde

M1_70_904_A	wat 	moghens 		vrouwen 	dat 	manne 	plien
M1_70_904_B	wat 	moghens 			dat 	mannen 	plien
M1_70_904_C	wat 	moghens 		vrouwen 	dat 	manne 	plien
M1_70_904_D	wat 	mogens 		vrouwen 	dat 	mannen 	plien
M1_70_904_F	wat 	mogen 		vrouwen 	dat 		mansplien
M1_70_904_G	wat 	mogens 	de 	vrouwen  	dat 	manne 	plien
M1_70_904_Ge	wat 	mogens 		vrouwen 	dat 		
M1_70_904_L	wat 	mogen 		vrouwen 	dat 	manne 	plien
M1_70_904_O	wat 	moghens 		vrouwen 	dat 	mannen 	plyen

M1_70_905_A	so 	nauwe 	om 	hare 	scoenheit 	spien
M1_70_905_B	so 	nauwe 	om 	hare 	scoonheit 	spien
M1_70_905_C	zo 	nauwe 		haer 	scoenheit 	spien
M1_70_905_D	soe 	nauwe 	om 	haer 	schoenheit 	spien
M1_70_905_F	soe 	nauwe 	om 	haer 	scoenheit 	spien
M1_70_905_G	te 	nauwe 	om 	har 	scoenheit 	sien
M1_70_905_Ge	so 	nau 	om 	hare 	scoenheit 	s
M1_70_905_L	soe 	nauwe 	op 	haer 	scoenheit 	sien
M1_70_905_O	so 	nauwe 	vp 	haer 	scoenheit 	zien

M1_70_906_A	wies 		diese 	daer 	toe 	haelde
M1_70_906_B	wie 	was 	diese 	dair 	toe 	haelde
M1_70_906_C	wie 	is 	diese 	daertoe 		haelde
M1_70_906_D	wie 	is 	diese 		toe 	haelde
M1_70_906_F	wie 	was 	dieser 		toe 	haelde
M1_70_906_G	wie 	es 	diese 	daer 	toe 	haelde
M1_70_906_Ge	wie 	es 	dieser 		toe 	hael
M1_70_906_L	wie 	es 	diese 	daer 	toe 	haelde
M1_70_906_O	wie 	waest 	dieser 		toe 	haelde

M1_70_907_A	wilde 	die 	claghere 	in 	tijt 	vlien
M1_70_907_B	wilde 	die 	clagher 	te 	tijt 	vlien
M1_70_907_C	wilde 	die 	claghere 	te 	tide 	vlien
M1_70_907_D	wilde 	die 	clagher 	te 	tijde 	vlien
M1_70_907_F	wilde 	die 	clager 	te 	tijde 	vlien
M1_70_907_G	woude 	die 	clagere 	te 	tide 	vlien
M1_70_907_Ge	wilde 	die 	clager 	te 	tid	
M1_70_907_L	wilde 	die 	clager 	te 	tide 	vlien
M1_70_907_O	wilde 	de 	claghere 	te 	tijde 	vlien

M1_70_908_A	sone 		mochtem 		niet 	messchien
M1_70_908_B	so 	en 	mochte 	hem 	niet 	meschien
M1_70_908_C	zo 		enmochte 	hem 	niet 	miscien
M1_70_908_D	soe 	en 	mocht 	hem 	niet 	misschien
M1_70_908_F	sone 		mochte 	hem 	niet 	messcien
M1_70_908_G	so 	en 	mochte 	hen 	niet 	messchien
M1_70_908_Ge	sone 		mocht 	hem 	ni	
M1_70_908_L	sone 		mocht 	hem 	niet 	messchien
M1_70_908_O	so 	en 	mochte 	hem 	niet 	messchien

M1_70_909_A	ende 	hi 	den 	sin 	verstaelde
M1_70_909_C	ende 	hi 	den 	zin 	verstaelde
M1_70_909_D	ende 	hi 	den 	sin 	verstaelde
M1_70_909_F	ende 	hij 	den 	sin 	verstaelde
M1_70_909_G	ende 	hi 	den 	sin 	verstaelde
M1_70_909_L	ende 	hi 	den 	sin 	verstaelde
M1_70_909_O	ende 	hi 	den 	zin 	verstaelde

M1_70_910_A	eer 	hem 		therte 	daelde
M1_70_910_B	eer 	hem 		therte 	daelde
M1_70_910_C	eer 	hem 		therte 	daelde
M1_70_910_D	eer 	hem 		therte 	daelde
M1_70_910_F	eer 	hem 		therte 	daelde
M1_70_910_G	eer 	hem 	sijn 	herte 	ontdaelde
M1_70_910_Ge	er 	hem 		therte 	ontaelde
M1_70_910_L	eer 	hem 		therte 	daelde
M1_70_910_O	eer 	hem 		therte 	daelde

M1_71_911_A	vrauwen 	sijn 	bi 	natueren 	goet
M1_71_911_B	vrouwen 	zijn 	bi 	naturen 	goet
M1_71_911_C	vrouwen 	zijn 	van 	naturen 	zoet
M1_71_911_D	vrouwen 	sijn 	bi 	natueren 	goet
M1_71_911_F	vrouwen 	siin 	bij 	natueren 	goet
M1_71_911_G	vrouwen 	sijn 	bi 	naturen 	goet
M1_71_911_Ge	vrouwen 	si 	bi 	natueren 	goet
M1_71_911_L	urouwen 	sijn 	bi 	natueren 	goet
M1_71_911_O	vrauwen 	zijn 	by 	naturen 	goet

M1_71_912_A	si 	slachten 	den 	wine 	enter 		gloet
M1_71_912_B	si 	slachten 	den 	winen 	ende 	der 	gloet
M1_71_912_C	zi 	slachten 	den 	wine 	ende 	der 	gloet
M1_71_912_D	sy 	slachten 	den 	wine 	ende 	der 	gloet
M1_71_912_F	sij 	slechten 	den 	wiin 	enter 		gloet
M1_71_912_G	si 	slachten 	den 	wine 	ende 	der 	gloet
M1_71_912_Ge	si 	slechten 	den 	wijn 	ende 		gloet
M1_71_912_L	si 	slechten 	den 	wine 	enter 		gloet
M1_71_912_O	si 	slachten 	den 	wine 	ende 	der 	gloet

M1_71_913_A	die 	de 	weerelt 	verbliden
M1_71_913_B	die 	de 	werelt 	verbliden
M1_71_913_C	die 	de 	werelt 	verbliden
M1_71_913_D	die 	de 	werelt 	verbliden
M1_71_913_F	die 	de 	werelt 	verblijden
M1_71_913_G	die 	de 	werelt 	verbliden
M1_71_913_Ge	e 	de 	werelt 	verbliden
M1_71_913_L	die 	de 	werelt 	verbliden
M1_71_913_O	die 	dese 	weerelt 	verbliden

M1_71_914_A	want 	wie 		des 	wijns 	te 	vele 	in 	doet
M1_71_914_B	die 	te 	vele 	des 	wijns 			in 	doet
M1_71_914_C	die 	te 	vele 	des 	wijns 			in 	doet
M1_71_914_D	die 			des 	wijns 	te 	veel 	in 	doet
M1_71_914_F	die 	te 	vele 		wiins 			in 	doet
M1_71_914_G	die 			des 	wijns 	te 	vele 	in 	doet
M1_71_914_Ge	ie 	te 	vele 		wijns 			in 	doet
M1_71_914_L	die 			des 	wijns 	te 	vele 	in 	doet
M1_71_914_O	die 	te 	vele 		wijns 			in 	doet

M1_71_915_A	ende 	te 	naer 	den 	viere 	set 	den 		voet
M1_71_915_B	ende 	te 	naer 	den 	viere 	stelt 	den 		voet
M1_71_915_C	ende 	te 	na 	den 	viere 	zet 	den 		voet
M1_71_915_D	ende 	te 	na 	den 	viere 	set 	den 		voet
M1_71_915_F	ende 	te 	na 	den 	viere 	set 	den 		voet
M1_71_915_G	ende 	te 	na 	den 	viere 	set 	den 		voet
M1_71_915_Ge	 	te 	na 			set 	den 	vant 	voet
M1_71_915_L	ende 	te 		naeden 	viere 	set 	den 		voet
M1_71_915_O	ende 	te 	na 	den 	viere 	zet 	den 		voet

M1_71_916_A	hine 	caens 			niet 	gheliden
M1_71_916_B	hi 	en 	cant 		niet 	gheliden
M1_71_916_C	hine 		cant 		niet 	gheliden
M1_71_916_D	hi 	en 	can 	dat 	niet 	gheliden
M1_71_916_F	hine 	cans 			niet 	gheliden
M1_71_916_G	hine 		caent 			geliden
M1_71_916_Ge		ne 	cant 	wel 	niet 	geliden
M1_71_916_L	hine 		caent 			geliden
M1_71_916_O	hi 	ne 	cant 			ghelijden

M1_71_917_A	waren 	die 	manne 	also 	behoet
M1_71_917_B	wair 	een 	man 	so 	behoet
M1_71_917_C	waren 	die 	manne 	also 	behoet
M1_71_917_D	waren 		mannen 	alsoe 	behoet
M1_71_917_F	waren 		mannen 	soe 	behoet
M1_71_917_G	waren 	die 	manne 	alsoe 	behoet
M1_71_917_Ge	aren 		mannen 	so 	behoet
M1_71_917_L	waren 		manne 	alsoe 	behoet
M1_71_917_O	waere 		mannen 	alzo 	behoet

M1_71_918_A	dat 	si 	oghen 		sin 	ende 	moet
M1_71_918_B	dat 		hire 	herte 	sin 	ende 	moet
M1_71_918_C	dat 	zij 	oghen 		zin 	ende 	moet
M1_71_918_D	dat 	si 	daer 	ieghen 	sin 	ende 	moet
M1_71_918_F	dat 	zij 	ogen 	hert 	siin 	ende 	moet
M1_71_918_G	dat 	si 	ogen 		sin 	ende 	moet
M1_71_918_Ge	atse 			hert 	sin 	ende 	moet
M1_71_918_L	dat 	si 	oegen 		sin 	ende 	moet
M1_71_918_O	dat 	zij 	oeghen 		zin 	ende 	moet

M1_71_919_A	wel 	consten 	besniden
M1_71_919_B	wel 	conste 	besniden
M1_71_919_C	wel 	consten 	besniden
M1_71_919_D	wel 	consten 	besniden
M1_71_919_F	wel 	conden 	besinden
M1_71_919_G	wel 	consten 	besniden
M1_71_919_Ge	el 	consten 	besniden
M1_71_919_L	wel 	consten 	besniden
M1_71_919_O	wel 	conste 	besniden

M1_71_920_A	o 	ware 	vrouwen 	minne 	spoet
M1_71_920_B	so 	ware 	vrauwen 	minne 	spoet
M1_71_920_C	zo 	waer 	vrouwen 	minnen 	spoet
M1_71_920_D	soe 	waer 	vrouwe 	minne 	spoet
M1_71_920_F	soe 	ware 	vrouwe 	minne 	spoet
M1_71_920_G	so 	ware 	vrouwen 	minne 	spoet
M1_71_920_Ge	o 	waer 	vrouwe 	minne 	spoet
M1_71_920_L	soe 	ware 	vrouwe 	minne 	spoet
M1_71_920_O	so 	ware 	vrauwe 	minne 	spoet

M1_71_921_A			worden 	si 	van 	minnen 	verwoet
M1_71_921_B	nu 		werden 	si 	van 	minnen 	verwoet
M1_71_921_C	nu 		werden 	zij 	van 	minnen 	verwoet
M1_71_921_D	nv 		worden 	sy 	van 	minne 	verwoet
M1_71_921_F	nu 		worden 	zij 	van 	minnen 	verwoet
M1_71_921_G	nu 		werden 	si 	van 	minnen 	uerwoet
M1_71_921_Ge	 	si 	worden 		van 	minnen 	verwoet
M1_71_921_L	nv 		werden 	si 	van 	minnen 	verwoet
M1_71_921_O	nu 		werden 	zij 	van 	minnen 	verwoet

M1_71_922_A		dompelike 		toe 	tiden
M1_71_922_B	diere 	dommlike 		toe 	tiden
M1_71_922_C	die 	daer 	domlike 	toe 	tiden
M1_71_922_D	die 	daer 	domlike 	toe 	tijden
M1_71_922_F	diere 		domlike 	toe 	tijden
M1_71_922_G	diere 	dommelike 		toe 	tiden
M1_71_922_Ge	iere 	dommelike 		toe 	tiden
M1_71_922_L	diere 		domlike 	toe 	tiden
M1_71_922_O	diere 	dommelijke 		toe 	tijden

M1_71_923_A	dit 	doet 	vrouwen 	beniden
M1_71_923_B	dit 	doet 	vrouwen 	beniden
M1_71_923_C	dit 	doet 	vrouwen 	beniden
M1_71_923_D	dit 	doet 	vrouwen 	beniden
M1_71_923_F	dit 	doet 	vrouwen 	beniden
M1_71_923_G	dit 	doet 	vrouwen 	beniden
M1_71_923_Ge	at 	doet 	vrouwen 	beniden
M1_71_923_L	dit 	doet 	vrouwen 	beniden
M1_71_923_O	dit 	doet 	vrauwen 	benijden

M1_72_924_A	dat 	men 	te 	lettel 	ghetrouwe 	kint
M1_72_924_B	datmen 			luttel 	trauwen 	vint
M1_72_924_C	want 	men 		luttel 	trouwen 	kent
M1_72_924_D	datmen 			luttel 	trouwen 	vint
M1_72_924_F	datmen 			luttel 	trouwen 	vint
M1_72_924_G	dat 	men 		lettel 	trouwen 	vint
M1_72_924_Ge	atmen 			luttel 	trouwen 	vint
M1_72_924_L	dat 	men 		luttel 	trouwen 	vint
M1_72_924_O	dat 	men 		lettel 	trauwen 	kint

M1_72_925_A		vrouwen 	claghic 	niet 	een 	twint
M1_72_925_B	an 	vrauwen 	dat 	ne 	claghic 	twint
M1_72_925_C		vrouwen 	claghic 	niet 		entwint
M1_72_925_D	aen 	vrouwen 	dat 	claghe 	ick 	twint
M1_72_925_F	aen 	vrouwen 	dat 		clagic 	twint
M1_72_925_G	ane 	vrouwen 		en 	clagic 	twint
M1_72_925_Ge	ane 	vrouwen 			clagic 	twint
M1_72_925_L	aen 	vrouwen 	dat 	en 	clagic 	twint
M1_72_925_O	an 	vrauwen 	dat 	en 	claeghic 	twint

M1_72_926_A	bi 	eere 	maniere
M1_72_926_B	bi 	eenre 	maniere
M1_72_926_C	bi 	eenre 	maniere
M1_72_926_D	by 	eenre 	manieren
M1_72_926_F	bij 	eenre 	manieren
M1_72_926_G	bi 	eere 	maniere
M1_72_926_Ge	 	ender 	manieren
M1_72_926_L	bi 	eender 	manieren
M1_72_926_O	by 	eenre 	manieren

M1_72_927_A	want 		wat 	so 	men 		vele 	vint
M1_72_927_B	want 			so 	watmen 		vele 	vint
M1_72_927_C	want 	wes 			men 		vele 	vint
M1_72_927_D	want 	wes 			men 		vele 	vint
M1_72_927_F	want 	wes 			men 		vele 	vint
M1_72_927_G	want 	so 	wat 		men 		vele 	vint
M1_72_927_Ge					smen 		vele 	vint
M1_72_927_L		 	t 		men 		vele 	vint
M1_72_927_O	want 		wat 		men 	zo 	vele 	vint

M1_72_928_A	wert 	onwert 	ende 	onghemint
M1_72_928_B	es 	onwairt 	ende 	onghemint
M1_72_928_C	wordt 	onwert 	ende 	onghemint
M1_72_928_D	es 	onwaert 	ende 	onghemint
M1_72_928_F	es 	onweert 	ende 	onghemint
M1_72_928_G	wert 	onwert 	ende 	ongemint
M1_72_928_Ge	s 	onweert 	ende 	ongemint
M1_72_928_O	wert 	onweert 	ende 	onghemint

M1_72_929_A	ende 	men 	copet 		ondiere
M1_72_929_B	ende 	men 	coept 		ondiere
M1_72_929_C	ende 	men 	copet 		ondiere
M1_72_929_D	ende 	men 	coopet 		ondiere
M1_72_929_F	ende 	men 	copet 		ondiere
M1_72_929_G	ende 	men 	coepet 		ondiere
M1_72_929_Ge	nde 	men 	coept 	om 	diere
M1_72_929_L	ende 	men 	copet 		ondiere
M1_72_929_O	ende 	men 	copet 		ondiere

M1_72_930_A	manne 	sijn 	loser 	dan 	die 	wint
M1_72_930_B	mannen 	zijn 	lozer 	dan 	die 	wijnt
M1_72_930_C	manne 	zijn 	loser 	dan 	die 	wint
M1_72_930_D	mannen 	sijn 	looser 	dan 	die 	wint
M1_72_930_F	manne 	ziin 	loser 	dan 	die 	wint
M1_72_930_G	manne 	sijn 	loeser 	dan 		wint
M1_72_930_Ge	ans 	sijn 	loser 	dan 	de 	wint
M1_72_930_L	manne 	sijn 	loeser 	dan 	die 	wint
M1_72_930_O	mannen 	zijn 	loser 	dan 	de 	wijnt

M1_72_931_A	hare 	scone 	claghen 	vrouwen 	verblint
M1_72_931_B	hare 	scone 	claghen 	vrauwen 	verblint
M1_72_931_C	haer 	scone 	claghen 	vrouwen 	verblint
M1_72_931_D	haer 	schoen 	clagen 	vrouwen 	verblint
M1_72_931_F	haer 	scone 	clagen 	vrouwen 	verblint
M1_72_931_G	hare 	scone 	clagen 	vrouwen 	verblint
M1_72_931_Ge	aer 		clagen 	vrouwen 	blint
M1_72_931_L	haer 	scoen 	claegen 	vrouwen 	verblint
M1_72_931_O	haer 	scoone 	claghen 	vrouwen 	uerblint

M1_72_932_A	want 	si 	sijn 	goedertiere	
M1_72_932_B	want 	si 	sijn 	goedertiere	
M1_72_932_C	want 	zi 	zijn 	goedertiere	
M1_72_932_D	want 	sy 	sijn 	goedertieren	
M1_72_932_F	want 	zij 	zijn 	goedertieren	
M1_72_932_G	want 	si 	sijn 	goedertiere	
M1_72_932_Ge	ant 	si 	sijn 	goedertieren	
M1_72_932_L	want 	si 	sijn 	goeder 	tieren
M1_72_932_O	want 	zij 	zijn 	goedertiere	

M1_72_933_A	grote 	sonden 		hi 	hem 	bewint
M1_72_933_B	groter 		zonden 	hi 	hem 	bewijnt
M1_72_933_C	in 	groten 	zonden 	hi 	hem 	bewint
M1_72_933_D	groter 	sonden 		hi 	hem 	bewint
M1_72_933_F	grote 	sonde 		hij 	hem 	bewint
M1_72_933_G	groter 	sonden 		hi 	hem 	bewint
M1_72_933_Ge	ote 	sonden 		hi 	hem 	bewint
M1_72_933_L	groeter 	sonden 		hi 	hem 	bewint
M1_72_933_O	groter 		zonden 	hij 	hem 	bewint

M1_72_934_A	die 	valsche 	worden 	vrouwen 	toe 	sint
M1_72_934_B	die 	valsche 	worden 	vrauwen 	toezint	
M1_72_934_C	die 	ualsche 	woerde 	vrouwen 	toezeint	
M1_72_934_D	die 	valsch 	woert 	vrouwen 	toesint	
M1_72_934_F	die 	valsche 	woort 	vrouwen 	toe 	sint
M1_72_934_G	die 	valsche 	woerde 	vrouwen 	toe 	sint
M1_72_934_Ge	e 	vals 	wort 	vrouwen 		sint
M1_72_934_L	die 	valsche 	woort 	vrouwen 	toe 	sint
M1_72_934_O	die 	valsche 	woorde 	vrauwen 	toesint	

M1_72_935_A	god 	die 	moetene 		schiere
M1_72_935_B	god 	die 	moeten 		sciere
M1_72_935_C	god 	hi 	moet 	hem 	sciere
M1_72_935_D	god 	die 	moeten 		schiere
M1_72_935_F	god 	die 	moeten 		schiere
M1_72_935_G	god 	die 	moetse 		sciere
M1_72_935_Ge	d 	die 	moeten 		sciere
M1_72_935_L	god 	die 	moeten 		schiere
M1_72_935_O	god 	die 	moetse 		schiere

M1_72_936_A	senden 	ten 	helschen 	viere
M1_72_936_B	senden 	ten 	helschen 	viere
M1_72_936_C	zeinden 	ten 	helschen 	viere
M1_72_936_D	senden 	ten 	helschen 	viere
M1_72_936_F	senden 	ten 	helschen 	viere
M1_72_936_G	senden 	ten 	helsche 	viere
M1_72_936_Ge	den 	ten 	helscen 	viere
M1_72_936_L	senden 	ten 	helschen 	viere
M1_72_936_O	bringhen 	ten 		vagheuiere

M1_73_937_A	vvat 	mochte 	verhieue 		dat 	adm
M1_73_937_B	wat 	mochts 	vrau 	eua 	dat 	adam
M1_73_937_C	wat 	mocht 		eua 	dat 	adam
M1_73_937_D	wat 	mochte 		eua 	dat 	adam
M1_73_937_F	wat 	mochte 		eua 	dat 	adam
M1_73_937_G	wat 	mochte 		eua 	dat 	adam
M1_73_937_Ge	t 	mocht 		eua 	dat 	adam
M1_73_937_L	wat 	mochts 		eua 	dat 	adaem
M1_73_937_O	wat 	mochte 		eua 	dat 	adam

M1_73_938_A	dor 	haren 	wille 	den 	appel 	nam
M1_73_938_B	doir 	haren 	wille 	den 	appel 	nam
M1_73_938_C	doer 	haren 	wille 	den 	appel 	nam
M1_73_938_D	doer 	haren 	wille 	den 	appel 	nam
M1_73_938_F	doer 	haren 	wille 	den 	appel 	nam
M1_73_938_G	dor 	haren 	wille 	den 	appel 	nam
M1_73_938_Ge	oor 	haren 	wil 	den 	appel 	nam
M1_73_938_L	doer 	haren 	wille 	den 	appel 	n
M1_73_938_O	om 	haeren 	wille 	den 	appel 	nam

M1_73_939_A	dat 	wi 	noch 		besteruen
M1_73_939_B	dat 	wi 	noch 	alle 	besteruen
M1_73_939_C	dat 	wij 	noch 	alle 	besteruen
M1_73_939_D	dat 	wi 	noch 	alle 	besteruen
M1_73_939_F	dat 	wij 	noch 	alle 	besteruen
M1_73_939_G	dat 	wi 	noch 		besteruen
M1_73_939_Ge	t 	wi 	noch 	alle 	besteruen
M1_73_939_L	dat 	wi 	noch 	alle 	besteruen
M1_73_939_O	dat 	wi 	noch 	alle 	besteruen

M1_73_940_A	ic 	waenre 	ons 	vordeel 	ane 		quam
M1_73_940_B	ic 	waenre 	ons 	voordeel 		of 	quam
M1_73_940_C	ic 	waenre 	ons 	vordeel 	aue 		quam
M1_73_940_D	ick 	waender 	ons 	voerdeel 		af 	quam
M1_73_940_F	ic 	waender 	ons 	voirdeel 		af 	quam
M1_73_940_G	jc 	waenre 	ons 	vordeel 		af 	quam
M1_73_940_Ge	 	waender 	ons 	vordel 		af 	quam
M1_73_940_L	ic 	waender 	ons 	voerdeel 		af 	quaem
M1_73_940_O	ic 	waene 	ons 	voordeel 	daer 	af 	quam

M1_73_941_A	want 	hier 	omme 			themelsche 	lam
M1_73_941_B		hier 	om 	wert 	man 	themelsche 	lam
M1_73_941_C		hier 	om 	wart 	mensche 	themelsche 	lam
M1_73_941_D		hier 	om 	wert 	mensch 	themelsce 	lam
M1_73_941_F		hier 	om 	wert 	mensche 	themels 	lam
M1_73_941_G	want 	hieromme 				themelsche 	lam
M1_73_941_Ge			m 	wert 		themels 	lam
M1_73_941_L		hier 	omme 	wert 	mensche 	themelsche 	lam
M1_73_941_O		daer 	omme 	wert 	man 	themelschen 	lam

M1_73_942_A	wart 	mensche 	tonser 		bederue
M1_73_942_B	te 		onser 	alre 	bederue
M1_73_942_C	tot 		onzer 	alre 	bederuen
M1_73_942_D			tonser 	alder 	bederuen
M1_73_942_F			tonser 	alre 	bederuen
M1_73_942_G	wert 	mensche 	tonser 	alre 	bederuen
M1_73_942_Ge			nser 	alder 	bederuen
M1_73_942_L			tonser 	alder 	bederue
M1_73_942_O	tot 		onser 	aller 	bederuen

M1_73_943_A	hi 	versoende 	den 	vader 	gram
M1_73_943_B	hi 	versoende 	den 	vader 	gram
M1_73_943_C	hi 	versoende 	des 	vader 	gram
M1_73_943_D	hi 	versoende 	den 	vader 	gram
M1_73_943_F	hij 	versoende 	den 	vader 	gram
M1_73_943_G	hi 	versoende 	den 	vader 	gram
M1_73_943_Ge		rsoende 	den 	vader 	gram
M1_73_943_L	hi 	versoende 	den 	vader 	gram
M1_73_943_O	hij 	versoende 	den 	vader 	gram

M1_73_944_A	ende 	wijsde 		den 	wech 		enten 	dam
M1_73_944_B	ende 	wijsde 	ons 	den 	wech 	ende 	den 	dam
M1_73_944_C	hi 	wijsde 	ons 	den 	wech 	ende 	den 	dam
M1_73_944_D	hi 	wijsde 	ons 	den 	wech 	en 	ten 	dam
M1_73_944_F	hij 	wijsde 	ons 	den 	wech 		enten 	dam
M1_73_944_G	ende 	wijsde 	ons 	den 	wech 	ende 	den 	dan
M1_73_944_Ge	 	wijsde 	ons 				den 	dam
M1_73_944_L	ende 	wijsde 	ons 	den 	wech 		enten 	dam
M1_73_944_O	ende 	wijsde 	ons 	daer 	van 	daen 	hi 	cam

M1_73_945_A	toter 			hogher 	heruen
M1_73_945_B	ter 	vpperster 			erue
M1_73_945_C	toter 			hogher 	eruen
M1_73_945_D	totter 			hoogher 	eruen
M1_73_945_F	toter 			hogher 	eruen
M1_73_945_G	toter 	hoegher 			eruen
M1_73_945_Ge	ter 	hoger 			eruen
M1_73_945_L	toter 	hoeger 			eruen
M1_73_945_O	al 	tot 	der 	hogher 	eruen

M1_73_946_A	selsienre 	dinc 	noit 	man 	vernam
M1_73_946_B	selsenre 	dinc 	noyt 	man 	vernam
M1_73_946_C	zelsenre 	dinc 	noyt 	man 	vernam
M1_73_946_D	selsender 	dinc 	noyt 	man 	vernam
M1_73_946_F	selsender 	dinc 	noyt 	man 	vernam
M1_73_946_G	vremder 	dinc 	noyt 	man 	vernam
M1_73_946_Ge	der 	dinc 		nieman 	vernam
M1_73_946_L	selsender 	dinc 	noeyt 	man 	vernam
M1_73_946_O	vremder 	dijnc 	noyt 	man 	vernam

M1_73_947_A	dan 		die 	maghet 		gode 	maecte 	so 	tam
M1_73_947_B	dan 	dat 	de 	maghet 	maecte 	gode 		so 	tam
M1_73_947_C	dan 		die 	maghet 		gode 	maecte 	zo 	tam
M1_73_947_D	dan 		een 	maget 		god 	maecte 	so 	tam
M1_73_947_F	dan 		een 	maget 		gode 	maecte 	so 	tam
M1_73_947_G	dan 	dat 	een 		maecht 	gode 	maecte 	so 	tam
M1_73_947_L		dat 	een 	maget 		gode 	maecte 		tam
M1_73_947_O	dan 	dat 	die 		maecht 	gode 	maecte 	zo 	tam

M1_73_948_A	dat 	hi 		eene 	weruen
M1_73_948_B	dat 	hi 	hem 	ene 	weruen
M1_73_948_C	dat 	hi 	hem 	eneweruen	
M1_73_948_D	dat 	hi 	hem 	eenweruen	
M1_73_948_F	dat 	hij 	hem 	eenweruen	
M1_73_948_G	dat 	hi 	hem 	een 	weruen
M1_73_948_Ge	datti 		hem 	eruen 	weruen
M1_73_948_L	dat 	hi 	hem 	een 	weruen
M1_73_948_O	dat 	hij 	hem 	eeneweruen	

M1_73_949_A	om 	ons 	wilde 		steruen
M1_73_949_B	doir 	ons 		liet 	bederuen
M1_73_949_C	doer 	ons 		liet 	bederuen
M1_73_949_D	doer 	ons 	hier 	liet 	bederuen
M1_73_949_F	doer 	ons 		liet 	bederuen
M1_73_949_G	dor 	ons 		liet 	bederuen
M1_73_949_Ge	door 	ons 		liet 	bederuen
M1_73_949_L	doer 	onsen 	wille 	liet 	bederuen
M1_73_949_O	doer 	ons 		liet 	bederuen

M1_74_950_A	vvat 	maken 	quaet 	sprekers 	ghescal
M1_74_950_B	wat 	maken 	quaet 	sprekers 	gescal
M1_74_950_C	wat 	maken 		quaetsprekers 	gheschal
M1_74_950_D	wat 	maken 	quaet 	sprekers 	gescal
M1_74_950_F	wat 	maken 	quaet 	sprekers 	ghescal
M1_74_950_G	wat 	maken 	quaet 	sprekers 	gescal
M1_74_950_Ge	wat 	maect 	quaet 	spreken 	gescal
M1_74_950_L	wat 	maken 	quaet 	sprekers 	gescal
M1_74_950_O	wat 	maken 	quade 	tonghen 	ghescal

M1_74_951_A	vrauwen 	dadent 	wel 	na 	al
M1_74_951_B	vrouwen 	dadent 	wel 	naer 	al
M1_74_951_C	vrouwen 	dadent 	wel 	na 	al
M1_74_951_D	vrouwen 	dadent 	bi 	na 	al
M1_74_951_F	vrouwen 	dadent 	bij 	na 	al
M1_74_951_G	vrouwen 	dadent 	wel 	na 	al
M1_74_951_Ge	vrouwen 	dadent 	bi 	na 	al
M1_74_951_L	vrouwen 	daedent 	wel 	na 	al
M1_74_951_O	vrauwen 	dadent 	wel 	na 	al

M1_74_952_A		dat 	dit 	wonder 	ghesciede
M1_74_952_B	dat 	dat 		wonder 	ghesciede
M1_74_952_C		dat 	dit 	wonder 	ghesciede
M1_74_952_D		dat 	dit 	wonder 	gheschiede
M1_74_952_F		dat 	dit 	wonder 	gheschiede
M1_74_952_G	dat 	dat 		wonder 	gesciede
M1_74_952_Ge		dat 	dit 	wonder 	gesciede
M1_74_952_L		dat 	dit 	wonder 	gesciede
M1_74_952_O		dat 	dit 	wonder 	ghesaede

M1_74_953_A	al 	dat 		es 	ende 	wesen 	sal
M1_74_953_B	al 	dat 	was 	es 	ende 	wesen 	sal
M1_74_953_C	al 	dat 		is 	ende 	wesen 	zal
M1_74_953_D	al 	dat 		is 	ende 	wesen 	sal
M1_74_953_F	al 	dat 		es 	oft 	wesen 	zal
M1_74_953_G	al 	dat 		es 	ende 	wesen 	sal
M1_74_953_Ge		aldat 		es 	oft 	wesen 	sal
M1_74_953_L	al 	dat 		es 	ofte 	wesen 	sal
M1_74_953_O	al 	dat 		es 	of 	wesen 	zal

M1_74_954_A	ende 	dat 	oint 	was 	sonder 	ghetal
M1_74_954_B	ende 	oyt 		was 	sonder 	getal
M1_74_954_C	ende 	oyt 		was 	zonder 	ghetal
M1_74_954_D	ende 	oyt 		was 	sonder 	ghetal
M1_74_954_F	ende 	dat 	ye 	was 	sonder 	ghetal
M1_74_954_G	ende 	oyt 		was 	sonder 	getal
M1_74_954_Ge	ende 		ie 	was 	sonder 	getal
M1_74_954_L	ende 	oeyt 		was 	sonder 	getal
M1_74_954_O	ende 	oyt 		was 	sonder 	ghetal

M1_74_955_A	inghele 		ende 		liede
M1_74_955_B	inglen 		ende 	alle 	liede
M1_74_955_C	enghele 		ende 		liede
M1_74_955_D	inghelen 		ende 		liede
M1_74_955_F	enghele 		ende 		liede
M1_74_955_G		jngele 	ende 		liede
M1_74_955_Ge	inglen 		ende 		lieden
M1_74_955_L	ingele 		ende 		lieden
M1_74_955_O	beede 	jnghele 	ende 		liede

M1_74_956_A	beueden 	groot 	ende 	smal
M1_74_956_B	benedien 	groot 	ende 	smal
M1_74_956_C	benedide 	groet 	ende 	smal
M1_74_956_D	benediden 	groot 	ende 	smal
M1_74_956_F	benedyen 	groot 	ende 	smal
M1_74_956_G	benedien 	groet 	ende 	smal
M1_74_956_Ge	benedien 	groot 	ende 	smal
M1_74_956_L	benedien 	groot 	ende 	smal
M1_74_956_O	ghebenedien 	groot 	ende 	smal

M1_74_957_A	maria 		ghenas 	den 	val
M1_74_957_B	maria 	die 	ghenas 	den 	val
M1_74_957_C	marien 	die 	ghenas 	den 	val
M1_74_957_D	marien 	sy 	ghenas 	den 	val
M1_74_957_F	marien 	die 	ghenas 	den 	val
M1_74_957_G	marien 	die 	genas 	den 	val
M1_74_957_Ge	maria 		genas 	den 	val
M1_74_957_L	maria 	die 	ghenas 	den 	val
M1_74_957_O	marien 	die 	ghenas 	den 	val

M1_74_958_A	van 	meinscheliken 	diede
M1_74_958_B	van 	misseliken 	diede
M1_74_958_C	van 	menschelike 	diede
M1_74_958_D	van 	menscheliken 	ghedieden
M1_74_958_F	van 	menscheliken 	diede
M1_74_958_G	van 	menscheleken 	diede
M1_74_958_Ge	van 	mensceliken 	diede
M1_74_958_L	van 	menscheliken 	dieden
M1_74_958_O	van 	menscheliken 	diede

M1_74_959_A	soe 	was 	die 	rouede 	ende 	stal
M1_74_959_B	so 	es 	die 	rouede 	ende 	stal
M1_74_959_C	zi 	is 	die 	rouede 	ende 	stal
M1_74_959_D	si 	is 	die 	roofde 	ende 	stal
M1_74_959_F	sij 	es 	die 	rouede 	ende 	stal
M1_74_959_G	si 	was 	die 	roefde 	ende 	stal
M1_74_959_Ge	si 	es 	die 	rouede 	ende 	stal
M1_74_959_L	si 	es 	die 	roefde 	ende 	stal
M1_74_959_O	zij 	was 	die 	roofde 	ende 	stal

M1_74_960_A	die 	zielen 	int 	helsche 	dal
M1_74_960_B	die 	zielen 	int 	helsche 	dal
M1_74_960_C	die 	zielen 	int 	helsche 	dal
M1_74_960_D	die 	siele 	int 	helsche 	dal
M1_74_960_F	die 	ziele 	int 	helsche 	dal
M1_74_960_G	die 	sielen 	in 	thelsche 	dal
M1_74_960_Ge	die 	siel 	int 	thelle 	dal
M1_74_960_L	die 	siele 	int 	helsche 	dal
M1_74_960_O	de 	zielen 	int 	helsche 	dal

M1_74_961_A	dies 	lucifer 	beghiede
M1_74_961_B	dies 	lucifer 	ghebiede
M1_74_961_C	die 	lucifer 	beghiede
M1_74_961_D	dies 	lucifer 	begiede
M1_74_961_F	dies 	lucifer 	begiede
M1_74_961_G	dies 	lucifer 	begiede
M1_74_961_Ge	dies 	lucifer 	beghiede
M1_74_961_L	dies 	lucifer 	begiede
M1_74_961_O	die 	lucifer 	beghiede

M1_74_962_A	want 	het 	was 	sine 	meiseniede
M1_74_962_B			al 	ende 	mesniede
M1_74_962_C	dat 		waer 	zine 	maisniede
M1_74_962_D	dat 		was 	sine 	mesmiede
M1_74_962_F	dit 		was 	sine 	meyseniede
M1_74_962_G	want 	het 	was 	sine 	meyssiniede
M1_74_962_Ge	dat 		was 	sine 	meiseinede
M1_74_962_L				ende 	meiseniede
M1_74_962_O			ouer 	zijne 	mesnyede

M1_75_963_A	iacop 	du 	best 	den 	vrouwen 	hout
M1_75_963_B	iacop 	du 	best 	den 	vrauwen 	houdt
M1_75_963_C	iacob 	du 	bist 	den 	vrouwen 	hout
M1_75_963_D	iacop 	du 	bist 	den 	vrouwen 	hout
M1_75_963_F	iacob 	du 	best 	den 	vrouwen 	hout
M1_75_963_G	iacob 	du 	best 	den 	vrouwen 	hout
M1_75_963_Ge	iacop 	du 	best 	den 	vrouwen 	hout
M1_75_963_L	iacop 	du 	best 	den 	vrouwen 	hout
M1_75_963_O	iacob 	du 	zijs 	de 	vrouwen 	hout

M1_75_964_A	du 	gheues 	den 	mannen 	al 	de 	scout
M1_75_964_C	du 	gheues 	den 	mannen 	al 	die 	scout
M1_75_964_D	du 	gheues 	den 	mannen 	al 	de 	scout
M1_75_964_F	du 	gheues 	den 	mans 	al 	die 	scout
M1_75_964_G	du 	geefs 	den 	mannen 	al 	die 	scout
M1_75_964_Ge	ende 	geuet 	den 	mans 			scout
M1_75_964_L	du 	gheues 	den 	manne 	alle 	die 	scout
M1_75_964_O	ende 	gheues 	den 	mannen 	al 	de 	scout

M1_75_965_A	ic 		wanict 	best 	ghedoghe
M1_75_965_B	ic 	wane 	ic 	best 	ghedoghe
M1_75_965_C	ic 	waen 	ict 	best 	ghedoghe
M1_75_965_D	ick 	wane 	ict 	best 	ghedoghe
M1_75_965_F	ic 	wane 	ict 	best 	ghedoghe
M1_75_965_G	jc 		wanict 	best 	gedoge
M1_75_965_Ge	ic 		wanict 	best 	gedoge
M1_75_965_L	ic 	waene 	ict 	best 	gedoeghe
M1_75_965_O	ic 	waene 	ict 	best 	ghedoeghe

M1_75_966_A	ic 	vergheue 	al 	onghedout	
M1_75_966_B	ic 	vergheue 	al 	ongedout	
M1_75_966_C	ic 	vergheue 	al 	onghedout	
M1_75_966_D	ick 	vergheue 	al 	onghedout	
M1_75_966_D2	ic 	vergheuet 	al 	onghedo	
M1_75_966_F	ic 	vergheue 	al 	onghedout	
M1_75_966_G	jc 	vergeue 	al 	om 	gedout
M1_75_966_Ge	ic 	vergeue 	al 	ongedout	
M1_75_966_L	ic 	vergeue 	al 	ongedout	
M1_75_966_O	ic 	vergheeft 	al 	onghedout	

M1_75_967_A	allen 	vrouwen 	jonc 	ende 	hout
M1_75_967_B	allen 	vrauwen 	jonc 	ende 	out
M1_75_967_C	allen 	vrouwen 	ionc 	ende 	out
M1_75_967_D	alle 	vrouwen 	ionck 	ende 	out
M1_75_967_D2	alle 	vrouwen 	ionc 	ende 	oud 
M1_75_967_F	alle 	vrouwen 	ionc 	ende 	out
M1_75_967_G	allen 	vrouwen 	ionc 	ende 	out
M1_75_967_Ge	allen 	vrouwen 	ionc 	ende 	out
M1_75_967_L	allen 	vrouwen 	ionc 	ende 	out
M1_75_967_O	allen 	vrauwen 	jonc 	ende 	out

M1_75_968_A	omme 	die 	vrouwe 	hoghe
M1_75_968_B	doir 	die 	vrouwe 	hoghe
M1_75_968_C	om 	die 	vrouwe 	hoghe
M1_75_968_D	om 	eene 	vrouwe 	hoghe
M1_75_968_D2	om 	eene 	vrouwe 	hogh
M1_75_968_F	om 	die 	vrouwe 	hoghe
M1_75_968_G	omme 	die 	vrouwe 	hoge
M1_75_968_Ge	om 	j 	vrouwe 	hoge
M1_75_968_L	omme 	die 	vrouwe 	hoege
M1_75_968_O	om 	die 	vrauwe 	hoeghe

M1_75_969_A	daer 	ons 	af 	quam 	onse 	behout
M1_75_969_B	dair 	ons 	of 	quam 	onse 	behout
M1_75_969_C	daer 	ons 	af 	quam 	onze 	behout
M1_75_969_D	daer 	ons 	af 	quam 	onse 	behout
M1_75_969_D2	daer 	ons 		afquam 	onse 	
M1_75_969_F	daer 	ons 	af 	quam 	ons 	behout
M1_75_969_G	van 	hare 	comt 		ons 	dbehout
M1_75_969_Ge	daer 		af 	quam 	ons 	behout
M1_75_969_L	daer 	ons 	af 	quaem 	ons 	behout
M1_75_969_O	daer 	ons 	af 	quam 	ons 	behout

M1_75_970_A	ghedanct 			si 	soes 	menichfout
M1_75_970_B	gheloeft 	so 	sie 	dusentichuout		
M1_75_970_C	ghedanct 	zi 	zi 		dusentuout	
M1_75_970_D	ghedanct 	soe 	sy 	si 	dusentfout	
M1_75_970_D2	ghedanct 			si 	die 	dusentfo
M1_75_970_F	ghedanct 	zij 	zij 			menichfout
M1_75_970_G	ghedanct 		si 	si 	dusent 	vout
M1_75_970_Ge	gedanct 		sise 			menichfout
M1_75_970_L	gedanct 		si 	si 		menichfout
M1_75_970_O	ghedanct 		zij 	zoe 	dusentvout	

M1_75_971_A	dat 	soene 		vp 	hilt 	met 	soghe
M1_75_971_B	dat 	si 	hem 	op 	helt 	mit 	zoghe
M1_75_971_C	dat 	zine 			ophielt 	met 	zoghe
M1_75_971_D	dat 	sy 	hem 	op 	hielt 	met 	soghe
M1_75_971_D2	datse 		hem 	op 	hielt 	met 	
M1_75_971_F	dat 	sine 		op 	hielt 	met 	soghe
M1_75_971_G		dienne 		op 	hielt 	met 	soege
M1_75_971_Ge	dat 	sine 		op 	hielt 	met 	soge
M1_75_971_L	dat 	sine 		op 	hilt 	met 	soege
M1_75_971_O	dat 	zijne 			vphilt 	met 	zoeghe

M1_75_972_A	die 	ons 	benam 	dat 	helsche 	cout
M1_75_972_B	die 	ons 	benam 	dat 	helsche 	cout
M1_75_972_C	die 	ons 	benam 	dat 	helsce 	cout
M1_75_972_D	die 	ons 	benam 	thelsche 		cout
M1_75_972_D2	die 	ons 	benam 	thelsch 		
M1_75_972_F	die 	ons 	benam 	thelsche 		cout
M1_75_972_G	die 	ons 	benam 	dat 	helsche 	cout
M1_75_972_Ge	die 	ons 	benam 	thelle 		cout
M1_75_972_L	die 	ons 	benaem 	thelschen 		cout
M1_75_972_O	die 	ons 	benam 	dat 	helsche 	cout

M1_75_973_A	in 	hare 	bem 	ic 	te 	hendene 	bout
M1_75_973_B	in 	hare 	ben 	ic 	te 	endene 	bout
M1_75_973_C	tot 	haer 	ben 	ic 	ten 	einde 	bout
M1_75_973_D	in 	haer 	ben 	ick 	te 	eynden 	bout
M1_75_973_D2	in 	haer 	ben 	ic 	te 	eynden 	b
M1_75_973_F	in 	haer 	bin 	ic 		tendene 	bout
M1_75_973_G	jn 	hare 	benic 	tindenne 			bout
M1_75_973_Ge	in 	haer 	benic 			tenden 	bout
M1_75_973_L	in 	haer 	benic 	tinden 			bout
M1_75_973_O	in 	haer 	ben 	ic 	te 	hendene 	bout

M1_75_974_A	onse 		dyaloghe
M1_75_974_B	onse 		dyaloghe
M1_75_974_C	onze 		dyaloghe
M1_75_974_D	onser 	beyder 	dyaloghe
M1_75_974_D2	onser 	beider 	dyaloghe
M1_75_974_F	onse 		dyaloghe
M1_75_974_G	onse 		dyaloge
M1_75_974_Ge	in 	onsen 	dyaloge
M1_75_974_L	onse 		dyaloeghe
M1_75_974_O	onse 		dyaloghe

M1_75_975_A	in 		vraghe 	nemmeer 		no 	ne 	toghe	
M1_75_975_B	ic 	en 	vraghe 	nemmer 		no 		toghe	
M1_75_975_C	in 		vraghe 	niet 	meer 	noch 	en 	toghe	".


"
M1_75_975_D	ick 	en 	vrage 	niet 	meer 	noch 	en 	toge	
M1_75_975_D2	ic 	en 	vrage 	niet 	meer 	no			
M1_75_975_F		en 	vraghe 	nemmeer 		no 	en 	toghe	
M1_75_975_G	jn 		vrage 	nemmeer 		no 	en 	toge	
M1_75_975_Ge		en 	vrage 			no 	en 	toghe	
M1_75_975_L		en 	vraege 	nemmeer 		no 	en 	toege	
M1_75_975_O	ic 	en 	vraghe 	niet 	meer 	noch 		toeghe	

M2_1_000_A			dander 		martijn
M2_1_000_D	¶ 	dat 		anderde 	boeck
M2_1_000_D2	¶ 	dat 	ander 	de 	bo
M2_1_000_F	hier 	begint 	den 	anderen 	boeck
M2_1_000_Ge			den 	anderen 	merten
M2_1_000_L			dander 		merten
M2_1_000_O	incipit 	liber 	secundus		

M2_1_001_A	martijn 	slaepstu 		slaept 	dijn 	sin
M2_1_001_B	maertijn 	slaepstu 		slaep 	dijn 	zin
M2_1_001_D	martijn 	slaepstu 		slaept 	dijn 	sin
M2_1_001_D2	slaepty 			sla		
M2_1_001_F		slaepstu 	merten 	slaept 	diin 	sin
M2_1_001_G		slaepstu 	mertijn 	slaep 	dijn 	sin
M2_1_001_Ge		slaeptu 	merten 	slaept 	dijn 	sin
M2_1_001_L		slaepstu 	merten 	slaept 	dijn 	sin
M2_1_001_O	martin 	slaepstu 		slaept 	dijn 	zin

M2_1_002_A	spreect 	heuestu 		gheen 	spreken 	in
M2_1_002_B	sprec 	hebstu 		gheen 	spreken 	jn
M2_1_002_D	spreect 	hebstu 		geen 	spreken 	in
M2_1_002_D2	spreect 	hebdy 		g		
M2_1_002_F	sprect 	hebdi 		gheen 	spreken 	in
M2_1_002_G	sprec 	heefstu 		geen 	spreken 	in
M2_1_002_Ge	sprect 	hebdi 			spreken 	in
M2_1_002_L	spreken 	en 	heeft 	geen 	spreken 	in
M2_1_002_O	sprec 	hebstu 		gheen 	spreken 	jn

M2_1_003_A	du 	dinx 	mi 	al 	verdoren
M2_1_003_B	du 	dincts 	mi 		verdoren
M2_1_003_D	du 	dunckes 	mi 		verdoren
M2_1_003_D2	ghi 	duncket 	mi 		verdor
M2_1_003_F	du 	dunckes 	mi 		verdoren
M2_1_003_G	du 	duncs 	mi 		verdoren
M2_1_003_Ge	du 	dunckes 	mi 		verdoren
M2_1_003_L	du 	dunckes 	mi 		verdoren
M2_1_003_O	du 	dijncs 	my 		verdoren

M2_1_004_A	dune 		achtes 		meer 	no 	min
M2_1_004_B	du 	en 	achts 	anders 	meer 	no 	min
M2_1_004_D	du 	en 	achtes 		meer 	noch 	min
M2_1_004_D2	ghi 	en 	achtet 		meer 	noch	
M2_1_004_F	dune 		achtes 		meer 	no 	min
M2_1_004_G	dune 		achts 	anders 	meer 	no 	min
M2_1_004_Ge	dune 		achtes 		meer 	no 	min
M2_1_004_L	dune 		achtes 		meer 	no 	min
M2_1_004_O	du 	ne 	achtes 		meer 	no 	min

M2_1_005_A	dan 	omme 	weelde 	ende 	om 	ghewin
M2_1_005_B	dan 		weelde 	ende 		ghewin
M2_1_005_D	dan 	op 	weelde 	ende 		ghewin
M2_1_005_D2	dan 	op 	weelde 	ende 		ghe 
M2_1_005_F	dan 	op 	weelde 	ende 		ghewin
M2_1_005_G	dan 		weelde 	ende 		gewin
M2_1_005_Ge	dan 	op 	weelde 	ende 		gewin
M2_1_005_L	dan 	op 	welde 	ende 	op 	ghewin
M2_1_005_O	dan 	om 	weelde 	ende 		ghewin

M2_1_006_A	wiltu 	di 	dus 	versmoren
M2_1_006_B	wiltu 	di 	dus 	versmoren
M2_1_006_D	wiltu 	di 	dus 	versmoren
M2_1_006_D2	wildi 	v 	dus 	versmoren 
M2_1_006_F	wiltu 	dij 	dus 	versmoren
M2_1_006_G	wiltu 	di 	dus 	versmoren
M2_1_006_Ge	wiltu 	di 	dus 	versmoren
M2_1_006_L	wiltu 	di 	aldus 	versmoren
M2_1_006_O	wiltstu 	di 	dus 	versmoren

M2_1_007_A		waert 	al 	dijn 	dat 	comt 	int 	swin
M2_1_007_B		wair 	al 	di 	dat 	comt 	int 	zwin
M2_1_007_D	al 	waert 	al 	dijn 	dat 	comt 	int 	zwint
M2_1_007_D2	al 	waert 	al 	uwe 	dat 	coe		
M2_1_007_F		alwaert 	al 	diin 	dat 	comt 	int 	zwijn
M2_1_007_G	al 	waert 	al 	dine 	dat 	comt 	in 	tswin
M2_1_007_Ge		alwaert 		dijn 	dat 	comt 	int 	tswin
M2_1_007_L	al 	waert 	al 	dine 	dat 	comt 	int 	swin
M2_1_007_O	al 	waert 	al 	dijn 	dat 	comt 	in 	zwin

M2_1_008_A	gout 	seluer 		stael 	loet 	yser 	tin
M2_1_008_B	goud 	suluer 	loot 			ende 	tin
M2_1_008_D	gout 	siluer 	loet 	stael 		yser 	tin
M2_1_008_D2	gout 	silner 	loot 	stael 		ys	
M2_1_008_F	gout 	siluer 	loot 			yser 	tin
M2_1_008_G	gout 	seluer 		stael 	loet 	ende 	tin
M2_1_008_Ge	Gout 	siluer 	loed 			iser 	"tin

"
M2_1_008_L	gout 	seluer 	loot 			yser 	tin
M2_1_008_O	goud 	zeluer 		stael 		yser 	tyn

M2_1_009_A	so 	bleuestu 	verloren	
M2_1_009_B	so 	bleuestu 	verloren	
M2_1_009_D	nochtan 	bliuense 	verloren	
M2_1_009_D2	nochtan 	bleeft 	ghi 	verl
M2_1_009_F	nochtan 	bleuestu 	verloren	
M2_1_009_G	so 	bleefstu 	verloren	
M2_1_009_L	soe 	bleefstu 	verloren	
M2_1_009_O	so 	bleefstu 	verlooren	

M2_1_010_A	daetstu 		ter 	doghet 	gheen 	beghin
M2_1_010_B	daetstu 		ter 	doghet 	gheen 	beghin
M2_1_010_D		daedstu 	der 	duecht 	gheen 	beghin
M2_1_010_D2	daerstu 		der 	duecht 	geen 	be
M2_1_010_F		hadstu 	der 	doghet 	gheen 	beghin
M2_1_010_G	en 	daedstu 	ter 	doget 	geen 	begin
M2_1_010_O	daetstu 		ter 	dueghet 	gheen 	ghewin

M2_1_011_A	hef 	vp 	dijn 	houet 	ende 	dinen 	kin
M2_1_011_B	hef 	op 	dijn 	hooft 	ende 	dinen 	kin
M2_1_011_D	heft 	op 	dijn 	hoeft 	ende 	dijn 	kin
M2_1_011_D2		 		hooft 	ende 	uwen 	sin
M2_1_011_F	heft 	op 	diin 	hoot 	ende 	diin 	kin
M2_1_011_G	hef 	op 	dijn 	hoeft 	ende 	dinen 	kin
M2_1_011_L	hef 	op 	dijn 	hoet 		dinen 	kin
M2_1_011_O	heft 	vp 	dijn 	hoeft 	ende 	dijnen 	kyn

M2_1_012_A	tontijt 	waerstu 	gheboren
M2_1_012_B	tontijt 	waerstu 	gheboren
M2_1_012_D	tontide 	waerstu 	gheboren
M2_1_012_D2	 	waerstu 	geboren
M2_1_012_F	tontide 	waerstu 	gheboren
M2_1_012_G	tontide 	wordstu 	geboren
M2_1_012_L	tontide 	waerstu 	geboren
M2_1_012_O	tontide 	waerstu 	ghebooren

M2_1_013_A	heuestu 	dat 	dichten 	verzworen
M2_1_013_B	hebstu 		dichtens 	verzworen
M2_1_013_D	hebstu 		dichten 	versworen
M2_1_013_D2			chtens 	versworen
M2_1_013_F	hebdi 		dichtens 	verzworen
M2_1_013_G	heefstu 		dichten 	versworen
M2_1_013_L	heeftu 		dichtens 	versworen
M2_1_013_O	hebstu 		dichten 	verzworen

M2_2_014_A	iacop 	du 	woens 		inden 	dam
M2_2_014_B	iacop 	du 	woens 	in 	den 	dam
M2_2_014_D	iacop 	du 	woens 		inden 	dam
M2_2_014_D2	ghi 		woent 	in 	den 	dam
M2_2_014_F	iacob 	du 	wones 		inden 	dam
M2_2_014_G	iacob 	du 	woens 	in 	den 	dam
M2_2_014_L	iacop 	du 	woens 		inden 	dam
M2_2_014_O	iacob 	du 	woens 	in 	den 	dam

M2_2_015_A	ende 	ic 	te 	dorderecht 	dies 	bem 	ic 	gram
M2_2_015_B	ende 	ic 	tutrecht 		dies 	bin 	ic 	gram
M2_2_015_D	ende 	ick 	tutrecht 		des 	ben 	ick 	gram
M2_2_015_D2	 		echt 		dies 	ben 	ic 	gram
M2_2_015_F	ende 	ic 	tutrecht 		des 	ben 	ic 	gram
M2_2_015_G	ende 	ic 	tuutrecht 		des 	benic 		gram
M2_2_015_L	ende 	ic 	tutrecht 		des 	benic 		gram
M2_2_015_O	ende 	ic 	tutrech 		dies 	ben 	ic 	gram

M2_2_016_A	dat 	wi 	dus 	sijn 	versceeden
M2_2_016_B	dat 	wi 	dus 	zijn 	versceden
M2_2_016_D	dat 	wi 	dus 	sijn 	ghescheden
M2_2_016_D2			s 	sijn 	verscheeden
M2_2_016_F	dat 	wij 	dus 	siin 	verscheeden
M2_2_016_G	dat 	wi 	dus 	sijn 	versceeden
M2_2_016_L	dat 	wi 	dus 	sijn 	verscheeden
M2_2_016_O	dat 	wi 	dus 	zijn 	versceeden

M2_2_017_A	weetstu 		wat 	mi 	oit 		mesquam
M2_2_017_B	weetstu 		wat 	my 	meest 		misquam
M2_2_017_D	weetti 		wes 	mi 	meest 		mesquam
M2_2_017_D2			at 	mi 	meest 		mesquam
M2_2_017_F	wetti 		watter 	mi 		ane 	mesquam
M2_2_017_G	wetti 		watter 	mi 	meest 	af 	mesquam
M2_2_017_L	wetti 		wat 	mi 	meest 		mesquaem
M2_2_017_O	weet 	di 	wat 	my 	meest 		mesquam

M2_2_018_A		dat 	ic 		bate 	noch 	nie 	vernam
M2_2_018_B	dats 	dat 	ic 	noyt 	bate 			vernam
M2_2_018_D		dat 	ick 	noyt 	baet 		en 	vernam
M2_2_018_D2		t 			bate 		en 	vernam
M2_2_018_F		dat 	ic 	noyt 	bate 		en 	vernam
M2_2_018_G		dat 	ic 	noyt 	bate 		en 	vernan
M2_2_018_L		dat 	ic 	noeyt 	bate 		en 	vernaem
M2_2_018_O		dat 	ic 	noyt 	bate 		en 	vernam

M2_2_019_A	ant 	dichten 	van 	ons 	beeden
M2_2_019_B	an 	dichten 	van 	ons 	beden
M2_2_019_D	aent 	dichten 	van 	ons 	beeden
M2_2_019_D2	 	en 	van 	ons 	beeden
M2_2_019_F	aent 	dichten 	van 	ons 	beeden
M2_2_019_G	aent 	dichten 	van 	ons 	beeden
M2_2_019_L	aent 	dichten 	van 	ons 	beeden
M2_2_019_O	an 	tdichten 	van 	ons 	beeden

M2_2_020_A	so 	es 	mi 	die 	sin 	worden 	so 	lam
M2_2_020_B	so 	es 	mi 	de 	zin 	worden 	so 	lam
M2_2_020_D	soe 	is 	mijn 		sin 	worden 	soe 	lam
M2_2_020_D2		en 			sin 	gheworden 	so 	lam
M2_2_020_F	so 	es 	mijn 		sin 	worden 	soe 	lam
M2_2_020_G	dies 	es 	mijn 		sin 	worden 	so 	lam
M2_2_020_L	soe 	es 	mijn 		sin 	woorden 	soe 	lam
M2_2_020_O	zo 	es 	my 	die 	zin 	worden 	zo 	lam

M2_2_021_A	dat 	icker 	node 	weder 	an 		quam
M2_2_021_B	dat 	icker 	node 	weder 			anquam
M2_2_021_D	dat 	icker 	noode 	weder 			anquam
M2_2_021_D2			node 	weder 		ane 	quam
M2_2_021_F	dat 	icker 	node 	weder 	aen 		quam
M2_2_021_G	dat 	icker 	vele 	te 	noedere 	ane 	quam
M2_2_021_L	dat 	icker 	noede 	weder 	aen 		quaem
M2_2_021_O	dat 	icker 	node 	weder 	an 		cam

M2_2_022_A	dit 	deet 	mi 	verleeden
M2_2_022_B	dat 	deit 	mi 	verleden
M2_2_022_D	dat 	doet 	my 	verleeden
M2_2_022_D2		 	mi 	verleeden
M2_2_022_F	dit 	doet 	mi 	verleeden
M2_2_022_G	dit 	deedt 	mi 	verleeden
M2_2_022_L	dit 	doet 	mi 	verleeden
M2_2_022_O	dit 	doet 	my 	verleeden

M2_2_023_A	du 	wecs 	mi 	alse 	een 	stotel 	ram
M2_2_023_B	du 	weex 	mi 	als 	een 	slotel 	ram
M2_2_023_D	du 	wrecs 	mi 	als 	een 	ghestoten 	ram
M2_2_023_D2		 	mi 	als 	een 	gestoten 	ram
M2_2_023_F	du 	wecs 	mi 	als 	een 	stotel 	ram
M2_2_023_G	du 	wecs 	mi 	als 	een 	stoetende 	ram
M2_2_023_L	du 	wecs 	mi 	als 	i 	stotel 	ram
M2_2_023_O	du 	wets 	my 	als 	een 	stotel 	ram

M2_2_024_A	al 	bestu 	wilt 	du 	werts 		tam
M2_2_024_B	al 	bistu 	wilt 	du 	warts 	noch 	tam
M2_2_024_D		bistu 	wilt 	du 	wordes 		tam
M2_2_024_D2	 			ghi 	wort 	noch 	tam
M2_2_024_F		bestu 	wilt 	du 	worts 	noch 	tam
M2_2_024_G		bestu 	wilt 	so 	werde 		tam
M2_2_024_L		sidi 	wilt 	ghi 	wert 	noch 	tam
M2_2_024_O		bestu 	wilt 	du 	worts 	noch 	tam

M2_2_025_A	leere 	dine 	worden 	cleeden
M2_2_025_B	lere 	dijn 	worden 	cleden
M2_2_025_D	leert 	dine 	woerden 	cleeden
M2_2_025_D2	 		woorden 	cleeden
M2_2_025_F	leere 	dine 	woirde 	cleeden
M2_2_025_G	leere 	dine 	woerde 	cleeden
M2_2_025_L	leere 	dine 	woorde 	cleeden
M2_2_025_O	leere 	dine 	woorden 	cleden

M2_2_026_A	soetelike 	ende 	ghereeden	
M2_2_026_B	soetelike 	ende 	ghereden	
M2_2_026_D	soetelike 	ende 		reeden
M2_2_026_D2	 	ende 	met 	reden
M2_2_026_F	soetelijc 	ende 	ghereeden	
M2_2_026_G	soetelec 	ende 	beleeden	
M2_2_026_L	soetelike 	ende 	ghereeden	
M2_2_026_O	soetelike 	ende 	ghereden	

M2_3_027_A	martijn 	vrient 	hebbic 		messeit
M2_3_027_B	mairtin 	vrient 	heb 	ic 	messeit
M2_3_027_D	martijn 	vrient 	heb 	ick 	misseyt
M2_3_027_D2	 	vrient 	heb 	ic 	messeyt
M2_3_027_F	merten 	vrient 	heb 	ic 	messeit
M2_3_027_G	mertijn 	vrient 	hebbic 		messeit
M2_3_027_L	merten 	vrient 	hebbic 		messeit
M2_3_027_O	martin 	vriend 	heb 	ic 	messeit

M2_3_028_A	ic 	bems 	te 	beterne 	ghereit
M2_3_028_B	jc 	bens 	te 	beter 	ghereit
M2_3_028_D	ick 	bens 	te 	beeteren 	bereyt
M2_3_028_D2				eteren 	bereyt
M2_3_028_F	ic 	bins 	te 	beteren 	bereit
M2_3_028_G	jc 	beens 	te 	beterne 	bereit
M2_3_028_L	ic 	bens 	te 	betren 	gereit
M2_3_028_O	te 	beterene 	ben 	icx 	bereit

M2_3_029_A	ic 	wils 	al 	vp 	hu 	bliuen
M2_3_029_B	jc 	wils 	al 	op 	di 	bliuen
M2_3_029_D	ick 	wils 	al 	op 	di 	bliuen
M2_3_029_D2			 	v 		bliuen
M2_3_029_F	is 	wils 	al 	op 	dy 	bliuen
M2_3_029_G	jc 	wils 	al 	op 	di 	bliuen
M2_3_029_L	ic 	wils 	al 	op 	di 	bliuen
M2_3_029_O	jc 	wils 	al 	vp 	di 	bliuen

M2_3_030_A	maer 	verstant 	mi 	ende 	ontbint
M2_3_030_B	mer 	verstaet 	mi 	ende 	onbeyt
M2_3_030_D	maer 	verstant 		ende 	ontbeyt
M2_3_030_D2	 	et 	mi 	eude 	ontbeyt
M2_3_030_F	maer 	verstant 	mi 	ende 	ontbeit
M2_3_030_G	maer 	verstaet 	mi 	ende 	ontbeit
M2_3_030_L	maer 	verstant 	mi 	ende 	ontbeit
M2_3_030_O	maer 	verstant 	my 	ende 	ontbeit

M2_3_031_A	eene 	dinc 	die 	mi 	vp 	therte 	leit
M2_3_031_B	een 	dinc 	die 	mi 	jnt 	harte 	leit
M2_3_031_D	een 	dinck 		mi 	opt 	therte 	leyt
M2_3_031_D2				mi 	opt 	hertte 	leyt
M2_3_031_F	een 	dinc 	die 	mi 	opt 	herte 	leit
M2_3_031_G	een 	dinc 	dat 	mi 	op 	therte 	leit
M2_3_031_L	een 	dinc 	dat 	mi 	opt 	herte 	leit
M2_3_031_O	eene 	dijnc 	die 	my 	vp 	therte 	leit

M2_3_032_A	willic 			hu 	bescriuen
M2_3_032_B	willic 			die 	bescriuen
M2_3_032_D		wil 	ick 	di 	bescriuen
M2_3_032_D2	dat 	wil 	ic 	v 	bescriuen
M2_3_032_F	willic 			dij 	bescriuen
M2_3_032_G	willic 			di 	bescriuen
M2_3_032_L	willic 			di 	bescriuen
M2_3_032_O		wille 	ic 	di 	bescriuen

M2_3_033_A	daer 	hare 	die 	weerelt 	mede 	meit
M2_3_033_B	dair 	hair 	die 	werelt 	mede 	meit
M2_3_033_D	daer 	haer 	die 	werelt 	mede 	meyt
M2_3_033_D2	daer 	haer 	die 	werelt 	mede 	m
M2_3_033_F	daer 	hier 	die 	werelt 	mede 	meyt
M2_3_033_G	daer 	hare 	die 	werelt 	mede 	vermeit
M2_3_033_L	daer 	haer 	die 	werelt 	mede 	meit
M2_3_033_O	daer 	haer 	die 	weerelt 	mede 	meyt

M2_3_034_A	ne 	dade 		dat 	lief 	worde 	leit
M2_3_034_B	ne 	wair 	ooc 	dat 	lief 	wair 	leit
M2_3_034_D	en 	dade 		dat 	lief 	waer 	leyt
M2_3_034_D2	ende 	dade 		dat 	lief 	ware 	leyt
M2_3_034_F	en 	dade 		dat 	lief 	waer 	leyt
M2_3_034_G	en 	daedt 		dat 	lief 	worde 	leit
M2_3_034_L	ende 	daede 		dat 	lief 	ware 	leit
M2_3_034_O	en 	dade 		dat 	lief 	waere 	leyt

M2_3_035_A	ende 	dats 		minne 	van 	wiuen
M2_3_035_B	ende 	dats 		minne 	van 	wiuen
M2_3_035_D		dats 		minne 	van 	wiuen
M2_3_035_D2		dats 		minne 	van 	wiuen
M2_3_035_F		dats 		minne 	van 	wiuen
M2_3_035_G	ende 	dats 		minne 	van 	wiuen
M2_3_035_L	ende 	dats 		minne 	van 	wiuen
M2_3_035_O	ende 	dat 	es 	minne 	van 	wiuen

M2_3_036_A	wat 	dat 	es 	in 	dese 	weerelt 	breit
M2_3_036_B	wat 	dat 	es 	in 	die 	werelt 	breit
M2_3_036_D	al 	dat 	is 	in 	die 	werelt 	breyt
M2_3_036_D2	al 	dat 	is 	inde 		werelt 	breyt
M2_3_036_F	al 	dat 	is 	in 	die 	werelt 	breyt
M2_3_036_G	al 	dat 	es 	in 	die 	werelt 	breit
M2_3_036_L	wat 	dat 		inde 		werelt 	steit
M2_3_036_O	al 	dat 	es 	in 	die 	weerelt 	breit

M2_3_037_A	steden 		bosch 	berch 	ende 	preit
M2_3_037_B	steden 		burghen 	busschen 		preit
M2_3_037_D	steden 	borch 	bosch 		ende 	preyt
M2_3_037_D2				stedenborgenbosscen 		preyt
M2_3_037_F	stede 	bossche 	borghe 			preit
M2_3_037_G	stede 	bosche 	borge 		ende 	preit
M2_3_037_L	steden 		borghe 	bossche 		preit
M2_3_037_O	steden 		borghen 	bosschen 		preit

M2_3_038_A	soude 	men 	verdriuen
M2_3_038_B	soudemen 		verdriuen
M2_3_038_D	soudemen 		verdriuen
M2_3_038_D2	soudemen 		verdriuen
M2_3_038_F	soudemen 		verdriuen
M2_3_038_G	soudemen 		verdriuen
M2_3_038_L	soude 	men 	verdriuen
M2_3_038_O	soude 	minne 	verdriuen

M2_3_039_A	wildemen 		minne 	ontliuen
M2_3_039_B	wildemen 		minnen 	ontliuen
M2_3_039_D	wildemen 		minne 	ontliuen
M2_3_039_D2	wildemen 		minne 	ontlijuen
M2_3_039_F	woudemen 		minne 	ontliuen
M2_3_039_G	constemen 		minne 	ontliuen
M2_3_039_L	woude 	men 	minne 	ontliuen
M2_3_039_O	wilde 	mense 		ontliuen

M2_4_040_A	so 	jacop 	dit 	was 	oint 	dijn 	doen
M2_4_040_B	iacop 		dit 	was 	oyt 	dijn 	doen
M2_4_040_D	iacop 		dit 	was 	oyt 	dijn 	doen
M2_4_040_D2	iacop 		dit 	was 	oyt 	dijn 	doen
M2_4_040_F	iacob 		dit 	was 	oyt 	diin 	doen
M2_4_040_G	iacob 		dit 	was 	oyt 	u 	doen
M2_4_040_L	iacop 		dit 	was 	oeyt 	dijn 	doen
M2_4_040_O	iacob 		dit 	was 	oyt 	dijn 	doen

M2_4_041_A		van 	vrouwen 	moeste 		dijn 	sermoen
M2_4_041_B		van 	vrauwen 	moetstu 		dijn 	sermoen
M2_4_041_D	dattu 	van 	vrouwen 			dijn 	sermoen
M2_4_041_D2	dat 	van 	vrouwen 	v 			sermoen
M2_4_041_F	dat 	van 	vrouwen 			diin 	sermoen
M2_4_041_G		van 	vrouwen 	te 	makene 	dijn 	sermoen
M2_4_041_L		van 	vrouwen 	te 	maken 	dijn 	sermoen
M2_4_041_O		van 	vrouwen 			dijn 	sermoen

M2_4_042_A	of 	beghinnen 	of 	enden	
M2_4_042_B	altois 	begonnen 	of 		eynden
M2_4_042_D		beghinnen 	moets 	oft 	eynden
M2_4_042_D2		beghinnen 	moet 	oft 	eynden
M2_4_042_F		beghinnen 	meest 	oft 	eynden
M2_4_042_G	oft 	beginnen 		oft 	inden
M2_4_042_L		beghinnen 	ofte 		inden
M2_4_042_O		beghinnen 	ofte 	henden	

M2_4_043_A	waerstu 	een 	dorp 	du 	spraex 	van 	coen
M2_4_043_B	wairstu 	een 	dorper 	du 	spraex 	van 	koen
M2_4_043_D	waerstu 	een 	dorper 	du 	spraecs 	van 	coen
M2_4_043_D2	waerdi 	een 	dorper 	ghi 	spraec 		
M2_4_043_F	waerstu 	een 	dorper 	du 	sprakes 	van 	coen
M2_4_043_G	warstu 	een 	dorpere 	du 	spraecs 	van 	coen
M2_4_043_L	waerstu 	een 	dorper 	du 	spraecs 	van 	coen
M2_4_043_O	waerstu 	een 	dorper 	du 	spraecs 	van 	coen

M2_4_044_A	nu 	es 	dine 	herte 	dies 	ontfloen
M2_4_044_B	nu 	es 	dine 	herte 	dies 	ontuloen
M2_4_044_D	nv 	is 	dijn 	herte 	des 	ontuloen
M2_4_044_D2	nv 	es 	v 	herte 	dus 	ontuloen
M2_4_044_F	nu 	es 	diin 	herte 	dus 	ontvloen
M2_4_044_G	nu 	es 	dijn 	herte 	dies 	ontfloen
M2_4_044_L	nv 	es 	dijn 	herte 	des 	ontvloen
M2_4_044_O	nu 	es 	dijn 	herte 	dies 	ontfloen

M2_4_045_A	doch 	willix 		mi 	ghenenden
M2_4_045_B	doch 	wil 	ics 	mi 	ghenenden
M2_4_045_D	doch 	wil 	icx 	mi 	gheuenden
M2_4_045_D2	doch 	wil 	icx 	mi 	ghenenden
M2_4_045_F	doch 	willics 		mi 	ghenenden
M2_4_045_G	noch 	willics 		mi 	geninden
M2_4_045_L	doch 	willics 		mi 	ghenenden
M2_4_045_O	doch 	wille 	icx 	my 	ghenenden

M2_4_046_A	ende 			steken 	af 	minen 	caproen
M2_4_046_B	ende 	wille 	of 	steken 		mijn 	caproen
M2_4_046_D	ende 	striken 			af 	minen 	caproen
M2_4_046_D2	ende 	strijcken 			af 	minen 	caproen
M2_4_046_F	ende 			steken 	off 	minen 	caproen
M2_4_046_G	ende 			steken 	af 	minen 	caproen
M2_4_046_L	ende 			steken 	af 	minen 	caproen
M2_4_046_O	ende 			steken 	af 	minen 	caproen

M2_4_047_A	ende 	horen 	watti 		hier 	toe 	spoen
M2_4_047_B	ende 		wat 	di 	hier 	toe 	spoen
M2_4_047_D	ende 	horen 	watti 		hier 	toe 	spoen
M2_4_047_D2	ende 	horen 	wat 	v 	hier 	toe 	mach 
M2_4_047_F	ende 	horen 	watti 		hier 	toe 	spoen
M2_4_047_G	ende 	horen 	watti 		hiertoe 		spoen
M2_4_047_L	ende 	hoeren 	watti 		hier 	toe 	spoen
M2_4_047_O	ende 	horen 	wat 	di 	hier 	toe 	spoen

M2_4_048_A	dattu 		den 	onbekenden
M2_4_048_B	dattu 		den 	onbekenden
M2_4_048_D	dattu 		den 	onbekenden
M2_4_048_D2	dat 	ghi 	den 	onbekenden
M2_4_048_F	dattu 		den 	ombekenden
M2_4_048_G	dat 	du 	den 	onbekinden
M2_4_048_L	dattu 		den 	ombekinden
M2_4_048_O	dattu 		den 	onbekenden

M2_4_049_A	martine 	niene 		laets 	gheroen
M2_4_049_B	maertin 	niet 		laets 	geroen
M2_4_049_D	martijn 	niet 	en 	laets 	gheroen
M2_4_049_D2	martijn 	niet 	en 	laet 	gheuroen
M2_4_049_F	merten 	niet 	en 	laet 	gheroen
M2_4_049_G	mertene 	niet 	en 	laets 	geroen
M2_4_049_L	merten 	niet 	en 	laet 	gheroen
M2_4_049_O	martine 	niet 	en 	laets 	gheroen

M2_4_050_A	al 	haddic 		ane 	ii 	yserine 	scoen
M2_4_050_B	al 	haddic 		an 	twe 	yseren 	scoen
M2_4_050_D	al 	had 	ick 	an 	twee 	yseren 	schoen
M2_4_050_D2	al 	hadt 	ic 	aen 	twee 	yseren 	scho
M2_4_050_F	al 	haddic 		aen 	twee 	yseren 	schoen
M2_4_050_G		alhaddic 		ane 	ij 	yseren 	scoen
M2_4_050_L	al 	haddic 		aen 	ij 	yseren 	scoen
M2_4_050_O	al 	hadde 	ic 	an 	twe 	yserin 	scoen

M2_4_051_A	in 		mochtu 		niet 	ontwenden
M2_4_051_B		en 	mochte 	di 	niet 	ontwenden
M2_4_051_D	ick 	en 	mocht 	v 	niet 	ontwenden
M2_4_051_D2	ic 	en 	mocht 	v 	niet 	ontwenden
M2_4_051_F		en 	mocht 	dij 	niet 	ontwenden
M2_4_051_G	jc 	en 	mochte 	di 	niet 	ontwinden
M2_4_051_L		en 	mochte 	di 	niet 	ontwinden
M2_4_051_O	jc 	en 	mochte 	di 	niet 	ontwenden

M2_4_052_A	nu 	sprec 		ic 	saelt 	ontbenden
M2_4_052_B	nu 	vrach 		ic 	sal 	onbenden
M2_4_052_D	nu 	vraecht 		ick 	sal 	ontbenden
M2_4_052_D2	nv 	vraecht 		ic 	sal 	ontbenden
M2_4_052_F	nu 	vraecht 	ende 	ic 	saelt 	ontbenden
M2_4_052_G	nu 	vraecht 		ic 	saelt 	ontbinden
M2_4_052_L	nv 	vraecht 		ic 	sal 	ontbinden
M2_4_052_O	nu 	vraech 		ic 	salt 	ontbenden

M2_5_053_A	martijn 	du 	sout 	mi 	verstaen
M2_5_053_B	mairtijn 	du 	salt 	mi 	verstaen
M2_5_053_D	martijn 	du 	sulste 	my 	verstaen
M2_5_053_D2	rtijn 	ghi 	sult 	mi 	verstaen
M2_5_053_F	merten 	du 	salt 	mi 	verstaen
M2_5_053_G	merten 	du 	sels 		verstaen
M2_5_053_L	merten 	du 	sout 	mi 	verstaen
M2_5_053_O	martin 	du 	zuls 	my 	verstaen

M2_5_054_A	eene 	vrouwe 	wel 	ghedaen
M2_5_054_B	ene 	vrouwe 	wel 	gedaen
M2_5_054_D	een 	vrouwe 	wel 	ghedaen
M2_5_054_D2	 	vrouwe 	wel 	ghedaen
M2_5_054_F	eene 	vrouwe 	wel 	gedaen
M2_5_054_G	ene 	vrouwe 	wel 	gedaen
M2_5_054_L	een 	vrouwe 	wel 	gedaen
M2_5_054_O	eene 	vrauwe 	wel 	ghedaen

M2_5_055_A	heuet 	mi 	gheuaen 	met 	minnen
M2_5_055_B	heeft 	mi 	beuaen 	mit 	minnen
M2_5_055_D	heeft 	my 	beuaen 	met 	minnen
M2_5_055_D2	t 	mi 	beuaen 	met 	minnen
M2_5_055_F	heeft 	mi 	beuaen 	met 	minnen
M2_5_055_G	heeft 	mi 	bevaen 	met 	minnen
M2_5_055_O	heeft 	my 	gheuaen 	met 	minnen

M2_5_056_A	al 	dat 	gode 	es 	onderdaen	
M2_5_056_B	al 	dat 	goede 	es 	ende 	daen
M2_5_056_D	al 	dat 	god 	was 	onderdaen	
M2_5_056_D2		t 	gode 	is 	onderdaen	
M2_5_056_F	al 	dat 	gode 	es 	onderdaen	
M2_5_056_G	al 	dat 	gode 	es 	onderdaen	
M2_5_056_L		aldat 	gode 	es 	onder 	daen
M2_5_056_O	al 	dat 	gode 	es 	onderdaen	

M2_5_057_A	lietic 	al 	om 	hare 		gaen
M2_5_057_B	lietic 		om 	hare 		gaen
M2_5_057_D	liet 	ick 	om 	haerre 	wille 	gaen
M2_5_057_D2		 	om 	haren 	wille 	gaen
M2_5_057_F	lietic 		om 	haren 	wille 	gaen
M2_5_057_G	hetic 		dore 	haren 	wille 	gaen
M2_5_057_L	lietic 	al 	omme 	hare 		gaen
M2_5_057_O	liet 	ic 	om 	haeren 	wille 	gaen

M2_5_058_A	mochticse 		ghewinnen
M2_5_058_B	mochte 	icse 	ghewinnen
M2_5_058_D	mocht 	icse 	ghewinnen
M2_5_058_D2	ht 	icse 	ghewinnen
M2_5_058_F	mochticse 		ghewinnen
M2_5_058_G	mochticse 		gewinnen
M2_5_058_L	mochticse 		gewinnen
M2_5_058_O	mochte 	icse 	ghewinnen

M2_5_059_A	nochtan 	weetic 		wel 	sonder 	waen
M2_5_059_B	nochtan 	wetic 			sonder 	waen
M2_5_059_D	nochtan 	weet 	ick 		sonder 	waen
M2_5_059_D2	tan 	weetic 			sonder 	waen
M2_5_059_F	nochtan 	ly 	ic 		sonder 	waen
M2_5_059_G	nochtan 	weetic 			sonder 	waen
M2_5_059_L	nochtan 	wetic 			sonder 	waen
M2_5_059_O	nochtan 	weet 	ic 	wel 	zonder 	waen

M2_5_060_A	soe 			mijns 	niet 	en 	acht 	i 	spaen
M2_5_060_B	si 			mijns 	niet 		acht 	een 	spaen
M2_5_060_D	si 			mijns 	niet 	en 	acht 	een 	spaen
M2_5_060_D2	ij 			mijns 	niet 	en 	acht 	een 	spaen
M2_5_060_F	sine 	acht 		mijns 	niet 			een 	spaen
M2_5_060_G	sine 	gaue 	on 	mi 	niet 			een 	spaen
M2_5_060_L	si 			mijns 	niet 	en 	acht 	i 	spaen
M2_5_060_O	zij 			my 	niet 	en 	acht 	een 	spaen

M2_5_061_A	mijn 	herte 		doet 	mi 	bekinnen
M2_5_061_B	mine 	harte 		doet 	mi 	bekennen
M2_5_061_D	mijn 	hert 		doet 	my 	bekinnen
M2_5_061_D2	n 	hert 		doet 	mi 	bekennen
M2_5_061_F	mijn 	sin 		doet 	mi 	bekinnen
M2_5_061_G	mijn 	herte 		doedt 	mi 	bekinnen
M2_5_061_L	mijn 	sin 		doet 	mi 	bekinnen
M2_5_061_O	mijn 	herte 	dat 	doet 	my 	bekinnen

M2_5_062_A	al 	souder 	omme 	die 	weerelt 		vergaen
M2_5_062_B	alle 	zouder 	omme 	die 	werelt 		vergaen
M2_5_062_D	al 	souder 		die 	werelt 	om 	vergaen
M2_5_062_D2		uder 		die 	werelt 	om 	vergaen
M2_5_062_F	al 	souder 		die 	werelt 	om 	vergaen
M2_5_062_G	al 	souder 		die 	werelt 	om 	vergaen
M2_5_062_L	al 	souder 		die 	werelt 	omme 	vergaen
M2_5_062_O	al 	souder 		de 	weerelt 	omme 	vergaen

M2_5_063_A	dat 		soe 	mi 	niet 	en 	soude 	ontfaen
M2_5_063_B	dat 		soe 	mi 	niet 		soude 	ontfaen
M2_5_063_D	dat 	si 		mi 	niet 	en 	soude 	ontfaen
M2_5_063_D2	 	si 		mi 	niet 	en 	sonde 	ontfaen
M2_5_063_F	sine 		soude 	mi 	niet 			ontfaen
M2_5_063_G	dat 	si 		mi 	niet 	en 	soude 	ontfaen
M2_5_063_L	si 	en 	soude 	mi 	niet 			ontfaen
M2_5_063_O	dat 	zij 		my 	niet 	en 	zoude 	ontfaen

M2_5_064_A	in 	hare 	herte 	binnnen
M2_5_064_B	jn 	hare 	harte 	binnen
M2_5_064_D	in 	haer 	herte 	binnen
M2_5_064_D2		aer 	herte 	binnen
M2_5_064_F	in 	haer 	herte 	binnen
M2_5_064_G	jn 	haer 	herte 	binnen
M2_5_064_L	in 	haer 	herte 	binnen
M2_5_064_O	jn 	haer 	herte 	binnen

M2_5_065_A	hier 	toe 		nes 	gheen 	verwinnen
M2_5_065_B	hier 	toe 		nes 	gheen 	verwinnen
M2_5_065_D	hier 	toe 	en 	is 	gheen 	versinnen
M2_5_065_D2		etoe 	en 	is 	geen 	versinnen
M2_5_065_F	hier 	toe 	en 	es 	gheen 	verwinnen
M2_5_065_G	hier 	toe 	en 	es 	geen 	verwinnen
M2_5_065_L	hier 	toe 		es 	gheen 	verwinnen
M2_5_065_O	hier 	toe 	en 	es 	gheen 	verwinnen

M2_6_066_A	eene 	ander 	vrouwe 	es 	die 	mi 	mint
M2_6_066_B	een 	ander 	vrauwe 	es 	die 	mi 	mint
M2_6_066_D	een 	ander 	vrou 	is 	die 	my 	mint
M2_6_066_D2	n 	ander 	vrouwe 		die 	mi 	bemint
M2_6_066_F	een 	ander 	vrouwe 	es 	die 	mi 	mint
M2_6_066_G	een 	ander 	vrouwe 	es 	die 	mi 	mint
M2_6_066_L	een 	ander 	vrouwe 	es 	die 	mi 	mint
M2_6_066_O	eene 	ander 	vrauwe 	es 	die 	my 	mint

M2_6_067_A	bouen 	al 	dat 	so 	leuende 	kint
M2_6_067_B	bouen 	al 	dat 	soe 	leuende 	kint
M2_6_067_D	bouen 	al 	dat 	sy 	leuende 	kent
M2_6_067_D2	en 	al 	dat 	sij 	leuende 	kint
M2_6_067_F	bouen 	al 	dat 	sij 	leuende 	kint
M2_6_067_G	bouen 	al 	dat 	si 	leuende 	kint
M2_6_067_L	bouen 	al 	dat 	si 	leuende 	kint
M2_6_067_O	bouen 	alle 	die 	zij 	leuende 	kint

M2_6_068_A	met 	ghestader 	trouwen
M2_6_068_B	mit 	ghestader 	trouwe
M2_6_068_D	met 	ghestadigher 	trouwen
M2_6_068_D2	 	ghestadiger 	trouwen
M2_6_068_F	met 	ghestader 	trouwen
M2_6_068_G	met 	gestader 	trouwen
M2_6_068_L	met 	gestaeder 	trouwen
M2_6_068_O	met 	ghestadigher 	trauwen

M2_6_069_A	die 		mi 	gheprijst 	es 	niet 	i 	twint
M2_6_069_B	die 	in 	my 	gheprijst 	es 	niet 	j 	twint
M2_6_069_D	die 	mijn 		gheprijs 	en 		heuet 	twint
M2_6_069_D2		in 	mi 	gheprijst 	es 			twint
M2_6_069_F	die 	in 	mi 	gheprijst 	es 			twint
M2_6_069_G	die 	in 	minen 	prijs 	en 	mach 		twint
M2_6_069_L	die 	niet 	mi 	geprijst 	es 			twint
M2_6_069_O	die 	en 	minne 	ic 		niet 	een 	twint

M2_6_070_A	maer 			die 	scoenste 	die 	men 	vint
M2_6_070_B	mar 			de 	scoenste 	diemen 		vint
M2_6_070_D	maer 	sy 	is 	die 	schoenste 	diemen 		vint
M2_6_070_D2	er 	si 	is 	die 	scoonste 	diemen 		vindt
M2_6_070_F		sij 	es 	die 	scoenste 	diemen 		vint
M2_6_070_G	maer 	si 	es 	die 	scoenste 	die 	men 	vint
M2_6_070_L	maer 			die 	scoenste 	die 	men 	vint
M2_6_070_O	zij 		es 	de 	scoonste 	die 	men 	vint

M2_6_071_A	ende 	bloeme 	van 	allen 	vrouwen
M2_6_071_B	ende 	blome 	bouen 	allen 	vrouwen
M2_6_071_D	ende 	bloem 	bouen 	alle 	vrouwen
M2_6_071_D2		bloeme 	bouen 	alle 	vrouwen
M2_6_071_F	ende 	spiegel 	van 	alle 	vrouwen
M2_6_071_G	ende 	spiegel 	van 	allen 	vrouwen
M2_6_071_L	ende 	spiegel 	van 	allen 	vrouwen
M2_6_071_O	ende 	speghel 	van 	allen 	vrauwen

M2_6_072_A	nu 	es 	mijn 	herte 			so 	hart 	i 	vlint
M2_6_072_B	nu 	es 	mijn 	harte 			so 	hart 	j 	blint
M2_6_072_D	nv 	is 	mijn 	herte 			soe 		een 	glint
M2_6_072_D2		es 	mijn 	herte 			soe 			verblint
M2_6_072_F	nu 	es 	mijn 	herte 			soe 			verblint
M2_6_072_G	nu 	es 	mijn 	herte 			so 		een 	vlint
M2_6_072_L			mijn 	herte 	dat 	es 	soe 	hart 		twint
M2_6_072_O	nu 	es 	mijn 	herte 			zo 	hart 	een 	vlint

M2_6_073_A	dat 	soe 	hare 	jet 	daer 	toe 			verbint
M2_6_073_B	dat 	so 	hair 		dair 	toe 		yet 	verbint
M2_6_073_D	dat 	hem 			daer 	toe 	niet 		verbint
M2_6_073_D2	 	hem 			daertoe 		niet 	en 	verbint
M2_6_073_F	dat 	sij 	haer 		dair 	toe 	niet 		verbint
M2_6_073_G	dat 	si 	hare 		daer 	toe 	niet 	en 	verbint
M2_6_073_L	mijn 	herte 		es 		soe 			verblent
M2_6_073_O	dat 	het 			daer 	toe 	hem 	yet 	verbint

M2_6_074_A	dat 	soese 			wille 	scouwen
M2_6_074_B	dat 	soese 	yet 		wille 	scouwen
M2_6_074_D	dat 	hyse 	yet 		wille 	scouwen
M2_6_074_D2	dat 	icse 	yet 		wille 	scouwen
M2_6_074_F	dat 	sijse 	yet 		wille 	scouwen
M2_6_074_G	dat 	sise 	iet 		wille 	scouwen
M2_6_074_L	dat 	icse 	niet 	en 	wille 	scouwen
M2_6_074_O	dat 	haer 			wille 	scauwen

M2_6_075_A	hoe 	lieue 	vpsien 	soe 		mi 	toe 	sint
M2_6_075_B	hoe 	lieff 		zoe 		mi 	toezint	
M2_6_075_D	hoe 	lief 	opsien 		si 	my 	toesint	
M2_6_075_D2	hoe 	lief 	opsien  		si 	mi 	toe 	sindt
M2_6_075_F	hoe 	lief 	opsien 		zij 	mi 	toe 	sint
M2_6_075_G	hoe 	lief 	op 	sien 	si 	mi 	toe 	sint
M2_6_075_L	hoe 	lief 	op 	sien 	si 	mi 	toe 	sent
M2_6_075_O	hoe 	lief 	vpsien 		zij 	my 	toesint	

M2_6_076_A		het 	dinct 	mire 	herte 	sijn 	i 		wint
M2_6_076_B		het 	dinct 	mire 	harten 	zijn 	al 		wint
M2_6_076_D		het 	dunct 	mijnre 	herten 		al 		wint
M2_6_076_D2		het 	dunct 	mijnder 	herten 		alsen 		
M2_6_076_F		het 	dunct 	mijnre 	herte 	zijn 			wijnt
M2_6_076_G		het 	dunct 	mi 			algader 		wint
M2_6_076_L	dat 	het 		mi 			al 	duncket 	wint
M2_6_076_O		het 	dijnct 	mijnre 	herten 	een 			wint

M2_6_077_A	soe 	liete 	hare 	eer 			bedouwen
M2_6_077_B	soe 	liet 	hair 	eer 	in 	stucken 	houwen
M2_6_077_D	si 	liet 	haer 		in 	stucken 	houwen
M2_6_077_D2	sij 	liet 	haer 	eer 	in 	stucken 	hou
M2_6_077_F	sij 	liet 	haer 	eer 	te 	stucken 	houwen
M2_6_077_G	si 	liet 	hare 	eer 	in 	stucken 	houwen
M2_6_077_L	si 	liet 	haer 	eer 	te 	stucken 	houwen
M2_6_077_O	zij 	liet 	haer 	eer 	an 	sticken 	hauwen

M2_6_078_A	eer 	soere 		omme 	quame 	in 	rouwen
M2_6_078_B	eer 	soer 		omme 	quame 	in 	rauwen
M2_6_078_D	eer 	sy 	daer 	om 	quame 	in 	rouwen
M2_6_078_D2	eer 	sij 	daer 	om 	quam 	in 	rouw
M2_6_078_F	eer 	zire 		om 	quame 	in 	rouwen
M2_6_078_G	eer 	siere 	iet 	om 	quame 	in 	rouwen
M2_6_078_L	eer 	siere 		omme 	quaem 	in 	rouwen
M2_6_078_O	eer 	zijer 		om 	quame 	in 	rauwen

M2_7_079_A	martin 	nv 	hore 	ende 	verstant
M2_7_079_B	mairtin 	nu 	hore 	ende 	verstant
M2_7_079_D	martijn 	hoert 		ende 	verstant
M2_7_079_D2	martijn 	hoort 		ende 	verstant
M2_7_079_F	merten 		hore 	ende 	verstant
M2_7_079_G	mertijn 	nu 	hore 	ende 	verstant
M2_7_079_L	merten 		hore 	ende 	verstant
M2_7_079_O	martin 	nu 	hore 	ende 	verstant

M2_7_080_A	dese 	twee 	sijn 	in 	een 	bewant
M2_7_080_B	dese 	twe 	zijn 	in 	een 	bewant
M2_7_080_D	dese 	twee 	sijn 	in 	een 	bedwant
M2_7_080_D2	dese 	twee 	sijn 	in 	een 	verbant
M2_7_080_F	dese 	ij 	siin 	in 	een 	bewant
M2_7_080_G	dese 	ij 	sijn 	in 	een 	bewant
M2_7_080_L	dese 	ij 	sijn 	in 	i 	bewant
M2_7_080_O	de 	twe 	zijn 	in 	een 	verbant

M2_7_081_A	dat 	costen 	moet 		seens 	leuen
M2_7_081_B	dat 	costen 	moet 	des 	eens 	leuen
M2_7_081_D	dat 	costen 	moet 	der 	eenre 	tleuen
M2_7_081_D2	dat 	costen 	moet 	der 	eenredle 	
M2_7_081_F	dat 	costen 	moet 	der 	eenre 	dleuen
M2_7_081_G	dat 	costen 	moet 	der 	eere 	dleuen
M2_7_081_L	dat 	costen 	moet 	der 	eren 	leuen
M2_7_081_O	dat 	costen 	moet 	der 	eenre 	leuen

M2_7_082_A	nu 	hebbic 		de 	macht 	in 	mijn 	hant
M2_7_082_B	nu 	hebbic 		de 	macht 	in 	mine 	hant
M2_7_082_D	nv 	heb 	ick 	die 	machte 	in 	die 	hant
M2_7_082_D2	nv 	heb 	ic 	die 	macht 	in 	die 	ha
M2_7_082_F	nu 	hebbic 		die 	macht 	in 	mijn 	hant
M2_7_082_G	nu 	hebbic 		die 	macht 	in 	mijn 	hant
M2_7_082_L	nv 	hebbic 		die 	macht 		inde 	hant
M2_7_082_O	nu 	hebbic 		de 	macht 	in 	mine 	hant

M2_7_083_A	welc 	ic 	wille 		ic 	breke 	den 	bant
M2_7_083_B	welker 				ic 	vrede 	den 	bant
M2_7_083_D	welcker 	ick 	wille 	breeck 	ic 		den 	bant
M2_7_083_D2	welcker 	ic 	wille 	breken 			den 	
M2_7_083_F	welker 	ic 	wil 	brekic 			den 	bant
M2_7_083_G	welker 	ic 	wille 	brekic 			den 	bant
M2_7_083_L	welker 	ic 	wille 	breken 			den 	cant
M2_7_083_O	welker 	ic 	wille 	breke 	ic 		den 	bant

M2_7_084_A	ende 	maghet 	hare 	al 	vergheuen
M2_7_084_B	ende 	mach 	hare 	al 	vergheuen
M2_7_084_D	ende 	macht 	haer 	al 	vergeuen
M2_7_084_F	ende 	macht 	haer 	al 	vergheuen
M2_7_084_G	ende 	mach 	hare 	al 	vergeuen
M2_7_084_L	ende 	maecht 	haer 	al 	vergheuen
M2_7_084_O	ende 	macht 	haer 	al 	vergheuen

M2_7_085_A	deene 	moeter 		laten 		den 	pant
M2_7_085_B	emmer 	moet 	dene 	geuen 		den 	pant
M2_7_085_D	immer 	moet 	deen 	quiten 		den 	pant
M2_7_085_F	deen 	moet 	emmer 	biten 		den 	cant
M2_7_085_G	deene 	moet 	emmer 	breken 		den 	bant
M2_7_085_L	emmer 	moet 	deen 	biten 		den 	tant
M2_7_085_O	emmer 	moet 	de 	eene 	ghenieten 	den 	pant

M2_7_086_A	den 	liefsten 	die 	god 	oint 	vant
M2_7_086_B	den 	liefste 	die 	god 	yet 	vant
M2_7_086_BR	den 	liefsten 	die 			
M2_7_086_D	den 	liefsten 	die 	god 	ye 	vant
M2_7_086_F	den 	liefsten 	die 	god 	ye 	vant
M2_7_086_G	den 	liefsten 	die 	nature 	ie 	vant
M2_7_086_L	den 	besten 	die 	god 	ie 	vant
M2_7_086_O	den 	hartsten 	die 	god 	ye 	gheuant

M2_7_087_A	hier 	toe 	sijn 	si 	verdreuen
M2_7_087_B	hier 	toe 	zijn 	zij 	bedreuen
M2_7_087_BR	hiertoe 		sijn 	si 	verdreuen
M2_7_087_D	hier 	toe 	sijn 	sy 	verdreuen
M2_7_087_F	hier 	toe 	siin 	zij 	verdreuen
M2_7_087_G	hier 	toe 	sijn 	si 	gedreuen
M2_7_087_L	hier 	toe 	sijn 	si 	verdreuen
M2_7_087_O	hier 	toe 	zijn 	zij 	verdreuen

M2_7_088_A	ne 	liech 	mi 	niet 	als 	i 	triwant
M2_7_088_B	en 	liegh 	mi 	niet 	als 	een 	truwant
M2_7_088_BR		liecht 	mi 	niet 	als 	een 	truwant
M2_7_088_D		liecht 	mi 	niet 	als 	een 	truwant
M2_7_088_F		liecht 	mi 	niet 	als 	een 	truwant
M2_7_088_G	en 	liech 	mi 	niet 	als 	een 	triwant
M2_7_088_L	en 	liecht 	mi 	niet 	als 	i 	truwant
M2_7_088_O	en 	liecht 	my 	niet 	als 	een 	truant

M2_7_089_A	maer 	sech 	mi 	an 	welken 	cant
M2_7_089_B	mer 	segt 	mi 	an 	welker 	cant
M2_7_089_BR	maer 	sech 	mi 	an 	welken 	cant
M2_7_089_D	maer 	segt 	mi 	ander 	welcker 	cant
M2_7_089_F	maer 	zeght 	mi 	aen 	welken 	cant
M2_7_089_G	maer 	sech 	mi 	ane 	welkere 	cant
M2_7_089_L	maer 	segt 	mi 	aen 	welken 	cant
M2_7_089_O	maer 	seght 	my 	an 	welken 	cant

M2_7_090_A		dijn 	herte 	es 	bleuen
M2_7_090_B	dine 		herte 	es 	bleuen
M2_7_090_BR		dijn 	herte 	es 	bleuen
M2_7_090_D		dijn 	herte 	is 	gebleuen
M2_7_090_F	diin 		herte 	es 	bleuen
M2_7_090_G	es 	dijn 	herte 		bleuen
M2_7_090_L		dijn 	herte 	es 	bleuen
M2_7_090_O	dijne 		herte 	es 	bleuen

M2_7_091_A	ende 		welke 	du 	liets 	sneuen
M2_7_091_B	ende 		welke 	du 	liets 	sneiuen
M2_7_091_BR	ende 	welker 		du 	liets 	sneuen
M2_7_091_D	ende 	welcker 		du 	liets 	sneuen
M2_7_091_F	ende 	welker 		du 	liets 	sneuen
M2_7_091_G	ende 	de 	welke 	du 	liets 	sneuen
M2_7_091_L	ende 		welke 	du 	liets 	sneuen
M2_7_091_O	ende 		welke 	du 	liets 	leuen

M2_8_092_A	iacop 	dins 			gheens 	vraghens 	waert
M2_8_092_B	iacop 	dits 			gheen 	vraghens 	wairt
M2_8_092_BR	iacop 	dits 			geens 	vragens 	waert
M2_8_092_D	iacop 		ten 	is 	gheen 	vragens 	waert
M2_8_092_F	iacop 	dits 			geens 	vragens 	waert
M2_8_092_G	iacob 	dins 			geens 	vragens 	wart
M2_8_092_L	iacop 	dit 	en 	es 	geens 	vragens 	waert
M2_8_092_O	iacob 	dit 	en 	es 	gheens 	vraghens 	wert

M2_8_093_A	die 	de 	waerheit 	niene 		spaert
M2_8_093_B	die 	de 	wairheit 	niet 	en 	spairt
M2_8_093_BR	die 	de 	waerheit 	niet 	en 	spaert
M2_8_093_D	die 	de 	waerheyt 	niet 	en 	spaert
M2_8_093_F	die 	de 	waerheit 	niet 	en 	spaert
M2_8_093_G	die 	de 	waerheit 	niet 	en 	spart
M2_8_093_L	die 	de 	waerheit 	niet 	en 	spaert
M2_8_093_O	die 	de 	waerheit 	niet 	en 	spaert

M2_8_094_A	heuet 	dit 	saen 	ontbonden
M2_8_094_B	heeft 	dit 	zaen 	ontbonden
M2_8_094_BR	heeft 	dit 	saen 	ontbonden
M2_8_094_D	heeft 	dit 	saen 	ontbonden
M2_8_094_F	heeft 	dit 	saen 	ontbonden
M2_8_094_G	heeft 	dit 	saen 	ontbonden
M2_8_094_L	heeft 	dit 	saen 	ontbonden
M2_8_094_O	heeft 	dit 	zaen 	ontbonden

M2_8_095_A	het 	es 	emmer 	der 	herten 	aert
M2_8_095_B	het 	is 	emmer 	der 	harten 	aert
M2_8_095_BR	hets 		emmer 	der 	herten 	aert
M2_8_095_D	hets 		emmer 	der 	herten 	aert
M2_8_095_D2		 	ymmer 	der 	herten 	aert
M2_8_095_F	hets 		emmer 	der 	herten 	aert
M2_8_095_G	het 	es 	emmer 	der 	herten 	art
M2_8_095_L	hets 		emmer 	der 	herten 	aert
M2_8_095_O	het 	es 	emmer 	der 	herten 	aert

M2_8_096_A	dat 	soe 	daer 	waert 	tijt 	ende 	vaert
M2_8_096_B	dat 	so 	dair 	wert 	tijt 	ende 	vairt
M2_8_096_BR	dat 		sider 	waert 	tijt 	ende 	vaert
M2_8_096_D	dat 	sy 	derwaerts 		tijt 	ende 	gaert
M2_8_096_D2			darwaerts 		tijdt 	ende 	vaert
M2_8_096_F	dat 	zij 	derwaert 		tijt 	ende 	vaert
M2_8_096_G	dat 	si 	derwert 		tijt 	ende 	gart
M2_8_096_L	dat 	si 	daer 	waert 	tijt 	ende 	vaert
M2_8_096_O	dat 	zoe 	daerwaert 		tiet 	ende 	vaert

M2_8_097_A	danen 		hare 	quamen 	die 	wonden
M2_8_097_B	danen 		hare 	quamen 	die 	wonden
M2_8_097_BR	danen 		haer 	quamen 	die 	wonden
M2_8_097_D	dan 	daen 	haer 	quamen 	de 	wonden
M2_8_097_D2		aen 	haer 	quamen 	die 	wonden
M2_8_097_F	danen 		haer 	quamen 	die 	wonden
M2_8_097_G	danen 		hare 	quamen 	die 	wonden
M2_8_097_L	danen 		haer 	quaemen 	die 	wonden
M2_8_097_O	daenen 		haer 	quamen 	de 	wonden

M2_8_098_A	al 	sout 	al 	varen 	inder 		vaert
M2_8_098_B	al 	soudt 	al 	varen 	inder 		vaert
M2_8_098_BR	al 	sout 	al 	varen 	ginderwaert		
M2_8_098_D	al 	sout 	al 	varen 	in 	die 	vaert
M2_8_098_D2		t 	al 	varen 	ghinderwaert		
M2_8_098_F	al 	sout 	al 	varen 	ghinder 	waert	
M2_8_098_G	al 	soudt 	al 	varen 	hinder 	wart	
M2_8_098_L	al 	sout 	al 	vaeren 	hinderwaert		
M2_8_098_O	al 	sout 	al 	varen 	hinderuaert		

M2_8_099_A		wat 	so 	wel 	varens 	begaert
M2_8_099_B	so 	wat 	dat 	wel 	varens 	begairt
M2_8_099_BR			dat 	weluarens 		begaert
M2_8_099_D			dat 	weluarens 		begaert
M2_8_099_D2				el 	varens 	begaert
M2_8_099_F		al 	dat 	weluarens 		begheert
M2_8_099_G		al 	dat 	wel 	varens 	begart
M2_8_099_L		al 	dat 	weluarens 		begaert
M2_8_099_O		wat 	dat 	weluaerens 		begaert

M2_8_100_A	nu 	ende 		tallen 	stonden
M2_8_100_B	nu 	ende 	te 	allen 	stonden
M2_8_100_BR	nv 	ende 		tallen 	stonden
M2_8_100_D	nv 	ende 	tot 	allen 	stonden
M2_8_100_D2		 	tot 	allen 	stonden
M2_8_100_F	nu 	ende 		tallen 	stonden
M2_8_100_G	nu 	ende 		tallen 	stonden
M2_8_100_O	nu 	ende 		tallen 	stonden

M2_8_101_A	ic 	verloeste 	die 	mi 	therte 	bezwaert
M2_8_101_B	jc 	lossede 	die 	mi 	therte 	verzwairt
M2_8_101_BR	jc 	verloeste 	die 	mi 	therte 	verswaert
M2_8_101_D	ick 	loste 	die 	mi 	therte 	beswaert
M2_8_101_D2		e 	die 	mi 	therte 	beswaert
M2_8_101_F	ic 	verloste 	die 	mi 	therte 	bezwaert
M2_8_101_G	jc 	verloeste 	die 	mi 	therte 	verswart
M2_8_101_O	jc 	verleeste 	die 	my 	therte 	bezwaert

M2_8_102_A	soudic 		hare 	dan 	doen 	smaken 	tswaert
M2_8_102_B	soude 	ic 	hare 	laten 		smaken 	tzwairt
M2_8_102_BR	soudic 		haer 	laten 		smaken 	tswaert
M2_8_102_D	soud 	ic 	haer 	laten 		smaken 	tswaert
M2_8_102_D2		ick 	haer 	laten 		smaken 	tswaert
M2_8_102_F	soudic 		haer 	laten 		smaken 	tzweert
M2_8_102_G	soudic 		haer 	laten 		smaken 	tswart
M2_8_102_O	soudic 		haer 	laten 		smaken 	tzwaert

M2_8_103_A	dat 	ware 	onder 	vonden
M2_8_103_B	dat 	ware 	onderuonden	
M2_8_103_BR	dat 	ware 	onderuonden	
M2_8_103_D	dat 	waer 	onderuonden	
M2_8_103_D2	are 	dan 	ondervonden	
M2_8_103_F	dat 	ware 	onderuonden	
M2_8_103_G	dat 	ware 	ondervonden	
M2_8_103_O	dat 	waere 	onderuonden	

M2_8_104_A	meerre 	moert 	dan 	sonden
M2_8_104_B	meerre 	mort 	danne 	zonden
M2_8_104_BR	meerder 	moert 	dan 	sonde
M2_8_104_D	meerder 	moort 	dan 	sonden
M2_8_104_D2		ermoort 	dan 	sonden
M2_8_104_F	meerder 	moort 	dan 	sonden
M2_8_104_G	meerre 	moert 	dan 	sonden
M2_8_104_O	meerder 	mort 	dan 	zonden

M2_9_105_A		tonghe 	lieghet 	maer 	therte 	niet
M2_9_105_B		tonge 	liecht 	mer 	tharte 	niet
M2_9_105_BR		tonghe 	liecht 	mer 	therte 	niet
M2_9_105_D	die 	tonghe 	liecht 	maer 	therte 	niet
M2_9_105_F		tonghe 	liecht 	maer 	therte 	niet
M2_9_105_G		tonge 	liecht 	maer 	therte 	niet
M2_9_105_O		tonghe 	liecht 	maer 	therte 	niet

M2_9_106_A	want 	so 	wat 	dat 	herte 	ghebiet
M2_9_106_B	want 	so 	wat 		tharte 	ghebiet
M2_9_106_BR		maer 	wat 		therte 	ghebiet
M2_9_106_D		maer 	wat 	soe 	therte 	ghebiet
M2_9_106_F		soe 	wat 		therte 	ghebiet
M2_9_106_G	want 	so 	wat 		therte 	gebiedt
M2_9_106_O	want 	soe 	wat 		therte 	ghebiet

M2_9_107_A	wilmen 			emmer 	vulbringhen
M2_9_107_B	wille 		men 	emmer 	volbringhen
M2_9_107_BR	wiltmen 				volbringen
M2_9_107_D	wiltmen 			ymmer 	volbringhen
M2_9_107_F	wiltmen 				volbringhen
M2_9_107_G	dat 	wilt 	men 	emmer 	volbringen
M2_9_107_O	wiltmen 			emmer 	vulbringhen

M2_9_108_A	wat 		es 	naersins 	ghesciet
M2_9_108_B	wat 		es 	nairchisuse 	ghesciet
M2_9_108_BR	wat 		es 	narsisus 	gesciet
M2_9_108_D	wat 		is 	narciscus 	gheschiet
M2_9_108_F		was 	es 	narsisus 	gheschiet
M2_9_108_G	wat 		es 	narsiusse 	gesciet
M2_9_108_O	wat 	was 		narchisus 	ghesciet

M2_9_109_A	die 	sine 	vorme 	spieghelt 	ende 	siet
M2_9_109_B	die 	sine 	vorme 	spieghelt 	ende 	siet
M2_9_109_BR	die 	sine 	vorme 	spiegelt 	ende 	siet
M2_9_109_D	die 	sine 	vorme 	spieghelt 	ende 	siet
M2_9_109_F	die 	sine 	forme 	spiegelt 	ende 	liet
M2_9_109_G	die 	sine 	vorme 	spiegelt 	ende 	siet
M2_9_109_O	die 	zijne 	vorme 	spieghelt 	ende 	ziet

M2_9_110_A	int 	water 	sonder 	minghen
M2_9_110_B	jnt 	water 	sonder 	minghen
M2_9_110_BR	jnt 	water 	sonder 	mingen
M2_9_110_D	int 	water 	sonder 	minghen
M2_9_110_F	int 	water 	sonder 	minghen
M2_9_110_G		jndwater 	sonder 	mingen
M2_9_110_O	jnt 	water 	sonder 	minghen

M2_9_111_A	hant 	ende 	mont 	hi 	dare 	waert 	biet
M2_9_111_B	hant 	ende 	mont 	hi 	dair 	wairt 	biet
M2_9_111_BR	hant 	ende 	mont 	hi 	derwaert 		biet
M2_9_111_D	hant 	ende 	mont 	hi 	derwaert 		biet
M2_9_111_F	hant 	ende 	mont 	hij 	derwaert 		biet
M2_9_111_G	hant 	ende 	mont 	hi 	daer 	toe 	biedt
M2_9_111_O	hant 	ende 	mont 	hi 	daerwaert 		biet

M2_9_112_A	hi 	bit 	hi 	claghet 	sijn 	verdriet
M2_9_112_B	hi 	bid 	hi 	claghet 	zijn 	verdriet
M2_9_112_BR	hi 	bidt 	hi 	claecht 	sijn 	verdriet
M2_9_112_D	hi 	bidt 	hi 	claecht 	sijn 	verdriet
M2_9_112_F	hij 	bit 	hij 	claecht 	siin 	verdriet
M2_9_112_G	hi 	bidt 	hi 	claecht 	sijn 	verdriet
M2_9_112_O	hij 	bidt 	ende 	claghet 	zijn 	verdriet

M2_9_113_A	natuere 	ne 	wils 	niet 	ghehinghen
M2_9_113_B	nature 	en 	wils 		ghehinghen
M2_9_113_BR	natuere 		wils 	niet 	gehingen
M2_9_113_D	natuere 	en 	wils 		ghehinghen
M2_9_113_F	nature 	en 	wils 	niet 	ghehingen
M2_9_113_G	nature 	en 	wouts 	niet 	gehingen
M2_9_113_O	nature 	en 	wils 	niet 	ghehinghen

M2_9_114_A	dat 	hem 	can 	ghehelpen 	niet
M2_9_114_B	dat 	hem 	can 	ghehelpen 	yet
M2_9_114_BR	dat 	hem 	can 	gehulpen 	iet
M2_9_114_D	dat 	hem 	can 	gehelpen 	yet
M2_9_114_F	datti 	hem 	can 	ghehelpen 	yet
M2_9_114_G	dat 	hem 	conste 	gehulpen 	iet
M2_9_114_O	dat 	hem 	can 	ghehelpen 	yet
M2_9_114_Z	dat 	hem 	can 	gehulpen 	iet

M2_9_115_A	hi 	dolt 	alse 	hi 	wel 		selue 	siet
M2_9_115_B	hi 	doolt 	als 	hi 	wel 		selue 	ghiet
M2_9_115_BR	hine 	doelt 	soe 	hi 			selue 	siet
M2_9_115_D	hi 	doelt 	als 	hi 			selue 	siet
M2_9_115_F	hine 	doelt 	als 	hijt 			selue 	siet
M2_9_115_G	hi 	doelde 	also 	hi 			selue 	siet
M2_9_115_O			als 	hi 	wel 	in 	hemseluen 	siet
M2_9_115_Z	hine 	doelt 	alse 	hi 	wel 			ziet

M2_9_116_A	hine 		constem 			niet 	bedwinghen
M2_9_116_B	hi 	en 	conste 	sijn 	harte 		dwinghen
M2_9_116_BR	hine 		conste 	sijn 	herte 	niet 	bedwingen
M2_9_116_D	hi 	en 	conste 			niet 	bedwinghen
M2_9_116_D2	hi 	en 	konst 		hem 	niet 	bedw
M2_9_116_F	hine 		const 		hem 	niet 	bedwingen
M2_9_116_G	hine 		conste 	sijn 	herte 		bedwingen
M2_9_116_O	nochtan 		const 	hi 	hem 	niet 	bedwinghen
M2_9_116_Z	sine 		conste 	sijn 	herte 		bedwingen

M2_9_117_A	hine 		staerf 	bi 	desen 	dinghen
M2_9_117_B	hi 		starf 	van 	desen 	dinghen
M2_9_117_BR	hine 		sterf 	bi 	desen 	dingen
M2_9_117_D	hi 	en 	starf 	by 	dese 	dinghen
M2_9_117_D2	hi 	en 	sterf 	bi 	desen 	dingen
M2_9_117_F	hine 		sterf 	bij 	desen 	dinghen
M2_9_117_G	hine 		sterf 	bi 	desen 	dingen
M2_9_117_O	hi 	en 	staerf 	bi 	deesen 	dijnghen
M2_9_117_Z	hi 		sterf 	bi 	desen 	dingen

M2_10_118_A	medea 	toghet 	ons 	selue 	dat
M2_10_118_B	medea 	toocht 	ons 	selue 	dat
M2_10_118_BR	medea 	toent 	ons 	selue 	dat
M2_10_118_D	medea 	toghet 	ons 	selue 	dat
M2_10_118_D2	medea 	toocht 	ons 	selue 	de 
M2_10_118_F	medea 	toont 	ons 	selue 	dat
M2_10_118_G	medea 	toecht 	ons 	selue 	dat
M2_10_118_O	medea 	toecht 	ons 	selue 	dat
M2_10_118_Z	medea 	toent 	ons 	selue 	dat

M2_10_119_A	die 	rouede 	ende 	stal 	haers 	vader 	scat
M2_10_119_B	die 	rouede 	ende 	stal 	hairs 	vaders 	scat
M2_10_119_BR	die 	rouede 	ende 	stal 	haers 	vader 	scat
M2_10_119_D	die 	roofde 	ende 	stal 	haer 	vaders 	scat
M2_10_119_D2	die 	roofde 	ende 	stal 	haers 	v	
M2_10_119_F	die 	rouede 	ende 	stal 	hairs 	vaders 	scat
M2_10_119_G	die 	roefde 	ende 	stal 	hars 	vader 	scat
M2_10_119_O	die 	roofde 	ende 	stal 	haers 	vaders 	scat
M2_10_119_Z	die 	rouede 	ende 	stal 	haers 	vader 	scat

M2_10_120_A	ende 	verslouch 	haren 	broeder
M2_10_120_B	ende 	verslouch 	haren 	broeder
M2_10_120_BR	ende 	versloech 	haren 	br
M2_10_120_D	ende 	versloech 	haren 	broeder
M2_10_120_D2	ende 	versloech 	haren 	broed
M2_10_120_F	ende 	verslouch 	haren 	broeder
M2_10_120_G	ende 	versloech 	haren 	broeder
M2_10_120_O	ende 	vermoorde 	haeren 	broeder
M2_10_120_Z	ende 	sloech 	haren 	broeder

M2_10_121_A	om 	jazoene 	dies 	haer 	cume 	bat
M2_10_121_B	om 	jazonne 	dies 	hair 	cume 	bat
M2_10_121_BR	om 	nasoene 	dies 	haer 	cume 	bat
M2_10_121_D	om 	iasoen 	die 	haer 	cume 	bat
M2_10_121_D2	om 	iason 	dies 	haer 	cume	
M2_10_121_F	om 	naersoen 	dies 	hair 	cume 	bat
M2_10_121_G	om 	iasoene 	dies 	hare 	cume 	bat
M2_10_121_O	om 	jazone 	dies 	haer 	cumebat	
M2_10_121_Z	om 	nasoen 	dies 	haer 	cume 	bat

M2_10_122_A	soe 	liet 	coninc 	rike 	ende 	scat
M2_10_122_B	si 	liet 	conincrike 		ende 	stat
M2_10_122_BR	si 	liet 	conincrike 		ende 	scat
M2_10_122_D	sy 	liet 	conincrijke 		ende 	stat
M2_10_122_D2		liet 	sij 	conincrijc 	ende 	stadt
M2_10_122_F	sij 	liet 	conincrike 		ende 	scat
M2_10_122_G	si 	liet 	conincrike 		ende 	scat
M2_10_122_O	soe 	liet 	coninc 	rijke 	ende 	scat
M2_10_122_Z	si 	liet 	conincrike 		ende 	stcat

M2_10_123_A	vader 		suster 	ende 	moeder
M2_10_123_B	vader 		zuster 	ende 	moeder
M2_10_123_D	vader 		suster 	ende 	moeder
M2_10_123_D2	vader 		suster 	ende 	m
M2_10_123_F	vader 	ende 	suster 	ende 	moeder
M2_10_123_G	vader 		suster 		broeder
M2_10_123_O	vader 		zuster 	ende 	moeder
M2_10_123_Z	vader 		suster 		moeder

M2_10_124_A	nochtan 	daer 	soe 	alleene 	sat
M2_10_124_B	nochtanne 	dair 	so 	allene 	zat
M2_10_124_D	nochtan 	daer 	sy 	alleene 	sat
M2_10_124_D2	nochtans 	daer 	sije		
M2_10_124_F	nochtan 	daer 	sij 	alleene 	sat
M2_10_124_G	nochtan 	daer 	si 	selue 	sat
M2_10_124_O	nochtan 	daer 	zij 	alleene 	zat
M2_10_124_Z	nochtan 	daer 	si 	alleene 	sat

M2_10_125_A	wijsde 	hare 	redene 	den 	rechten 	pat
M2_10_125_B	wijsde 	hair 	redene 	den 	rechten 	pat
M2_10_125_BR	wijsde 	haer 	redene 	den 	rechten 	pat
M2_10_125_D	wijsde 	haer 	reden 	den 	rechten 	pat
M2_10_125_D2	wijsde 	haer 	rede			
M2_10_125_F	wijsde 	haer 	redene 	den 	rechten 	pat
M2_10_125_G	wijsde 	har 	redene 	den 	rechten 	pat
M2_10_125_O	wijsde 	haer 	redene 	den 	rechten 	pat
M2_10_125_Z	wijsde 	haer 	reden 	den 	rechten 	pat

M2_10_126_A	al 	volghede 	soe 	den 	loeder
M2_10_126_B	al 	volghede 	so 	den 	loeder
M2_10_126_BR	al 	volget 	si 	den 	loeder
M2_10_126_D	al 	volghede 	sy 	den 	loeder
M2_10_126_F	al 	volghede 	zij 	den 	loeder
M2_10_126_G	al 	volge 	si 	den 	loeder
M2_10_126_O	al 	volgde 	zij 	den 	loeder
M2_10_126_Z	al 	volgde 	si 	den 	loeder

M2_10_127_A	maer 	therte 		was 	hare 	so 	mat
M2_10_127_B	mer 	tharte 		was 	hare 	so 	mat
M2_10_127_BR	maer 	therte 		was 	haer 	soe 	mat
M2_10_127_D	maer 	therte 		was 	haer 	soe 	mat
M2_10_127_F	maer 	therte 		was 	hair 	so 	mat
M2_10_127_G	mer 	therte 	dat 	was 	hare 	so 	mat
M2_10_127_O	maer 	therte 		was 	haer 	zo 	mat
M2_10_127_Z	maer 	therte 		was 	haer 	soe 	mat

M2_10_128_A	daer 	minne 		in 	hadde 	ghemaect 	i 	gat
M2_10_128_B	dair 	minne 		in 	hadde 	gemaict 	j 	gat
M2_10_128_BR	daer 	minne 		in 	had 	gemaect 	j 	gat
M2_10_128_D	daer 	minne 	had 	in 		gemaect 	een 	gat
M2_10_128_F	dair 	minne 		in 	hadde 	gemaect 	j 	gat
M2_10_128_G	daer 	minne 		in 	hadde 	gemaect 	een 	gat
M2_10_128_O	daer 	minne 		in 	hadde 	ghemaect 	j 	gat
M2_10_128_Z	daer 	minne 		in 		maecte 	een 	gat

M2_10_129_A	wille 	hilt 	den 	roeder
M2_10_129_B	wille 	helt 	den 	roeder
M2_10_129_BR	wille 	hielt 	den 	loeder
M2_10_129_D	wille 	hielt 	den 	roeder
M2_10_129_F	wille 	hielt 	den 	roeder
M2_10_129_G	wille 	hilt 	den 	roeder
M2_10_129_O	wille 	hilt 	den 	roeder
M2_10_129_Z	wille 	hilt 	den 	roeder

M2_10_130_A	al 	was 	die 	redene 	vroeder
M2_10_130_B	al 	was 	die 	redene 	vroeder
M2_10_130_BR	al 	was 	die 	redene 	vroeder
M2_10_130_D	al 	was 	die 	reden 	vroeder
M2_10_130_F	al 	was 	die 	redene 	vroeder
M2_10_130_G	al 	was 	de 	redene 	vroeder
M2_10_130_O	al 	was 		redene 	vroeder
M2_10_130_Z	al 	was 		reden 	vreder

M2_11_131_A	exempel 	vindic 		sonder 	ghetal
M2_11_131_B	exempelen 	vindic 		sonder 	getal
M2_11_131_BR	exemple 	vindic 		sonder 	getal
M2_11_131_D	exempel 	vinde 	ick 	sonder 	ghetal
M2_11_131_F	exempel 	vindic 		sonder 	getal
M2_11_131_G	exempel 	vindic 		sonder 	getal
M2_11_131_O	exempel 	vindic 		sonder 	ghetal
M2_11_131_Z	exempel 	vindic 		nder 	getal

M2_11_132_A	die 	met 	mi 		souden 	lyen 	al
M2_11_132_B	die 	mit 	mi 		souden 	lien 	al
M2_11_132_BR	die 	met 	mi 		souden 	lien 	al
M2_11_132_D	die 	met 	mi 		souden 	liden 	al
M2_11_132_F	die 	met 	mi 	lyen 	souden 		al
M2_11_132_G	die 	met 	mi 		souden 	lien 	al
M2_11_132_O	die 	met 	my 		zouden 	lyen 	al
M2_11_132_Z	die 	met 	mi 		souden 	lien 	al

M2_11_133_A	dat 	ic 	hare 	tleuen 	gaue
M2_11_133_B	dat 	ic 	hare 	tleuen 	gaue
M2_11_133_BR	dat 	ic 	haer 	dleuen 	gaue
M2_11_133_D	dat 	ick 	haer 	tleuen 	gaue
M2_11_133_F	dat 	ic 	haer 	dleuen 	gaue
M2_11_133_G	dat 	ic 	hare 	dleuen 	gaue
M2_11_133_O	dat 	ic 	haer 	tleuen 	gaue
M2_11_133_Z	datic 		haer 	dleuen 	gaue

M2_11_134_A	die 	mi 	therte 	rouede 	ende 	stal
M2_11_134_B	die 	mi 	tharte 	rouede 	ende 	stal
M2_11_134_BR	die 	mi 	therte 	rouede 	ende 	stal
M2_11_134_D	die 	mi 	therte 	roofde 	ende 	stal
M2_11_134_F	die 	mi 	therte 	rouede 	ende 	stal
M2_11_134_G	die 	mi 	therte 	roefde 	ende 	stal
M2_11_134_O	die 	mi 	therte 	roofde 	ende 	stal
M2_11_134_Z	die 	mi 		rouede 	ende 	stal

M2_11_135_A	iacop 		mac 	mi 	gheen 	ghescal
M2_11_135_B	jacop 		maec 	mi 	gheen 	gescal
M2_11_135_BR	jacop 		maect 	mi 	geen 	gescal
M2_11_135_D	iacop 		maect 	my 	gheen 	ghescal
M2_11_135_F	iacop 		maect 		gheen 	ghescal
M2_11_135_G	jacop 	en 	maect 	mi 	geen 	gescal
M2_11_135_O	jacop 	en 	maect 	ons 	gheen 	ghescal
M2_11_135_Z	jacop 		maec 		geen 	gescal

M2_11_136_A	hier 		en 	sceedicx 		niet 	ave
M2_11_136_B	hier 			sceidics 		niet 	aue
M2_11_136_BR	hier 		en 	scedics 		niet 	aue
M2_11_136_D	hier 		en 	scheyde 	ick 	niet 	aue
M2_11_136_F	hier 		en 	scedics 		niet 	aue
M2_11_136_G	hier 		en 	schedics 		niet 	aue
M2_11_136_O	hier 	met 	en 	scede 	icx 	niet 	aue
M2_11_136_Z	hier 			sceedix 		mniet 	aue

M2_11_137_A	al 	tvolc 	dat 	woent 	sonder 	ghetal
M2_11_137_B	al 	tvolc 	dat 	woent 	sonder 	getal
M2_11_137_BR	al 	tfolc 	dat 	woent 	sonder 	getal
M2_11_137_D	al 	tvolck 	dat 	woent 	sonder 	ghetal
M2_11_137_D2			t 	woent 	sonder 	ghetal
M2_11_137_F	al 	tfolc 	dat 	woent 	sonder 	getal
M2_11_137_G	al 	tfolc 	dat 	woent 	sonder 	getal
M2_11_137_O	al 	tvolc 	dat 	woent 	zonder 	ghetal
M2_11_137_Z		altfolc 	dat 	woent 	sonder 	getal

M2_11_138_A	beede 		vp 	berch 	ende 	vp 	dal
M2_11_138_B	bede 		op 	berg 	ende 	in 	dal
M2_11_138_BR	jnt 	lant 	op 	berch 	ende 	int 	dal
M2_11_138_D	beyde 		op 	berghe 	ende 	in 	dal
M2_11_138_D2				berch 	ende 	in 	dal
M2_11_138_F	int 	lant 	op 	berch 	ende 	int 	dal
M2_11_138_G	jn 	borge 	in 	steden 	ouer 		al
M2_11_138_O	bede 		vp 	berch 	ende 	int 	dal
M2_11_138_Z	beide 		op 	berch 	ende 	int 	dal

M2_11_139_A	eist 	coninc 		ofte 	graue
M2_11_139_B	jst 	coninc 		ist 	graue
M2_11_139_D	eest 	coninck 		oft 	graue
M2_11_139_D2		c 	hertoge 	of 	graue
M2_11_139_F		coninc 	hertoghe 	ofte 	graue
M2_11_139_G		coninc 	hertoge 	ende 	graue
M2_11_139_O	eist 	coninc 		ofte 	graue
M2_11_139_Z		coninc 	hertoge 		graue

M2_11_140_A	dijn 	proeuen 	wert 	hier 	jeghen 	smal
M2_11_140_B	dijn 	prouen 	wart 	hier 	jegen 	smal
M2_11_140_BR	dijn 	proeuen 	waer 	hier 	iegen 	smal
M2_11_140_D	dijn 	proeuen 	is 	hier 	tieghen 	smal
M2_11_140_D2		uen 	is 	hier 	tegen 	smal
M2_11_140_F	diin 	proeuen 	waer 	hier 	ieghen 	smal
M2_11_140_G	dijn 	proeuen 	ware 	hier 	iegen 	smal
M2_11_140_O	dijn 	prouuen 	wert 	hier 	ieghen 	smal
M2_11_140_Z	haer 	proeuen 	wert 	hier 	iegen 	smal

M2_11_141_A		hen 	sal 		niet 	wert 	sijn 		een 	bal
M2_11_141_B		hen 	sal 		niet 	wairt 	zijn 		een 	bal
M2_11_141_BR		en 	sal 	di 	niet 	waert 	sijn 		een 	bal
M2_11_141_D	ende 	en 	sal 		niet 	waert 	sijn 		een 	bal
M2_11_141_D2				 	niet 	weert 	sijn 		een 	bal
M2_11_141_F		en 	sal 	dij 	niet 	weert 	siin 		een 	bal
M2_11_141_G		en 	sal 	di 	niet 	wert 	sijn 		enen 	bal
M2_11_141_O		en 	zal 	el 	niet 		zijn 	dan 	een 	bal
M2_11_141_Z	hine 		sal 	di 	niet 	waert 	sijn 		een 	bal

M2_11_142_A	ghevullet 		met 		draue
M2_11_142_B	gheuollet 		mit 		draue
M2_11_142_BR		geuult 	met 		caue
M2_11_142_D	gheuollet 		met 		caue
M2_11_142_D2		t 	met 		caue
M2_11_142_F	ghevult 		met 		caue
M2_11_142_G	al 	geuult 	met 		caue
M2_11_142_O		gheuult 	met 	soghten 	caue
M2_11_142_Z		gheuult 	met 		caue

M2_11_143_A	also 	helpe 	mi 	sente 	baue
M2_11_143_B	also 	help 	mi 	sinte 	baue
M2_11_143_BR	alsoe 	hulpe 	mi 	sinte 	baue
M2_11_143_D	soe 	helpt 	my 	sinte 	baue
M2_11_143_D2			mi 	se 	baue
M2_11_143_F	alsoe 	hulpe 	mi 	sinte 	baue
M2_11_143_G	also 	hulpe 	mi 	sente 	baue
M2_11_143_O	alzo 	helpe 	my 	sente 	baue
M2_11_143_Z	soe 	hulpe 	mi 	sente 	baue

M2_12_144_A	iacop 	du 	best 	een 	stout 	seriant
M2_12_144_B	martin 	du 	best 	een 	stout 	seriant
M2_12_144_BR	merten 	du 	best 	een 	stout 	seriant
M2_12_144_D	martijn 	du 	biste 	een 	stout 	seriant
M2_12_144_D2	gh 			n 	stout 	sergiant
M2_12_144_F	merten 	du 	best 	een 	stout 	seriant
M2_12_144_G	mertijn 	du 	bes 	een 	stout 	seriant
M2_12_144_O	martin 	du 	best 	j 	stout 	sergant
M2_12_144_Z	merten 	du 	best 	j 	stont 	seriant

M2_12_145_A	dats 	i 	vast 	cnoep 	ende 	i 	vast 	bant
M2_12_145_B	dats 	een 	vaste 	knoop 	ende 	j 	vaste 	bant
M2_12_145_BR	dats 	een 	vast 	cnoop 	ende 			bant
M2_12_145_D	dats 	een 	vaste 	knoop 		een 	vaste 	bant
M2_12_145_D2		n  		op 	ende 		vast 	bant
M2_12_145_F	dats 	een 	vast 	knoop 	ende 			bant
M2_12_145_G	dats 	een 	vast 	cnoep 	ende 	een 	vast 	bant
M2_12_145_O	dats 	een 	vast 	cnoop 	ende 	j 		bant
M2_12_145_Z	dats 	een 	vast 	knoep 	ende 			bant

M2_12_146_A	die 	niemen 		mach 	ontbinden
M2_12_146_B	die 	nieman 	en 	can 	ontbinden
M2_12_146_BR	die 	niemant 	en 	can 	ontbinden
M2_12_146_D	die 	nyemant 	en 	can 	ontbinden
M2_12_146_D2			n 		ontbinden
M2_12_146_F	die 	niement 	en 	can 	ontbinden
M2_12_146_G	die 	niemen 	en 	can 	ontbinden
M2_12_146_O	die 	niement 		mach 	ontbinden
M2_12_146_Z	die 	niemen 		can 	ontbinden

M2_12_147_A	die 	cnoep 	die 	alexander 	bant
M2_12_147_B	die 	knoop 	die 	alexander 	vant
M2_12_147_BR	den 	cnoop 	die 	alexander 	bant
M2_12_147_D	den 	knoop 	die 	alexander 	vant
M2_12_147_F	den 	knoop 	die 	alexander 	bant
M2_12_147_G	dien 	cnoep 	dien 	alexander 	vant
M2_12_147_O	den 	cnoop 	die 	alexander 	bant
M2_12_147_Z	die 	cnoep 	die 	alexander 	vant

M2_12_148_A	ontcnochte 	sijn 	zwaert 	niet 	sijn 	hant
M2_12_148_B	ontknochte 	zijn 	zwairt 	niet 	zijn 	hant
M2_12_148_BR	ontknocht 	sijn 	swaert 	niet 	sijn 	hant
M2_12_148_D	ontknocht 	sijn 	zwaert 	met 	zijnre 	hant
M2_12_148_F	ontknocht 	siin 	zweert 	niet 	sijn 	hant
M2_12_148_G	ontcnoechte 	sijn 	swert 	metter 		hant
M2_12_148_O	ontknochte 	zijn 	zweert 	niet 	zijn 	hant
M2_12_148_Z	ontknochte 	zijn 	swaert  			hant

M2_12_149_A	alse 	hijs 	hem 	wilde 	bewinden
M2_12_149_B	als 	hijs 	hem 	wilde 	bewinden
M2_12_149_BR	als 	hijs 	hem 	wilde 	bewinden
M2_12_149_D	als 	hijs 	hem 	wil 	bewinden
M2_12_149_F	als 	hijs 	hem 	wilde 	bewinden
M2_12_149_G	als 	hijs 	hem 	woude 	bewinden
M2_12_149_O	als 	hijs 	hes 	wilde 	bewinden
M2_12_149_Z	alse 	hijs 	hem 	we 	bewinden

M2_12_150_A	laet 		ghetaken 	an 	uwen 	cant
M2_12_150_B	laet 	mi 	ghenaken 	an 	dinen 	cant
M2_12_150_BR	laet 	mi 	genaken 	an 	dinen 	cant
M2_12_150_D	laet 	my 	ghenaken 	aen 	uwen 	cant
M2_12_150_F	laet 	mi 	ghenaken 	an 	dinen 	kant
M2_12_150_G	laet 	mi 	genaken 	an 	dinen 	cant
M2_12_150_O	laet 	my 	ghenaken 	an 	uwen 	cant
M2_12_150_Z	laet 	mi 	genaken 		uwen 	cant

M2_12_151_A	men 	sal 	hu 		vroetscap 		te 	hant
M2_12_151_B	ghi 	sult 	noch 	verste 	vroescap 		te 	hant
M2_12_151_BR	men 	sal 		v 	vroetscap 	al 	te 	hant
M2_12_151_D				vwe 	vroetscap 	suldi 	te 	hant
M2_12_151_F	men 	sal 		v 	vroetscap 		te 	hant
M2_12_151_G	men 	sal 	dijn 		vroetscap 	alte 		hant
M2_12_151_O	ghi 	zult 		v 	vroescap 	al 	te 	hant
M2_12_151_Z	men 	sal 		v 		wijsheit 	te 	hant

M2_12_152_A	tellen 	metten 	kinden
M2_12_152_B	tellen 	mitten 	kinden
M2_12_152_BR	tellen 	metten 	kinden
M2_12_152_D	tellen 	metten 	kinden
M2_12_152_F	tellen 	metten 	kinden
M2_12_152_G	tellen 	metten 	kinden
M2_12_152_O	tellen 	metten 	kinde
M2_12_152_Z	tellen 	metten 	kinden

M2_12_153_A	also 	vele 	alse 	dieden 	mach 	i 	zant
M2_12_153_B	also 	vele 	als 	dieden 	mach 	een 	zant
M2_12_153_BR	alsoe 	vele 	als 	dieden 	mach 	j 	se
M2_12_153_D	alsoe 	vele 	als 		helpt 	een 	sant
M2_12_153_F	also 	vele 	als 	dieden 	mach 	een 	sant
M2_12_153_G	also 	vele 	als 	dieden 	mach 	een 	sant
M2_12_153_O	alzo 	vele 	als 	diden 	mach 	j 	sant
M2_12_153_Z	alsoe 	vele 	als 	dieden 	mach 	j 	sant

M2_12_154_A	ieghen 	casselberghe 	in 	vlaenderlant
M2_12_154_B	jeghen 	cassenberch 	in 	vlaenderlant
M2_12_154_BR	jegen 	casselberch 	in 	vlaenderlant
M2_12_154_D	ieghen 	casselberch 	in 	vlaenderlant
M2_12_154_F	jeghen 	casselberch 	in 	vlaenderlant
M2_12_154_G	jegen 	casselberch 	in 	vlaenderlant
M2_12_154_O	jeghen 	casselberch 	in 	vlaenderlant
M2_12_154_Z	jegen 	casselberch 	in 	vlaenderlant

M2_12_155_A	sal 	dieden 	hier 	hu 	vinden
M2_12_155_B	sal 	dieden 	hier 	v 	binden
M2_12_155_BR	sal 	diden 	hier 	v 	vinden
M2_12_155_D	sal 	dieden 	hier 	v 	vinden
M2_12_155_F	sal 	dieden 	hier 	v 	vinden
M2_12_155_G	sal 	dieden 	nu 	dijn 	vinden
M2_12_155_O	sal 	dieden 	nu 	v 	vinden
M2_12_155_Z	sal 	dieden 	hier 	v 	vinden

M2_12_156_A	al 	waendi 	mi 	verblinden
M2_12_156_B	al 	waendi 	mi 	verblinden
M2_12_156_BR	al 	waendi 	mi 	verblinden
M2_12_156_D	al 	waendi 	mi 	verblinden
M2_12_156_F	al 	waendi 	mi 	verblinden
M2_12_156_G	al 	waendi 	nu 	verblinden
M2_12_156_O	al 	waendi 	my 	verblinden
M2_12_156_Z	al 	waendi 	mi 	verblinden

M2_13_157_A	ghi 	wilt 	sterken 	uwe 	wort
M2_13_157_B	ghi 	wilt 	starcken 	uwe 	woirt
M2_13_157_BR	ghi 	wilt 	sterken 	uwe 	woert
M2_13_157_D	ghi 	wilt 	stercken 	uwe 	woert
M2_13_157_F	ghij 	wilt 	stercken 	uwe 	woirt
M2_13_157_G	ghi 	wilt 	sterken 	uwe 	woert
M2_13_157_O	ghi 	wilt 	sterken 	uwe 	woort
M2_13_157_Z	ghi 	wilt 	sterken 	uwe 	wort

M2_13_158_A	die 	ghi 	nv 	hier 		bringhet 	vort
M2_13_158_B	die 	ghi 	ons 	hier 		bringhet 	voirt
M2_13_158_BR	die 	ghi 	met 	fauelen 	brinct 		voort
M2_13_158_D	die 	ghi 		hier 		bringhet 	voert
M2_13_158_D2	dat 	ghi 		hier 		bringhet 	voort
M2_13_158_F	die 	ghij 	met 	fabulen 	brinct 		voirt
M2_13_158_G	die 	gi 	met 	fauelen 		bringet 	vort
M2_13_158_O	die 	ghi 		hier 	nu 	bringhet 	voort
M2_13_158_Z	die 	gi 	met 	fauelen 	brinct 		vort

M2_13_159_A	met 	truffen 	ende 	met 	poetrien
M2_13_159_B	mit 	trufen 	ende 	mit 	poetrien
M2_13_159_BR			ende 	met 	poterien
M2_13_159_D	met 	fabulen 	ende 		poetrien
M2_13_159_D2	met 	fabulen 	ende 		poeterijen
M2_13_159_F		off 		met 	poeteryen
M2_13_159_G			ende 	met 	potrien
M2_13_159_O	met 	truffen 	ende 		poetrien
M2_13_159_Z			ende 	¨ 	poterien

M2_13_160_A	of 		medea 	dede 		moort
M2_13_160_B		ende 	medea 	dede 	die 	moort
M2_13_160_BR	oft 		medea 	dede 	moert	
M2_13_160_D	of 		medea 	dede 	moert	
M2_13_160_D2	oft 		medea 	dede 		moort
M2_13_160_F	oft 		medea 	dede 		moort
M2_13_160_G	of 	te 	medea 	dede 	moert	
M2_13_160_O	oft 		medea 	dede 		moort
M2_13_160_Z	oft 		mea 	dede 	mort	

M2_13_161_A	ende 		hem 	naersus 	heuet 	versmort
M2_13_161_B	of 		hem 	merchisus 	heeft 	versmoirt
M2_13_161_BR	ende 		hem 	narsisus 	heeft 	versmoort
M2_13_161_D	ende 			narciscus 	heeft 	versmoert
M2_13_161_D2	ende 		hem 	narcisius 	heeft 	versmoort
M2_13_161_F	ende 		hem 	narciscus 	heeft 	versmoort
M2_13_161_G	ende 	narsius 	hem 		heeft 	versmoert
M2_13_161_O	ende 		hem 	narchisus 		versmoort
M2_13_161_Z	ende 		hem 	narsisus 	heuet 	versmoort

M2_13_162_A	dats 	minne 	van 	sottien
M2_13_162_B	dits 	minne 	van 	zottien
M2_13_162_D	dits 	minne 	van 	sottien
M2_13_162_D2	dits 	minne 	van 	sottyen
M2_13_162_F	dats 	minne 	van 	sottyen
M2_13_162_G	dits 	minne 	van 	sottien
M2_13_162_O	dits 	minne 	van 	sottien
M2_13_162_Z	dats 	minne 	van 	sottien

M2_13_163_A	dit 	wort 	minne 	ende 	datter 	toe 	hort
M2_13_163_B	dit 	woort 	minne 	ende 	datter 	toehoirt	
M2_13_163_BR			minne 	ende 	datter 	toehoort	
M2_13_163_D			minne 	ende 	datter 	toe 	behoert
M2_13_163_D2			minne 	ende 	datter 	toebehoort	
M2_13_163_F			minne  	ende 	datter 	toebehoort	
M2_13_163_G	dit 	woert 	minne 	ende 	datter 	toe 	behoert
M2_13_163_O	dit 	woort 	minne 	ende 	datter 	toe 	hoort
M2_13_163_Z			minne 	ende 	datter 	toe 	hoert

M2_13_164_A	en 	was 		met 	minnen 	noit 	begort
M2_13_164_B	ne 	was 	noyt 	mit 	sonden 		begoort
M2_13_164_BR		was 		met 	sonden 	nie 	becoort
M2_13_164_D	en 	was 		met 	sonden 	nye 	begoert
M2_13_164_D2	en 	was 		met 	sonden 	nye 	betoort
M2_13_164_F		was 		met 	sonden 	niet 	becoort
M2_13_164_G	en 	was 		met 	sonden 	nie 	becoert
M2_13_164_O	en 	was 		met 	zonden 	nie 	begoort
M2_13_164_Z		was 		met 	sonde 	noit 	becort

M2_13_165_A	noch 		met 	ribaudien	
M2_13_165_B	noch 		mit 	ribaeudien	
M2_13_165_BR			oft 	ribaudien	
M2_13_165_D	noch 	oeck 	met 	ribaudien	
M2_13_165_D2	wien 	dat 	reyne 	minne 	becoort
M2_13_165_F			oft 	ribaudyen	
M2_13_165_G	noch 		met 	ribaudien	
M2_13_165_O	noch 		met 	raboudien	

M2_13_166_A	wien 	dat 	reine 	minne 	becort	
M2_13_166_B	wien 	so 	reyne 	minne 	becoort	
M2_13_166_BR	wie 	soe 	reyne 	minne 	becoort	
M2_13_166_D	wient 		reyn 	minne 	becoert	
M2_13_166_D2	hi 	en 	mach 	niet 	sijn 	verdoort
M2_13_166_F	wie 	zo 	reine 	minne 	becoort	
M2_13_166_G	wien 	so 	reine 	minne 	begoert	
M2_13_166_O	wien 	dat 	reine 	minne 	becoort	

M2_13_167_A	diene 		mach 	niet 	sijn 	bedort
M2_13_167_B	die 	en 	mach 	niet 	zijn 	verdoort
M2_13_167_BR	hine 		mach 	niet 	sijn 	verdoort
M2_13_167_D	hi 	en 	mach 	niet 	sijn 	verdoert
M2_13_167_F	hine 		mach 	niet 	ziin 	verdoort
M2_13_167_G	hine 		mach 	niet 	sijn 	verdoert
M2_13_167_O	hine 		mach 	niet 	zijn 	verdoort
M2_13_167_Z	hine 		mach 	niet 	sijn 	uerdort

M2_13_168_A	dies 	sullen 	met 	mi 	lyen
M2_13_168_B	dies 	sullen 	mit 	mi 	lien
M2_13_168_BR	dies 	selen 	met 	mi 	lyen
M2_13_168_D	dies 	sullen 	met 	mij 	lien
M2_13_168_F	dies 	selen 	met 	mi 	lien
M2_13_168_G	dies 	selen 	met 	mi 	lien
M2_13_168_O	dit 	zullen 	met 	my 	lyen
M2_13_168_Z	des 	selen 	met 		lien

M2_13_169_A	die 	meesters 	van 	clergien
M2_13_169_B	die 	meesters 	van 	clergien
M2_13_169_BR	die 	meesters 	van 	clergien
M2_13_169_D	die 	meesters 	van 	clergien
M2_13_169_F	die 	meesters 	van 	clergien
M2_13_169_G	die 	meesters 	van 	clercgien
M2_13_169_O	de 	meesters 	van 	clergyen
M2_13_169_Z	die 	meesters 	van 	clergien

M2_14_170_A	les 		toude 	ende 	tnieuwe 	testament
M2_14_170_B	leest 		toude 	ende 	tniewe 	testament
M2_14_170_BR	les 		doude 	ende 	dnuwe 	testament
M2_14_170_D	dit 	is 	doude 	ende 	dnyeuwe 	testament
M2_14_170_F	les 		douwe 	ende 	dniewe 	testament
M2_14_170_G	les 		doude 	ende 	dnuwe 	testament
M2_14_170_O	leest 		doude 	ende 	tniewe 	testament
M2_14_170_Z	les 		doude 	ende 	dnuwe 	testament

M2_14_171_A	ende 	besie 		al 	omtrent
M2_14_171_B	ende 	besie 	wel 	al 	omtrent
M2_14_171_BR	ende 	besich 		al 	omtrent
M2_14_171_D	ende 	besich 		al 	omtrent
M2_14_171_F	ende 	besich 		al 	omtrent
M2_14_171_G	ende 	besich 		al 	omtrent
M2_14_171_O	ende 	besiet 		al 	omtrent
M2_14_171_Z	ende 	besich 		al 	omtrint

M2_14_172_A	alle 	die 	heleghe 	liede
M2_14_172_B	alle 	die 	heilighe 	liede
M2_14_172_BR	alle 	die 	heilighe 	liede
M2_14_172_D	alle 	die 	heylighe 	liede
M2_14_172_F	alle 	die 	heylighe 	liede
M2_14_172_G	alle 	die 	heilege 	liede
M2_14_172_O	alle 	die 	helighe 	liede
M2_14_172_Z	alle 	die 	heilege 	liede

M2_14_173_A	wie 	was 	van 	minnen 	oint 	ghescent
M2_14_173_B	wie 	was 	van 	minnen 	oyt 	ghescent
M2_14_173_BR	wie 	was 	van 	minnen 	ie 	gescent
M2_14_173_D	wie 	was 	van 	minnen 	ye 	geschent
M2_14_173_F	wie 	was 	van 	minnen 	ye 	gescent
M2_14_173_G	wie 	was 	van 	minnen 	nie 	gescent
M2_14_173_O	wie 	was 	van 	minnen 	ye 	ghescent
M2_14_173_Z	wie 	was 	met 	minnen 	ie 	gescent

M2_14_174_A	wien 	maecte 	oint 		minne 		blent
M2_14_174_B	wien 	maicte 	die 		minne 	ye 	blint
M2_14_174_BR	wie 	maecte 	ie 		minne 		blent
M2_14_174_D	wie 	maecte 	ye 		minne 		blent
M2_14_174_F	wie 	maecte 	ye 		minne 		blent
M2_14_174_G	wien 	maecte 	minnee 		nie 		blent
M2_14_174_O	wien 	maecte 	oyt 	de 	minne 		blent
M2_14_174_Z	wie 	maecte 	oit 		minne 		blent

M2_14_175_A	die 	ane 	gode 	ghiede
M2_14_175_B	die 	an 	gode 	ghiede
M2_14_175_BR	die 	aen 	gode 	ghiede
M2_14_175_D	die 	aen 	gode 	ghiede
M2_14_175_F	die 	aen 	gode 	ghiede
M2_14_175_G	die 	ane 	gode 	giede
M2_14_175_O	die 	ane 	gode 	ghiede
M2_14_175_Z	die 	den 	gode 	giede

M2_14_176_A	si 	minden 	vrouwen 	wel 	bekent
M2_14_176_B	si 	minden 	vrauwen 	wel 	bekent
M2_14_176_BR	si 	minden 	vrouwen 	wel 	bekint
M2_14_176_D	si 	minde 	vrouwen 	wel 	bekent
M2_14_176_F	si 	minden 	vrouwen 	wel 	bekent
M2_14_176_G	si 	minden 	vrouwen 	wel 	bekent
M2_14_176_O	si 	minden 	vrauwen 	wel 	bekent
M2_14_176_Z	si 	minne 	urouwen 	wel 	bekint

M2_14_177_A	scone 	ende 	edel 	vp 	sulc 	couent
M2_14_177_B	scone 	ende 	wijs 	op 	zulc 	couent
M2_14_177_BR	scone 	ende 	wijs 	op 	sulc 	couent
M2_14_177_D	schoen 	ende 	wijs 	op 	sulcke 	conuent
M2_14_177_F	scoen 	ende 	wijs 	op 	sulc 	couent
M2_14_177_G	scoene 	ende 	wijs 	op 	selc 	couent
M2_14_177_O	scone 	ende 	wijs 	vp 	sulc 	connent
M2_14_177_Z	scoen 		wijs 	op 	selc 	couent

M2_14_178_A	dat 	hem 	god 	hoyr 	beriede
M2_14_178_B	dat 	hem 	god 	oyt 	beriede
M2_14_178_BR	dat 	hem 	god 	eer 	beriede
M2_14_178_D	dat 	hem 	god 	eere 	beriede
M2_14_178_F	dat 	hem 	god 	eer 	beriede
M2_14_178_G	dat 	hen 	god 	oer 	beriede
M2_14_178_O	dat 	hem 	god 	hoyr 	beriede
M2_14_178_Z	dathem 		god 		eerberiede

M2_14_179_A	al 	dogheder 	omme 	somich 			torment
M2_14_179_B	al 	dogheder 	omme 	menich 			torment
M2_14_179_BR	al 	doechder 	om 		sulc 		couent
M2_14_179_D	al 	doegheder 	om 	de 	sulck 		torment
M2_14_179_D2	al 	dooch 	der 	die 	sulcke 	om 	torment
M2_14_179_F	al 	dogheder 	om 		sulc 		torment
M2_14_179_G	al 	doechder 	omme 		selc  		torment
M2_14_179_O	al 	doechder 	omme 		zulc 		torment
M2_14_179_Z		aldogeder 	omme 		selc 		torment

M2_14_180_A	sulc 	alse 	minne 	der 	ioghet 		sent
M2_14_180_B	sulc 	als 	minne 	der 	ioghet 	toezent	
M2_14_180_BR	sulc 	als 	minne 	der 	ioget 		sent
M2_14_180_D	sulck 	als 	minne 	ter 	doghet 		sent
M2_14_180_D2	sulck 	als 	minne 	der 	doget 		sendt
M2_14_180_F	sulc 	als 	minne 	der 	ioghet 		sent
M2_14_180_G	alselc 	als 	minne 	der 	ioecht 	toe 	sent
M2_14_180_O	sulc 	al 	minne 	der 	joghet 	toesent	
M2_14_180_Z	selc 	als 	minne 	der 	ioget 	toesint	

M2_14_181_A	wie 	waest 	diere 	omme 	messciede
M2_14_181_B	wie 	waest 	diere 	of 	messciede
M2_14_181_BR	wie 	was 	diere 	af 	misschiede
M2_14_181_D	wie 	was 	dier 	af 	messchiede
M2_14_181_D2	wie 	was 	dier 	af 	messchiede
M2_14_181_F	wie 	was 	diere 	off 	messchiede
M2_14_181_G	wien 	waest 	dier 	af 	messciede
M2_14_181_O	wien 	wast 	datter 	af 	messciede
M2_14_181_Z	wie 	waest 	diere 	af 	messciede

M2_14_182_A	ghelijc 	heidinen 		diede
M2_14_182_B	ghelijc 	hedinen 		diede
M2_14_182_BR	ghelijc 		heidenen 	diede
M2_14_182_D	ghelijck 	den 	heydenen 	diede
M2_14_182_D2	ghelijc 	den 	heydenen 	diede
M2_14_182_F	ghelijc 		heydenen 	diede
M2_14_182_G	ghelijc 	den 	heidenen 	diede
M2_14_182_O	ghelijc 		heidenen 	diede
M2_14_182_Z	ghelijc 		heidenen 	diede

M2_15_183_A	abraham 	was 		versaren 	man
M2_15_183_B	abraham 	was 	vrauwen 	zara 	man
M2_15_183_BR	abraham 	was 	vrouwen 	saren 	man
M2_15_183_D	abraham 	was 	vrou 	sara 	man
M2_15_183_D2	abraham 	was 	vrou 	sara 	man
M2_15_183_F	abraham 	was 	vrou 	zaren 	man
M2_15_183_G	abraham 	was 	vrou 	saren 	man
M2_15_183_O	abraham 	was 	vrau 	saren 	man
M2_15_183_Z	abraham 	was 	urouwe 	saren 	man

M2_15_184_A	doe 	sine 		amie 		heffen 	began
M2_15_184_B	doe 	zijn 		amie 		verheffen 	began
M2_15_184_BR	die 	sine 		amie 		verheffen 	began
M2_15_184_D	doen 		sijn 	amye 	te 	verheffen 	began
M2_15_184_D2	doe 	hi 	sijn 	amye 	te 	verheffen 	began
M2_15_184_F	die 	siin 		amye 		verheffen 	began
M2_15_184_G		sine 		amie 		verheffen 	began
M2_15_184_O	als 	zijne 		amye 		verheffen 	beghan
M2_15_184_Z	die 	sine 		amie 		verheffen 	began

M2_15_185_A		bouen 	haerre 	vrouwen
M2_15_185_B	hare 	bouen 	harer 	vrouwen
M2_15_185_BR		bouen 	siere 	vrouwen
M2_15_185_D		bouen 	sijnre 	vrouwen
M2_15_185_D2		bouen 	sijn 	vrouwen
M2_15_185_F		bouen 	ziinre 	vrouwen
M2_15_185_G	hare 	bouen 	harre 	vrouwen
M2_15_185_O	haer 	bouen 	haerer 	vrauwen
M2_15_185_Z		bouen 	siere 	vrouwen

M2_15_186_A	daer 	hen 	was 	gheen 	houden 	an
M2_15_186_B	dair 	ne 	was 	gheen 	houden 	aen
M2_15_186_BR	daer 	en 	was 	gheen 	houden 	an
M2_15_186_D	daer 	en 	was 	gheen 	houden 	an
M2_15_186_D2	daer 	en 	was 	geen 	houden 	an
M2_15_186_F	daer 	en 	es 	gheen 	houden 	an
M2_15_186_G	daer 	en 	was 	geen 	houden 	an
M2_15_186_O	daer 	en 	was 	gheen 	houden 	an
M2_15_186_Z	daer 		was 	geen 	houden 	an

M2_15_187_A	hine 	deedse 	wech 	want 	redene 	vernam	
M2_15_187_B	hi 	deedse 	wech 		verre 	van 	dan
M2_15_187_BR	hi 	dedese 	wech 		redenen 	verwan	
M2_15_187_D	hi 	dedese 	wech 		reden 	verwan	
M2_15_187_D2	hi 	deedse 	wech  		redene 	verwan	
M2_15_187_F	hij 	deedse 	wech 	want 	reden 	verwan	
M2_15_187_G	hi 	deedse 	wech 	on 	redene 	daer 	van
M2_15_187_O	hij 	zantse 	wech 		verre 	van 	dan
M2_15_187_Z	hi 	dedese 	wech 		reden 	verwan	

M2_15_188_A	ende 		sine 	herte 	vultrouwen		
M2_15_188_B			sine 	harte 	was 	vol 	trauwen
M2_15_188_BR	ende 	volchde 		der 			trouwen
M2_15_188_D			sijn 	herte 	was 	vol 	trouwen
M2_15_188_D2			sijn 	herte 	was 	vol 	trouwen
M2_15_188_F	ende 	volghede 		der 			ontrouwen
M2_15_188_G			sijn 	herte 	voltrouwen		
M2_15_188_O	dat 	dede 	zijn 	herte 		vul 	trauwen
M2_15_188_Z	ende 	volgde 		der 			ontrouwen

M2_15_189_A	gheen 	edel 	man 	no 	wijs 	en 	can
M2_15_189_B	gheen 	heilich 	man 	no 	wijf 	ne 	can
M2_15_189_BR	gheen 	heilich 	man 	no 	wijf 	en 	can
M2_15_189_D	gheen 	heylich 	man 	noch 	wijf 	en 	can
M2_15_189_F	gheen 	heilich 	man 	no 	wijf 	en 	can
M2_15_189_G	negeen 	heilech 	man 	noch 	wijf 	en 	can
M2_15_189_O	gheen 		wijf 	noch 	man 	en 	can
M2_15_189_Z	geen 	heylich 	wijf 	noe 	man 	ende 	can

M2_15_190_A	minnen 	sonder 	redene 	dan
M2_15_190_B	minnen 	sonder 	redene 	dan
M2_15_190_BR	minnen 	sonder 	redene 	dan
M2_15_190_D	minnen 	sonder 	reden 	dan
M2_15_190_F	minnen 	sonder 	redene 	dan
M2_15_190_G	gheminnen 	sonder 	redene 	dan
M2_15_190_O	minnen 	zonder 	redene 	dan
M2_15_190_Z	minnen 	sonder 	redene 	dan

M2_15_191_A	dit 	mach 	men 	wel 	bescouwen
M2_15_191_B	dit 	machmen 		wel 	bescauwen
M2_15_191_BR	it 	machmen 		wel 	bescouwen
M2_15_191_D	dit 	machmen 		wel 	bescouwen
M2_15_191_F	dit 	machmen 		wel 	bescouwen
M2_15_191_G	dat 	mach 	men 	wel 	bescouwen
M2_15_191_O	dat 	mach 	men 	wel 	bescauwen
M2_15_191_Z	dit 		man 	wel 	bescouwen

M2_15_192_A	sulke 	minres 	ghenieten 		den 	ban
M2_15_192_B	sulcke 	minres 	gheiftmen 		den 	ban
M2_15_192_BR	sulke 	minners 	genieten 			ban
M2_15_192_D	sulcke 	minnaers 	geue 	ick 	den 	ban
M2_15_192_F	sulke 	minners 	gheuic 		den 	ban
M2_15_192_G	alselken 	minneren 	geuic 		den 	ban
M2_15_192_O	sulke 	minnaars 	verdienen 			ban
M2_15_192_Z	selke 	minr 	geuic 		den 	ban

M2_15_193_A	die 	metter 	mesdaet 	maken 	ghespan
M2_15_193_B	die 	mitter 	misdaet 	maken 	ghespan
M2_15_193_BR	die 	metter 	misdaet 	maken 	gespan
M2_15_193_D	die 	metter 	mesdaet 	maken 	gespan
M2_15_193_F	die 	metter 	mesdaet 	maken 	ghespan
M2_15_193_G	die 	metter 	mesdaet 	maken 	gespan
M2_15_193_O	die 	metter 	mesdaet 	maken 	ghespan
M2_15_193_Z	die 	metter 	minnen 	maken 	gespan

M2_15_194_A	die 	minres 	willic 		blouwen
M2_15_194_B	die 	minres 	willic 		blauwen
M2_15_194_BR	sulke 	minners 	willic 		blouwen
M2_15_194_D	sulcke 	minnaers 	wil 	ick 	blouwen
M2_15_194_F	sulke 	minners 	willic 		blouwen
M2_15_194_G	alselke 	minneren 	willic 		blouwen
M2_15_194_O	die 	minnaars 	willic 		blauwen
M2_15_194_Z	dese 	minne 	willic 		blouwen

M2_15_195_A	want 	dats 	minne 		vul 	rouwen
M2_15_195_B		dits 	minne 		vul 	rauwen
M2_15_195_BR		dits 	minne 		vol 	rouwen
M2_15_195_D	daer 	is 	minne 		vol 	rouwen
M2_15_195_F		dits 	minne 		vol 	rouwen
M2_15_195_G	daer 		minne 	es 	vol 	rouwen
M2_15_195_O	dat 	es 	minne 		vul 	rauwen
M2_15_195_Z	daer 		eminne 		vol 	rouwen

M2_16_196_A	of 	ic 	dan 	sette 	minen 	sin
M2_16_196_B	of 	ic 	dan 	sette 	minen 	zin
M2_16_196_BR	oftic 		dan 	sette 	minen 	sin
M2_16_196_D	oft 	ick 	dan 	sette 	minen 	sin
M2_16_196_F	oft 	ic 	dan 	sette 	minen 	sin
M2_16_196_G	ochte 	ic 	dan 	sette 	minen 	sin
M2_16_196_O	of 	ic 	dan 	zette 	minen 	zin
M2_16_196_Z	of 	ic 	dan 	sette 	minen 	sin

M2_16_197_A	daer 	ic 	en 	mach 		meer 	no 	min
M2_16_197_B	dair 	ic 	ne 	mach 		meer 	no 	min
M2_16_197_BR	daer 	ic 	en 	mach 		meer 	no 	min
M2_16_197_D	daer 	ick 	en 	mach 		meer 	noch 	min
M2_16_197_F	daer 	ic 	en 	mach 		meer 	no 	min
M2_16_197_G	daer 	ic 	en 	mach 	no 	meer 	no 	min
M2_16_197_O	daer 	ic 	en 	mach 		meer 	no 	min
M2_16_197_Z	daer 	ic 	ende 	mach 		meer 	no 	min

M2_16_198_A	an 	winnen 		dan 	al 	scade
M2_16_198_B	an 	winnen 		dan 		scade
M2_16_198_BR	ane 	winnen 		dan 		scade
M2_16_198_D	aen 	winnen 		dan 		scade
M2_16_198_F	aen 	winnen 		dan 		schade
M2_16_198_G	ane 	winnen 	el 	dan 		scade
M2_16_198_O	ane 	winnen 		dan 		scade
M2_16_198_Z	aen 	winnen 		dan 		scade

M2_16_199_A	ende 	mi 		eene 	andere 	so 	heuet 	jn
M2_16_199_B	ende 	mi 		ene 	andre 	so 	heeft 	jn
M2_16_199_BR	ende 	mi 	een 		ander 		heeft 	in
M2_16_199_D	ende 	mi 	een 	soe 	ander 		heeft 	in
M2_16_199_F	ende 	mi 	een 		ander 		heuet 	in
M2_16_199_G	ende 	mi 		ene 	andere 	so 	heeft 	in
M2_16_199_O	ende 	my 	een 	eene 	andre 	zo 	heeft 	in
M2_16_199_Z	ende 	mi 	een 		ander 		heuet 	in

M2_16_200_A	dat 	soe 	haer 	seluen 	ende 	al 	ghewin
M2_16_200_B	dat 	so 	hair 	seluen 	ende 	al 	ghewin
M2_16_200_D	dat 	sy 	haer 		ende 	haer 	ghewin
M2_16_200_D2	dat 	si 	haer 		ende 	haer 	ghewin
M2_16_200_F		die 	haer 	seluen 	ende 	al 	gewin
M2_16_200_G	dat 	si 	har 	seluen 	ende 	al 	gewin
M2_16_200_O	dat 	zij 	haer 	zeluen 	ende 	al 	ghewin
M2_16_200_Z	dat 		haer 	seluen 	ende 	haer 	gespin

M2_16_201_A	mij 	jan 	vro 	ende 	spade
M2_16_201_B	mi 	ian 	vro 	ende 	spade
M2_16_201_BR	mi 	an 	vroech 	ende 	spade
M2_16_201_D	mi 	gand 	vroech 	ende 	spade
M2_16_201_D2	mi 	yondt 	vroech 	ende 	spade
M2_16_201_F	mij 	ant 	vroech 	ende 	spade
M2_16_201_G	mi 	an 	vroech 	ende 	spade
M2_16_201_O	mi 	ian 	vrouch 	ende 	spade
M2_16_201_Z	mi 	an 	vroech 	ende 	spade

M2_16_202_A	mi 	dincke 	dat 	ic 	meer 	sculdich 	bin
M2_16_202_B	mi 	dincke 	dat 	ic 	meest 	sculdich 	bin
M2_16_202_BR	mi 	dunct 	dat 	ic 	meer 	sculdich 	bin
M2_16_202_D	my 	dunct 	dat 	ick 	meer 	sculdich 	bin
M2_16_202_D2	mi 	dunct 	dat 	ic 	meer 	sculdich 	ben
M2_16_202_F	mij 	dunct 	dat 	ic 	meer 	sculdich 	bin
M2_16_202_G	mi 	dunct 	dat 	ic 	meer 	sculdech 	bin
M2_16_202_O	mi 	dijnke 	dat 	ic 	meer 	sculdich 	bin
M2_16_202_Z	mi 	dunc 	dat 	ic 	m 	sculdich 	bin

M2_16_203_A	hare 	die 	mi 	coes 	int 	beghin
M2_16_203_B	hare 	die 	my 	coos 	jnt 	beghin
M2_16_203_BR	haer 	di 	mi 	coes 	int 	begin
M2_16_203_D	haer 	die 	mi 	coes 	int 	beghin
M2_16_203_D2	haer 	di 	mi 	koos 	int 	begin
M2_16_203_F	haer 	die 	mi 	coes 	int 	beghin
M2_16_203_G	hare 	die 	mi 	coes 	in 	dbegin
M2_16_203_O	haer 	die 	mi 	coes 	int 	beghin
M2_16_203_Z	haer 	die 	mi 	coes 	int 	beghin

M2_16_204_A	ende 	ane 	mi 	bliuet 	ghestade
M2_16_204_B	ende 	an 	my 	bliuet 	ghestade
M2_16_204_BR	ende 	ane 	mi 	blijft 	gestade
M2_16_204_D	ende 	an 	mi 	blijft 	ghestade
M2_16_204_D2	ende 	aen 	mi 	blijft 	gestade
M2_16_204_F	ende 	aen 	mi 	blijft 	ghestade
M2_16_204_G	ende 	ane 	mj 	blijft 	gestade
M2_16_204_O	ende 	an 	my 	blijft 	ghestaede
M2_16_204_Z	ende 	ane 	mi 	blijft 	gestade

M2_16_205_A	dan 	hare 	die 	fierlike 	haren 	kin
M2_16_205_B	dan 	hare 	die 	fierlike 	haren 	kin
M2_16_205_BR	dan 		die 	fierlijc 	haren 	kin
M2_16_205_D	dan 		die 	fierlick 	haren 	kin
M2_16_205_D2	dan 		die 	fierlijc 	haren 	kin
M2_16_205_F	dan 	haer 	die 	fierlijc 	haren 	kin
M2_16_205_G	dan 	hare 	die 	fierlec 	haren 	kin
M2_16_205_O	dan 	haer 	die 	fierlic 	haren 	kin
M2_16_205_Z	dan 	haer 	die 	fierlijc 	haren 	kin

M2_16_206_A	te 	mi 	waert 	draghet 	ende 	haer 	ghespin
M2_16_206_B	te 	my 	wart 	draecht 	ende 	hare 	ghespin
M2_16_206_BR	te 	mi 	waert 	draecht 		haer 	ghespin
M2_16_206_D	te 	mi 		draecht 	ende 	haer 	ghespin
M2_16_206_D2	te 	mi 		draecht 	ende 	haer 	ghespin
M2_16_206_F	te 	mi 	wert 	draget 	ende 	haer 	ghespin
M2_16_206_G	te 	mi 	wert 	draget 	ende 	haer 	gespin
M2_16_206_O	te 		mywaert 	draecht 	ende 	haer 	ghespin

M2_16_207_A	van 	minnen 	els 	draghet 	te 	zade
M2_16_207_B	van 	minnen 	elder 	draecht 	de 	stade
M2_16_207_BR	van 	minnen 	elder 	dracht 	te 	sade
M2_16_207_D	van 	minnen 	elder 	draecht 	te 	rade
M2_16_207_D2	van 	mijnder 	elder 	draecht 	te 	sade
M2_16_207_F	van 	minnen 	elwaert 	draecht 	te 	sade
M2_16_207_G	van 	minne 	elre 	draget 	te 	sade
M2_16_207_O	van 	minnen 	elder 	draghet 	te 	zade

M2_16_208_A	ende 	diere 	ic 		omme 	niet 		bade
M2_16_208_B	ende 	die 	dicker 		om 	niet 		bade
M2_16_208_BR	ende 	dier 	icker 		om 			bade
M2_16_208_D	ende 	dier 	icker 		om 			bade
M2_16_208_D2	ende 	dier 	ic 		om 			bade
M2_16_208_F	ende 	dier 	ic 		om 	niet 	en 	bade
M2_16_208_G	ende 	dier 	icker 	niet 	omme 		en 	bade
M2_16_208_O	ende 	dier 	ic 	niet 	om 			bade

M2_17_209_A	iacop 	of 	ghi 	niet 	en 	acht
M2_17_209_B	iacop 	of 	ghi 	niet 	en 	acht
M2_17_209_BR	iacop 	oft 	ghi 	niet 	en 	acht
M2_17_209_D	iacop 	oft 	ghi 	niet 	en 	acht
M2_17_209_D2	jacop 	oft 	ghi 	niet 	en 	acht
M2_17_209_F	iacob 	of 	ghij 	niet 	en 	acht
M2_17_209_G	iacob 	ocht 	gi 	niet 	en 	acht
M2_17_209_O	iacob 	of 	ghi 	niet 	en 	acht

M2_17_210_A	eexempele 	die 	ic 	vort 	hebbe 	bracht
M2_17_210_B	exempele 	die 	ic 	voirt 	heb 	bracht
M2_17_210_BR	exempel 	die 	ic 	voort 	heb 	bracht
M2_17_210_D	exempel 	die 	ick 	voert 	heb 	gebracht
M2_17_210_F	exempelen 	die 	ic 		hebbe 	voirtghebracht
M2_17_210_G	exemple 	die 	ic 	vort 	hebbe 	bracht
M2_17_210_O	exemple 	die 	ic 	voort 	hebbe 	bracht

M2_17_211_A	ic 	wille 	te 	bybele 	keeren
M2_17_211_B	jc 	wille 	ter 	bible 	keren
M2_17_211_BR		willic 	ter 	bibelen 	keren
M2_17_211_D	ick 	wil 	ter 	bibelen 	keeren
M2_17_211_F		willic 	ter 	bibelen 	keeren
M2_17_211_G	so 	willic 	ter 	bybelen 	keren
M2_17_211_O	jc 	wille 	ter 	bibelen 	keeren

M2_17_212_A	die 	minne 	hadde 	ouer 	adame 	macht
M2_17_212_B	de 	minne 	had 	op 	adaem 	macht
M2_17_212_BR	die 	minne 	had 	op 	adam 	macht
M2_17_212_D		minne 	had 	op 	adam 	macht
M2_17_212_F	die 	minne 	hadde 	op 	adaem 	macht
M2_17_212_G	die 	minne 	hadde 	op 	adame 	macht
M2_17_212_O	de 	minne 	hadde 	vp 	adaeme 	macht

M2_17_213_A	soe 	verwanne 	met 	harer 	macht
M2_17_213_B	so 	verwan 	mit 	harer 	cracht
M2_17_213_BR	si 	verwan 	met 	hare 	cracht
M2_17_213_D	sy 	verwan 	met 	haerre 	cracht
M2_17_213_F	sij 	verwan 	met 	hare 	cracht
M2_17_213_G	si 	uerwan 	met 	harre 	cracht
M2_17_213_O	soe 	verwan 	met 	herte 	cracht

M2_17_214_A	den 	vroetsten 	van 	allen 	heeren
M2_17_214_B	den 	vroetsten 	alre 		heren
M2_17_214_BR	den 	here 	alder 		heren
M2_17_214_D	den 	vroetsten 	van 	allen 	heeren
M2_17_214_F	den 	vroetsten 	van 	allen 	heeren
M2_17_214_G	den 	vroemsten 	van 	allen 	heren
M2_17_214_O	den 	vroetsten 	van 	allen 	heeren

M2_17_215_A	van 	hem 	sijn 	wi 	alle 	ghewracht
M2_17_215_B	van 	hem 	zijn 	wi 	alle 	ghewracht
M2_17_215_BR	van 	hem 	sijn 	wi 	al 	gewracht
M2_17_215_D	van 	hem 	sijn 	wi 	al 	ghewracht
M2_17_215_F	van 	hem 	siin 	wij 	alle 	ghewracht
M2_17_215_G	van 	hem 	si 	wi 	alle 	gewracht
M2_17_215_O	van 	hem 	zijn 	wij 	alle 	ghewracht

M2_17_216_A	so 	eist 		recht 	dat 	hem 	elc 		slacht
M2_17_216_B	so 	est 		recht 	dat 	hem 	elc 	man 	slacht
M2_17_216_BR	soe 	eest 		recht 	dat 	hem 	elc 		slacht
M2_17_216_D	soe 	eest 		recht 	dat 	hem 	elc 		slacht
M2_17_216_F		hets 		recht 	dat 	hem 	elc 		slecht
M2_17_216_G	so 	eest 		recht 	dat 	hem 	elc 		slacht
M2_17_216_O	zo 	eist 	wel 	recht 	dat 	hem 	elc 		slacht

M2_17_217_A	men 	maghet 	wel 	doen 	met 	eeren
M2_17_217_B	elc 	macht 	wel 	doen 	mit 	eren
M2_17_217_BR	elc 	maecht 	wel 	doen 	met 	eren
M2_17_217_D	elck 	macht 	wel 	doen 	met 	eeren
M2_17_217_F	elc 	macht 	wel 	doen 	met 	eeren
M2_17_217_G	elc 	maecht 	wel 	doen 	met 	eren
M2_17_217_O	elc 	macht 	wel 	doen 	met 	eeren

M2_17_218_A	minne 	ouer 	redene 	verwacht	
M2_17_218_B	minne 	ouer 	redene 		vernacht
M2_17_218_BR	minne 	ouer 	redene 	veruacht	
M2_17_218_D	minne 	bouen 	die 	reden 	vernacht
M2_17_218_F	minne 	ouer 	redene 	vermacht	
M2_17_218_G	minne 	ouer 	redene 	veruacht	
M2_17_218_O	minne 	ouer 	redene 		vernacht

M2_17_219_A	wie 	sore 	omme 	weent 	of 	lacht
M2_17_219_B	wier 	sore 	omme 	weent 	of 	lacht
M2_17_219_BR	wiere 		om 	weent 	oft 	lacht
M2_17_219_D	wie 	datter 	om 	weent 	ofte 	lacht
M2_17_219_F	wier 		om 	weent 	oft 	lacht
M2_17_219_G	wiere 		omme 	weent 	oft 	lacht
M2_17_219_O	wier 	zeere 	om 	weent 	of 	lacht

M2_17_220_A	vrouwe 	yeue 	moestem 		leeren
M2_17_220_B	vrauwe 	yeue 	mosten 		leren
M2_17_220_BR	vrouwe 	eua 	moest 	hem 	leren
M2_17_220_D	vrou 	eua 	moste 	hem 	leeren
M2_17_220_F	vrouwe 	eua 	moeste 	hem 	leeren
M2_17_220_G	vrouwe 	ieue 	moeste 	hem 	leren
M2_17_220_O	vrauwe 	yeue 	moestene 		leeren

M2_17_221_A	sijn 		ontbeeren
M2_17_221_B	sijns 	willen 	ontberen
M2_17_221_BR	sijns 	willen 	ontberen
M2_17_221_D	sijns 	willen 	ontbeeren
M2_17_221_D2	sijns 	willen 	ontbeeren
M2_17_221_F	sijns 	willens 	ontbeeren
M2_17_221_G	sijns 	willen 	ontberen
M2_17_221_O	zijns 	willens 	ontbeeren

M2_18_222_A		vvat 	machte 		hadde 	samsoen
M2_18_222_B		wat 	machten 	so 	hadde 	sampsoen
M2_18_222_BR		vvat 	macht 		had 	sampsoen
M2_18_222_D		wat 	macht 		hadde 	sampsoen
M2_18_222_D2	¶ 	wat 	macht 		hadde 	sampsoen
M2_18_222_F		wat 	machte 		hadde 	sampsoen
M2_18_222_G		wat 	machte 		hadde 	sampsoen
M2_18_222_O		wat 	machte 		hadde 	sampson

M2_18_223_A	of 	dauid 	of 	salomoen
M2_18_223_B	of 	dauid 	of 	zalomoen
M2_18_223_BR		dauid 	oft 	salomoen
M2_18_223_D		dauid 	ende 	salomoen
M2_18_223_D2		dauid 	ende 	salomoen
M2_18_223_F		dauid 	ofte 	salomoen
M2_18_223_G	ochte 	dauid 	ocht 	salomoen
M2_18_223_O		dauid 	of 	salomon

M2_18_224_A	ieghen 	die 	cracht 	van 	minnen
M2_18_224_B	jeghen 	die 	cracht 	van 	minnen
M2_18_224_BR	jeghen 	die 	cracht 	van 	minnen
M2_18_224_D	ieghen 	die 	cracht 	van 	minnen
M2_18_224_D2	teghen 	die 	cracht 	van 	minnen
M2_18_224_F	jeghen 	die 	cracht 	van 	minnen
M2_18_224_G	jegen 	die 	cracht 	van 	minne
M2_18_224_O	jeghen 	de 	cracht 	van 	minnen

M2_18_225_A	daer 	ne 	es 	toe 	recht 	toe 	gheen 	doen
M2_18_225_B	dair 	nes 		ieghen 	cracht 		gheen 	doen
M2_18_225_BR	daer 	en 	was 	iegen 			geen 	doen
M2_18_225_D	daer 	en 	is 	ieghen 			gheen 	doen
M2_18_225_D2	daer 	en 	is 	tsegen 			geen 	doen
M2_18_225_F	daer 	en 	was 	ieghen 			gheen 	doen
M2_18_225_G	daer 	en 	es 	iegen 	recht 	noch 		doen
M2_18_225_O	daer 	en 	es 	ieghen 			gheen 	doen

M2_18_226_A	sorobabel 	in 	sijn 	sermoen
M2_18_226_B	zorobabel 	in 	zijn 	sermoen
M2_18_226_BR	sorobabel 	in 	sijn 	sermoen
M2_18_226_D	sorobabel 	in 	sijn 	sermoen
M2_18_226_D2	sorobabel 	in 	sijn 	sermoen
M2_18_226_F	sorobabel 	in 	siin 	sermoen
M2_18_226_G	zorobabel 	in 	sijn 	sermoen
M2_18_226_O	sorobabel 	in 	zijn 	sermoen

M2_18_227_A	doet 	ons 	wel 	bekinnen
M2_18_227_B	doet 	ons 	wel 	bekinnen
M2_18_227_BR	doet 	ons 	wel 	bekinnen
M2_18_227_D	doet 	ons 	wel 	bekinnen
M2_18_227_D2	doet 	ons 	wel 	bekennen
M2_18_227_F	doet 	ons 	wel 	bekinnen
M2_18_227_G	doet 	ons 	wel 	bekinnen
M2_18_227_O	doet 	ons 	wel 	bekinnen

M2_18_228_A	dat 	wien 	so 	vrouwen 	minne 	ontspoen	
M2_18_228_B	dat 	wien 	so 	vrauwen 	minne 	ontspoen	
M2_18_228_BR	soe 	wie 		vrouwen 	minne 	spoen	
M2_18_228_D	soe 	wien 		vrou 	minne 	spoen	
M2_18_228_D2	soe 	wie 	in 	vrouwen 	minnen 	spoen	
M2_18_228_F	soe 	wien 		vrouwe 	minne 	spoen	
M2_18_228_G	so 	wien 	dat 	vrouwen 	minne 	ontspoen	
M2_18_228_O		wien 	dat 	vrauwe 	minne 	ontspoen 	ont

M2_18_229_A	hine 		mochte 	nemmermeer 		gheroen
M2_18_229_B	hien 		mochten 	nemmermeer 		gheroen
M2_18_229_BR	hine 		mochte 		niet 	geroen
M2_18_229_D	hi 	en 	mach 	anders 	niet 	gheroen
M2_18_229_D2	hi 	en 	mach 	anders 	niet 	gheroen
M2_18_229_F	hine 		mocht 		niet 	gheroen
M2_18_229_G	hine 		mach 	nemmermeer 		gerden
M2_18_229_O	hi 	en 	mochte 		niet 	gheroen

M2_18_230_A	in 	siere 	herten 	binnen
M2_18_230_B	jn 	zijn 	harte 	binnen
M2_18_230_BR	jn 	sijn 	herte 	binnen
M2_18_230_D	in 	sijn 	herte 	binnen
M2_18_230_D2	in 	sijn 	herte 	binnen
M2_18_230_F	in 	siin 	herte 	binnen
M2_18_230_G	jn 	sijn 	herte 	binnen
M2_18_230_O	jn 	zijn 	herte 	binnen

M2_18_231_A	hine 		moeste 	al 	sinen 	sin 	ondoen
M2_18_231_B	hien 		moste 	al 	sine 	zinnen 	ondoen
M2_18_231_BR	hine 		moest 	al 	sijn 	sinne 	ontdoen
M2_18_231_D	hi 		moet 	alle 	sijn 	sinnen 	ontdoen
M2_18_231_F	hij 		moest 	alle 	zijn 	zinne 	ontdoen
M2_18_231_G	hine 		moet 	al 	sine 	sinne 	ontdoen
M2_18_231_O	hi 	en 	moeste 	al 	zine 	zinnen 	ontdoen

M2_18_232_A	ende 	volghen 	hare 	al 		ware 	so 	ghevloen
M2_18_232_B	ende 	volghen 	hare 	die 	hem 	ware 	ontfloen	
M2_18_232_BR	ende 	volgen 		die 	hem 	was 	ontfloen	
M2_18_232_D	ende 	volghen 		die 	hem 	is 	ontuloen	
M2_18_232_F	ende 	volghen 		die 	hem 	waren 	ontvloen	
M2_18_232_G	ende 	volgen 	hare 	die 	hem 	es 		gevloen
M2_18_232_O	ende 	volghen 	haer 	die 	hem 	waere 		gheuloen

M2_18_233_A	oft 	hem 	seluen 	ontsinnen
M2_18_233_B	of 	hem 	seluen 	ontsinnen
M2_18_233_BR	oft 	hem 	seluen 	ontsinnen
M2_18_233_D	oft 	hem 	seluen 	ontsinnen
M2_18_233_F	oft 	hem 	seluen 	ontsinnen
M2_18_233_G	ofte 	hem 	seluen 	ontsinnen
M2_18_233_O	ofte 	hem 	seluen 	ontsinnen

M2_18_234_A	hier 	toe 		es 	gheen 	verwinnen
M2_18_234_B	hier 		ieghen 	nes 	gheen 	verwinnen
M2_18_234_BR	hier 	toe 		nes 	gheen 	verwinnen
M2_18_234_D	hier 	toe 	en 	is 	gheen 	verwinnen
M2_18_234_F	hier 	toe 	en 	es 	gheen 	verwinnen
M2_18_234_G	hier 	toe 	en 	es 	geen 	uerwinnen
M2_18_234_O	hier 	toe 	en 	es 	gheen 	verwinnen

M2_19_235_A	iacop 	sech 	verstaestu 		niet
M2_19_235_B	iacop 	segt 	verstaestu 		niet
M2_19_235_BR	iacop 	sech 	verstaetstu 		niet
M2_19_235_D	iacop 	segt 	verstaestu 		niet
M2_19_235_F	iacob 	zegt 	verstaetstu 		niet
M2_19_235_G	iacob 	sech 	en 	verstadi 	niet
M2_19_235_O	iacob 	segh 	verstastu 		niet

M2_19_236_A	dat 	dit 	wort 	amor 	bediet
M2_19_236_B	wat 	dit 	woort 	amor 	bediet
M2_19_236_BR	wat 	dit 	woort 	amor 	bediet
M2_19_236_D	wat 	dit 	woert 	amor 	bediet
M2_19_236_F	wat 	dit 	woort 	amor 	bediet
M2_19_236_G	wat 	dit 	woert 	amor 	bediet
M2_19_236_O	wat 	dit 	woort 	amor 	bediet

M2_19_237_A	dat 	in 	dietsch 	luudt 	minne
M2_19_237_B	dat 	in 	dietsche 	luut 	minne
M2_19_237_BR	dat 	in 	duitsche 	luit 	minne
M2_19_237_D	dat 	in 	duytsche 	luyt 	minne
M2_19_237_F	dat 	in 	duutsche 	luut 	minne
M2_19_237_G	dat 	in 	dietsche 	luudt 	minne
M2_19_237_O	dat 	in 	duutsche 	luut 	minne

M2_19_238_A	elc 	letterkijn 	diet 	wel 	besiet
M2_19_238_B	elc 	letterkin 	diet 	wel 	besiet
M2_19_238_BR	elc 	lettdiet 		wel 	be
M2_19_238_D	elck 	letter 	diet 	wel 	besiet
M2_19_238_F	elc 	letterkin 	diet 	wel 	besiet
M2_19_238_G	elc 	letterkijn 	diet 	wel 	besiet
M2_19_238_O	elc 	letterkin 	diet 	wel 	beziet

M2_19_239_A	hout 	in 	een 	wort 	sinne 			bespiet
M2_19_239_B	hout 	j 		woort 	jn 	d 	ende 	bespiet
M2_19_239_BR	hout 		een 	woert 	in 	dat 		bespiet
M2_19_239_D	hout 		een 	woert 	in 		ende 	bespiet
M2_19_239_F	hout 		een 	woort 	in 		ende 	bespiet
M2_19_239_G	houdt 		een 	woert 	in 		nv 	bespiet
M2_19_239_O	hout 		een 	wort 	in 	haer 		bespiet

M2_19_240_A	der 	minnen 	cracht 	daer 	inne
M2_19_240_B	der 	minnen 	cracht 	dair 	jnne
M2_19_240_BR	der 	minnen 	cracht 	daerinne	
M2_19_240_D	der 	minnen 	cracht 	daer 	inne
M2_19_240_F	der 	minnen 	cracht 	daer 	inne
M2_19_240_G	der 	minne 	cracht 	daer 	inne
M2_19_240_O	der 	minnen 	cracht 	daer 	jnne

M2_19_241_A	aldus 	ontbindet 	latijndsche 	diet	
M2_19_241_B	aldus 	ontbint 	tlatijnsche 	diet	
M2_19_241_BR	aldus 	ontbant 	dlatijnsce 	diet	
M2_19_241_D	aldus 	ontbant 	dlatijnsche 	liet	
M2_19_241_F	aldus 	ontbant 	dlatijnsche 	diet	
M2_19_241_G	aldus 	ontbindat 	dlatijnsche 	diet	
M2_19_241_O	aldus 	ontbant 	my 	ende 	bestciet

M2_19_242_A	porringhe 		die 	den 	sin 	wech 	tyet
M2_19_242_B	porringhe 		die 	den 	zin 	ontyet	
M2_19_242_BR	coringhe 		die 	den 	sin 	wech 	tiet
M2_19_242_D	porringhe 		die 	den 	sin 	wech 	tiet
M2_19_242_D2	porringhe 		die 	den 	sin 	wech 	thiet
M2_19_242_F	porringhe 		die 	den 	sin 	wechtiet	
M2_19_242_G	porringe 		die 	den 	sin 	ontiet	
M2_19_242_O	porringhe 	die 	die 	den 	zin 	wech 	tiet

M2_19_243_A	ditser 	een 			ten 	beghinne
M2_19_243_B	ende 	tseer 		trect 	ten 	beghinne
M2_19_243_BR		dat 	sere 	trect 	ten 	beghinne
M2_19_243_D	diet 	seer 		trect 	ten 	beghinne
M2_19_243_D2	die 		zeere 	treect 	ten 	beghinne
M2_19_243_F	die 	dat 	zeere 	trect 	ten 	beghinne
M2_19_243_G	die 	seer 		trect 	ten 	beginne
M2_19_243_O	der 	minnen 		cracht 	daer 	inne

M2_19_244_A	entie 		redene 		tontmoetene 	pliet
M2_19_244_B	ende 		redene 		ghemoeten 	pliet
M2_19_244_BR	die 	de 	redene 		ghemoeten 	pliet
M2_19_244_D	die 	de 	reden 	te 	ghemoete 	pliet
M2_19_244_D2	die 	de 	reden 	te 	ghemoeten 	pliet
M2_19_244_F	die 	de 	redene 		ghemeten 	pliet
M2_19_244_G	die 	de 	redene 		tontmoetene 	pliet
M2_19_244_O	die 		redene 	te 	ghemoeten 	pliet

M2_19_245_A	aldus 	ontbant 		ende 	besciet
M2_19_245_B	aldus 	onttant 	my 	ende 	besciet
M2_19_245_BR	dus 	ontbant 	mi 	ende 	besciet
M2_19_245_D	dus 	ontbant 	my 	ende 	beschiet
M2_19_245_D2	dus 	ontbant 	mi 	ende 	beschiet
M2_19_245_F	dus 	ontbant 	mi 	ende 	beschiet
M2_19_245_G	dus 	ontbant 	mi 	ende 	besciet
M2_19_245_O	aldus 	ontbant 	my 	ende 	bestciet

M2_19_246_A	mijn 	meester 	als 	ict 	kinne
M2_19_246_B	mijn 	meester 	als 	ic 	kinne
M2_19_246_BR	mijn 	meester 	alsic 		kinne
M2_19_246_D	mijn 	meester 	als 	ick 	kinne
M2_19_246_D2	mijn 	meester 	als 	ic 	kinne
M2_19_246_F	miin 	meester 	als 	ic 	kinne
M2_19_246_G	mijn 	meester 	alsoe 	ict 	versinne
M2_19_246_O	mijn 	meester 	alzo 	ict 	kinne

M2_19_247_A	of 	mijn 	verstaen 	es 	dinne
M2_19_247_B	of 	mijn 	verstaen 	es 	dinne
M2_19_247_BR	oft 	mijn 	verstaen 	es 	dinne
M2_19_247_D	of 	mijn 	verstant 	es 	dinne
M2_19_247_D2	oft 	mijn 	verstant 	is 	dinne
M2_19_247_F	oft 	mijn 	verstaen 	es 	dinne
M2_19_247_G	ochte 	mijn 	verstaen 	es 	dinne
M2_19_247_O	of 	mijn 	verstaen 	es 	dinne

M2_20_248_A	of 	dit 	minne 	es 	alset 		es
M2_20_248_B	of 	dit 	minne 	es 	als 	het 	es
M2_20_248_BR	oft 	dit 	minne 	es 	alst 		es
M2_20_248_D	of 	dit 	minne 	es 	alst 		es
M2_20_248_D2	oft 	die 	minne 	is 	alst 		es
M2_20_248_F	off 	dit 	minne 	es 	alst 		es
M2_20_248_G	ochte 	dit 	minne 	es 	alst 		es
M2_20_248_O	of 	dat 	minne 	es 	alst 		es

M2_20_249_A		wes 	des 	seker 	ende 	ghewes
M2_20_249_B	dies 	sijt 		zeker 	ende 	ghewes
M2_20_249_BR	dies 	sijt 		seker 	ende 	gewes
M2_20_249_D	ick 	ben 		seker 	ende 	ghewes
M2_20_249_D2	ic 	ben 		seker 	ende 	ghewes
M2_20_249_F	dies 	zijt 		seker 	ende 	ghewes
M2_20_249_G	so 	sijt 	des 	seker 	ende 	gewes
M2_20_249_O	so 	wes 		zeker 	ende 	ghewes

M2_20_250_A	ic 	volghes 	minen 	eersten 	worde
M2_20_250_B	jc 	volghe 	minne 	eersten 	woorde
M2_20_250_BR	jc 	volchs 	minen 	iersten 	woorde
M2_20_250_D	ick 	volgs 	den 	eersten 	woerde
M2_20_250_D2	ic 	volchs 	den 	iersten 	woorde
M2_20_250_F	ic 	volchs 	minen 	iersten 	woirde
M2_20_250_G	jc 	volchs 	minen 	iersten 	woerde
M2_20_250_O	jc 	volgs 	minen 	eersten 	woorde

M2_20_251_A	ouer 	waerheit 		lijc 	des
M2_20_251_B	ouer 	wairheit 	lye 	ic 	des
M2_20_251_BR	ouerwaer 			lijc 	des
M2_20_251_D	die 	waerheyt 	lye 	ick 	des
M2_20_251_D2	die 	waerheit 	lide 	ic 	des
M2_20_251_F	ouer 	ware 	lye 	ic 	des
M2_20_251_G	ouer 	waerheit 	lie 	ic 	des
M2_20_251_O	ouer 	waerhede 	lye 	ic 	des

M2_20_252_A	soene 		smaecter 	zwert 		no 	mes
M2_20_252_B	soene 		smaicter 	zwart 		no 	mes
M2_20_252_BR	sine 		smaecte 	swaert 		no 	mes
M2_20_252_D	si 	en 	smaecte 	zwaert 		noch 	mes
M2_20_252_D2	sij 	en 	smaecte 	swaert 		noch 	mes
M2_20_252_F	sine 		smaecter 	om 	zweert 	no 	mes
M2_20_252_G	si 	en 	smaecte 	swert 		noch 	mes
M2_20_252_O	zoe 	ne 	smaecter 		zweert 	no 	mes

M2_20_253_A	die 	mi 	therte 	dor 	borde
M2_20_253_B	die 	mi 	tharte 	doir 	boorde
M2_20_253_BR	die 	mi 	therte 	doer 	boerde
M2_20_253_D	die 	my 	therte 	doerboerde	
M2_20_253_D2	die 	mi 	therte 	doerboorde	
M2_20_253_F	die 	mi 	therte 	doir 	boorde
M2_20_253_G	die 	mi 	therte 	dor 	boerde
M2_20_253_O	die 	my 	therte 	doerboorde	

M2_20_254_A	herte 	nemmermeer 		ghenes
M2_20_254_B	herte 	nemmermeer 		ghenes
M2_20_254_BR	therte 	nemmermeer 		genes
M2_20_254_D	therte 	nemmermeer 		ghenes
M2_20_254_D2	thertte 	nemmermeer 		ghenes
M2_20_254_F	therte 	nemmermeer 		ghenes
M2_20_254_G	herte 	nemmermeer 		genes
M2_20_254_O	herte 	nemmermeer 	en 	ghenes

M2_20_255_A	no 	gherust 	no 	ghetes
M2_20_255_B	noch 	gheruste 	noch 	ghesces
M2_20_255_BR	no 	gheruste 	no 	getes
M2_20_255_D	noch 	gheruste 	noch 	ghetes
M2_20_255_D2	noch 	gheruste 	noch 	ghetes
M2_20_255_F	no 	gherust 	no 	ghetes
M2_20_255_G	noch 	geruste 		getes
M2_20_255_O	no 	gheruste 	no 	ghetes

M2_20_256_A	lieghic 		van 	eenen 	worde
M2_20_256_B	lieghic 		van 	enen 	woirde
M2_20_256_BR	liegic 		van 	enen 	woorde
M2_20_256_D	liech 	ick 	van 	eenen 	woerde
M2_20_256_D2	liech 	ic 	van 	eenen 	woerde
M2_20_256_F	lieghe 	ic 	van 	eenen 	woorde
M2_20_256_G	liegic 		van 	enen 	woerde
M2_20_256_O	lichic 		van 	eenen 	woorde

M2_20_257_A	prouf 			dattu 	wilt 	jacop 	ende 	les
M2_20_257_B	prouf 			dattu 	wils 	iacop 	ende 	les
M2_20_257_BR	jacop 		proeft 	dattu 	wils 		ende 	les
M2_20_257_D	iacop 		proeft 		wel 		ende 	les
M2_20_257_D2	jacop 		proeft 		wel 		ende 	les
M2_20_257_F	jacob 		proeft 	dattu 	wilt 		ende 	les
M2_20_257_G	proef 		iacob 	dattu 	wils 		ende 	les
M2_20_257_O	prouf 	dan 	iacob 				ende 	les

M2_20_258_A	dies 	es 		mijn 	herte 	wel 	gheles
M2_20_258_B	dies 	es 		mine 	harte 	wel 	gheles
M2_20_258_BR	des 	es 		mijn 	herte 	wel 	gewes
M2_20_258_D	des 	es 		mijn 	herte 	wel 	ghewes
M2_20_258_D2	dies 	is 		mijn 	herte 	wel 	ghewes
M2_20_258_F	des 	es 	wel 	mijn 	herte 		ghewes
M2_20_258_G	des 	es 		mijn 	herte 	wel 	geres
M2_20_258_O	des 	es 		mijn 	herte 	wel 	ghetes

M2_20_259_A	dat 	ic 	mi 	eer 	vermorde
M2_20_259_B	dat 	ic 	mi 	eer 	versmoirde
M2_20_259_BR	dat 	ic 	mi 	eer 	versmoorde
M2_20_259_D	dat 	ick 	mi 	eer 	versmoorde
M2_20_259_D2	dat 	ic 	mi 	eer 	versmoorde
M2_20_259_F	dat 	ic 	mi 	eer 	versmoorde
M2_20_259_G	dat 	ic 	mi 	eer 	versmoerde
M2_20_259_O	dat 	ic 	my 	eer 	versmoorde

M2_20_260_A	eer 	icse 		steruen 	horde
M2_20_260_B	eer 	icse 		steruen 	hoirde
M2_20_260_BR	eer 	icse 		steruen 	hoorde
M2_20_260_D	eer 	ickse 		steruen 	hoorde
M2_20_260_D2	eer 	icse 		steruen 	hoorde
M2_20_260_F	eer 	ic 	se 	steruen 	hoorde
M2_20_260_G	eer 	icse 		steruen 	horde
M2_20_260_O	eer 	icse 		steruen 	hoorde

M2_21_261_A	martijn 	ruut 	gramarien
M2_21_261_B	maertijn 	ruud 	gramarien
M2_21_261_BR	merten 	ruut 	gramarien
M2_21_261_D	martijn 	ruyt 	gramarien
M2_21_261_D2	martijn 	ruyt 	grammarijen
M2_21_261_F	merten 	ruut 	gramarien
M2_21_261_G	merten 	ruut 	gramarien
M2_21_261_O	martin 	ruut 	gramarien

M2_21_262_A	du 	pleghes 	dies 	rude 		liede 	plien
M2_21_262_B	du 	pleechs 	dat 	rude 	p 	lieden 	plien
M2_21_262_BR	du 	pleges 	des 	vele 		lieden 	plien
M2_21_262_D	du 	pleghes 	des 	vele 		lieden 	plien
M2_21_262_D2	du 	pleges 	des 	veel 		lieden 	plien
M2_21_262_F	du 	pleges 	des 	vele 		liede 	plien
M2_21_262_G	du 	does 	dies 	vele 		lieden 	plien
M2_21_262_O	du 	pleghes 	dat 	vele 		lieden 	plien

M2_21_263_A	diet 	ware 	niet 		wille 	lyen
M2_21_263_B	die 	tware 	niet 		willen 	lyen
M2_21_263_BR	diet 	ware 	niet 	en 	willen 	lyen
M2_21_263_D	die 		waerheyt 	node 		lyen
M2_21_263_D2	die 	de 	waerheit 	noode 	lijen	
M2_21_263_F	diet 	dware 	niet 	en 	lien	
M2_21_263_G	diet 	dware 	niet 	en 	willen 	lyen
M2_21_263_O	die 	dware 	niet 	en 	willen 	lyen

M2_21_264_A	mesdaden 	die 	den 	wisen 	messchien
M2_21_264_B	mesdaden 	die 	den 	wisen 	ghescien
M2_21_264_BR	mesdaden 	die 	den 	wisen 	gescien
M2_21_264_D	mesdaden 	die 	den 	wisen 	gheschien
M2_21_264_D2	mesdaden 	die 	den 	wijsen 	gheschien
M2_21_264_F	misdaden 	die 	den 	wijsen 	ghescien
M2_21_264_G	mesdade 	die 	den 	wisen 	gescien
M2_21_264_O	mesdade 	die 	den 	lieden 	ghescien

M2_21_265_A		salmen 	niet 	in 	exemple 	tyen
M2_21_265_B		salmen 	niet 	in 	exemplen 	tyen
M2_21_265_BR		salmen 	niet 	in 	exemplen 	tien
M2_21_265_D		salmen 	niet 	in 	exempelen 	tyen
M2_21_265_D2	en 	salmen 	niet 	in 	exemplen 	thijen
M2_21_265_F		salmen 	niet 	in 	exempel 	tien
M2_21_265_G	en 	salmen 	niet 	in 	exempele 	tien
M2_21_265_O		salmen 	niet 	in 	exempel 	tien

M2_21_266_A	maer 	gode 	benedyen
M2_21_266_B	mer 	gode 	benedien
M2_21_266_BR	maer 	gode 	benedien
M2_21_266_D	maer 	gode 	benedien
M2_21_266_D2	maer 	gode 	benedien
M2_21_266_F	maer 	gode 	benedyen
M2_21_266_G	maer 	gode 	benedien
M2_21_266_O	maer 	gode 	benedien

M2_21_267_A	die 	ons 	daer 	bi 	leert 	sonder 	vlien
M2_21_267_B	die 	ons 	dair 	bi 	leert 	zonden 	vlien
M2_21_267_BR	die 	ons 	daer 	bi 	leert 	sonden 	vlien
M2_21_267_D	die 	ons 	daer 	by 	leert 	sonden 	vlien
M2_21_267_D2	die 	ons 	daer 		leert 	sonder 	vlyen
M2_21_267_F	die 	ons 	daer 	bij 	leert 	sonden 	vlien
M2_21_267_G	die 	ons 	daer 	bi 	leert 	sonden 	vlien
M2_21_267_O	die 	ons 	daer 	by 	leert 	zonden 	vlien

M2_21_268_A	ende 	vp 	gherechte 	minne 	zien
M2_21_268_B	ende 	op 	rechte 	minne 	zien
M2_21_268_BR	ende 	op 	rechte 	minne 	sien
M2_21_268_D	ende 	op 	gherechte 	minne 	sien
M2_21_268_D2	ende 	op 	gherechte 	minne 	sien
M2_21_268_F	ende 	op 	gherechte 	minne 	sien
M2_21_268_G	ende 	hem 	altoes 		ontsien
M2_21_268_O	ende 	vp 	gherechte 	minne 	zien

M2_21_269_A	ic 	zwerdi 	dat 	bi 	marien
M2_21_269_B	des 	hopic 		an 	marien
M2_21_269_BR	jc 	swert 	di 	bi 	marien
M2_21_269_D	des 	hope 	ick 	an 	marien
M2_21_269_D2	des 	hopick 		aen 	marien
M2_21_269_F	ic 	zweere 	dij 	bij 	marien
M2_21_269_G	jc 	swere 	di 	bi 	marien
M2_21_269_O	jc 	zweert 	dy 	bi 	marien

M2_21_270_A	dat 	ic 	di 			doe 	noch 	heden 	ghien
M2_21_270_B	dat 	ic 				doe 	noch 	heyden 	ghien
M2_21_270_BR	dat 	ic 	di 			doe 	met 	mi 	gien
M2_21_270_D	dat 	ick 	di 			doe 	noch 	heden 	ghien
M2_21_270_D2	dat 	ic 	die 			doe 	noch 	heden 	ghijen
M2_21_270_F	dat 	ic 	dy 			doe 	noch 	heden 	lyen
M2_21_270_G	dat 	ic 	di 	met 	mi 	doe 	noch 	heden 	gien
M2_21_270_O	dat 	ic 	di 				noch 	heden 	ghien

M2_21_271_A	met 	mi 	oftu 		best 	een 	paijen
M2_21_271_B	met 	mi 	of 	du 	best 	een 	payen
M2_21_271_BR	oft 			du 	best 	een 	paien
M2_21_271_D	oft 			du 	biste 	een 	paijen
M2_21_271_D2	oft 	ghi 			sijt 	een 	paijen
M2_21_271_F			oftu 		bist 	een 	paien
M2_21_271_G	ochte 			du 	best 	een 	payen
M2_21_271_O			of 	du 	best 	een 	payen

M2_21_272_A	ofte 	in 	heresien
M2_21_272_B	of 	in 	heresien
M2_21_272_BR	oft 	in 	heresien
M2_21_272_D	oft 	in 	heresyen
M2_21_272_D2	oft 	vol 	heresien
M2_21_272_F	oft 	een 	heresien
M2_21_272_G	ofte 	in 	heresien
M2_21_272_O	ofte 	in 	frenesien

M2_21_273_A	of 		van 		sduuels 	partien
M2_21_273_B	of 		vans 		duuels 	partien
M2_21_273_BR	oft 		van 		sduuels 	pertien
M2_21_273_D	oft 		van 		duuels 	partyen
M2_21_273_D2	ofte 		van 		sduuels 	partien
M2_21_273_F	oft 		van 		sduuels 	partyen
M2_21_273_G	ochte 	sophiste 	van 	des 	duuels 	partien
M2_21_273_O	ofte 		van 	sviants 		pertien

M2_22_274_A		nu 	hore 	na 	mi 	ende 	verstant
M2_22_274_B			hore 	na 	mi 	ende 	verstant
M2_22_274_BR		nv 	hore 	na 	mi 	ende 	verstant
M2_22_274_D	martijn 	hoore 				ende 	verstant
M2_22_274_D2	martijn 	hooret 				ende 	verstant
M2_22_274_F	merten 	nu 	hore 	na 	mi 	ende 	verstant
M2_22_274_G		nu 	hor 	na 	mi 	ende 	verstant
M2_22_274_O		nu 	hore 	naer 	my 	ende 	verstant

M2_22_275_A	wie 	was 	die 	eerst 		minne 	vant
M2_22_275_B	wie 	was 	die 	eerst 	die 	minne 	vant
M2_22_275_BR	wie 	was 	die 	ierst 		minne 	vant
M2_22_275_D	wie 	wast 	die 	eerst 		minne 	vant
M2_22_275_D2	wie 	wast 	die 	dierste 		minne 	vant
M2_22_275_F	wie 	was 	die 	ierst 		minne 	vant
M2_22_275_G	wie 	waest 	die 	ierst 		minne 	vant
M2_22_275_O	wie 	waest 	die 	eerst 		minne 	vant

M2_22_276_A	dan 	god 		die 	selue 	es 	minne
M2_22_276_B	dan 	god 	zelue 	die 		es 	minne
M2_22_276_BR			 	die 	selue 	es 	minne
M2_22_276_D	dan 	god 		die 	selue 	is 	minne
M2_22_276_D2	dan 	god 		die 	selue 	is 	minne
M2_22_276_F	dan 	god 		die 	selue 	es 	minne
M2_22_276_G	dan 	god 		die 	selue 	es 	minne
M2_22_276_O	dan 	god 		die 	zelue 	es 	minne

M2_22_277_A	al 	dat 	oint 	maecte 	sine 		hant
M2_22_277_B	al 	dat 	oyt 	maicte 	zine 		hant
M2_22_277_BR	al 	dat 	ie 	maecte 		sijn 	hant
M2_22_277_D	al 	dat 		maecte 	ye 	sijn 	hant
M2_22_277_D2	al 	dat 		maecte 	ye 	sijn 	hant
M2_22_277_F	al 	dat 	ye 	maecte 	siin 		hant
M2_22_277_G	al 	dat 	noeit 	maecte 		sijn 	hant
M2_22_277_O	al 	dat 	ye 	maecte 	zine 		hant

M2_22_278_A		al 	minnet 	sire 	herten 	bant
M2_22_278_B		dat 	mint 	sire 	harten 	bant
M2_22_278_BR			minnet 	siere 	herten 	bant
M2_22_278_D			minnet 	sijnre 	herten 	bant
M2_22_278_D2			minnet 	sijnder 	herten 	bant
M2_22_278_F		al 	minnet 	siinre 	herten 	bant
M2_22_278_G	mint 	al 		siere 	herten 	bant
M2_22_278_O		al 	minnet 	siere 	herten 	bant

M2_22_279_A	met 	besceedenen 	sinne
M2_22_279_B	mit 	bescedenen 	zinne
M2_22_279_BR	met 	ghestaden 	sinne
M2_22_279_D	met 	ghestadighen 	sinne
M2_22_279_D2	met 	ghestadigen 	sinne
M2_22_279_F	met 	ghestaden 	sinne
M2_22_279_G	met 	bescedenen 	sinne
M2_22_279_O	met 	bescedenen 	zinne

M2_22_280_A	ia 	lucifer 	den 	helschen 	viant
M2_22_280_B	ja 	lucifaer 	den 		viant
M2_22_280_BR	ja 	lucifer 	den 	helscen 	viant
M2_22_280_D	ia 	lucifer 	den 	helschen 	viant
M2_22_280_D2	ja 	lucifer 	den 	helschen 	viant
M2_22_280_F	ja 	lucifer 	den 	helschen 	viant
M2_22_280_G	ja 	luciferre 	den 	helschen 	viant
M2_22_280_O	ja 	lucifer 	den 	helschen 	viant

M2_22_281_A	ne 	haet 	hi 	niet 	dats 		becant
M2_22_281_B	ne 	haet 	hi 	niet 	dats 		becant
M2_22_281_BR	en 	haetti 		niet 	dats 		becant
M2_22_281_D	en 	haet 	hi 	niet 	dat 		bekant
M2_22_281_D2	ende 	haet 	hi 	niet 	dat 	es 	bekant
M2_22_281_F	en 	haet 	hij 	niet 	dats 		becant
M2_22_281_G	en 	haet 	hi 	niet 	dat 	es 	becant
M2_22_281_O	en 	haet 	hi 	niet 		es 	becant

M2_22_282_A	noch 	en 	dede 	van 	beghinne
M2_22_282_B	no 	ne 	deide 	van 	beghinne
M2_22_282_BR	noch 	en 	dede 	van 	beghinne
M2_22_282_D	noch 	en 	dede 	van 	beghinne
M2_22_282_D2	noch 	en 	dede 	van 	beghinne
M2_22_282_F	noch 	en 	dede 	van 	beghinne
M2_22_282_G	no 	en 	dede 	van 	beginne
M2_22_282_O	no 	en 	dede 	van 	beghinne

M2_22_283_A	dat 	hi 	sit 	inder 		hellen 	brant
M2_22_283_B	dat 	hi 	sit 	inder 		hellen 	brant
M2_22_283_BR	datti 		sit 	inden 	helscen 		brant
M2_22_283_D	dat 	hi 	sidt 	inden 	helschen 		brant
M2_22_283_D2	dat 	hi 	sidt 	inden 	helschen 		brant
M2_22_283_F	datti 		sit 	inden 	helschen 		brant
M2_22_283_G	dat 	hi 	sit 	in 	der 	hellen 	brant
M2_22_283_O	dat 	hi 	zit 	in 	der 	hellen 	brant

M2_22_284_A	dat 	dede 	der 	houerden 	pont
M2_22_284_B	dat 	doet 	der 	houairde 	bant
M2_22_284_BR	dat 	doet 	der 	houerd 	ant
M2_22_284_D	dat 	doet 	der 	houaerdien 	pant
M2_22_284_D2	dat 	doet 	der 	houerdien 	pant
M2_22_284_F	dat 	doet 	der 	houerden 	pant
M2_22_284_G	dat 	doet 	der 	houerden 	pant
M2_22_284_O		dede 	der 	houerde 	pant

M2_22_285_A	der 	helscher 	coninghinnen
M2_22_285_B	der 	helscher 	coninginne
M2_22_285_BR	der 	helscer 	coninghen
M2_22_285_D	die 	helsche 	coninginne
M2_22_285_D2	die 	helsche 	coninghinne
M2_22_285_F	der 	helscher 	coninghinnen
M2_22_285_G	de 	helsche 	coninginne
M2_22_285_O	der 	helscher 	coninghinne

M2_22_286_A	daer 	bliuet 	hi 		altoes 	inne
M2_22_286_B	dair 	bliuet 	hi 		altois 	jnne
M2_22_286_BR	daer 	blijfti 			altoes 	jnne
M2_22_286_D			hi 	blijfter 	altoos 	inne
M2_22_286_D2	daer 		hi 	blijft 	altoes 	inne
M2_22_286_F	daer 	blijf 	hij 		altoes 	inne
M2_22_286_G	altoes 			blijft 	hiere 	inne
M2_22_286_O	daer 	blijft 	hi 		altoos 	inne

M2_23_287_A	dat 	dit 	waer 	es 	proeft 		wel 	dat
M2_23_287_B	dat 	dit 	wair 	es 	proef 	ic 	wel 	dat
M2_23_287_BR	dat 	dit 	waer 	es 	proeft 		wel 	d
M2_23_287_D	dat 	dit 	waer 	is 	proeft 		wel 	dat
M2_23_287_D2	dat 	dit 	waer 	is 	proeft 		wel 	dat
M2_23_287_F	dat 	dit 	waer 	es 	proeft 		wel 	dat
M2_23_287_G	dat 	dit 	waer 	es 	proeft 		wel 	dat
M2_23_287_O	dat 	dit 	waer 	es 	prouft 		al 	dat

M2_23_288_A	ware 	eeneghe 	dinc 	van 	gode 	ghehat
M2_23_288_B	wair 	enighe 	dinc 	van 	gode 	ghehat
M2_23_288_BR	waer 	enich 	dinc 	van 	gode 	gehat
M2_23_288_D	waer 	eenich 	dinck 	van 	gode 	gehat
M2_23_288_D2	waer 	eenich 	dinc 	van 	gode 	ghehadt
M2_23_288_F	waer 	eenighe 	dinc 	van 	gode 	ghehaet
M2_23_288_G	ware 	enech 	dinc 	van 	gode 	gehat
M2_23_288_O	waer 	enich 	dijnc 	van 	gode 	ghehat

M2_23_289_A		hen 	mochte 	niet 	ghedueren
M2_23_289_B	soe 	en 	mochte 	niet 	gheduren
M2_23_289_BR	dat 	en 	mochte 	niet 	gedueren
M2_23_289_D		ten 	mochte 	niet 	ghedueren
M2_23_289_D2		ten 	mochte 	niet 	ghedueren
M2_23_289_F	dat 	en 	mocht 	niet 	ghedueren
M2_23_289_G		en 	mochte 	niet 	gedueren
M2_23_289_O	zoe 	en 	nochte 	niet 	gheduren

M2_23_290_A	die 	onghetellede 	gods 	scat
M2_23_290_B	die 	onghetellede 	godsat	
M2_23_290_BR	den 	onghetelden 	gods 	scat
M2_23_290_D	den 	onghetelden 	gods 	scat
M2_23_290_D2	den 	onghetelden 	god 	schat
M2_23_290_F	den 	onghetelden 	gods 	scat
M2_23_290_G		dongetelde 	gods 	scat
M2_23_290_O	die 	onghetelde 	gods 	scat

M2_23_291_A	hen 	was 	noit 		tontfarmene 	mat
M2_23_291_B	ne 	was 	noyt 	te 	ontfarmene 	mat
M2_23_291_BR		was 	noit 	tontfermen 	lat	
M2_23_291_D	en 	was 	noyt 	tontfermen 	sat	
M2_23_291_D2	en 	was 	noyt 	tontfermen 	sat	
M2_23_291_F		was 	noyt 	tontfermen 	lat	
M2_23_291_G	en 	was 	nie 	tontfermene 		mat
M2_23_291_O	en 	was 	noyt 	ontfaermens 	lat	

M2_23_292_A		sine 	creaturen
M2_23_292_B		sijnre 	creaturen
M2_23_292_BR		sinen 	creatueren
M2_23_292_D	alle 	sinen 	creatueren
M2_23_292_D2	allen 	sijn 	creaturen
M2_23_292_F		sinen 	creatueren
M2_23_292_G	siere 		creaturen
M2_23_292_O		sinen 	creaturen

M2_23_293_A	vp 	dat 	mens 	hem 	met 	trouwen 	bat
M2_23_293_B	op 	datmen 		hem 	mit 	harten 	badt
M2_23_293_BR	op 	dat 	mens 	hem 	met 	herten 	bat
M2_23_293_D	op 	datmen 		hem 	met 	herten 	bat
M2_23_293_D2	op 	datmen 		hem 	met 	herten 	badt
M2_23_293_F	om 	datmens 		hem 	met 	herten 	bat
M2_23_293_G	op 	dat 	mens 	hem 	met 	herten 	bat
M2_23_293_O	vp 	dat 	mens 	hem 	met 	trauwen 	bat

M2_23_294_A	maer 	lucifer 		sit 	ende 	sat
M2_23_294_B	mer 	lucifaer 		zit 	ende 	zat
M2_23_294_BR	maer 	lucifer 		sit 	ende 	sat
M2_23_294_D	maer 	lucifer 		sit 	ende 	sat
M2_23_294_D2	maer 	lucifer 		sidt 	ende 	sadt
M2_23_294_F	maer 	lucifer 		sit 	ende 	sat
M2_23_294_G	maer 	lucifer 	die 	sit 	ende 	sat
M2_23_294_O	maer 	lucifer 		zit 	ende 	zat

M2_23_295_A	altoes 	ende 	telker 	huren
M2_23_295_B	nu 	ende 	telker 	vren
M2_23_295_BR	nv 	ende 	telker 	vren
M2_23_295_D	nv 	ende 	tallen 	vren
M2_23_295_D2	nv 	ende 	tallen 	hueren
M2_23_295_F	nu 	ende 	telker 	vren
M2_23_295_G	altoes 		telker 	vren
M2_23_295_O	nu 	ende 	telker 	hueren

M2_23_296_A	inder 		fierre 	houerden 	stat
M2_23_296_B	jnder 	fierer 		houarden 	stat
M2_23_296_BR	jnder 	fierder 		houerden 	stat
M2_23_296_D	in 	die 	fiere 	houardien 	stat
M2_23_296_D2	in 	die 	fyere 	houerdien 	stadt
M2_23_296_F	inder 	fierder 		houerden 	stat
M2_23_296_G	jn 	der 	fierre 	houerden 	stat
M2_23_296_O	jn 	der 	fieren 	houerden 	stat

M2_23_297_A	ende 		nemmermeer 		wet 	hijs 	sat
M2_23_297_B	ende 		nemmermeer 	wart 		hijs 	zat
M2_23_297_BR			nemmermeer 	wort 		hijs 	sat
M2_23_297_D			nemmermeer 	en 	wert 	hijs 	sat
M2_23_297_D2			nemmermeer 	en 	werdt 	hijs 	sadt
M2_23_297_F			nemmermeer 	wort 		hijs 	sat
M2_23_297_G	ende 		nemmermeer 	en 	wert 	hijs 	sat
M2_23_297_O	daer 	hi 	nemmermeer 		wert 		zat

M2_23_298_A	dus 	en 	mach 	sire 	naturen
M2_23_298_B	dus 	ne 	mach 	siere 	naturen
M2_23_298_BR	dus 	en 	mach 	siere 	natueren
M2_23_298_D	dus 	en 	mach 	sijnre 	natueren
M2_23_298_D2	dus 	en 	mach 	sijnre 	natueren
M2_23_298_F	dus 	en 	mach 	siere 	natueren
M2_23_298_G	dus 	en 	mach 	siere 	naturen
M2_23_298_O	dus 	en 	mach 	zijnre 	naturen
M2_23_298_Z	dus 		mach 	siere 	naturen

M2_23_299_A	gheene 	ghenaden 	ghebueren
M2_23_299_B	ghene 	ghenade 	gheburen
M2_23_299_BR	ghene 	ghenade 	ghebueren
M2_23_299_D	gheen 	ghenade 	ghebueren
M2_23_299_D2	gheen 	ghenade 	ghebueren
M2_23_299_F	gheene 	ghenade 	ghebueren
M2_23_299_G	negeene 	genade 	gebueren
M2_23_299_O	ghene 	ghenade 	ghebueren
M2_23_299_Z	gheen 	genade 	gebueren

M2_24_300_A	of 	men 	dit 	bi 	redenen 	weet
M2_24_300_B	na 	datmen 		bi 	redenen 	weet
M2_24_300_BR	oftmen 		dit 	bi 	redenen 	weet
M2_24_300_D	oftmen 		dit 	by 	reden 	weet
M2_24_300_D2	oft 	men 	dit 	bi 	reden 	weet
M2_24_300_F	oftmen 		dit 	bij 	redenen 	weet
M2_24_300_G	ocht 	men 	dit 	bi 	redenen 	weet
M2_24_300_O	dat 	men 	dat 	by 	redene 	weet
M2_24_300_Z		datmen 	dit 	bi 	redenen 	weet

M2_24_301_A	dat 	god 	niemene 		heuet 	leet
M2_24_301_B	dat 	god 	niemene 		heeft 	leet
M2_24_301_BR	dat 	god 	niemant 		heeft 	leet
M2_24_301_D	dat 	god 	nyemant 	en 	heeft 	leet
M2_24_301_D2	dat 	god 	niemant 	en 	heeft 	leet
M2_24_301_F	dat 	god 	niemant 	en 	heuet 	leet
M2_24_301_G	dat 	god 	niemene 	en 	heeft 	leet
M2_24_301_O	of 	god 	niemt 		heuet 	leet
M2_24_301_Z	dat 	god 	niemen 		heuet 	leet

M2_24_302_A	wien 	gheuet 	hi 	tlanghe 	leuen
M2_24_302_B	wien 	gheeft 	hi 	tlanghe 	leuen
M2_24_302_BR	wien 	geeft 	hi 	dlange 	leuen
M2_24_302_D	wien 	gheeft 	hi 	dlanghe 	leuen
M2_24_302_D2	wien 	gheeft 	hi 	tlanghe 	leuen
M2_24_302_F	wien 	gheeft 	hij 	dlanghe 	leuen
M2_24_302_G	wien 	geeft 	hi 	dlange 	leuen
M2_24_302_O	wien 	gheeft 	hi 	dlanghe 	leuen
M2_24_302_Z	wien 	geeft 	hi 	dlange 	leuen

M2_24_303_A	so 	den 	ghenen 	die 	hem 	es 	wreet
M2_24_303_B	so 	den 	ghenen 	die 	hem 	es 	wreet
M2_24_303_BR	soe 	den 	ghenen 	die 	hem 	es 	wreet
M2_24_303_D	soe 	den 	ghenen 	die 	hem 	is 	wreet
M2_24_303_D2	so 	den 	ghenen 	die 	hem 	es 	wreet
M2_24_303_F	soe 	den 	gheenen 	die 	hem 	is 	wreet
M2_24_303_G	so 	den 	genen 	die 	hen 	es 	wreet
M2_24_303_O	so 	den 	ghenen 	die 	hem 	es 	wreet
M2_24_303_Z	soe 	den 	genen 	die 			gereet

M2_24_304_A	so 	die 	hem 	met 	minnen 	heet
M2_24_304_B	so 	die 	hem 	niet 	minnen 	heet
M2_24_304_BR	soe 	die 	hem 	met 	sinne 	heet
M2_24_304_D	soe 	die 	hem 	met 	minnen 	heet
M2_24_304_D2	so 	die 	hem 	met 	mlinnen 	heet
M2_24_304_F	soe 	die 	hem 	met 	sinne 	heet
M2_24_304_G	so 	die 	hem 	met 	sinne 	heet
M2_24_304_O	zo 	die 	hem 	met 	minnen 	heet

M2_24_305_A		onderdaen 	es 	bleuen
M2_24_305_B		onderdaen 	es 	bleuen
M2_24_305_BR		onderdaen 	es 	bleuen
M2_24_305_D		onderdaen 	is 	ghebleuen
M2_24_305_D2		onderdaen 	is 	gebleuen
M2_24_305_F		onderdaen 	es 	bleuen
M2_24_305_G		onderdaen 	es 	bleuen
M2_24_305_O		onderdaen 	es 	bleuen
M2_24_305_Z	ende 	onderdaen 	es 	bleuen

M2_24_306_A	ic 	dart 	wel 	segghen 	vp 	mijn 	beheet
M2_24_306_B	jc 	dart 	wel 	segghen 	vp 	minen 	eet
M2_24_306_BR	jc 	der 	wel 	seggen 	op 	minen 	eet
M2_24_306_D	ick 	derf 	wel 	segghen 	op 	mynen 	eet
M2_24_306_D2	ic 	derft 	wel 	seggen 	op 	minen 	eedt
M2_24_306_F	jc 	derre 	wel 	segghen 	op 	minen 	eet
M2_24_306_G	jc 	der 	wel 	seggen 	op 	minen 	eet
M2_24_306_O	jc 	dart 	wel 	nemen 	vp 	minen 	eet
M2_24_306_Z	jc 	der 		seggen 	op 	minen 	eet

M2_24_307_A	sine 	houescheit 	ware 	onghecleet
M2_24_307_B	sine 	houescheit 	ware 	onghecleet
M2_24_307_BR	sine 	houescheit 	waer 	ongecleet
M2_24_307_D	sijn 	huescheyt 	waer 	onghecleet
M2_24_307_D2	sijn 	huescheit 	waer 	onghecleet
M2_24_307_F	sine 	houescheit 	waer 	onghecleet
M2_24_307_G	sine 	houescheit 	ware 	ongecleet
M2_24_307_O	sine 	hooscheit 	waere 	onghecleet
M2_24_307_Z	sijn 	houescheit 	es 	ongecleet

M2_24_308_A	liet 	hi 	den 	ghenen 	sneuen
M2_24_308_B	liete 	hi 	den 	gonen 	sneuen
M2_24_308_BR	lieti 		den 	ghenen 	sneuen
M2_24_308_D	liet 	hy 	den 	ghenen 	sneuen
M2_24_308_D2	liet 	hi 	den 	ghenen 	sneuen
M2_24_308_F	liet 	hij 	den 	ghenen 	sneuen
M2_24_308_G	liete 	hi 	den 	genen 	sneuen
M2_24_308_O	lie 	hi 	den 	ghenen 	sneuen
M2_24_308_Z	lieti 		den 	genen 	sneuen

M2_24_309_A	die 	al 		tsinen 	dienste 	steet
M2_24_309_B	die 	al 	te 	zinen 	dienste 	steet
M2_24_309_BR	die 	al 		tsinen 	dienste 	steet
M2_24_309_D	die 	al 		tsinen 	dienste 	steet
M2_24_309_D2	die 	al 	tsynen 		dienste 	steet
M2_24_309_F	die 	al 		tsinen 	dienste 	steet
M2_24_309_G	die 	al 	te 	sinen 	dienste 	steet
M2_24_309_O	die 	al 	te 	zinen 	dienste 	steet
M2_24_309_Z	die 		te 	sinen 	dienste 	steet

M2_24_310_A	dies 	ghelijcs 	willic 		ghereet
M2_24_310_B	des 	ghelijcs 	wil 	ic 	ghereet
M2_24_310_BR	dies 	ghelijc 	willic 		gereet
M2_24_310_D	diens 	ghelijck 	wil 	ick 	ghereet
M2_24_310_D2	diens 	ghelijcke 	wil 	ic 	ghereet
M2_24_310_F	dies 	ghelijc 	wil 	ic 	bereet
M2_24_310_G	dies 	gelike 	willic 		gereet
M2_24_310_O	diere 	ghelike 	willic 		ghereet
M2_24_310_Z	des 	gelijc 	willic 		gereet

M2_24_311_A	den 	loen 	hare 	weder 	gheuen
M2_24_311_B	den 	loon 	hair 	weder 	gheuen
M2_24_311_BR	den 	loen 	haer 	weder 	gheuen
M2_24_311_D	den 	loen 	haer 	weder 	gheuen
M2_24_311_D2	den 	toon 	haer 	weder 	gheuen
M2_24_311_F	den 	loen 	haer 	weder 	gheuen
M2_24_311_G	den 	loen 	hare 	weder 	geuen
M2_24_311_O	den 	loon 	haer 	weder 	gheuen
M2_24_311_Z	den 	loen 	haer 	weder 	geuen

M2_24_312_A	die 	dor 	mi 	lust 		beuen
M2_24_312_B	die 	doir 	mi 	lust 		leuen
M2_24_312_BR	die 	doer 	mi 	luste 	te 	beuen
M2_24_312_D	die 	doer 	my 	lust 	te 	leuen
M2_24_312_D2	die 	voer 	mi 	luste 	te 	leuen
M2_24_312_F	die 	doir 	mi 	lust 	te 	leuen
M2_24_312_G	die 	dore 	mi 	lust 		leuen
M2_24_312_O	die 	dor 	my 	lust 	te 	beuen
M2_24_312_Z	die 	dore 	mi 	lust 	te 	leuen

M2_25_313_A		god 	gheuet 	al 	cleene 	ende 	groot
M2_25_313_B		god 	gheuet 	al 	clene 	ende 	groot
M2_25_313_BR		god 	gheuet 	al 	clene 	ende 	groot
M2_25_313_D		god 	gheeft 	al 	cleyn 	ende 	groot
M2_25_313_D2	¶ 	god 	gheeftet 	al 	clein 	ende 	groot
M2_25_313_F		god 	gheuet 	al 	clein 	ende 	groot
M2_25_313_G		god 	geuet 	al 	cleine 	ende 	grot
M2_25_313_O		god 	gheuet 	al 	cleene 	ende 	groot
M2_25_313_Z		god 	heuet 	al 	cleyn 	ende 	groet

M2_25_314_A	dies 	die 	mensche 	heuet 	noot
M2_25_314_B	dies 	de 	mensche 	heuet 	noot
M2_25_314_BR	es 	de 	mensche 	heuet 	
M2_25_314_D	dies 	die 	mensche 	heuet 	noot
M2_25_314_D2	dies 	die 	mensche 	heuet 	noot
M2_25_314_E	des 	die 	mensche 	heuet 	noot
M2_25_314_F	dies 	die 	mensche 	heuet 	noot
M2_25_314_G	dies 	de 	mensche 	heuet 	noet
M2_25_314_O	dies 	de 	mensche 	heuet 	noot
M2_25_314_Z	dat 	de 	mensche 	heuet 	noet

M2_25_315_A	dit 	proeft 	men 	bi 	sinne
M2_25_315_B	dit 	prouftmen 		mit 	zinne
M2_25_315_BR	it 	proeftmen 		met 	sinne
M2_25_315_D	dit 	proeftmen 		met 	sinne
M2_25_315_D2	dit 	proeftmen 		met 	sinne
M2_25_315_E	dit 	proeftmen 		met 	sinne
M2_25_315_F	dit 	proeftmen 		met 	sinne
M2_25_315_G	dit 	proeft 	men 	met 	sinne
M2_25_315_O	dit 	prouue 	ic 	by 	zinne
M2_25_315_Z	dit 	proeftmen 		met 	sinne

M2_25_316_A	hi 	storte 	dor 	ons 	sijn 	bloet 	root
M2_25_316_B	hi 	storte 	doir 	ons 	zijn 	bloet 	root
M2_25_316_BR	hi 	storte 	dor 	ons 	sijn 	bloet 	root
M2_25_316_D	hi 	stortede 	doer 	ons 	sijn 	bluet 	root
M2_25_316_D2	hi 	stortte 	voer 	ons 	sijn 	bloet 	root
M2_25_316_E	hi 	storte 	doer 	ons 	sijn 	bloet 	root
M2_25_316_F	hij 	stortte 	om 	ons 	siin 	bloet 	root
M2_25_316_G	hi 	storte 	om 	ons 	sijn 	bloet 	roet
M2_25_316_O	hij 	storte 	dor 	ons 	zijn 	bloet 	root
M2_25_316_Z	hi 	storte 	dor 	ons 		bloet 	roet

M2_25_317_A	ende 		gheuet 	ons 	themelsche 		broot
M2_25_317_B	ende 		gheeft 	ons 	dat 	hemelsche 	broot
M2_25_317_BR		hi 	geeft 	ons 	themels 		broot
M2_25_317_D		hi 	gheeft 	ons 	themelsche 		broot
M2_25_317_D2		hi 	gheeft 	ons 	themelsche 		broot
M2_25_317_E	ende 		geeft 	ons 	themelsce 		broot
M2_25_317_F		hij 	gheeft 	ons 	themelsche 		broot
M2_25_317_G	ende 	hi 	geeft 	ons 	themelsche 		broet
M2_25_317_O	ende 		gheeft 	ons 	themelsche 		broot
M2_25_317_Z	ende 		geeft 	ons 	themessche 		broet

M2_25_318_A	vp 	dat 	men 	weder 	minne
M2_25_318_B	op 	datmen 		weder 	minne
M2_25_318_BR	op 	dat 	men 	weder 	minne
M2_25_318_D	op 	datmen 	hem 	weder 	minne
M2_25_318_D2	op 	datmen 	hem 	weer 	minne
M2_25_318_E	om 	datmen 		weder 	minne
M2_25_318_F	op 	datmen 		weder 	minne
M2_25_318_G	op 	dat 	menne 	weder 	minne
M2_25_318_O	vp 	dat 	menne 	weder 	minne
M2_25_318_Z	op 	datmen 		weder 	minne

M2_25_319_A	dor 		ne 	gheenen 	weder 	stoot
M2_25_319_B	doir 			ghene 	wederstoot	
M2_25_319_BR		om 	ne 	ghenen 	wederstoot	
M2_25_319_D		om 	oeck 	ghenen 	wederstoot	
M2_25_319_D2	oec 	om 		egheenen 	weder 	stoot
M2_25_319_E		omne 		ghenen 	weder 	stoot
M2_25_319_F		om 	ne 	ghenen 	weder 	stoot
M2_25_319_G		om 	ne 	geenen 	weder 	stoet
M2_25_319_O		om 	ne 	ghenen 	wederstoet	
M2_25_319_Z		om 		genen 	weder 	stoet

M2_25_320_A	daer 	ons 		sonde 	oit 	mede 	scoot
M2_25_320_B	dair 	ons 		sonde 	oyt 	mede 	scoot
M2_25_320_BR	daer 	ons 	ie 	sonde 		mede 	scoot
M2_25_320_D	daer 	ons 		sonde 	oyt 		medeschoot
M2_25_320_D2	daer 	ons 		sonde 	oyt 	mede 	schoot
M2_25_320_E	daer 	ons 	noit 	sonde 		mede 	scoet
M2_25_320_F	daer 	ons 	ye 	sonde 		mede 	scoot
M2_25_320_G	daer 	ons 		sonde 	ie 	mede 	scoet
M2_25_320_O	daer 	ons 		zonde 		mede 	scoet
M2_25_320_Z	daer 	ons 	nie 	sonde 		mede 	scoet

M2_25_321_A	ne 	laet 	hi 	ons 	daer 	inne
M2_25_321_B	sone 	laet 	hi 	ons 	dair 	jnne
M2_25_321_BR	en 	laet 	hi 	ons 	daer 	jnne
M2_25_321_D	en 	laet 	hi 	ons 	daer 	inne
M2_25_321_D2	en 	laet 	hi 	ons 	daer 	inne
M2_25_321_E	en 	laeti 		ons 	daer 	inne
M2_25_321_F	ende 	laet 	hij 	ons 	dair 	inne
M2_25_321_G	en 	laet 	hi 	ons 	daer 	inne
M2_25_321_O	en 	laet 	hi 	ons 	daer 	jnne
M2_25_321_Z	ne 	laet 	hi 	ons 	daer 	inne

M2_25_322_A	legghen 	wi 	thooft 	hem 	inden 	scoot
M2_25_322_B	legghen 	wi 	thooft 	in 	zinen 	scoot
M2_25_322_BR	leggen  		hooft 	in 	sinen 	scoot
M2_25_322_D	legghen 	wi 	thoeft 	in 	sinen 	schoot
M2_25_322_D2	legghen 	wi 	thooft 	in 	sinen 	schoot
M2_25_322_E	legghen 	wi 	thoot 	in 	sinen 	scoot
M2_25_322_F	legghen 	wij 	thooft 	in 	sinen 	scoot
M2_25_322_G	leggen 	wi 	thoeft 	in 	sinen 	scoet
M2_25_322_O	legghen 	wi 	thooft 	in 	zine 	scoet
M2_25_322_Z	leggen 	wi 	thouet 		inden 	scoet

M2_25_323_A	soude 	so 		maken 	dan 	die 	doot
M2_25_323_B	soude 	so 		smaken 	dan 	den 	doot
M2_25_323_BR	soude 			aken 	dan 	die 	doot
M2_25_323_D	soude 	hi 		smaken 	dan 	die 	doot
M2_25_323_D2	soude 	hi 		smaken 	dan 	die 	doot
M2_25_323_E	soude 	si 		smaken 	dan 	die 	doot
M2_25_323_F	soude 	sij 		smaken 	dan 	die 	doot
M2_25_323_G	soudt 	si 		smaken 	dan 	die 	doot
M2_25_323_O	zoude 	zij 	danne 	smaken 		die 	doot
M2_25_323_Z	ende 			smaken 	dan 	de 	doot

M2_25_324_A	die 	ic 	mi 	so 	hout 	kinne
M2_25_324_B	die 	ic 	mi 	so 	hout 	kinne
M2_25_324_BR	die 	ic 	mi 	soe 	hout 	kinne
M2_25_324_D	die 	ick 	mi 	soe 	houdt 	kinne
M2_25_324_D2	die 	ic 	mi 	so 	hout 	kinne
M2_25_324_E	die 	ic 	my 	so 	hout 	kinne
M2_25_324_F	die 	ic 	mi 	soe 	hout 	kinne
M2_25_324_G	die 	ic 	mi 	so 	hout 	kinne
M2_25_324_O	die 	ic 	my 	zo 	hout 	kinne
M2_25_324_Z	die 	ic 	mi 	soe 	hout 	kinne

M2_25_325_A	so 	ware 	mijn 	vroeden 		dinne
M2_25_325_B	so 	ware 	mijn 	vroede 		dinne
M2_25_325_BR	soe 	aer 	mijn 	vroude 		dinne
M2_25_325_D	soe 	waer 	mijn 	vroedomme 		dinne
M2_25_325_D2	Soe 	waer 	mijn 	vroedom 		"dinne

"
M2_25_325_E	so 	waer 	mijn 	vroeden 		dinne
M2_25_325_F	soe 	ware 	mijn 	vroeden 		dinne
M2_25_325_G	so 	ware 	mijn 	vroeden 		dinne
M2_25_325_O	zo 	ware 	mine 	wijsheit 		dinne
M2_25_325_Z	oft 		mijn 	verstaen 	es 	dunne

M2_26_326_A	vvaerheit 	jacop 		du 	segghes 		waer
M2_26_326_B	waerhede 	iacop 		dits 		al 	claer
M2_26_326_BR	vvaerheit 	iacop 		dits 		al 	waer
M2_26_326_D	waerlijck 	iacop 		dit 	is 	al 	claer
M2_26_326_E	waerheit 	iacop 		dits 		al 	waer
M2_26_326_F	waerheit 		iacob 	dits 		al 	claer
M2_26_326_G	en 	trouwen 	iacob 	dit 	es 		waer
M2_26_326_O	seker 		iacob 	dit 	es 	al 	waer
M2_26_326_Z	waerheit 	iacop 		dits 		al 	waer

M2_26_327_A	maer 	het 		was 	mi 	te 	vindene 	zwaer
M2_26_327_B	mer 	het 		was 	mi 	te 	vinden 	zwair
M2_26_327_BR	maer 		mi 	was 		te 	vindene 	swaer
M2_26_327_D	maer 	het 		was 	mi 	te 	vinden 	swaer
M2_26_327_E	maer 		my 	waest 		te 	vinden 	zwaer
M2_26_327_F	maer 	w 	mi 	was 		te 	vindenne 	zwaer
M2_26_327_G	maer 		mi 	was 		te 	vindene 	swaer
M2_26_327_O	maer 		dit 	was 	my 	te 	vinden 	zwaer
M2_26_327_Z	maer 		mi 	was 		te 	vinden 	zwaer

M2_26_328_A	dattu 		hier 	heues 	ontbonden
M2_26_328_B	dattu 		hier 	helts 	ontbonden
M2_26_328_BR	dattu 		hier 	heues 	ontbonden
M2_26_328_D	dattu 		hier 	heues 	ontbonden
M2_26_328_E	dattu 		hier 	heeft 	ontbonden
M2_26_328_F	dattu 	mi 	hier 	heues 	ontbonden
M2_26_328_G	dattu 	mi 		heefs 	ontbonden
M2_26_328_O	dattu 		hier 	heues 	ontbonden
M2_26_328_Z	dattu 		hier 	heues 	ontbonden

M2_26_329_A	ic 	lye 	verwonnen 	openbaer
M2_26_329_B	jc 	lye 	verwonnen 	openbair
M2_26_329_BR	jc 	lye 	verwonnen 	openbaer
M2_26_329_D	ick 	lye 	verwonnen 	openbaer
M2_26_329_E	ic 	lye 	uerwonnen 	oppenbaer
M2_26_329_F	ic 	lye 	verwonnen 	openbaer
M2_26_329_G	jc 	lie 	uerwonnen 	oppenbaer
M2_26_329_O	jc 	lye 	verwonnen 	openbaer
M2_26_329_Z	jc 	lie 	uerwonnen 	openbaer

M2_26_330_A	mine 	minne 	es 	der 	zielen 	vaer
M2_26_330_B	mine 	minne 	dats 		zielen 	vaer
M2_26_330_BR	mine 	minne 	es 		sielen 	vaer
M2_26_330_D	mijn 	minne 	es 	der 	sielen 	vaer
M2_26_330_E	mine 	minne 	dats 	der 	zielen 	vaer
M2_26_330_F	mine 	minne 	es 		zielen 	vaer
M2_26_330_G	mine 	minne 	es 		sielen 	swaer
M2_26_330_O	mine 	minne 	es 		zielen 	vaer
M2_26_330_Z	mijn 	minne 	es 		zielen	

M2_26_331_A	ende 	besmet 	met 	sonden
M2_26_331_B	ende 	besmit 	met 	zonden
M2_26_331_BR	ende 	besmet 	met 	sonden
M2_26_331_D	ende 	besmet 	met 	sonden
M2_26_331_E	ende 	besmet 	met 	sonden
M2_26_331_F	ende 	besmet 	met 	sonden
M2_26_331_G	ende 	besmet 	met 	sonden
M2_26_331_O	ende 	besmet 	met 	zonden
M2_26_331_Z	ende 	besmet 	met 	sonden

M2_26_332_A	du 	seghes 	daer 	an 	wel 	ende 	waer
M2_26_332_B	du 	segs 			wel 	ende 	wair
M2_26_332_BR	du 	seges 	daer 	ane 	wel 	ende 	waer
M2_26_332_D	du 	segghes 	daer 	an 	wel 	ende 	waer
M2_26_332_E	ghi 	segt 	daer 	an 	wel 	ende 	waer
M2_26_332_F	du 	seges 	daer 	ane 	wel 	ende 	waer
M2_26_332_G	du 	segs 	daer 	ane 	wel 	ende 	waer
M2_26_332_O	du 	segghes 	hier 	an 	wel 	ende 	waer
M2_26_332_Z	du 	seges 	daer 	an 	wel 	ende 	waer

M2_26_333_A		redene 	heuet 	minen 	waen 	ommaer
M2_26_333_B		redene 	heit 	minen 	waen 	ommaer
M2_26_333_BR		redene 	heeft 	mijn 	waen 	onmaer
M2_26_333_D	mijn 	reden 	heeft 	mijn 	waen 	ommaer
M2_26_333_E		redene 	heeft 	mine 	waen 	onmaer
M2_26_333_F		redene 	heeft 	mijn 	waen 	ommaer
M2_26_333_G		redene 	heeft 	minen 	waen 	onmaer
M2_26_333_O		redene 	heeft 	minen 	waen 	onmaer
M2_26_333_Z		reden 	heuet 	mijn 	waen 	onmaer

M2_26_334_A	dit 	hebbic 	onder 	vonden
M2_26_334_B	dit 	hebbic 		onderuonden
M2_26_334_BR	dat 	hebbic 		onderuonden
M2_26_334_D	dat 	heb 	ick 	onderuonden
M2_26_334_E	dat 	hebbic 		ondervonden
M2_26_334_F	dat 	heb 	ic 	onderuonden
M2_26_334_G	dit 	hebbic 		ondervonden
M2_26_334_O	dit 	hebbe 	ic 	onderuonden
M2_26_334_Z	dat 	hebbic 		onderuonden

M2_26_335_A	nu 	moete 	ons 	god 	ghebringhen 	daer
M2_26_335_B	nu 	moete 	ons 	god 	bringhen 	dair
M2_26_335_BR	nv 	moet 	ons 	god 	bringen 	daer
M2_26_335_D	nv 	moet 	ons 	god 	brenghen 	daer
M2_26_335_E	nv 	moet 	ons 	god 	bringhen 	daer
M2_26_335_F	nu 	moet 	ons 	god 	bringen 	daer
M2_26_335_G	nu 	moete 	ons 	god 	bringen 	daer
M2_26_335_O	nu 	moet 	ons 	god 	ghebringhen 	daer
M2_26_335_Z	nv 	moet 	ons 	god 	bringen 	daer

M2_26_336_A		minne 	niet 	en 	end 	haer 	jaer
M2_26_336_B	dair 	minne 	niet 		ent 	haer 	jaer
M2_26_336_BR	daer 	minne 	niet 	en 	int 	haer 	iaer
M2_26_336_D	daer 	minme 	niet 	en 	eyndet 	haer 	iaer
M2_26_336_E	daer 	minne 	niet 	en 	int 	haer 	iaer
M2_26_336_F	daer 	minne 	niet 	en 	ent 	haer 	iaer
M2_26_336_G	daer 	minne 	niet 	en 	endt 	hare 	iaer
M2_26_336_O	daer 	minne 	niet 	en 	hent 	haer 	iaer
M2_26_336_Z		minne 	niet 		ent 	haer 	iaer

M2_26_337_A		enten 	lesten 	stonden
M2_26_337_B	ende 	ten 	laetsten 	stonden
M2_26_337_BR		enten 	lesten 	stonden
M2_26_337_D	ende 	ten 	lesten 	stonden
M2_26_337_E		enten 	lesten 	stonden
M2_26_337_F	nu 	enten 	lesten 	stonden
M2_26_337_G	ende 	ten 	lesten 	stonden
M2_26_337_O	ende 	ten 	laetsten 	stonden
M2_26_337_Z		enten 	lesten 	stonden

M2_26_338_A	vrien 	met 	sinen 	wonden
M2_26_338_B	vrien 	mit 	zinen 	wonden
M2_26_338_BR	vrien 	met 	sinen 	wonden
M2_26_338_D	vryen 	met 	sinen 	wonden
M2_26_338_E	vrien 	met 	sinen 	wonden
M2_26_338_F	vryen 	met 	sinen 	wonden
M2_26_338_G	vrien 	met 	sinen 	wonden
M2_26_338_O	vrye 	met 	zinen 	wonden
M2_26_338_Z	vrien 	met 	haren 	wonden

M3_1_000_A	dit 	es 	de 	derde 	martijn	
M3_1_000_BR	 	es 	den 	derden 		boeck
M3_1_000_C		van 	der 	drieuoudicheide		
M3_1_000_D	¶ 		dat 	derde 		boeck
M3_1_000_E			den 	derden 		bouc
M3_1_000_F	hier 	begint 	den 	derden 		boeck
M3_1_000_O		incipit 			tertius	
M3_1_000_Z			die 	derde 	merten 	boec

M3_1_001_A	ic 	mane 		mannen 	metten 	wiuen
M3_1_001_B	ic 	mane 		mannen 	mitten 	wiuen
M3_1_001_BR	jc 	mane 		manne 	metten 	wiuen
M3_1_001_C	ic 	mane 	den 	mannen 	metten 	wiuen
M3_1_001_D	ick 	mane 		mannen 	metten 	wiuen
M3_1_001_E	ic 	mane 		manne 	metten 	wiuen
M3_1_001_F	ic 	mane 		mannen 	metten 	wiuen
M3_1_001_G	ic 			manne 	metten 	wiuen
M3_1_001_O	ic 	mane 		mannen 	metten 	wiuen
M3_1_001_W	ic 	mane 		mannen 	metten 	wiuen
M3_1_001_Z	ic 	mane 		manne 	metten 	wiuen

M3_1_002_A	die 	dit 		sullen 	lesen 		of 	scriuen
M3_1_002_B	die 	dit 	dicht 	sullen 	lesen 		of 	scriuen
M3_1_002_BR	die 	dit 			lesen 		ofte 	scriuen
M3_1_002_C	die 	dit 			lesen 	zoelen 	ofte 	scriuen
M3_1_002_D	die 	dit 	dicht 		lesen 		of 	schriuen
M3_1_002_E	die 	dit 			lesen 		oft 	scriuen
M3_1_002_F	die 	dit 	dicht 		lesen 		ofte 	scriuen
M3_1_002_G	die 	dit 	gedichte 		lesen 	ende 		scriuen
M3_1_002_O	die 	dit 	ghedichte 		lesen 		of 	scriuen
M3_1_002_W	die 	dit 	gedichte 		lesen 	ende 		scriuen
M3_1_002_Z	die 	dit 			lesen 		of 	scriuen

M3_1_003_A	vpten 		hoghesten 	ban
M3_1_003_B	op 	den 	hoichsten 	ban
M3_1_003_BR	opten 		hoechsten 	ban
M3_1_003_C	op 	den 	hoechsden 	ban
M3_1_003_D	op 	den 	hoochsten 	ban
M3_1_003_E	opten 		hoechsten 	ban
M3_1_003_F	opten 		hoechsten 	ban
M3_1_003_G	op 	den 	hoechsten 	ban
M3_1_003_O	vp 	den 	hoechsten 	ban
M3_1_003_W	op 	ten 	hoechsten 	ban
M3_1_003_Z	opden 		hoechten 	ban

M3_1_004_A	dat 	si 	dit 	dicht 	laten 		bliuen
M3_1_004_B	dat 	si 	dit 	dicht 	laten 		bliuen
M3_1_004_BR	dat 	sijt 	reyne 		laten 		bliuen
M3_1_004_C	dat 	zij 	dit 	dicht 	laten 		bliuen
M3_1_004_D	dat 	sijt 	reyne 		laten 		bliuen
M3_1_004_E	dat 	sijt 	reine 		laten 		bliuen
M3_1_004_F	dat 	sijt 	reyne 		laten 		bliuen
M3_1_004_G	dat 	sijt 			laten 	reene 	bliuen
M3_1_004_O	dat 	zijt 	reine 		laten 		bliuen
M3_1_004_W	dat 	sijt 	reene 		laten 		bliuen

M3_1_005_A	reene 	dat 	siere 		niet 	in 	en 	driuen
M3_1_005_B	feine 	dat 	sire 		niet 	in 		driuen
M3_1_005_BR		ende 	siere 		niet 	in 	en 	driuen
M3_1_005_C	reine 	ende 	zire 		niet 	in 	en 	driuen
M3_1_005_D		ende 	si 	daer 	niet 	in 	en 	driuen
M3_1_005_E		ende 	ziere 		niet 	toe 	en 	driuen
M3_1_005_F		ende 	siere 		niet 	in 	en 	driuen
M3_1_005_G		ende 	siere 		niet 	in 	en 	driuen
M3_1_005_O		ende 	zij 	er 	niet 	in 	en 	driuen
M3_1_005_W		ende 	siere 		niet 	in 	en 	driuen
M3_1_005_Z		ende 	siere 		niet 	in 	en 	driuen

M3_1_006_A	lettre 	wort 		af 	no 	an
M3_1_006_B	woort 	no 	lettere 	of 	no 	an
M3_1_006_BR	woort 		letter 	af 	no 	an
M3_1_006_C		woert 	litter 	af 	noch 	an
M3_1_006_D		woert 	letter 	af 	noch 	an
M3_1_006_E		wort 	letteren 	af 	noch 	an
M3_1_006_F	woort 		letter 	af 	oft 	an
M3_1_006_G		woert 	lettere 	af 	ochte 	an
M3_1_006_O	woor 		lettere 	of 	noch 	an
M3_1_006_W		woert 	lettere 	af 	ochte 	an
M3_1_006_Z		wort 	lettere 	af 	no 	an

M3_1_007_A		doen 	sijt 	oec 	hem 	sal 	becliuen
M3_1_007_B		doen 	sijt 	ooc 	hem 	sal 	becliuen
M3_1_007_BR		doen 	sijt 	oec 	hem 	sal 	becliuen
M3_1_007_C		doen 	zijt 	oec 	hem 	zal 	becliuen
M3_1_007_D		doen 	sijt 		hem 	sal 	becliuen
M3_1_007_E		doen 	sijt 	oec 	hem 	sal 	becliuen
M3_1_007_F		doen 	zijt 	oic 	hem 	sal 	becliuen
M3_1_007_G		doen 	sijt 	oec 	hen 	sal 	becliuen
M3_1_007_O	en 	doen 	zijs 	met 	hem 	zal 	becliuen
M3_1_007_W		doen 	sijt 	oec 	hen 	sal 	becliuen
M3_1_007_Z		doen 	sijt 	oec 	hem 	sal 	becliuen

M3_1_008_A	minen 	ban 	en 	sine 			sulne 		wriuen
M3_1_008_B	mijn 	ban 	ende 	si 		ne 	sulne 	of 	wriuen
M3_1_008_BR	mijn 	ban 		sine 	selen 			af 	wriuen
M3_1_008_C	mijn 	ban 	ende 	zine 	zoelent 				afwriuen
M3_1_008_D	mijn 	ban 		sine 	selen 			af 	wriuen
M3_1_008_E	minen 	ban 		sine 	selen 			af 	wriuen
M3_1_008_F	minen 	ban 		sij 	zelen 				afwriuen
M3_1_008_G	mijn 	ban 	ende 	sine 	selen 	ne 		af 	wriuen
M3_1_008_O	mine 	ban 	ende 	zijne 	zullen 				afwriuen
M3_1_008_W	mijn 	ban 	ende 	si 	en 		selenne 	af 	wriuen
M3_1_008_Z	minen 	ban 		sine 	zelen 				afwriuen

M3_1_009_A	niet 	af 	moghen 	nochtan
M3_1_009_B	niet 		moghen 	nochtan
M3_1_009_BR	niet 		mogen 	nochtan
M3_1_009_C	moeghen 	oec 	niet 	nochtan
M3_1_009_D	niet 		moghen 	nochtan
M3_1_009_E	niet 		moghen 	nochtan
M3_1_009_F	niet 		moghen 	nochtan
M3_1_009_G	niet 	gemogen 		nochtan
M3_1_009_O	niet 		moghen 	nochtan
M3_1_009_W	niet 	gemogen 		nochtan
M3_1_009_Z	niet 		mogen 	nochtan

M3_1_010_A	hennes 			gheen 	spot 	dit 	van 	keytiuen
M3_1_010_B	het 		nes 	gheen 	spot 		van 	keytiuen
M3_1_010_BR		en 	es 	geen 	spot 		van 	keytiuen
M3_1_010_C	dit 	en 	is 	gheen 	spot 		van 	keytiuen
M3_1_010_D		en 	is 	gheen 	spot 		van 	keytiuen
M3_1_010_E		en 	es 	gheen 	spot 		van 	keytiuen
M3_1_010_F		en 	es 	gheen 	spot 		van 	keytiuen
M3_1_010_G	hens 			geen 	spot 	dit 	van 	katyuen
M3_1_010_O		en 	es 	gheen 	spot 	dit 	van 	keytiuen
M3_1_010_W	hennes 			geen 	spot 	dit 	van 	katyuen
M3_1_010_Z	dits 			geen 	spot 		van 	ketiuen

M3_1_011_A	hets 		daer 	ic 	mi 		omme 	liet 	ontliuen
M3_1_011_B	hets 		dair 	ic 	mi 		omme 	liete 	ontliuen
M3_1_011_BR	hets 		daer 	ic 	mi 		om 	liet 	ontliuen
M3_1_011_C	hets 		daer 	ic 	mi 	eer 	om 	liet 	ontliuen
M3_1_011_D	hets 		daer 	ick 	mi 		om 	liet 	ontliuen
M3_1_011_E	hets 		daer 	ic 	my 		om 	liet 	onliuen
M3_1_011_F	hets 		daer 	ic 	mi 		om 	liet 	ontliuen
M3_1_011_G	hets 		daer 	ic 	mi 	lieuer 	om 	liete 	ontliuen
M3_1_011_O	hets 		daer 	ic 	my 		omme 	liete 	ontliuen
M3_1_011_W	het 	es 	daer 	ic 	mi 	lieuer 	om 	liete 	ontliuen
M3_1_011_Z	hets 		daer 	ic 	mi 		om 	liet 	ontliuen

M3_1_012_A	eer 	icker 	sciede 	van
M3_1_012_B	eer 	icker 	scede 	van
M3_1_012_BR	eer 	icer 	sciede 	van
M3_1_012_C	eer 	icker 	sciede 	van
M3_1_012_D	eer 	icker 	schiede 	van
M3_1_012_E	eer 	icker 	sciede 	van
M3_1_012_F	eer 	icker 	schiede 	van
M3_1_012_G	eer 	icker 	sciede 	van
M3_1_012_O	eer 	icker 	sciede 	van
M3_1_012_W	eer 	icker 	schiede 	van
M3_1_012_Z	eer 	icker 	sciede 	van

M3_1_013_A	nu 	hort 	die 	leeren 		can
M3_1_013_B	nu 	hore 	die 		leren 	can
M3_1_013_BR		t 	die 	lere 		
M3_1_013_C	hoert 	mi 	dat 	ict 	leren 	can
M3_1_013_D	nv 	hoor 	die 	leeren 		can
M3_1_013_E	nv 	lere 	die 		leren 	can
M3_1_013_F	nu 	hoirt 	die 	leeren 		can
M3_1_013_G	nu 	hore 	die 	leeren 		can
M3_1_013_O	nu 	hoore 	die 	leere 		can
M3_1_013_W	nu 	hore 	die 	leeren 		can
M3_1_013_Z	nv 	leere 	die 	leeren 		can

M3_2_014_A	iacop 	wi 	hebben 	onderlinghe
M3_2_014_B	iacop 	wi 	hebben 	onderlinghe
M3_2_014_BR	iacop 	wi 	hebben 	onderlinge
M3_2_014_C	iacob 	wij 	hebben 	onderlinghe
M3_2_014_D	iacop 	wi 	hebben 	onderlinghe
M3_2_014_E	iacop 	wi 	hebben 	onderlinghe
M3_2_014_F	iacob 	wij 	hebben 	onderlinge
M3_2_014_G	iacob 	wi 	hebben 	onderlinghe
M3_2_014_O	iacob 	wi 	hebben 	onderlinghe
M3_2_014_W	iacob 	wi 	hebben 	onderlinghe
M3_2_014_Z	iacop 	wi 	hebben 	onderlinge

M3_2_015_A	ghehandelt 	messelike 	dinghen
M3_2_015_B	ghehandelt 	misselike 	dinghe
M3_2_015_BR	ghehandelt 	misselike 	dinge
M3_2_015_C	ghehandelt 	menegherande 	dinghe
M3_2_015_D	ghehandelt 	messelike 	dinghe
M3_2_015_E	ghehandelt 	messelike 	dinghe
M3_2_015_F	ghehandelt 	misselike 	dingen
M3_2_015_G	ghehandelt 	messelike 	dinge
M3_2_015_O	ghehandelt 	messelike 	dijnghe
M3_2_015_W	ghehandelt 	messeleke 	dinghe
M3_2_015_Z	gehandelt 	messelike 	dinge

M3_2_016_A	nu 	antwort 	mi 	vp 	een
M3_2_016_B	nu 	antwoirt 	mi 	op 	een
M3_2_016_BR	nv 	antwoort 	mi 	op 	een
M3_2_016_C		andworde 	mi 	op 	een
M3_2_016_D	nv 	antwoert 	mij 	op 	een
M3_2_016_E	nv 	antwoert 	my 	op 	een
M3_2_016_F	nu 	antwoort 	my 	op 	een
M3_2_016_G	nu 	antwerdt 	mi 	op 	een
M3_2_016_O	nu 	andwoort 	my 	vp 	een
M3_2_016_W	nv 	antwerdt 	mi 	op 	een
M3_2_016_Z	nv 	antwert 	mi 	op 	een

M3_2_017_A		leert 	mi 	eer 	ic 	hu 	ontspringhe
M3_2_017_B		lere 	mi 	eer 	ic 	di 	ontspringhe
M3_2_017_BR	ende 	lere 	mi 	eer 	ic 	dat 	ontspringe
M3_2_017_C	leer 		mi 	eer 	ic 	di 	ontspringhe
M3_2_017_D	leer 		my 	eer 	ick 	di 	ontspringhe
M3_2_017_E		leert 	my 	eer 	ic 	di 	ontspringhe
M3_2_017_F	leere 		mi 	eer 	ic 	di 	ontspringhe
M3_2_017_G	ende 	leert 	mi 	eer 	ic 	di 	ontspringe
M3_2_017_O	leere 		mi 	eer 	ic 	di 	ontspringhe
M3_2_017_W	ende 	leert 	mi 	eer 	ic 	di 	ontspringhe
M3_2_017_Z	leere 		mi 	eer 	ic 	di 	onspringe

M3_2_018_A	hoe 	ic 	mijn 	herte 	daer 	toe 	dwinghe
M3_2_018_B	hoe 	ic 	mine 	herte 	dair 	toe 	dwinge
M3_2_018_BR	hoe 	ic 	mijn 	herte 	daertoe 		dwinge
M3_2_018_C	hoe 	ic 	mijn 	herte 	daer 	toe 	bringhe
M3_2_018_D	hoe 	ick 	mijn 	hert 	daer 	toe 	bringhe
M3_2_018_E	hoe 	ic 	mijn 	herte 	daer 	toe 	dwinghe
M3_2_018_F	hoe 	ic 	miin 	herte 	daer 	toe 	dwinge
M3_2_018_G	hoe 	ic 	mijn 	herte 	daertoe 		dwinge
M3_2_018_O	hoe 	ic 	mijn 	herte 	daertoe 		bringhe
M3_2_018_W	hoe 	ic 	mijn 	herte 	daer 	toe 	dwinghe
M3_2_018_Z	hoe 	ic 	mijn 	herte 	daer 	toe 	dwinge

M3_2_019_A		te 	kenne 	hem 	dien 	wi 	vleen
M3_2_019_B		te 	kennene 	hem 	dien 	wi 	vleen
M3_2_019_BR	hem 	te 	kinnen 		die 	wi 	vleen
M3_2_019_C		te 	kennen 	hem 	dien 	wij 	vleen
M3_2_019_D		te 	kennen 		die 	wi 	vleen
M3_2_019_E	hem 	te 	kinnen 		dien 	wi 	vlien
M3_2_019_G		te 	kinnenne 	hen 	dien 	wi 	vleen
M3_2_019_O		te 	kennen 	hem 	dien 	wij 	vleen
M3_2_019_W		te 	kinnenne 	hem 	dien 	wi 	vleen
M3_2_019_Z	hem 	te 	kinnen 		die 	wi 	vleen

M3_2_020_A	ic 	lese 	somwile 	ende 	in 	singhe
M3_2_020_B	ic 	leise 	somwile 	ende 		singhe
M3_2_020_BR	jc 	lese 	somwile 	ende 		singe
M3_2_020_C	ic 	lese 	zomwile 	ende 		zinghe
M3_2_020_D	ick 	lese 	somwilen 	ende 		singhe
M3_2_020_E	ic 	lese 	somwile 	ende 		singhe
M3_2_020_G	jc 	lese 	somwile 	ende 		singe
M3_2_020_O	ic 	leze 	zomwile 	ende 		zinghe
M3_2_020_W	jc 	lese 	somwile 	ende 		singhe
M3_2_020_Z	ic 	lese 	somtijt 	ende 		singe

M3_2_021_A		gode 	te 	kenne 	bi 	sinen 	dinghe
M3_2_021_B	dat 	gode 	te 	kenne 	bi 	sinen 	ghehinge
M3_2_021_BR		gode 	te 	kinnen 	bi 	sinen 	gehinge
M3_2_021_C	dat 	gode 	te 	kennen 	bi 	zinen 	ghehinghe
M3_2_021_D	dat 	god 	te 	kennen 	bi 	sinen 	gehinge
M3_2_021_F		hem 	te 	kennen 	bi 	sinen 	gehinge
M3_2_021_G	dat 	gode 	te 	kinnene 	bi 	sinen 	gehinge
M3_2_021_O	dat 	gode 		kennen 	by 	zijnen 	ghehinge
M3_2_021_W	dat 	gode 	te 	kinnenne 	bi 	sinen 	gehinge
M3_2_021_Z		gode 	te 	kinnen 	bi 	sinen 	gehinge

M3_2_022_A			es 	leuen 	sonder 	ween
M3_2_022_B			es 	leuen 	sonder 	ween
M3_2_022_BR			es 	leuen 	sonder 	ween
M3_2_022_C			is 	leuen 	zonder 	ween
M3_2_022_D			is 	leuen 	sonder 	ween
M3_2_022_F	die 	leuende 	es 		sonder 	ween
M3_2_022_G			es 	leuen 	sonder 	ween
M3_2_022_O			es 	leuen 	zonder 	ween
M3_2_022_W			es 	leuen 	sonder 	ween
M3_2_022_Z			es 	leuen 	sonder 	ween

M3_2_023_A	dits 			claer 	waer 	ende 	ghehinghe
M3_2_023_B	dits 		waerheit 	claer 		ende 	ghinghe
M3_2_023_BR	dits 		waerheit 	claer 		ende 	gehinge
M3_2_023_C	dits 		waereit 	claer 		ende 	biechtinghe
M3_2_023_D		tes 		claer 	waerheyt 	ende 	gehinghe
M3_2_023_F	dits 		waerheit 	claerheit 		ende 	gehinge
M3_2_023_G	dit 	es 	waerheit 	claer 		ende 	ginge
M3_2_023_O	waerhede 	eist 		claer 	zo 	ict 	singhe
M3_2_023_W	dit 	es 	waerheit 	claer 		ende 	ginge
M3_2_023_Z	dats 		waerheyt 	claer 		ende 	gehinge

M3_2_024_A	subtijl 	ware 	therte 	diet 	bevinghe
M3_2_024_B	subtijl 	wair 	tharte 	diet 	bevinghe
M3_2_024_BR	subtijl 	waer 	therte 	diet 	beuinge
M3_2_024_C	subtijl 	waer 	therte 	diet 	beuinghe
M3_2_024_D	subtijl 	waer 	therte 	diet 	beuinghe
M3_2_024_F	subtijl 	waer 	therte 	diet 	beuinghe
M3_2_024_G	subtijlware 		therte 	diet 	beuinge
M3_2_024_O	subtijl 	waer 	therte 	diet 	beuinghe
M3_2_024_W	subtijl 	ware 	therte 	diet 	bevinge
M3_2_024_Z	suptijl 	waer 	therte 	diet 	beuinge

M3_2_025_A	want 	hogher 	dinc 	en 	es 	gheen
M3_2_025_B	want 	hogher 	dinc 		es 	gheen
M3_2_025_BR	want 	hoger 	dinc 		nes 	geen
M3_2_025_C	want 	hogher 	dinc 	en 	is 	engheen
M3_2_025_D	want 	hogher 	dinck 	en 	is 	gheen
M3_2_025_F	want 	hoger 	dinc 	en 	es 	gheen
M3_2_025_G	want 	hoger 	dinc 	en 	es 	negeen
M3_2_025_O	want 	hogher 	dijnc 	en 	es 	gheen
M3_2_025_W	want 	hoegher 	dinc 	en 	es 	negeen
M3_2_025_Z	want 	hoger 	dinc 		nes 	gheen

M3_2_026_A	nu 	antwort 		onder 	ons 	tween
M3_2_026_B	nu 	antwoort 		tusschen 	ons 	tween
M3_2_026_BR	nv 	antwoort 		tusschen 	ons 	tween
M3_2_026_C	nu 	andworde 	mi 	tusghen 	ons 	tween
M3_2_026_D	nv 	antwoert 		onder 	ons 	tween
M3_2_026_F	nu 	antwoort 		tusschen 	ons 	tween
M3_2_026_G	nu 	antwerdt 	mi 	tusschen 	ons 	tween
M3_2_026_O	nu 	antwoort 			ons 	tween
M3_2_026_W	nu 	antwerdt 	mi 	tusschen 	ons 	tween
M3_2_026_Z		antwert 		tusschen 	ons 	tween

M3_3_027_A	martijn 	du 	vraghes 		wel 	hoghe
M3_3_027_B	martijn 	du 	vraghes 		te 	hoghe
M3_3_027_BR	merten 	du 	vrages 		te 	hoge
M3_3_027_C	martijn 	du 	vraghes 	mi 		tehoghe
M3_3_027_D	martijn 	du 	vraghes 	mi 	wel 	hoghe
M3_3_027_F	merten 	du 	vrages 	mi 	te 	hoge
M3_3_027_G	merten 	du 	vrages 		te 	hoge
M3_3_027_O	martin 	du 	vraghes 		te 	hoghe
M3_3_027_W	merten 	du 	vraechs 		te 	hoege
M3_3_027_Z	merten 	du 	vrages 		te 	hoge

M3_3_028_A	al 	vloghic 		bouen 	der 	inghele 	vloghe
M3_3_028_B	al 	vloghic 		bouen 		denglen 	vloghe
M3_3_028_BR	al 	vlogic 		bouen 	der 	ingle 	vloge
M3_3_028_C	al 	vloghic 		bouen 	der 	yngle 	vloghe
M3_3_028_D	al 	vloech 	ic 	bouen 	der 	enghelen 	vloge
M3_3_028_F	al 	vlogic 		bouen 	der 	ingelen 	vloge
M3_3_028_G	al 	vlogic 		bouen 	der 	ingele 	vloge
M3_3_028_O	al 	vloghe 	ic 	bouen 	der 	inghelen 	vloghe
M3_3_028_W	al 	vloghic 		bouen 	der 	jngele 	vloghe
M3_3_028_Z	al 	vlogic 		bouen 	der 	inglen 	v

M3_3_029_A	bouen 	cherubin 	ende 	cheraf
M3_3_029_B	bouen 	cherub 	ende 	seraph
M3_3_029_BR	bouen 	cherub 	ende 	cheraf
M3_3_029_C	bouuen 	cerub 	ende 	seraf
M3_3_029_D	bouen 	serub 	ende 	seraph
M3_3_029_F	bouen 	cherub 	ende 	cheraf
M3_3_029_G	bouen 	cherub 	ende 	seraph
M3_3_029_O	bouen 	cherub 	ende 	cheraph
M3_3_029_W	bouen 	cherub 	ende 	seraph
M3_3_029_Z	bouen 	cerub 	ende 	ceraph

M3_3_030_A	so 	weetic 		wel 	dat 	ic 	en 	moghe
M3_3_030_B	soe 	wetic 		wel 	dat 	ic 	ne 	moghe
M3_3_030_BR	soe 	wetic 		wel 	dat 	ic 	en 	moge
M3_3_030_C	zoe 	weet 	ic 	wel 	dat 	ic 	en 	moghe
M3_3_030_D	soe 	weet 	ick 	wel 	dat 	ick 	en 	moghe
M3_3_030_F	soe 	weet 	ic 	wel 	dat 	ic 	en 	moge
M3_3_030_G	so 	weetic 		wel 	dat 	icken 		moge
M3_3_030_O	zo 	weet 	ic 	wel 	dat 	ic 	en 	moghe
M3_3_030_W	so 	weetic 		wel 	dat 	ic 	en 	moge
M3_3_030_Z	so 	wetic 		wel 	dat 	ic 	en 	moge

M3_3_031_A	berechten 	dat 		te 	vullen 	doghe
M3_3_031_B	berechten 	dat 	di 	te 	vullen 	doghe
M3_3_031_BR	berichten 	dat 		te 	vollen 	doge
M3_3_031_C	berichten 	dat 		te 	uollen 	doghe
M3_3_031_D	berechten 	dat 		ten 	vollen 	toghe
M3_3_031_F	berechten 	dat 		te 	vollen 	gedoge
M3_3_031_G	berechten 	dat 		te 	vollen 	doge
M3_3_031_O	berechten 	dat 		te 	vullen 	doeghe
M3_3_031_W	berechten 	dat 		te 	vollen 	doge
M3_3_031_Z	berechten 	dat 		te 	vollen 	doge

M3_3_032_A	met 	worden 		hier 	af
M3_3_032_B	met 	reden 		hier 	af
M3_3_032_BR	met 	woorden 	niet 	hier 	af
M3_3_032_C	in 	woerden 		hier 	af
M3_3_032_D	met 	waerden 	niet 	hier 	af
M3_3_032_F	met 	wonden 	niet 	hier 	af
M3_3_032_G	met 	woerden 	niet 	hier 	af
M3_3_032_O	met 	woorden 		hier 	af
M3_3_032_W	met 	woerden 	niet 	hier 	af
M3_3_032_Z	met 	werden 	niet 	hier 	af

M3_3_033_A	alle 	sinne 	sijn 	te 	droghe
M3_3_033_B	alle 	zinnen 	zijn 	te 	droghe
M3_3_033_BR	alle 	sinne 	sijn 	te 	droge
M3_3_033_C	alle 	zinne 	zijn 	te 	droghe
M3_3_033_D	alle 	sinnen 	sijn 	te 	droghe
M3_3_033_F	alle 	sinne 	siin 	te 	droghe
M3_3_033_G	alle 	sinne 	sijn 	te 	droege
M3_3_033_O	alle 	zinne 	zijn 	te 	droeghe
M3_3_033_W	alle 	sinne 	sijn 	te 	droege
M3_3_033_Z	alle 	sinne 	sijn 	te 	droge

M3_3_034_A	alle 	creaturen 	hoemen 			poghe
M3_3_034_B	alle 	creaturen 	hoe 	so 	men 	poghe
M3_3_034_BR	alle 	creatueren 	hoemen 	poge		
M3_3_034_C	alle 	creaturen 	hoe 		men 	poghe
M3_3_034_D	alle 	creatueren 	hoement 			poghe
M3_3_034_F	alle 	creatueren 	hoement 	poge		
M3_3_034_G	alle 	creaturen 	hoement 	poege		
M3_3_034_O	van 	creaturen 	hoe 	poeghe		
M3_3_034_W	alle 	creaturen 	hoement 	poeghe		
M3_3_034_Z	alle 	naturen 	hoement 	poge		

M3_3_035_A	ne 	doghen 	niet 	een 	caf
M3_3_035_B	ne 	doghen 	niet 	een 	caf
M3_3_035_BR	en 	dogen 	niet 	een 	caf
M3_3_035_C	en 	doeghen 	niet 	een 	caf
M3_3_035_D	en 	doghen 	niet 	een 	caf
M3_3_035_F	en 	doghen 	niet 	een 	caf
M3_3_035_G	en 	dogen 	niet 	een 	caf
M3_3_035_O	en 	doghen 	niet 	een 	caf
M3_3_035_W	en 	dogen 	niet 	een 	caf
M3_3_035_Z	ne 	dogen 	niet 	een 	caf

M3_3_036_A		dat 	hare 	eenich 	te 	vullen 	toghe
M3_3_036_B	hi 	dat 	hair 	enich 	te 	vullen 	toghe
M3_3_036_BR		dat 	haer 	enich 	te 	volle 	doge
M3_3_036_C		dat 	hoer 	enich 	te 	uollen 	toghe
M3_3_036_D		datter 		enich 	te 	vollen 	doghe
M3_3_036_F		dat 	hier 	eenich 	te 	vollen 	doge
M3_3_036_G		dat 	harre 	enech 	te 	vollen 	doge
M3_3_036_O		dat 	hare 	enich 	te 	vullen 	doeghe
M3_3_036_W		dat 	haerre 	eenech 	te 	vollen 	doghe
M3_3_036_Z		dat 	haer 	enich 	te 	vollen 	doghe

M3_3_037_A	maer 	verscaerp 		dijns 	sinnes 	oghe
M3_3_037_B	mer 	verscep 		dijns 	zins 	oghe
M3_3_037_BR	maer 	verscerpt 		dijns 	sins 	oge
M3_3_037_C	mer 	nu 	verscarp 	dijns 	zins 	oghe
M3_3_037_D	maer 	verscerp 		dijns 	sins 	oghe
M3_3_037_F	maer 	verscerpe 		dijns 	sins 	oge
M3_3_037_G	mer 	verscerp 		dijns 	sins 	oege
M3_3_037_O	maer 	verscerp 		dijns 	zinnes 	oeghe
M3_3_037_W	maer 	verscerp 		dijns 	sins 	oghe
M3_3_037_Z	maer 		verscarp 	dijns 	sins 	oge

M3_3_038_A		hore 	wat 		scrifture 	mi 	gaf
M3_3_038_B		hore 	wat 		scrifture 	mi 	gaf
M3_3_038_BR		hore 	wat 	scriftuere 	di 		gaf
M3_3_038_C	hoer 		wat 	mi 	scrifture 		gaf
M3_3_038_D	hoert 		wat 	my 	schriftuere 		gaf
M3_3_038_F	hoort 		wat 	scriftuere 	dij 		gaff
M3_3_038_G	ende 	hore 	wat 	mi 	screfture 		gaf
M3_3_038_O	ende 	hoore 	wat 	die 	scrifture 		gaf
M3_3_038_W	ende 	hore 	wat 	mi 	screfture 		gaf
M3_3_038_Z	hort 		wat 	natuere 	di 		gaf

M3_3_039_A	hout 		in 	diere 	herten 	graf
M3_3_039_B	hout 		in 	dire 	harten 	graf
M3_3_039_BR	sluut 		in 	diere 	herten 	graf
M3_3_039_C	hout 		in 	dijnre 	herten 	graf
M3_3_039_D	sluyt 	dat 	in 	dijnre 	herten 	graf
M3_3_039_F	sluut 	met 		diinre 	herten 	graf
M3_3_039_G	houdet 		in 	dijnre 	herten 	graf
M3_3_039_O	sluut 		in 	dijnre 	herten 	graf
M3_3_039_W	houdet 		in 	dijnre 	herten 	graf
M3_3_039_Z	horet 		in 	diere 	herten 	graf

M3_4_040_A	moyses 	spreect 	in 	sinen 	boeken
M3_4_040_B	moyses 	sprect 	in 	sine 	boeken
M3_4_040_BR	moyses 	sprect 	in 	sinen 	boeken
M3_4_040_C	moyses 	spreect 	in 	zinen 	boeken
M3_4_040_D	moyses 	spreect 	in 	sinen 	boecken
M3_4_040_F	moyses 	sprect 	in 	sine 	boucken
M3_4_040_G	moyses 	sprect 	in 	sinen 	boeken
M3_4_040_O	moyses 	spreect 	in 	zine 	bouken
M3_4_040_W	moyses 	sprect 	in 	sinen 	boeken
M3_4_040_Z	moyses 	spract 	in 	sinen 	boeken

M3_4_041_A		beesten 	die 	den 	berch 	besoeken
M3_4_041_B	die 	beeste 	die 	de 	berghen 	soeken
M3_4_041_BR		beesten 	die 	den 	berch 	besoeken
M3_4_041_C	die 	beesten 	die 	den 	bergh 	besoeken
M3_4_041_D		beesten 	die 	den 	berch 	besoeken
M3_4_041_F		beesten 	die 	den 	berch 	besoucken
M3_4_041_G		beesten 	die 	den 	berch 	besoeken
M3_4_041_O		beesten 	die 	den 	berch 	bezouken
M3_4_041_W		beesten 	die 	den 	berch 	besoeken
M3_4_041_Z		beesten 	die 	den 	berch 	besoeke

M3_4_042_A	moeten 	sijn 	ghesteent
M3_4_042_B	moeten 	zijn 	ghesteent
M3_4_042_BR	moeten 	sijn 	vereent
M3_4_042_C	moeten 	zijn 	ghesteent
M3_4_042_D	moeten 	sijn 	ghesteent
M3_4_042_F	moeten 	siin 	vereent
M3_4_042_G	moeten 	sijn 	gesteent
M3_4_042_O	moeten 	zijn 	ghescent
M3_4_042_W	moeten 	sijn 	gesteent
M3_4_042_Z	moeten 	sijn 	gescent

M3_4_043_A	beeste 	es 		die 	mensche 	die 		willeroeken
M3_4_043_B	beeste 	es 		die 	mensche 	die 	wille 	besouken
M3_4_043_BR	beeste 	eest 				die 	wille 	roeken
M3_4_043_C	beest 	is 		die 	mensche 	die 	wil 	roeken
M3_4_043_D	beeste 	is 	hi 			die 	wil 	roeken
M3_4_043_F	beeste 	es 	hij 			die 	wille 	roeken
M3_4_043_G	beeste 	es 		die 	mensche 	die 	wille 	roeken
M3_4_043_O	beeste 	es 		de 	mensche 	die 	wille 	rouken
M3_4_043_W	beeste 	es 		die 	mensche 	die 	wille 	roeken
M3_4_043_Z	beeste 	es 	hi 	de 			wille 	roeken

M3_4_044_A	te 	nauwe 		omme 	die 	godheit 	loeken
M3_4_044_B	te 	nauwe 	ende 	om 	die 	godheit 	louken
M3_4_044_BR	te 	nauwe 	in 		de 	godheit 	loeken
M3_4_044_C		tenauwe 		om 	die 	godheit 	loeken
M3_4_044_D	te 	nauwe 	in 		die 	godheyt 	loeken
M3_4_044_F	te 	nauwe 		om 	die 	godheit 	loeken
M3_4_044_G	te 	nauwe 		om 	die 	godheit 	loeken
M3_4_044_O	te 	nauwe 	vp 		die 	godheit 	louken
M3_4_044_W	te 	nauwe 		om 	de 	godheit 	loeken
M3_4_044_Z	te 	nauwe 		om 	de 	godheit 	loe

M3_4_045_A	hets 		recht 	dat 	hijt 	beweent
M3_4_045_B	hets 		recht 	dat 	hijt 	beweent
M3_4_045_BR	hets 		recht 	dat 	hijt 	beweent
M3_4_045_C	hets 		recht 	dat 	hijt 	beweent
M3_4_045_D	hets 		recht 	dat 	hijt 	beweent
M3_4_045_F	hets 		recht 	dat 	hijt 	beweent
M3_4_045_G	hets 		recht 	dat 	hijt 	beweent
M3_4_045_O	hets 		recht 	dat 	hijt 	beweent
M3_4_045_W	het 	es 	recht 	dat 	hijt 	beweent
M3_4_045_Z	hets 		recht 	dat 	hijt 	beweent

M3_4_046_A	du 	soucs 	mi 	in 	allen 	hoeken
M3_4_046_B	du 	soucts 	mi 	in 	allen 	houken
M3_4_046_BR	du 	soecs 	mi 	in 	alle 	hoeken
M3_4_046_C	du 	zoecs 	mi 	in 	allen 	hoeken
M3_4_046_D	du 	soecs 	my 	in 	allen 	hoeken
M3_4_046_F	du 	soecs 	mi 	in 	allen 	hoeken
M3_4_046_G	du 	soecs 	mi 	in 	allen 	hoeken
M3_4_046_O	du 	zouchs 	my 	in 	allen 	houken
M3_4_046_W	du 	soecs 	mi 	in 	allen 	hoeken
M3_4_046_Z	du 	sout 	mi 	in 	allen 	hoeken

M3_4_047_A	met 	rimen 	sonder 	valsch 		van 	doeken
M3_4_047_B	met 	rimen 	sonder 	valsch 		van 	douken
M3_4_047_BR	met 	ryme 	sonder 	valsch 		van 	doeken
M3_4_047_C	mit 	rime 	zonder 	valscheit 		van 	doeken
M3_4_047_D	met 	rime 	sonder 	valsche 		van 	doeken
M3_4_047_F	met 	rime 	sonder 	valsch 		van 	doeken
M3_4_047_G	met 	rimen 	sonder 	valscheit 	vlas 	van 	doeken
M3_4_047_O	met 	rime 	zonder 	valsche 		van 	bouken
M3_4_047_W	met 	rimen 	sonder 		vlas 	van 	doeken
M3_4_047_Z	met 	rine 	sonder 	valsch 		van 	doek

M3_4_048_A	es 	dit 	goed 	ic 	wane 	neent
M3_4_048_B	eist 		goet 	ic 	wane 	neent
M3_4_048_BR	es 	dit 	goet 	ic 	wane 	neent
M3_4_048_C	is 	dit 	goet 	ic 	waene 	neent
M3_4_048_D	eest 		goet 	ick 	wane 	neent
M3_4_048_F	es 	dit 	goet 	ic 	wane 	neent
M3_4_048_G	es 	dit 	goet 	ic 	wane 	neent
M3_4_048_O	es 	dit 	goet 	ic 	waene 	neent
M3_4_048_W	es 	dit 	goet 	ic 	wane 	neent

M3_4_049_A	du 	telles 	mi 	metten 	wisen 	cloeken
M3_4_049_B	du 	telts 	mi 	metten 	wisen 	clouken
M3_4_049_BR	du 	telles 	mi 	metten 	wisen 	cloeken
M3_4_049_C	du 	telles 	mi 	niet 	wisen 	cloeken
M3_4_049_D	du 	telles 	my 	metten 	wisen 	cloeken
M3_4_049_F	du 	telles 	mi 	mette 	wisen 	cloeken
M3_4_049_G	du 	tels 	mi 	metten 	wisen 	cloeken
M3_4_049_O	du 	telles 	my 	met 	wisen 	clouken
M3_4_049_W	du 	tels 	mi 	metten 	wisen 	cloeken
M3_4_049_Z	es 	dit 	goet 	ic 	wane 	neent

M3_4_050_A	waert 	goet 	ic 	souder 	hu 	omme 	vloeken
M3_4_050_B	wairtt 	goet 	ic 	souder 	di 	om 	vlouken
M3_4_050_BR	Waert 	goet 	ic 	souder 	di 	om 	"vloeken

"
M3_4_050_C		dorstic 	ic 	zouder 	di 	om 	vloeken
M3_4_050_D	waert 	goet 	ick 	souder 	di 	om 	vloeken
M3_4_050_F	waert 	goet 	ic 	souder 	dy 	om 	vloeken
M3_4_050_G	waert 	goet 	ic 	souder 	di 	om 	vloeken
M3_4_050_O	waert 	goet 	ic 	souder 	di 	omme 	vlouken
M3_4_050_W	waer 	tgoet 	ic 	souder 	di 	om 	vloeken
M3_4_050_Z	waert 	goet 	ic 	souder 	di 	om 	vloeken

M3_4_051_A	ic 	wane 	dine 	herte 		meent
M3_4_051_B	ic 	wane 	dine 	harte 		meent
M3_4_051_C	ic 	waen 	dijn 	herte 		meent
M3_4_051_D	ick 	wane 	dijn 	herte 	dat 	meent
M3_4_051_F	ic 	wane 	diin 	herte 	dat 	meent
M3_4_051_G	jc 	wane 	dijn 	herte 		meent
M3_4_051_O	ic 	wane 	dijn 	herte 		meent
M3_4_051_W	jc 	wane 	dine 	herte 		meent
M3_4_051_Z	ic 	wane 	dijn 	herte 		meent

M3_4_052_A	dattu 	mi 		heues 	verbeent
M3_4_052_B	dattu 	mi 		hebs 	verbeent
M3_4_052_C	dat 	du 	nu 	heues 	verleent
M3_4_052_D	dattu 	my 		heues 	verbeent
M3_4_052_F	dattu 	mi 		heues 	verbeent
M3_4_052_G	dattu 	mi 		heefs 	verbeent
M3_4_052_O	dattu 	my 		heues 	verbeent
M3_4_052_W	dattu 	mi 		heefs 	verbeent
M3_4_052_Z	dattu 	mi 		heues 	verbeent

M3_5_053_A	iacop 	dune 		souds 	di 	niet 	vergramen
M3_5_053_B	iacop 	du 	en 	zouts 	di 	niet 	vergramen
M3_5_053_C	iacob 	du 	ne 	zoelt 	di 	niet 	vergramen
M3_5_053_D	iacop 	du 	en 	sals 		niet 	vergramen
M3_5_053_F	iacob 	dune 		salti 		niet 	vergrammen
M3_5_053_G	iacob 	dune 		souts 	di 	niet 	vergramen
M3_5_053_O	iacob 	du 	ne 	souts 	di 	niet 	vergramen
M3_5_053_W	iacob 	dune 		souts 	di 	niet 	vergramen
M3_5_053_Z	iacop 	dune 		salti 		niet 	vergramen

M3_5_054_A	ic 	wils 	mi 	al 	mijn 	leuen 	scamen
M3_5_054_B	ic 	souts 	mi 	in 	mijn 	seluen 	scamen
M3_5_054_C	ic 	zouds 	mi 	in 	mi 	zeluen 	scamen
M3_5_054_D	ick 	souts 	mi 	alte 		sere 	scamen
M3_5_054_F	ic 	souts 	mi 	al 	mijn 	leuen 	scamen
M3_5_054_G	jc 	souts 	mi 	in 	mijn 	herte 	scamen
M3_5_054_O	ic 	souts 	my 	al 	mijn 	leuen 	scamen
M3_5_054_W	jc 	souts 	mi 	in 	mijn 	herte 	scamen
M3_5_054_Z	ic 	souts 	mi 	in 	mi 	seluen 	scamen

M3_5_055_A	haddict 	oint 		ghedocht
M3_5_055_B	had 	ict 	oyt 	ghedocht
M3_5_055_C	haddict 	ie 		ghedocht
M3_5_055_D	had 	icx 	ye 	ghedocht
M3_5_055_F	haddic 	dat 	oyt 	ghedocht
M3_5_055_G	haddict 		oyt 	gedocht
M3_5_055_O	hadde 	ic 	yet 	ghedocht
M3_5_055_W	haddict 		ye 	gedocht
M3_5_055_Z	haddict 	oit 		gedocht

M3_5_056_A	oecs 		lijcs 	metti 		te 	samen
M3_5_056_B	oic 	lye 	ics 	metti 		te 	samen
M3_5_056_C	oec 	lie 	ics 	met 	di 	tesamen	
M3_5_056_D	oeck 	lye 	ick 	met 	dy 	tsamen	
M3_5_056_F	oec 	ly 	ic 	metti 		te 	samen
M3_5_056_G	oec 	lie 	ics 	met 	di 	te 	samen
M3_5_056_O	oec 	lye 	ic 	metti 		te 	zamen
M3_5_056_W	oec 	lye 	ics 	met 	di 	te 	samen
M3_5_056_Z	oec 	lie 	ic 	metti 		te 	samen

M3_5_057_A	dat 	die 	hoecheit 	der 	hogre 	namen
M3_5_057_B	dat 	de 	hoicheit 	der 	hogher 	namen
M3_5_057_C	dat 	die 	hoecheit 	der 	hogher 	namen
M3_5_057_D	dat 	die 	hoecheyt 	der 	hogher 	namen
M3_5_057_F	dat 	die 	hoecheyt 	der 	hoger 	namen
M3_5_057_G	dat 	die 	hoecheit 	der 	hoger 	namen
M3_5_057_O	dat 	die 	hoecheit 	der 	hogher 	namen
M3_5_057_W	dat 	die 	hoecheit 	der 	hoeger 	namen
M3_5_057_Z	dat 	de 	hoecheit 	der 	hoger 	namen

M3_5_058_A		te 	verre 	niet 	en 	doech 	ghesocht
M3_5_058_B		te 	verre 	niet 		docht 	ghesocht
M3_5_058_C		te 	uerre 	niet 	en 	doech 	ghesocht
M3_5_058_D	niet 	te 	verre 		en 	doech 	ghesocht
M3_5_058_F		te 	verre 		en 	doech 	ghesocht
M3_5_058_G		te 	verre 	niet 	en 	doech 	gesocht
M3_5_058_O		te 	nauwe 	niet 	en 	doecht 	ghesocht
M3_5_058_W		te 	verre 	niet 	en 	doech 	gesocht
M3_5_058_Z	niet 	te 	verre 			doech 	gesocht

M3_5_059_A	al 	waert 	dat 	alle 	dingle 		quamen
M3_5_059_B	al 	wairt 	dat 	alle 	die 	enghelen 	quamen
M3_5_059_C	al 	waert 	dat 	alle 	die 	ingle 	quamen
M3_5_059_D	al 	waert 	dat 	alle 	die 	yngelen 	quamen
M3_5_059_F	al 	waert 	dat 	alle 	dingen 		quamen
M3_5_059_G	al 	waert 	dat 	alle 	dinge 		qramen
M3_5_059_O	al 	waert 	dat 	alle 	die 	inghelen 	quamen
M3_5_059_W	al 	waert 	dat 	alle 	dinge 		quamen
M3_5_059_Z	al 	wert 	dat 	alle 	dingle 		quamen

M3_5_060_A	sine 		connen 	die 	godheit 		ghehamen
M3_5_060_B	si 	en 	conden 	die 	godheit 		ghehamen
M3_5_060_C	zine 		consten 	die 	hoecheit 	niet 	ghehamen
M3_5_060_D	sy 	en 	constens 			niet 	gheramen
M3_5_060_F	sine 		conden 	die 	godheid 	niet 	gehamen
M3_5_060_G	sine 		consten 	die 	godheit 	niet 	geramen
M3_5_060_O	sine 		conde 	de 	godheid 	niet 	gheramen
M3_5_060_W	sine 		consten 	de 	godheit 	niet 	geramen
M3_5_060_Z	sij 		conden 	de 	godheit 	niet 	gehamen

M3_5_061_A	dits 		al 	af 	ghenocht
M3_5_061_B	dits 		al 	of 	ghecnocht
M3_5_061_C	dit 		al 	af 	ghecnocht
M3_5_061_D	het 	es 	al 	af 	gheknocht
M3_5_061_F	dits 		al 	aff 	gheknocht
M3_5_061_G	dits 	elken 		af 	gecnocht
M3_5_061_O	dit 	es 	al 	af 	ghecnocht
M3_5_061_W	dits 	elken 			afgecnocht
M3_5_061_Z	dits 		al 	af 	gecnocht

M3_5_062_A		leere 	minen 	crancken 	sin 	minen 	lamen
M3_5_062_B	mer 	lere 	minen 		zin 	dein 	lamen
M3_5_062_C	mer 	eer 	minen 	cranken 	zin 	minen 	lamen
M3_5_062_D	maer 	leere 	mijne 		sin 		lamen
M3_5_062_F	maer 	leere 	minen 	crancken 	sin 		lamen
M3_5_062_G	maer 	leere 	minen 	crancken 	sin 	minen 	lamen
M3_5_062_O	maer 	leere 	minen 	cranken 	zin 		lamen
M3_5_062_W	maer 	leere 	minen 	cranken 	sin 	minen 	lamen
M3_5_062_Z	maer 	leere 	minen 	cracken 	sin 		lamen

M3_5_063_A	ghewont 	metter 	sonden 	bramen
M3_5_063_B	ghewont 	mitter 	zonden 	blamen
M3_5_063_C	ghewont 	metter 	zonden 	bramen
M3_5_063_D	ghewont 	metter 	sonden 	bramen
M3_5_063_F	ghewont 	metter 	sonden 	bramen
M3_5_063_G	ghewont 	metter 	sonden 	bramen
M3_5_063_O	ghewont 	metter 	zonden 	bramen
M3_5_063_W	ghewondt 	metter 	sonden 	bramen
M3_5_063_Z	gewont 	metter 	sonden 	bramen

M3_5_064_A	van 	dattu 		vermocht
M3_5_064_B	van 	datti 		vermocht
M3_5_064_C	van 	dat 	du 	vermocht
M3_5_064_D	van 	dattu 		vermocht
M3_5_064_F	van 	dattu 		vermocht
M3_5_064_G	van 	dattu 		vermocht
M3_5_064_O	van 	dattu 		vermocht
M3_5_064_W	van 	dattu 		vermocht
M3_5_064_Z	van 	dattu 		vermocht

M3_5_065_A	so 	es 	mijn 	wille 	vulbrocht
M3_5_065_B	so 	es 	mijn 	wille 	volbrocht
M3_5_065_C	zoe 	is 	mijn 	wille 	volbrocht
M3_5_065_D	soe 	es 	mijn 	wil 	volbrocht
M3_5_065_F	soe 	es 	mijn 	wille 	volbrocht
M3_5_065_G	so 	es 	mijn 	wille 	volbrocht
M3_5_065_O	zo 	es 	mine 	wille 	vulbrocht
M3_5_065_W	so 	es 	mijn 	wille 	volbrocht
M3_5_065_Z	soe 	es 	minen 	wil 	volbrocht

M3_6_066_A	martijn 		merc 		in 	dinen 	zinne
M3_6_066_B	mairtijn 	nv 	merct 		in 	dinen 	zinne
M3_6_066_C	martijn 		merc 	wel 	in 	dinen 	zinne
M3_6_066_D	martijn 		merct 		in 	dynen 	sinne
M3_6_066_F	merten 		merct 		in 	dinen 	sinne
M3_6_066_G	merten 	nu 	merc 		in 	dinen 	sinne
M3_6_066_O	martin 	nu 	merke 		in 	dinen 	zinne
M3_6_066_W	merten 	nu 	merc 		in 	dinen 	sinne
M3_6_066_Z	merten 		merct 		in 	dinen 	sinne

M3_6_067_A	god 	es 	een 		wesen 	vor 	alle 	beghinne
M3_6_067_B	god 	es 	een 	wisen 	wesen 	vor 	alle 	beginne
M3_6_067_C	god 	is 	een 		wesen 	voer 	alle 	beghinne
M3_6_067_D	god 	is 	een 		wesen 	voer 	al 	beghinne
M3_6_067_F	god 	es 	een 		wesen 	vor 	al 	beginne
M3_6_067_G	god 	es 	een 		wesen 	vor 	alle 	beginne
M3_6_067_O	god 	es 	een 		wesen 	voor 	alle 	beghinne
M3_6_067_W	god 	es 	een 		wesen 	vore 	alle 	beginne
M3_6_067_Z	god 	es 			wesen 	vor 	al 	beginne

M3_6_068_A		tedelste 	bouen 	al
M3_6_068_B		tedelste 	bouen 	al
M3_6_068_C	ende 	tedelste 	bouuen 	al
M3_6_068_D	die 	edelste 	bouen 	al
M3_6_068_F	dedelste 		bouen 	al
M3_6_068_G	dedelste 		bouen 	al
M3_6_068_O	deedelste 		bouen 	al
M3_6_068_W	dedelste 		bouen 	al
M3_6_068_Z	dedelste 		bouen 	al

M3_6_069_A	sijn 	wesen 	es 	als 	ict 	kinne
M3_6_069_B	sijn 	wesen 	es 	als 	ict 	bekinne
M3_6_069_C	zijn 	wesen 	is 	alse 	ict 	kinne
M3_6_069_D	sijn 	wesen 	is 	als 	ick 	kinne
M3_6_069_F	siin 	wesen 	es 	als 	ic 	kinne
M3_6_069_G	sijn 	wesen 	es 	also 	ic 	kinne
M3_6_069_O	zijn 	wesen 	es 	also 	ict 	kinne
M3_6_069_W	sijn 	wesen 	es 	also 	ic 	kinne
M3_6_069_Z	sijn 	wesen 	es 	alsic 		kinne

M3_6_070_A	dupperste 	godheit 				dupperste 	minne
M3_6_070_B	tupperste 	goet 			de 	opperste 	minne
M3_6_070_C	die 	ouerste 	god 	ende 	die 	hoechste 	minne
M3_6_070_D	die 	opperste 	god 		die 	opperste 	minne
M3_6_070_F	dupperste 		god 			dupperste 	minne
M3_6_070_G	douerste 	goet 				douerste 	minne
M3_6_070_O	dupperste 		god 			dupperste 	minne
M3_6_070_W	douerste 	goet 				douerste 	minne
M3_6_070_Z	dupperste 		god 			dupperste 	minne

M3_6_071_A	dat 	es 	of 	wesen 	sal
M3_6_071_B	dat 	es 	off 	wesen 	sal
M3_6_071_C	die 	is 	of 	wesen 	zal
M3_6_071_D	die 	is 	oft 	wesen 	sal
M3_6_071_F	die 	es 	oft 	wesen 	zal
M3_6_071_G	dat 	es 	ocht 	wesen 	sal
M3_6_071_O	die 	es 	ofte 	wesen 	zal
M3_6_071_W	dat 	es 	oft 	wesen 	sal
M3_6_071_Z	die 	es 	oft 	wesen 	sal

M3_6_072_A	sine 	ghewerken 	daer 	men 	kent 	jnne
M3_6_072_B	sine 	ghewerke 	dairment 		kent 	jnne
M3_6_072_C	zine 	ghewerke 	daer 	men 	kent 	inne
M3_6_072_D	sijn 	ghewercken 	daermen 		kent 	inne
M3_6_072_F	siin 	werken 	dair 	men 	kent 	inne
M3_6_072_G	sine 	gewerke 	daer 	menne 	kint 	inne
M3_6_072_O	sine 	ghewerken 	daer 	men 	kent 	jnne
M3_6_072_W	sine 	gewerke 	daer 	menne 	kint 	jnne
M3_6_072_Z	sijn 	werken 	daermen 		kint 	inne

M3_6_073_A	sijn 	si 	so 	groot 	dat 	si 	sijn 	dinne
M3_6_073_B	es 		so 	groott 	dat 	si 	sijn 	dinne
M3_6_073_C	is 		zo 	groet 	dat 	zij 	zijn 	dinne
M3_6_073_D	sijn 		soe 	groot 	dat 	sy 	sijn 	dinne
M3_6_073_F	siin 		zo 	groot 	dat 	sij 	siin 	dinne
M3_6_073_G	sijn 		so 	groet 	dat 	si 	sijn 	dinne
M3_6_073_O	zijn 		so 	groot 	dat 	zij 	zijn 	dinne
M3_6_073_W	sijn 		so 	groet 	dat 	si 	sijn 	dinne
M3_6_073_Z	sijn 		so 	grot 	datsi 		sijn 	dunne

M3_6_074_A	diet 	bekennen 		ende 	smal
M3_6_074_B	diet 	kennen 		ende 	smal
M3_6_074_C	diet 	kinnen 		ende 	smal
M3_6_074_D	te 	kennen 		ende 	smal
M3_6_074_F	diet 	kennen 		ende 	smal
M3_6_074_G	diet 	kinnen 		ende 	smal
M3_6_074_O	diet 	bekennen 		ende 	smal
M3_6_074_W	diet 	kinnen 		ende 	smal
M3_6_074_Z	diet 	kinnen 	grot 	ende 	smal

M3_6_075_A	sine 	wijsheit 	es 	coninghinne
M3_6_075_B	sine 	wijshede 	es 	coninginne
M3_6_075_C	zine 	wijsheit 	is 	conninghinne
M3_6_075_D	sijn 	wijsheyt 	is 	coninghinne
M3_6_075_F	siin 	wijsheyt 	es 	coninghinne
M3_6_075_G	sine 	wijsheit 	es 	coninginne
M3_6_075_O	sine 	wijshede 	es 	coninghinne
M3_6_075_W	sine 	wijsheit 	es 	coninginne
M3_6_075_Z	sijn 	wesen 	es 	coninginne

M3_6_076_A	bouen 	alre 	hande 	ghewinne
M3_6_076_B	bouen 	alrande 		ghewinne
M3_6_076_C	bouuen 	alrehande 		ghewinne
M3_6_076_D	bouen 	alderhande 		ghewinne
M3_6_076_F	bouen 	alrehande 		ghewinne
M3_6_076_G	bouen 	alrehande 		gewinne
M3_6_076_O	bouen 	al 	anderen 	ghewinne
M3_6_076_W	bouen 	alrehande 		gewinne
M3_6_076_Z	bouen 	alderhande 		gewinne

M3_6_077_A	ende 	bouen 	al 	gheual
M3_6_077_B	ende 	bouen 	al 	gheual
M3_6_077_C	ende 	bouuen 	al 	gheual
M3_6_077_D	ende 	bouen 	al 	gheual
M3_6_077_F	ende 	bouen 	al 	gheual
M3_6_077_G	ende 	bouen 	alle 	geval
M3_6_077_O	ende 	bouen 	alle 	gheual
M3_6_077_W	ende 	bouen 	alrehande 	geval
M3_6_077_Z	ende 	bouen 	alle 	geual

M3_6_078_A	daer 	bouen 	of 	hier 	int 	dal
M3_6_078_B	dair 	bouen 	of 	hier 	int 	dal
M3_6_078_C	daer 	bouuen 	of 	hier 	int 	dal
M3_6_078_D	daer 	bouen 	ende 	hier 	int 	dal
M3_6_078_F	daer 	bouen 	ende 	hier 	int 	dal
M3_6_078_G	daer 	bouen 	ochte 	hier 	int 	dal
M3_6_078_O	daer 	bouen 	ende 	hier 	int 	dal
M3_6_078_W	daer 	bouen 	ocht 	hier 	int 	dal
M3_6_078_Z	daer 	bouen 	ende 		int 	dal

M3_7_079_A	den 	hemel 		enten 	troen 	nv 	merke
M3_7_079_B	den 	hemel 	ende 	den 	troon 		gemercke
M3_7_079_C	den 	hemel 	ende 	den 	troen 	die 	merke
M3_7_079_D	den 	hemel 	ende 	des 	troens 	te 	mercken
M3_7_079_F	den 	hemel 	ende 	den 	troen 		mercke
M3_7_079_G	den 	hemel 	ende 	den 	troen 		merke
M3_7_079_O	den 	hemel 	ende 	den 	troen 	die 	merke
M3_7_079_W	den 	hemel 	ende 	den 	throen 		merke
M3_7_079_Z	den 	hemel 	ende 	ten 	troen 		merke

M3_7_080_A	god 	es 		bouen 	allen 	sinen 	ghewerke
M3_7_080_B	god 	es 		bouen 	al 	sinen 	ghewercke
M3_7_080_C	god 	is 		bouuen 	alle 	zine 	ghewerke
M3_7_080_D	god 	is 		bouen 	al 	sijn 	wercken
M3_7_080_F	god 	es 		bouen 	al 	siin 	wercke
M3_7_080_G	god 	es 		bouen 	alle 	sine 	gewerke
M3_7_080_O	god 	es 	al 	bouen 	zijne 		ghewerke
M3_7_080_W	god 	es 		bouen 	alle 	sine 	gewerke
M3_7_080_Z	god 	es 		bouen 	zijn 		werke

M3_7_081_A	ende 	onder 	alle 	sine 	dinc
M3_7_081_B	ende 	onder 	al 	zine 	dinc
M3_7_081_C	ende 	onder 	alle 	zine 	dinc
M3_7_081_D	ende 	onder 	al 	sijn 	dinck
M3_7_081_F	ende 	onder 	alle 	siin 	dinc
M3_7_081_G	ende 	onder 	alle 	sine 	dinc
M3_7_081_O	ende 	onder 	al 	zine 	dijnc
M3_7_081_W	ende 	onder 	alle 	sine 	dinc
M3_7_081_Z	ende 	onder 	al 	sijn 	dinc

M3_7_082_A			hi 	es 	buten 	al 	nv 		merke
M3_7_082_B			hi 	es 	buten 	al 	nv 		mercke
M3_7_082_C	noch 	is 	hi 		buten 	al 		nu 	herke
M3_7_082_D			hi 	is 	buten 	wilt 	hier 	na 	hercken
M3_7_082_F			hij 	es 	buten 	al 	hert 	nu 	mercke
M3_7_082_G			hi 	es 	buten 	alle 	dinc 	nu 	herke
M3_7_082_O			hij 	es 	buten 	dit 		nu 	merke
M3_7_082_W			hi 	es 	buten 	alle 	dinc 	nu 	herke
M3_7_082_Z			hi 	es 	buten 	als 	in 		herke

M3_7_083_A	alse 	diet 	hout 	wel 		ende 		sterke
M3_7_083_B	ende 	binnen 	al 		dit 	hout 		starcke
M3_7_083_C	ende 	binnen 	al 		dit 	hout 	wel 	sterke
M3_7_083_D	ende 	binnen 	hout 		dit 			verstercken
M3_7_083_F	ende 	binnen 	al 		dit 	hout 	wel 	sterke
M3_7_083_G	ende 	binnen 	alle 	dinc 	dit 	houde 	wel 	sterke
M3_7_083_O	ende 	binnen 			dit 	hout 		sterke
M3_7_083_W	ende 	binnen 	alle 	dinc 	dit 	houde 	wel 	sterke
M3_7_083_Z	ende 	binnen 			dat 	hout 		sterke

M3_7_084_A		hier 	vte 	nine 		sprinc
M3_7_084_B		hier 	vte 	niet 	en 	sprinc
M3_7_084_C	ende 	hier 	vut 	niet 	en 	sprinc
M3_7_084_D		hier 	wt 	niet 	en 	sprinck
M3_7_084_F		hier 	vut 	niet 	en 	sprinc
M3_7_084_G		hier 	wt 	niet 	en 	sprinc
M3_7_084_O		hier 	vute 	niet 	en 	sprinc
M3_7_084_W		hier 	wt 	niet 	en 	sprinc
M3_7_084_Z		hier 	ute 	niet 	en 	sprinc

M3_7_085_A	oec 	segghen 	ons 	die 	wise 	clerke
M3_7_085_B	ooc 	segghen 	ons 	die 	wise 	clerke
M3_7_085_C	noch 	zegghen 	ons 	die 	wise 	clerke
M3_7_085_D	oeck 	segghen 	ons 	die 	wise 	clercken
M3_7_085_F	oec 	zeggen 	ons 	die 	wijse 	clercke
M3_7_085_G	oec 	seggen 	ons 	die 	wise 	clerke
M3_7_085_O	oec 	segghen 		de 	wise 	clerke
M3_7_085_W	oec 	seggen 	ons 		wise 	clerke
M3_7_085_Z	oec 	seggen 	ons 		wise 	clerke

M3_7_086_A	hine 		es 	ghedeelt 	niet 		in 	perke
M3_7_086_B	hi 		es 		niet 	gedeilt 	in 	parke
M3_7_086_C	hi 	en 	is 		niet 	ghedeelt 	in 	perke
M3_7_086_D	hien 		is 		niet 	ghedeylt 	in 	percken
M3_7_086_F	hine 		es 		niet 	ghedeilt 	in 	perke
M3_7_086_G	hi 	en 	es 		niet 	gedeilt 	in 	perke
M3_7_086_O	hij 	en 	es 		niet 	ghedeelt 	in 	perke
M3_7_086_W	hi 	en 	es 		niet 	gedeilt 	in 	perke
M3_7_086_Z	hi 		nes 		niet 	gedeilt 	in 	perke

M3_7_087_A	hier 	in 	dine 	herte 	dwinc
M3_7_087_B	hier 	toe 	dine 	harte 	dwinc
M3_7_087_C	hiertoe 		dijn 	herte 	dwinc
M3_7_087_D	hier 	toe 	dijn 	herte 	dwinck
M3_7_087_F	hier 	toe 	diin 	herte 	dwinc
M3_7_087_G	hier 	in 	dijn 	herte 	dwinc
M3_7_087_O	hier 	toe 	dijne 	herte 	dwijnc
M3_7_087_W	hier 	in 	dijn 	herte 	dwinc
M3_7_087_Z	hiertoe 		dijn 	herte 	dwinc

M3_7_088_A	maer 		gheheel 	in 	elken 		merke
M3_7_088_B	mer 		gheheel 	in 	elken 	nv 	mercke
M3_7_088_C	mer 	al 	gheheel 	in 	elke 		merke
M3_7_088_D	maer 		gheheel 	in 	elcke 		mercken
M3_7_088_F	maer 		gheheel 	in 	elke 	nu 	merke
M3_7_088_G	mer 		geheel 	in 	elken 		werke
M3_7_088_O	maer 		gheheel 	in 	elken 		merke
M3_7_088_W	maer 		geheel 	in 	elken 		werke
M3_7_088_Z	maer 		geheel 			nu 	merke

M3_7_089_A	buten 	binnen 	in 	water 	in 	zwerke
M3_7_089_B	buten 	binnen 	in 	watre 	in 	zwerke
M3_7_089_C	buten 	binnen 	in 	water 	in 	swerke
M3_7_089_D	buten 	binnen 	in 	water 	in 	swercken
M3_7_089_F	buten 	binnen 	in 	water 	in 	zwerke
M3_7_089_G	buten 	binnen 	in 	water 	in 	swerke
M3_7_089_O	buten 	binnen 	in 	watere 	in 	zwerke
M3_7_089_W	buten 	binnen 	in 	water 	in 	swerke
M3_7_089_Z	buten 	binnen 	in 	water 	in 	swerke

M3_7_090_A	hier 	toe 	dine 		herte 			brinc
M3_7_090_B	hier 	in 	dine 		harte 			brinc
M3_7_090_C		in 	dit 	dijn 	herte 			brinc
M3_7_090_D	hier 		inne 	dijn 	herte 			brinck
M3_7_090_F	hier 	toe 	diin 		herte 			dwinc
M3_7_090_G	hier 	in 		dijn 	herte 			brinc
M3_7_090_O	hier 	af 		dijn 	herte 	niet 	en 	brinc
M3_7_090_W	hier 	in 		dijn 	herte 			brinc
M3_7_090_Z	hier 	in 		dijn 	hertte 			dwinc

M3_7_091_A	sonder 	eeneghen 	losen 	winc
M3_7_091_B	sonder 		losen 	winc
M3_7_091_C	zonder 		bosen 	winc
M3_7_091_D	sonder 		loosen 	winck
M3_7_091_F	sonder 		losen 	winc
M3_7_091_G	sonder 	enegen 	loesen 	winc
M3_7_091_O	sonder 	eenighen 	losen 	wijnc
M3_7_091_W	sonder 	enegen 	loesen 	winc
M3_7_091_Z	sonder 		lose 	winc

M3_8_092_A	bouen 		es 	god 	alse 	heere
M3_8_092_B	bouen 	al 	es 	god 	als 	here
M3_8_092_C	bouen 	al 	is 	god 	alse 	here
M3_8_092_D	bouen 	al 	is 	god 	als 	here
M3_8_092_F	bouen 		es 	god 	als 	heere
M3_8_092_G	bouen 	al 	es 	god 	alse 	here
M3_8_092_O	bouen 		es 	god 	als 	heere
M3_8_092_W	bouen 	al 	es 	god 	alse 	here
M3_8_092_Z	boven 		es 	god 	als 	heere

M3_8_093_A	die 	besittere 	es 	emmermeere	
M3_8_093_B	die 	besittere 	es 	emmermere	
M3_8_093_C	die 	besitter 	is 	emmermere	
M3_8_093_D	die 	besitter 	is 	ymmermeere	
M3_8_093_F	die 	besittere 	es 	emmermeere	
M3_8_093_G	die 	besittere 	es 	emmermeerre	
M3_8_093_O	die 	bezitter 	es 	emmermeere	
M3_8_093_W	die 	besittere 	es 	emmer 	meere
M3_8_093_Z	die 	besitter 	es 	emmermeere	

M3_8_094_A	alles 	dies 		men 	weet
M3_8_094_B	alles 			datmen 	weet
M3_8_094_C	alre 	dinc 	die 	men 	weet
M3_8_094_D	alles 	dies 		men 	weet
M3_8_094_F	al 	dies 		men 	weet
M3_8_094_G	alles 	dies 		men 	weet
M3_8_094_O	alles 	dies 		men 	weet
M3_8_094_W	alles 	dies 	nien 		weet 
M3_8_094_Z	alles 	dies 		men 	weet

M3_8_095_A	onder 		alse 	die 	in 	allen 	keere
M3_8_095_B	onder 		als 	die 	niet 	allen 	kere
M3_8_095_C	onder 			die 	in 	alle 	kere
M3_8_095_D	onder 		als 	die 	in 	alle 	keere
M3_8_095_F	onder 		als 	die 	in 	alle 	keere
M3_8_095_G	onder 	al 	alse 	die 	in 	allen 	keere
M3_8_095_O	onder 		alse 	die 	in 	allen 	keere
M3_8_095_W	onder 	al 	als 	die 	in 	allen 	keere
M3_8_095_Z	onder 		als 		in 	elken 	keere

M3_8_096_A	die 	dinc 	hout 	moghendelike 	zeere	
M3_8_096_B	die 	dinc 	hout 	mogendelic 	zere	
M3_8_096_C	die 	dinc 	houdt 	moghentlike 		sere
M3_8_096_D	sijn 	dinck 	hout 	moghende 		seere
M3_8_096_F	die 	dinc 	hout 	moghende 	zere	
M3_8_096_G	die 	dinc 	houdt 	mogendelec 	ende 	sere
M3_8_096_O	die 	dijnc 	hout 	moghendelike 	zeere	
M3_8_096_W	de 	dinc 	houdt 	mogendelec 	ende 	seere
M3_8_096_Z	sijn 	dinc 	hout 	mogende 	zeere	

M3_8_097_A	ende 	ieghen 	al 	verscheet
M3_8_097_B	jeghen 		al 	weersteet
M3_8_097_C	jeghens 		al 	versceet
M3_8_097_D		ieghen 	alle 	verscheet
M3_8_097_F		eeuwelic 	sonder 	verscheet
M3_8_097_G	jegen 		alle 	verscheet
M3_8_097_O	zonder 	enich 		onderscheet
M3_8_097_W	jegen 		alle 	verscheet 
M3_8_097_Z	jegen 		alle 	versceet

M3_8_098_A	buten 		alse 	die 	met 	sire 	weere
M3_8_098_B	buten 		als 	die 	mit 	sire 	were
M3_8_098_C	buten 		alse 	die 	met 	zire 	were
M3_8_098_D	buten 		als 		met 	groter 	weere
M3_8_098_F	buten 		als 	die 	met 	siere 	weere
M3_8_098_G	buten 	al 	alse 	die 	met 	siere 	were
M3_8_098_O	buten 		als 	die 	met 	groter 	eere
M3_8_098_W	buten 		als 	die 	met 	siere 	were
M3_8_098_Z	buten 		als 	die 	met 	siere 	were

M3_8_099_A	sijn 	werc 	vervult 	dat 	hem 	en 	dere
M3_8_099_B	sijn 	werc 	hoet 	dat 	hem 	ne 	dere
M3_8_099_C	zijn 	werc 	behoedt 	dat 	hem 	en 	dere
M3_8_099_D	sijn 	werck 	behoet 	dat 	hem 	en 	dere
M3_8_099_F	siin 	werc 	behoet 	dat 	hem 	en 	deere
M3_8_099_G	sijn 	werc 	behuedt 	dat 	hem 	en 	dere
M3_8_099_O	sijn 	werc 	behoet 	dat 	hem 	ne 	deere
M3_8_099_W	sijn 	werc 	behuedt 	dat 	hem 	en 	dere
M3_8_099_Z	sijn 	were 	behont 	dat 	hem 	en 	dere

M3_8_100_A	ne 	gheene 	dinc 	cout 	no 	heet
M3_8_100_B		ghene 	dinc 	cout 	no 	heet
M3_8_100_C		gheen 	dinc 	cout 	noch 	heet
M3_8_100_D		gheen 	dinck 	cout 	noch 	heet
M3_8_100_F		gheen 	dinc 	cout 	no 	heet
M3_8_100_G	ne 	geen 	dinc 	cout 	noch 	heet
M3_8_100_O		ghene 	dijnc 	cout 	no 	heet
M3_8_100_W		negeen 	dinc 	cout 	noch 	heet
M3_8_100_Z		gheen 	dinc 	cout 	no 	heet

M3_8_101_A	binnen 		alse 	die 	met 	sire 	leere
M3_8_101_B	binnen 		als 	die 	met 	sire 	lere
M3_8_101_C	binnen 		alse 	die 	met 	zire 	lere
M3_8_101_D	binnen 		als 		met 	sijnre 	leere
M3_8_101_F	binnen 		als 	die 	met 	sire 	leere
M3_8_101_G	binnen 	al 	als 	die 	met 	siere 	lere
M3_8_101_O	binnen 		als 	die 	met 	zijnre 	leere
M3_8_101_W	binnen 		als 	die 	met 	siere 	leere
M3_8_101_Z	binnen 		als 	de 	met 	siere 	leere

M3_8_102_A	sijn 	werc 	vervult 	met 	selker 	eere
M3_8_102_B	sijn 	werc 	veruolt 	mit 	sulker 	ere
M3_8_102_C	zijn 	werc 	veruult 	met 	zulker 	ere
M3_8_102_D	sijn 	werck 	veruolt 	met 	sulcker 	ere
M3_8_102_F	siin 	werc 	vervult 	met 	sulker 	eere
M3_8_102_G	sijn 	werc 	uerwlt 	met 	selker 	ere
M3_8_102_O	sijn 	werc 	veruult 	met 	zulker 	eere
M3_8_102_W	sijn 	werc 	veruult 	met 	selker 	eere
M3_8_102_Z	sijn 	werc 	uerwlt 	met 	selker 	eere

M3_8_103_A	dat 	eewelike 			steet
M3_8_103_B	dat 	ewelike 			steet
M3_8_103_C	daert 	ewelike 			steet
M3_8_103_D	dat 	ewelijck 			steet
M3_8_103_F	dat 	eeuwelic 			steet
M3_8_103_G	dat 	ewelike 			steet
M3_8_103_O	ghene 	dinc 	cout 	no 	heet
M3_8_103_W	dat 	ewelike 			steet 
M3_8_103_Z	dat 	ewelijc 			steet

M3_8_104_A	wient 	lief 	si 	oft 	leet
M3_8_104_B	wient 	lief 	si 	of 	leet
M3_8_104_C	wient 	lief 	zi 	ofte 	leet
M3_8_104_D	wient 	lief 	sy 	oft 	leet
M3_8_104_F	wient 	lief 	zij 	oft 	leet
M3_8_104_G	wient 	lief 	si 	ochte 	leet
M3_8_104_O	wien 	lief 	zij 	of 	leet
M3_8_104_W	wient 	lief 	si 	ofte 	leet
M3_8_104_Z	wient 	lief 	si 	ofte 	leet

M3_9_105_A	bouen 	al 	es 	god 		ghedraghen
M3_9_105_B	bouen 	al 	es 	god 		onghedraghen
M3_9_105_C	bouuen 		is 	god 		onghedraghen
M3_9_105_D	bouen 	al 	is 	god 		onghedraghen
M3_9_105_F	bouen 		es 	god 		onghedragen
M3_9_105_G	bouen 	al 	es 	god 		ongedragen
M3_9_105_O	bouen 		es 	god 	al 	onghedraghen
M3_9_105_W	bouen 	al 	es 	god 		ongedraghen
M3_9_105_Z	bouen 		es 	god 	algedragen	

M3_9_106_A	nv 	gheene 	dinc 	en 	mach 		beclaghen
M3_9_106_B		ghene 	dinc 		mach 		gheclaghen
M3_9_106_C	noch 	ghene 	dinc 		mach 	haer 	beclaghen
M3_9_106_D		gheen 	dinck 	en 	mach 	hem 	beclagen
M3_9_106_F		gheen 	dinc 		mach 	hem 	beclagen
M3_9_106_G	negeen 		dinc 	en 	mach 	hem 	beclagen
M3_9_106_O		ghene 	dijnc 		mach 	haer 	beclaghen
M3_9_106_W	negeen 		dinc 	en 	mach 	hem 	beclagen
M3_9_106_Z	geen 		dinc 		mach 	hem 	beclagen

M3_9_107_A	dat 	hise 	hiet 	verlast
M3_9_107_B	dat 	hise 		verlast
M3_9_107_C	dat 	hi 	ze 	verlast
M3_9_107_D	dat 	hijt 	yet 	verlast
M3_9_107_F	dat 	hijse 	yet 	verlast
M3_9_107_G	dat 	hise 	iet 	verlast
M3_9_107_O	dat 	hize 		verlast
M3_9_107_W	dat 	hise 	iet 	verlast
M3_9_107_Z	dat 	hise 	iet 	verlast

M3_9_108_A	onder 		sonder 	last 	van 	waghen
M3_9_108_B	onder 		zonder 		van 	waghen
M3_9_108_C	onder 		zonder 	last 	van 	waghen
M3_9_108_D	onder 		sonder 	last 	van 	waghen
M3_9_108_F	onder 		sonder 	last 	van 	wagen
M3_9_108_G	onder 	al 	sonder 	last 	van 	wagen
M3_9_108_O	onder 		zonder 	last 	van 	waghen
M3_9_108_W	onder 	al 	sonder 	last 	van 	waghen
M3_9_108_Z	onder 		sonder 	last 	van 	wagen

M3_9_109_A	want 	hem 		en 	moyet 		no 	jaghen
M3_9_109_B	want 	hem 		ne 	moeyt 	rusten 	no 	jaghen
M3_9_109_C	want 	hem 		en 	moyet 	rasten 	noch 	jaghen
M3_9_109_D	want 	hem 		en 	moyt 	rusten 	noch 	iaghen
M3_9_109_F	want 	hem 		en 	moyt 	rusten 	no 	iagen
M3_9_109_G	want 	hem 		en 	moyt 	rusten 	no 	iagen
M3_9_109_O	want 	hem 	rusten 	en 	moyt 		no 	iaghen
M3_9_109_W	want 	hem 		en 	moeyt 	rusten 	no 	iagen
M3_9_109_Z	want 	hem 			mach 	rusten 	no 	iagen

M3_9_110_A	sijn 	wesen 	es 	so 	vast
M3_9_110_B	sijn 	wesen 	es 	so 	vast
M3_9_110_C	zijn 	wesen 	is 	zo 	vast
M3_9_110_D	sijn 	wesen 	is 	soe 	vast
M3_9_110_F	siin 	wesen 	es 	zo 	vast
M3_9_110_G	sijn 	wesen 	es 	so 	vast
M3_9_110_O	zijn 	weesen 	es 	zo 	vast
M3_9_110_W	sijn 	wesen 	es 	soe 	vast
M3_9_110_Z	sijn 	wesen 	es 	soe 	vast

M3_9_111_A	buten 				breet 	hi 	niewer 	sijn 	draghen
M3_9_111_B	buten 		ne 		breet 		nauwer 	sine 	daghen
M3_9_111_C	buten 			en 	breet 		niewer 	zijn 	draghen
M3_9_111_D	buten 				breet 	hi 	nyeuwers 	sijn 	dagen
M3_9_111_F	buten 				breyt 	hij 	niewer 	siin 	dagen
M3_9_111_G	buten 	al 	ende 	en 	breidt 		niewerinc 	sijn 	dagen
M3_9_111_O	buten 				breect 	hij 	niewer 	zijn 	daghen
M3_9_111_W	buten 	al 	ende 	en 	breidt 		niewerinc 	sijn 	dagen
M3_9_111_Z	buten 				breet 	hi 	niewer 	sijn 	dagen

M3_9_112_A	want 	hi 	es 	in 	elken 	daghen
M3_9_112_B	want 	hi 	es 	altois 	sonder 	vraghen
M3_9_112_C	want 	hi 	is 	altoes 	zonder 	vraghen
M3_9_112_D	want 	hi 	is 	altoos 	sonder 	vraghen
M3_9_112_F	want 	hii 	es 	al 	sonder 	vragen
M3_9_112_G	want 	hi 	es 	al 	sonder 	vragen
M3_9_112_O	want 	hij 	es 	al 	zonder 	vraghen
M3_9_112_W	want 	hi 	es 	al 	sonder 	vragen 
M3_9_112_Z	want 	hi 	es 		sonder 	vragen

M3_9_113_A	wert 		voghet 	ende 	met 	gast
M3_9_113_B	werdt 	g 	voghet 	ende 	met 	gast
M3_9_113_C		weert 	voghet 	ende 	niet 	gast
M3_9_113_D	waert 		voecht 	ende 	niet 	gast
M3_9_113_F		weert 	voghet 	ende 	niet 	gast
M3_9_113_G		weert 	voecht 	ende 	niet 	gast
M3_9_113_O	vocht 	weert 		ende 	niet 	gast
M3_9_113_W		weert 	voecht 	ende 	niet 	gast
M3_9_113_Z	waert 		uoget 	ende 	niet 	gast

M3_9_114_A	binnen 	vervult 	hijt 	ieghen 		plaghen
M3_9_114_B	binnen 	veruolt 	hijt 	jeghen 		plaghen
M3_9_114_C	binnen 	veruult 	hi 	ieghens 		plaghen
M3_9_114_D	binnen 	veruolt 	hijt 	ieghen 		plagen
M3_9_114_E	binnen 	verhoedt 	hijt 	ieghen 		plaghen
M3_9_114_F	binnen 	verwlt 	hijt 		iegen 	plagen
M3_9_114_G	binnen 	al  	ende 	uerwllt 	iegen 	plagen
M3_9_114_O	binnen 	veruult 	hijt 	zonder 		plaghen
M3_9_114_W	binnen 	al 	ende 	veruullet 	iegen 	plagen
M3_9_114_Z	binnen 	uerwlt 	hijt 		iegen 	plagen

M3_9_115_A	dat 	sine 	dinc 	met 	gheenen 	vlaghen
M3_9_115_B	dat 	zijn 	werc 	met 	ghenen 	vlaghen
M3_9_115_C	dat 	zine 	dinc 	met 	ghenen 	vlaghen
M3_9_115_D	dat 	sijn 	dinck 	met 	ghenen 	vlaghen
M3_9_115_E	dat 	sijn 	dinc 	met 	ghenen 	vlaghen
M3_9_115_F	dat 	siin 	dinc 	met 	gheenen 	vlagen
M3_9_115_G	dat 	sine 	dinc 	met 	geenen 	vlagen
M3_9_115_W	dat 	sine 	dinc 	met 	geenen 	vlagen
M3_9_115_Z	dat 	sijn 	dinc 	met 	geenre 	vlagen

M3_9_116_A	ne 	sijn 			ongherast
M3_9_116_B	ne 	sijn 			ongherast
M3_9_116_C		en 	zi 		ongherast
M3_9_116_D		en 	sy 	yet 	ongherast
M3_9_116_E	niet 	si 			ongherast
M3_9_116_F		en 	zij 		ongherast
M3_9_116_G		si 			ongerast
M3_9_116_W		si 			ongerast 
M3_9_116_Z	ne 	si 			ongerast

M3_9_117_A	noch 	ghequetst 		een 	bast
M3_9_117_B	noch 	ghequetst 		een 	bast
M3_9_117_C	noch 	ghequest 	van 	enen 	bast
M3_9_117_D	noch 	ghequetst 		een 	bast
M3_9_117_E	noch 	ghequest 		een 	bast
M3_9_117_F	noch 	ghequest 		een 	bast
M3_9_117_G	noch 	gequetst 		enen 	bast
M3_9_117_W	no 	gequetst 		enen 	bast
M3_9_117_Z	noch 	gequests 		een 	bast

M3_10_118_A	van 	eenen 	god 	spreken 	wi 		van 	eenen
M3_10_118_B	van 	enen 	god 	spreken 	wi 	dan 	van 	enen
M3_10_118_C	van 	enen 	god 	spreke 	wij 	ende 	van 	enen
M3_10_118_D	dan 			spreken 	wi 		van 	enen
M3_10_118_E	van 	enen 	god 	spreken 	wi 		van 	enen
M3_10_118_F	van 	eenen 	god 	spreken 	wij 		van 	eenen
M3_10_118_G	uan 	enen 	god 	spreke 	wi 		van 	enen
M3_10_118_O	van 	eenen 	god 	spreken 	wi 		van 	eenen
M3_10_118_W	uan 	enen 	god 	spreken 	wi 		van 	enen
M3_10_118_Z	van 	eenen 	god 	spreken 	wi 		van 	enen

M3_10_119_A	dien 	wi 	vader 	ende 	sone 	meenen
M3_10_119_B	dien 	wi 	vader 	ende 	sone 	menen
M3_10_119_C	dien 	wij 	vader 	ende 	zoene 	menen
M3_10_119_D	die 	wi 	vader 	ende 	sone 	menen
M3_10_119_E	dien 	wi 	vader 	ende 	sone 	meenen
M3_10_119_F	die 	wij 	vader 	ende 	sone 	meenen
M3_10_119_G	dien 	wi 	vader 	ende 	sone 	meenen
M3_10_119_O	die 	wi 	vader 	ende 	zone 	meenen
M3_10_119_W	dien 	wi 	vader 	ende 	sone 	meenen
M3_10_119_Z	die 	wi 	vader 	ende 	sone 	menen

M3_10_120_A	enten 	heleghen 		gheest
M3_10_120_B	ende 	den 	heilighen 	gheest
M3_10_120_C	ende 	den 	heylighen 	gheest
M3_10_120_D	ende 	den 	heylighen 	gheest
M3_10_120_E	enten 	heyleghen 		gheest
M3_10_120_F	enten 		heylighen 	gheest
M3_10_120_G	ende 	den 	heilegen 	geest
M3_10_120_O	ende 	den 	helighen 	gheest
M3_10_120_W	ende 	den 	heileghen 	gheest
M3_10_120_Z	ende 	ten 	hellegen 	geest

M3_10_121_A	ende 	weet 	wel 	dat 	wire 		ghenen
M3_10_121_B	ende 	weet 	wel 	dat 	wi 		ghenen
M3_10_121_C	ende 	weet 	wel 	dat 	wire 		enghenen
M3_10_121_D		weet 	wel 	dat 	wi 	ie 	ghenen
M3_10_121_E		wet 	wel 	dat 	wine 		ghenen
M3_10_121_F	ende 	weten 	wel 	dat 	wij 	ne 	gheenen
M3_10_121_G	ende 	wet 	wel 	dat 	wiere 		negeenen
M3_10_121_O	ende 	weten 	wel 	dat 	wier 		gheenen
M3_10_121_W	ende 	wet 	wel 	dat 	wiere 		negeenen
M3_10_121_Z		wet 	wel 	dat 	wi 	ne 	ghenen

M3_10_122_A	so 	groet 		noemen 	of 	so 	cleenen
M3_10_122_B	so 	groot 		nomen 	no 	so 	clenen
M3_10_122_C	zo 	groet 		menen 	of 	zo 	clenen
M3_10_122_D	soe 	grote 		noemen 	noch 	soe 	cleynen
M3_10_122_E	so 	groet 		noemen 	no 	so 	clenen
M3_10_122_F	soe 	groot 		noemen 	no 	zo 	cleenen
M3_10_122_G	so 	grot 	en 	noemen 	no 	so 	cleenen
M3_10_122_O	so 	groot 	en 	noemen 	no 	zo 	cleenen
M3_10_122_W	soe 	grot 	en 	noemen 	no 	so 	cleenen 
M3_10_122_Z	so 	grot 		noemen 	no 	soe 	cleenen

M3_10_123_A	datter 	yemene 	es 	meest
M3_10_123_B	dattet 	enich 	es 	meest
M3_10_123_C	datter 	iement 	is 	meest
M3_10_123_D	datter 	eenich 	is 	meest
M3_10_123_E	datter 	ieghen 	es 	meest
M3_10_123_F	datter 	eenich 	es 	meest
M3_10_123_G	datter 	iemen 	es 	meest
M3_10_123_O	datter 	eenich 	es 	meest
M3_10_123_W	datter 	iemen 	es 	meest
M3_10_123_Z	datter 	enich 	es 	meest

M3_10_124_A	eenen 	god 	segghen 	wi 		eenen 	reenen
M3_10_124_B	enen 	god 	segghen 			wienen 	renen
M3_10_124_C	enen 	god 	zegghe 	wij 	ende 	enen 	renen
M3_10_124_D	een 	god 	segghen 	wi 		enen 	reenen
M3_10_124_E	enen 	god 	segghen 	wi 		enen 	renen
M3_10_124_F	eenen 	god 	zeggen 	wii 		eenen 	reenen
M3_10_124_G	enen 	god 	seggen 	wi 		enen 	reenen
M3_10_124_O	eenen 	god 	segghen 	wij 		eenen 	reenen
M3_10_124_W	enen 	god 	seggen 	wi 		enen 	reenen
M3_10_124_Z	eenen 	god 	seggen 	wi 		enen 	reenen

M3_10_125_A	noch 	veruogheden 	noch 	verleenen
M3_10_125_B	noch 	veruogheden 	noch 	verlenen
M3_10_125_C	noch 	veruoghende 	noch 	verbenen
M3_10_125_D	noch 	veruogheden 	noch 	verclenen
M3_10_125_E	noch 	veruoegden 	noch 	verbenen
M3_10_125_F	noch 	veruogede 	no 	verleenen
M3_10_125_G	noch 	uervoecht 	no 	verbeenen
M3_10_125_O	noch 	veruochden 	noch 	verleenen
M3_10_125_W	noch 	vervoecht 	no 	verbeenen
M3_10_125_Z	noch 	vermogender 	no 	verbenen

M3_10_126_A	sone 	esser 	ane 	verheest
M3_10_126_B		esser 	an 	verheest
M3_10_126_C		isser 	aen 	gheureest
M3_10_126_D	ende 	isser 	an 	verheest
M3_10_126_E	en 	esser 	an 	verheest
M3_10_126_F	en 	esser 	ane 	verheest
M3_10_126_G	ende 	esser 	ane 	uervreescht
M3_10_126_O		esse 	ane 	verheest
M3_10_126_W	en 	esser 	ane 	vervreescht
M3_10_126_Z	ne 	werter 	aen 	vereest

M3_10_127_A	die 	sinen 	sin 	so 	laet 	versteenen
M3_10_127_B	die 	sinen 	sin 	so 	laet 	verstenen
M3_10_127_C	die 	zinen 	zin 	zoe 	laet 	verstenen
M3_10_127_D	die 	sinen 	sin 	soe 	laet 	versteenen
M3_10_127_E	die 	sinen 	sin 	so 	laet 	verstenen
M3_10_127_F	die 	sinen 	zin 	zo 	laet 	versteenen
M3_10_127_G	die 	sinen 	sin 	so 	laet 	versteenen
M3_10_127_O	die 	zinen 	zin 	so 	laet 	versteenen
M3_10_127_W	die 	sinen 	sin 	soe 	laet 	versteenen
M3_10_127_Z	die 	sinen 	sin 	soe 	laet 	verstenen

M3_10_128_A	dat 	hi 	dies 	loechent 	hi 	moet 	weenen
M3_10_128_B	dat 	hi 	dies 	lochent 	hi 	moet 	wenen
M3_10_128_C	dat 	hi 	des 	loghent 	hi 	moet 	wenen
M3_10_128_D	dat 	hijs 		loochent 	hi 	moet 	beweenen
M3_10_128_E	dat 	hijs 		loechent 	hi 	moet 	wenen
M3_10_128_F	dat 	hijs 		loeghent 	hij 	moet 	weenen
M3_10_128_G	dat 	hi 	des 	loechent 	hi 	moet 	weenen
M3_10_128_O	dat 	hier 	in 	doelt 	hi 	moet 	beweenen
M3_10_128_W	dat 	hi 	des 	loechent 	hi 	moet 	weenen
M3_10_128_Z	datti 		des 	loechent 	hi 	moeet 	wenen

M3_10_129_A	ende 	eeuwelike 	sijn 	gehoest
M3_10_129_B	ende 	ewelike 	zijn 	ghevreest
M3_10_129_C	ende 	ewelec 	zijn 	gheureest
M3_10_129_D	ende 	ewelijc 	sijn 	gheureest
M3_10_129_E	ende 	ewelijc 	sijn 	gheureest
M3_10_129_F	ende 	eeuwelic 	siin 	ghevreest
M3_10_129_G	ende 	eweleke 	sijn 	gevreest
M3_10_129_O	ende 	ewelike 	zijn 	gheureest
M3_10_129_W	ende 	eweleke 	sijn 	gevreest 
M3_10_129_Z	ende 		sijn 	geureest

M3_10_130_A	inden 		helschen 	tempeest
M3_10_130_B	inden 		helschen 	tempeest
M3_10_130_C	in 	den 	helschen 	tempeest
M3_10_130_D	inden 		helschen 	tempeest
M3_10_130_E	inten 		helschen 	tempeest
M3_10_130_F	inden 		helschen 	tempeest
M3_10_130_G	jn 	den 	helschen 	tempeest
M3_10_130_O	in 	den 	helschen 	tempeest
M3_10_130_W	jn 	den 	helschen 	tempeest
M3_10_130_Z	inden 		helschen 	tempeest

M3_11_131_A	vvi 	setten 	den 	vader 	voren
M3_11_131_B	wi 	setten 	den 	vader 	voren
M3_11_131_C	wij 	zetten 	den 	vader 	voren
M3_11_131_D	wy 	setten 	den 	vader 	voren
M3_11_131_E	wi 	setten 	den 	vader 	voren
M3_11_131_F	wii 	setten 	den 	vader 	voren
M3_11_131_G	wi 	setten 	den 	vader 	voren
M3_11_131_O	wij 	setten 	den 	vader 	voren
M3_11_131_W	wi 	setten 	den 	vader 	voren
M3_11_131_Z	wi 	setten 	den 	vader 	voren

M3_11_132_A	onghewonnen 	ende 	ongheboren
M3_11_132_B	onghewonnen 	ende 	ongheboren
M3_11_132_C	onghewonnen 	ende 	ongheboren
M3_11_132_D	onghewonnen 	ende 	ongheboren
M3_11_132_E	ongewonnen 	ende 	ongeboren
M3_11_132_F	onghewonnen 	ende 	ongheboren
M3_11_132_G	ongewonnen 	ende 	ongeboren
M3_11_132_O	onghewonnen 	ende 	ongheboren
M3_11_132_W	ongewonnen 	ende 	ongeboren 
M3_11_132_Z	ongewonnen 	ende 	ongeboren

M3_11_133_A	ende 	vor 	al 	beghin
M3_11_133_B	ende 	voir 	al 	beghin
M3_11_133_C	ende 	voer 	al 	beghin
M3_11_133_D	ende 	voer 	alle 	beghin
M3_11_133_E	ende 	voer 	alle 	beghin
M3_11_133_F	ende 	voir 	alle 	beghin
M3_11_133_G	ende 	vore 	alle 	begin
M3_11_133_O	ende 	voor 	alle 	beghin
M3_11_133_W	ende 	voer 	alle 	begin
M3_11_133_Z	ende 	voor 	al 	beghin

M3_11_134_A	daer 	naer 	den 	sone 	vut 	vercoren
M3_11_134_B	dair 	na 	den 	zone 		wtuercoren
M3_11_134_C	daerna 		den 	zoene 	vutuercoren	
M3_11_134_D	daer 	na 	den 	sone 		wtuercoren
M3_11_134_E	daer 	na 	den 	sone 	vut 	vercoren
M3_11_134_F	daer 	na 	den 	soen 	vutvercoren	
M3_11_134_G	daer 	na 	den 	sone 	wt 	vercoren
M3_11_134_O	daer 	na 	den 	zone 	vute 	uercoren
M3_11_134_W	daer 	na 	den 	sone 	wt 	vercoren
M3_11_134_Z	daerna 		den 	sone 	wt 	uercoren

M3_11_135_A	van 	hem 	ghewonnen 	alse 	wijt 	horen
M3_11_135_B	van 	hem 	ghewonnen 	als 	wijt 	horen
M3_11_135_C	van 	hem 	ghewonnen 	alst 	wijt 	horen
M3_11_135_D	van 	hem 	ghewonnen 	als 	wi 	horen
M3_11_135_E	van 	hem 	gewonnen 	als 	wijt 	horen
M3_11_135_F	van 	hem 	ghewonnen 	als 	wij 	horen
M3_11_135_G	van 	hem 	gewonnen 	also 	wijt 	horen
M3_11_135_O	van 	desen 	ghewonnen 	als 	wijt 	horen
M3_11_135_W	van 	hem 	gewonnen 	also 	wijt 	horen
M3_11_135_Z	van 	hem 	gewonnen 	alst 	wi 	horen

M3_11_136_A	eer 	oint 	beghin 	ghinc 	jn
M3_11_136_B	eer 	oyt 	beghin 	ghinc 	jn
M3_11_136_C	eer 	oyt 	beghin 	ghienc 	in
M3_11_136_D	eer 	oyt 	beghin 	ghinc 	in
M3_11_136_E	eer 	oyt 	beghin 	ghinc 	in
M3_11_136_F	eer 	oyt 	beghin 	ghinc 	in
M3_11_136_G	eer 	noyt 	begin 	ginc 	in
M3_11_136_O	eer 	ye 	beghin 	ghinc 	jn
M3_11_136_W	eer 	noyt 	beghin 	ghinc 	in
M3_11_136_Z	eer 		begin 	ghinc 	in

M3_11_137_A	den 	heleghen 	ghest 	leeren 	wi 	den 	doren
M3_11_137_B	den 	heilighen 	gheest 	leren 	wi 	de 	doren
M3_11_137_C	den 	heilighen 	gheest 	leer 	wij 	den 	doren
M3_11_137_D	den 	heylighen 	gheest 	leeren 	wi 	den 	doren
M3_11_137_E	den 	heyleghen 	geest 	leren 	wi 	den 	doren
M3_11_137_F	den 	heiligen 	gheest 	leeren 	wij 	den 	doren
M3_11_137_G	den 	heilegen 	geest 	leeren 	wi 	den 	doren
M3_11_137_O	den 	heilighen 	gheest 	leere 	wi 	den 	doren
M3_11_137_W	den 	heilegen 	gheest 	leeren 	wi 	den 	doren
M3_11_137_Z	den 	heilegen 	geest 	lere 	wi 	den 	doren

M3_11_138_A	huut 	desen 		commende  	ondoe 	sine 	oren
M3_11_138_B	wte 	desen 		comende 	ondoe 	sine 	oren
M3_11_138_C	vut 	desen 		comen 	ondoe 	zine 	oren
M3_11_138_D	wt 	dese 		comende 	ontdoet 	dijn 	oren
M3_11_138_E	dt 	desen 		comen 	ontdoet 	dijn 	oren
M3_11_138_F	vut 	desen 		comende 	ontoe 	diin 	oren
M3_11_138_G	wt 	desen 	ij 	comende 	ontdoe 	dijn 	oren
M3_11_138_O	huut 	desen 		commende 		sine 	oren
M3_11_138_W	wt 	desen 	tween 	comende 	onttoe 	dijn 	oren
M3_11_138_Z	uut 	desen 		comende 	ontdoe 	dijn 	oren

M3_11_139_A	elc 	mensche 		ende 	sinen 	sin
M3_11_139_B	elc 	mensche 	zine 	ende 	zinen 	sin
M3_11_139_C	elc 	mensche 		ende 	zinen 	zin
M3_11_139_D	elck 	mensche 		ende 	dynen 	sin
M3_11_139_E	de 	mensche 		ende 	sinen 	sin
M3_11_139_F	elc 	mensche 		ende 	sinen 	sin
M3_11_139_G	elc 	mensche 		ende 	sinen 	sin
M3_11_139_O	elken 	mensche 		ende 	zijnen 	zin
M3_11_139_W	elc 	mensche 		ende 	sinen 	sin
M3_11_139_Z	Elc 	mensche 		ende 	sinen 	"sin

"

M3_11_140_A	ende 		late 	tgheloue 	niet 	te 	storen
M3_11_140_B	ende 		latet 	gheloue 	niet 	te 	storen
M3_11_140_C	ende 	en 	laet 	tgheloue 	niet 		testoren
M3_11_140_D		en 	latet 	tgheloue 	niet 	te 	storen
M3_11_140_E		en 	latet 	tgeloue 	niet 		testoren
M3_11_140_F	ende 		latet 	geloeue 	niet 	te 	storen
M3_11_140_G		en 	latet 	tgeloeue 	niet 	te 	stoeren
M3_11_140_O	daeromme 	en 	latet 		niet 	te 	storen
M3_11_140_W		en 	latet 	tgeloeue 	niet 	te 	storen

M3_11_141_A	want 	al 	hadt 		die 	weerelt 	ghezworen
M3_11_141_B	want 	al 	hadt 	alde 		werelt 	ghezworen
M3_11_141_C	want 	al 	hadt 	alle 	die 	werelt 	ghesworen
M3_11_141_D	want 	al 	hadt 		die 	werelt 	ghesworen
M3_11_141_E	want 	al 	hadt 		die 	werelt 	gezworen
M3_11_141_F	want 	al 	hadt 		die 	werelt 	ghezworen
M3_11_141_G	want 	al 	hads 		die 	werelt 	gesworen
M3_11_141_O	want 	al 	hadt 		de 	werelt 	ghezworen
M3_11_141_W	want 	al 	hads 		die 	wereld 	gesworen

M3_11_142_A	sine 		condent 	om 	gheen 	ghewin
M3_11_142_B	so 	en 	conde 	omme 	gheen 	ghewin
M3_11_142_C	zine 		conden 	om 		ghewin
M3_11_142_D	sy 	en 	condent 	om 	gheen 	ghewin
M3_11_142_E	sine 		conden 	om 	gheen 	ghewin
M3_11_142_F	sine 		conden 	om 	gheen 	ghewin
M3_11_142_G	sine 	consten 		om 	geen 	gewin
M3_11_142_O	so 	ne 	condement 	om 	gheen 	ghewin
M3_11_142_W	sien 	consten 		om 	geen 	gewin 

M3_11_143_A		ghegronden 	meer 	no 	min
M3_11_143_B		ghegronden 	meer 	of 	min
M3_11_143_C	dit 	ghegronden 	meer 	noch 	min
M3_11_143_D		ghegronden 	meer 	noch 	min
M3_11_143_E		ghegronden 	meer 	no 	min
M3_11_143_F		gegronden 	meer 	no 	min
M3_11_143_G		ghegronden 	meer 	no 	min
M3_11_143_O		ghegronderen 	meer 	no 	min
M3_11_143_W		ghegronden 	meer 	no 	min

M3_12_144_A	eer 	of 	achter 	tijt 	of 	stonde
M3_12_144_B	eer 	of 	achter 	tijt 	of 	stonde
M3_12_144_C	eer 	of 	achter 	tijt 	of 	stonde
M3_12_144_D	eer 	oft 	achter 	tijt 	oft 	stonde
M3_12_144_E	eer 		achter 	tijt 	oft 	stonde
M3_12_144_F	eer 	oft 	achter 	tijt 	oft 	stonde
M3_12_144_G	eer 	ochte 	achter 	tijt 	ofte 	stonde
M3_12_144_O	eer 		achter 	tijt 	ofte 	stonde
M3_12_144_W	eer 	oft 	achter 	tijt 	ofte 	stonde

M3_12_145_A	dat 	verstaet 	van 	minen 	monde
M3_12_145_B	dat 	verstaet 	van 	minen 	monde
M3_12_145_C	dat 	verneemt 	van 	minen 	monde
M3_12_145_D	dat 	verstant 	van 	mynen 	monde
M3_12_145_E	dat 	verstaet 	vut 	minen 	monde
M3_12_145_F	dat 	verstaet 	van 	minen 	monde
M3_12_145_G	dat 	verstaet 	wt 	minen 	monde
M3_12_145_O	dat 	verstaet 	van 	minen 	monde
M3_12_145_W	dat 	verstaet 	wt 	minen 	monde

M3_12_146_A		was 	noit 		an 	dese 	drie
M3_12_146_B		was 	noyt 		an 	dese 	drie
M3_12_146_C	en 	is 	niet 		dan 	dese 	drie
M3_12_146_D		was 	noyt 		an 	dese 	drie
M3_12_146_E	en 	was 	noit 		an 	dese 	drie
M3_12_146_F		was 	oyt 		an 	dese 	drie
M3_12_146_G	en 	was 	noyt 		an 	dese 	drie
M3_12_146_O		was 	noyt 	hende 	an 	deese 	drie
M3_12_146_W	en 	was 	noyt 		an 	dese 	drie

M3_12_147_A	den 	vader 	setten 	wi 	als 	ten 	gronde
M3_12_147_B	den 	vader 	setten 	wi 	als 	te 	gronde
M3_12_147_C	den 	vader 	zette 	wij 	alse 	ten 	gronde
M3_12_147_D	den 	vader 	setten 	wy 		te 	gronde
M3_12_147_E	den 	vader 	setten 	wi 	als 	te 	gronde
M3_12_147_F	den 	vader 	setten 	wij 	als 	te 	gronde
M3_12_147_G	den 	vader 	sette 	wi 	als 	ten 	gronde
M3_12_147_O	den 	vader 	setten 		alse 	te 	gronde
M3_12_147_W	den 	vader 	sette 	wi 	als 	ten 	gronde

M3_12_148_A	daer 	alle 	doghet 	vte 	begonde
M3_12_148_B	dair 	alle 	duecht 	af 	begonde
M3_12_148_C	daer 	alle 	doeghet 	vut 	begonde
M3_12_148_D	daer 	alle 	duecht 	an 	begonde
M3_12_148_E	daer 	alle 	doget 	vut 	begonde
M3_12_148_F	daer 	alle 	doget 	ane 	begonde
M3_12_148_G	daer 	alle 	doget 	vte 	begonde
M3_12_148_O	daer 	alle 	doghet 	vte 	begonde
M3_12_148_W	daer 	alle 	doghet 	vte 	begonde

M3_12_149_A	die 	men 	versta 	ofte 	sie
M3_12_149_B	diemen 		verstaet 	of 	zie
M3_12_149_C	die 	men 	verstaet 	ofte 	zie
M3_12_149_D	diemen 		verstaet 	oft 	sie
M3_12_149_E	diemen 		versta 	oft 	sie
M3_12_149_F	diemen 		versta 	ofte 	zie
M3_12_149_G	diemen 		verstaet 	of 	sie
M3_12_149_O	die 	men 	verstae 	ofte 	bezie
M3_12_149_W	diemen 		verstaet 	oft 	sie

M3_12_150_A	den 	sone 	alse 	wijsheit 	diet 	al 	conde
M3_12_150_B	den 	zone 	als 	wijsheit 	diet 	al 	conde
M3_12_150_C	den 	zoene 	alse 	wijsheit 	diet 	al 	conde
M3_12_150_D	des 	soens 		wijsheyt 	diet 	al 	ionde
M3_12_150_E	den 	sone 	als 	wijsheit 	diet 	al 	conde
M3_12_150_F	den 	sone 	als 	wijsheit 	diet 	al 	conde
M3_12_150_G	den 	sone 	als 	wijsheit 	diet 	al 	conde
M3_12_150_O	den 	zone 	als 	wijshede 	die 	wel 	conde
M3_12_150_W	den 	sone 	als 	wijsheit 	diet 	al 	conde

M3_12_151_A	des 	vader 	claerheit 	ende 	sine 	orconde
M3_12_151_B	des 	vader 	clairheit 	ende 	zine 	orconde
M3_12_151_C	des 	vader 	claerheit 	van 	zire 	orconde
M3_12_151_D	des 	vaders 	waerheyt 	ende 	sijn 	orconde
M3_12_151_E	des 	vaders 	claerheit 	ende 	sijn 	orconde
M3_12_151_F	des 	vaders 	claerheit 	ende 	siin 	oirconde
M3_12_151_G	des 	vaders 	waerheit 	ende 	sine 	orconde
M3_12_151_O	der 	vaders 	claerhede 	ende 	zine 	orconde
M3_12_151_W	des 	vader 	waerheit 	ende 	sine 	orconde

M3_12_152_A	die 	van 	hem 	en 	sciet 	nie
M3_12_152_B	die 	van 	hem 	ne 	saeden 	nie
M3_12_152_C	die 	van 	hem 	en 	sciede 	nie
M3_12_152_D	die 	van 	hem 	en 	schiet 	nie
M3_12_152_E	die 	van 	hem 	en 	sceeden 	nie
M3_12_152_F	die 	van 	hem 	en 	schiet 	nye
M3_12_152_G	die 	van 	hem 	en 	sciet 	nie
M3_12_152_O	die 	van 	hem 	en 	ghesciet 	nye
M3_12_152_W	die 	van 	hem 	en 	sciet 	nie

M3_12_153_A	die 	van 	den 	heleghen 	gheest 	ontbonden
M3_12_153_B	die 		den 	heilighen 	gheest 	ontbonde
M3_12_153_C	die 	van 	den 	heilighen 	gheest 	ontbonde
M3_12_153_D	die 	vanden 		heilighen 	gheest 	ontbonde
M3_12_153_E	die 	vanden 		heyleghen 	geest 	ontbonden
M3_12_153_F	die 	vanden 		heyligen 	gheest 	ontbonde
M3_12_153_G	die 	vanden 		heilegen 	geest 	ontbonde
M3_12_153_O	die 	van 	den 	helighen 	gheest 	ontbonden
M3_12_153_W	die 	vanden 		heilegen 	geest 	ontbonde

M3_12_154_A	haerre 	twier 	minne 	hire 		in 	vonde
M3_12_154_B	hairer 	beder 	minne 	hi 	dair 	in 	vonde
M3_12_154_C	haer 	twier 	woert 	hi 	daer 	in 	vonde
M3_12_154_D	haer 	tweer 	minne 	hi 	daer 	in 	vonde
M3_12_154_E	hare 	beeder 	minne 	hi 	daer 	in 	vonden
M3_12_154_F	haer 	twee 	minne 	hij 	daer 	in 	vonde
M3_12_154_G	harre 	beider 	minne 	hi 	daer 	in 	vonde
M3_12_154_O	harer 	tweder 	minne 		daer 	in 	vonde
M3_12_154_W	haerre 	beider 	minne 	hi 	daer 	in 	vonde

M3_12_155_A	dese 	drie 	waren 			je
M3_12_155_B	dese 	drie 	waren 	oyt 	ende 	ye
M3_12_155_C	dese 		waren 	oyt 	ende 	ie
M3_12_155_D	dese 	drie 	waren 	oyt 	ende 	ye
M3_12_155_E	dese 		waren  			ye
M3_12_155_F	dese 	iij 	waren 	oyt 	ende 	ye
M3_12_155_G	dese 	drie 	waren 	oyt 	ende 	ye
M3_12_155_O	deese 	drie 	waren 			ye
M3_12_155_W	dese 	drie 	waren 	oyt 	ende 	ye

M3_12_156_A	een 	god 	des 	ghelouet 	mie
M3_12_156_B	een 	god 	ghelouets 		mie
M3_12_156_C	een 	god 	diet 	wel 	besie
M3_12_156_D	een 	god 	gheloues 		mye
M3_12_156_E	een 	god 		gelouet 	mye
M3_12_156_F	een 		gheloeues 		mye
M3_12_156_G	een 	god 	des 	geloeft 	mie
M3_12_156_O	eeen 	god 	gheloues 		mye
M3_12_156_W	een 	god 	des 	gheloeft 	mie

M3_13_157_A	niemens 			wille 	hi 	hiet 		maken
M3_13_157_B	diemen 		es 	wille 	hi 	yet 		maken
M3_13_157_C	niement 	en 	is 	die 		iet 	wil 	maken
M3_13_157_D	nyemant 	en 	is 	wilt 	hi 	yet 		maken
M3_13_157_E	niemen 		es 	wilt 	hi 	yet 		maken
M3_13_157_F	niemant 	en 	es 	wilt 	hij 	yet 		maken
M3_13_157_G	niemen 	en 	es 	wilt 	hi 	iet 		maken
M3_13_157_O	niement 	en 	es 	wille 	hy 	iet 		maken
M3_13_157_W	niemen 	en 	es 	wilthi 		iet 		maken

M3_13_158_A	hine 		moet 	in 	hem 	seluen 	smaken
M3_13_158_B	hi 	en 	moet 	in 	hem 	seluen 	smaken
M3_13_158_C	hine 		moet 	in 	hem 	zeluen 	smaken
M3_13_158_D	hi 		moet 	in 	hem 	seluen 	smaken
M3_13_158_E	hine 		moet 	in 	hem 	seluen 	waken
M3_13_158_F	hine 		moet 	in 	hem 	seluen 	smaken
M3_13_158_G	hine 		moet 	in 	hen 	seluen 	smaken
M3_13_158_O	hy 	en 	moet 	in 		seluen 	smaken
M3_13_158_W	hine 		moet 	in 	hem 	seluen 	smaken

M3_13_159_A	drierande 			triniteit
M3_13_159_B	enigherhander 			triniteyt
M3_13_159_C	eenrehande 			triniteit
M3_13_159_D	eenrehande 			triniteyt
M3_13_159_E	Eender 	and 	... 	"triniteit

"
M3_13_159_F	eenrehande 			triniteyt
M3_13_159_G	eenrande 			triniteit
M3_13_159_O	eenigherande 			triniteit
M3_13_159_W	eenrande 			triniteit

M3_13_160_A	want 	hi 			der 	dinc 	moet 	moghen 	ghenaken
M3_13_160_B	want 	hi 	moet 	moeghen 	der 	dinc 			genaken
M3_13_160_C	want 	hi 	moet 	moeghen 	ter 	dinc 			ghenaken
M3_13_160_D	want 	hi 	moet 	mogen 	der 	dinc 			genaken
M3_13_160_F		hij 	moet 	mogender 		dinc 			ghenaken
M3_13_160_G	want 	hi 	moet 	mogen 	der 	dinc 			genaken
M3_13_160_O	want 	hi 	moet 		der 	dijnc 			ghenaken
M3_13_160_W	want 	hi 	moet 	mogen 	der 	dinc 			genaken

M3_13_161_A	ende 	hi 	moet 	conen 	die 	dinc 	gheraken
M3_13_161_B	ende 	hi 	moet 	konnen 	die 	dinc 	geraken
M3_13_161_C	ende 	hi 	moet 	om 	die 	dinc 	gheraken
M3_13_161_D	ende 	hi 	moet 	connen 	ten 	dinck 	gheraken
M3_13_161_F		hij 	moet 	connen 	der 	dinc 	gheraken
M3_13_161_G	ende 	hi 	moet 	connen 	ter 	dinc 	geraken
M3_13_161_O	ende 	hem 	daer 	pinen 	te 		gheraken
M3_13_161_W	ende 	hi 	moet 	connen 	ter 	dinc 	geraken

M3_13_162_A	of 	hets 		hem 	al 	ontseit
M3_13_162_B	of 	hets 		hem 	al 	ontseit
M3_13_162_C	of 	hets 		hem 	al 	ontseit
M3_13_162_D	oft 	hets 		hem 	al 	ontseyt
M3_13_162_F	oft 	hets 		hem 	al 	ontseyt
M3_13_162_G	ochte 	het 	es 	hem 	al 	ontseit
M3_13_162_O	ofte 	het 	es 	hem 	al 	ontseit
M3_13_162_W	ofte 	het 	es 	hem 	al 	ontseit

M3_13_163_A	oec 	moet 	hi 			daer 	omme 	waken
M3_13_163_B	ooc 	moet 	hi 		wilen 	dair 	om 	waken
M3_13_163_C	oec 	moet 	hi 			daer 	omme 	waken
M3_13_163_D	oeck 	moet 	hi 		dicwil 	daerom 		waken
M3_13_163_F	oic 	moet 	hij 		wilen 	daer 	om 	waken
M3_13_163_G	oec 	moet 	hi 	bi 	wilen 	daerom 		waken
M3_13_163_O	oec 	moet 	hi 	bi 	wilen 	daeromme 		waken
M3_13_163_W	oec 	moet 	hi 	bi 	wilen 	daeromme 		waken

M3_13_164_A	macht 	const 		wille 	dese 	iij 	saken
M3_13_164_B	macht 	conste 		wille 	dese 	drie 	zaken
M3_13_164_C	cracht 	const 	ende 	wille 	dese 	drie 	zaken
M3_13_164_D	macht 	const 		wille 	dese 	drie 	saken
M3_13_164_F	macht 	const 		wille 	dese 	iij 	saken
M3_13_164_G	macht  	const  		wille  	dese 	drie 	saken
M3_13_164_O	mach 	const 		wille 	dese 	drie 	zaken
M3_13_164_W	macht  	const  		wille 	dese 	drie 	saken

M3_13_165_A	vintmen 		in 	die 	menschelicheit
M3_13_165_B	vintmen 		in 	die 	menschelicheit
M3_13_165_C	vijntmen 		in 	die 	menschlicheit
M3_13_165_D	vintmen 		in 	die 	godheyt
M3_13_165_F	vintmen 		in 	die 	menscheyt
M3_13_165_G	vint 	men 	in 	die 	menschelecheit
M3_13_165_O	vintmen 		in 	die 	menschelicheit
M3_13_165_W	vint 	men 	in 	die 	menschelecheit

M3_13_166_A	die 	dese 	note 	wel 	can 	craken
M3_13_166_B	die 	dese 	note 	wel 	can 	craken
M3_13_166_C	die 	desen 	noten 	wel 	can 	craken
M3_13_166_D	die 	dese 	note 	wel 	can 	craken
M3_13_166_F	die 	dese 	note 	wel 	can 	craken
M3_13_166_G	die 	dese 	note 	wel 	can 	craken
M3_13_166_O	die 	dese 	note 	wel 	can 	crake
M3_13_166_W	die 	dese 	note 	wel 	can 	craken

M3_13_167_A	hine 		darf 		beiden 	nochte 	haken
M3_13_167_B	hi 	en 	darf 		beiden 	no 	haken
M3_13_167_C	hine 		darf 	niet 	beiden 	nochte 	haken
M3_13_167_D	hi 	derf 			beyden 	noch 	haken
M3_13_167_F	hine 	derf 			beyden 	no 	haken
M3_13_167_G	hine 	derf 			beiden 	no 	haken
M3_13_167_O	hy 	en 	darf 		beiden 	ofte 	hake
M3_13_167_W	hine 	derft 			beiden 	no 	haken

M3_13_168_A	hine 		vint 		in 	eene 	godheit
M3_13_168_B	hine 		vint 		in 	ene 	godheit
M3_13_168_C	hine 		vijnt 		in 	ene 	godheit
M3_13_168_D	hy 	en 	vint 	daer 	in 	ene 	godheyt
M3_13_168_F	hij 		vint 		in 	eene 	godheyt
M3_13_168_G	hine 		vint 		in 	ene 	godheit
M3_13_168_O	hy 	en 	vint 		in 	een 	godheit
M3_13_168_W	hine 		vint 		in 	ene 	godheit 

M3_13_169_A	drie 	personen 	gheleit
M3_13_169_B	drie 	persone 	gheseit
M3_13_169_C	drie 	persone 	ghereit
M3_13_169_D	drie 	personen 	ghereyt
M3_13_169_F	drie 	personen 	ghereyt
M3_13_169_G	drie 	persone 	gereit
M3_13_169_O	drie 	persone 	gheseit
M3_13_169_W	drie 	persone 	gereit

M3_14_170_A	dese 	god 	daer 	wi 	af 	leeren
M3_14_170_B	dese 	god 	dair 	wi 	of 	leren
M3_14_170_C	dese 	god 	daer 	wij 	af 	leren
M3_14_170_D	dese 	god 	daer 	wi 	af 	leeren
M3_14_170_F	dese 	god 	dair 	wij 	af 	leeren
M3_14_170_G	dese 	god 	daer 	wi 	af 	leeren
M3_14_170_O	dese 	god 	daer 	wij 	af 	leeren
M3_14_170_W	dese 	god 	daer 	wi 	af 	leeren

M3_14_171_A	doet 	troen 	sonne 	ende 	sterre 	keeren
M3_14_171_B	doet 	troon 	sonne 	mane 	sterren 	keren
M3_14_171_C	doet 	troen 	zonne 	ende 	sterren 	keren
M3_14_171_D	doet 	crone 	sonne 		sterre 	keeren
M3_14_171_F	doet 	troon 	sonne 		sterre 	keeren
M3_14_171_G	doet 	throen 	sterren 	ende 	sonne 	keren
M3_14_171_O	doet 	troen 	zonne 	ende 	sterren 	keeren
M3_14_171_W	doet 	throen 	sterren 	ende 	sonne 	keeren

M3_14_172_A	ende 	al 	dat 	roerende 	si
M3_14_172_B	ende 	al 	dat 	roerende 	sij
M3_14_172_C	ende 	al 	dat 	roerende 	zi
M3_14_172_D	ende 	al 	dat 	ruerende 	sy
M3_14_172_F	ende 	al 	dat 	ruerende 	zij
M3_14_172_G	ende 	al 	dat 	ruerende 	si
M3_14_172_O	ende 	al 	dat 	roerende 	zij
M3_14_172_W	ende 	al 	dat 	ruerende 	si

M3_14_173_A		sijn 	rusten 	es 	nochtan 	so 	vul 	eeren
M3_14_173_B	sine 		ruste 	es 	nochtan 	so 	vul 	eren
M3_14_173_C		zijn 	rusten 	is 	nochtan 	zo 	vol 	eren
M3_14_173_D		sijn 	wesen 	is 		alsoe 	vol 	eeren
M3_14_173_F	siin 		rusten 	es 		zo 	vol 	eeren
M3_14_173_G	nochtan 	sijn 	rusten 	es 		so 	vol 	eren
M3_14_173_O	nochtan 	zijn 	rusten 	es 		zo 	vul 	eeren
M3_14_173_W	nochtan 	sijn 	rusten 	es 		so 	vol 	eeren

M3_14_174_A	dat 	hem 	niet 	en 	can 	ghedeeren
M3_14_174_B	dat 	hem 	niet 	en 	can 	ghederen
M3_14_174_C	dat 	hem 	niet 	en 	can 	ghederen
M3_14_174_D	dat 	hem 	niet 	en 	can 	ghederen
M3_14_174_F	dat 	hem 	niet 	en 	can 	ghederen
M3_14_174_G	dat 	hem 	niet 	en 	can 	gederen
M3_14_174_O	dat 	hem 	niet 	en 	can 	ghedeeren
M3_14_174_W	dat 	hem 	niet 	en 	can 	gederen

M3_14_175_A	gheen 	porren 	verre 	no 	bi
M3_14_175_B	gheen 	porren 	verre 	of 	by
M3_14_175_C	gheen 	porren 	na 	noch 	bi
M3_14_175_D	gheen 	dinck 	verre 	noch 	by
M3_14_175_F	gheen 	porren 	verre 	no 	bij
M3_14_175_G	gheen 	porren 	verre 	ochte 	bi
M3_14_175_O	gheen 	porren 	verre 	no 	by
M3_14_175_W	gheen 	porren 	verre 	ofte 	bi

M3_14_176_A	hi 	es 	daer 	hi 	was 		sonder 			sceeren
M3_14_176_B	hi 	es 	daer 	hi 	was 	dit 	nes 		gheen 	sceren
M3_14_176_C	hi 	is 	dat 	hi 	was 	dit 	en 	is 	gheen 	sceren
M3_14_176_D	hi 	is 	dat 	hi 	was 		ten 	is 	gheen 	scheren
M3_14_176_F	hij 	es 	daer 	hij 	was 	dats 			geen 	scheren
M3_14_176_G	hi 	es 	dat 	hi 	was 	dans 			geen 	sceren
M3_14_176_O	hij 	es 	daer 	hij 		dijns 			gheen 	sceeren
M3_14_176_W	hi 	es 	dat 	hi 	was 	dans 			gheen 	scheren

M3_14_177_A	hine 		wille 	minderen 	no 	meeren
M3_14_177_B	hine 		willen 	mindren 	no 	meeren
M3_14_177_C	hine 		wil 	minren 	noch 	meren
M3_14_177_D	hi 	en 	wil 	minderen 	noch 	meeren
M3_14_177_F	hine 		wilt 	minderen 	no 	meeren
M3_14_177_G	hine 	mach 		menderen 	noch 	meeren
M3_14_177_O	hi 	en 	wille 	mijnre 	no 	meeren
M3_14_177_W	hine 	mach 		minderen 	no 	meeren

M3_14_178_A	hi 	es 	sijn 	selues 	so 	vri
M3_14_178_B	hi 	es 	sijns 	selfs 		vri
M3_14_178_C	hi 	is 	zijns 	zelues 		vri
M3_14_178_D	hi 	is 	sijns 	selues 		vry
M3_14_178_F	hij 	es 	sijns 	selfs 		vry
M3_14_178_G	hi 	es 	sijns 	selues 		vri
M3_14_178_O	ende 	maecter 	af 	gheen 	ghecry	
M3_14_178_W	hi 	es 	sijns 	selues 		vri

M3_14_179_A	hi 	doet 		alle 	dinc 	gheneeren
M3_14_179_B	hi 	doet 	hair 	alle 	dinc 	gheneren
M3_14_179_C	hi 	doet 	haer 	elcke 	dinc 	gheneren
M3_14_179_D	hy 	doet 		alle 	dinck 	gheneren
M3_14_179_F	hij 	doet 	hier 	alle 	dinc 	gheneren
M3_14_179_G	hi 	doet 	hare 	alle 	dinc 	generen
M3_14_179_O	hij 	doet 	hier 	alre 	dijnc 	gheneeren
M3_14_179_W	hi 	doet 	hare 	alle 	dinc 	generen

M3_14_180_A	sine 	rijcheit 		mach 	niemen 	verteeren
M3_14_180_B	sine 	rijcheit 	en 	mach 	niemen 	verteren
M3_14_180_C	zine 	rijcheit 		mach 	niement 	verteren
M3_14_180_D	sijn 	rijcheyt 		mach 	niemant 	verteren
M3_14_180_F	siin 	rijcheit 		mach 	niement 	verteren
M3_14_180_G	sine 	rijcheit 	en 	can 	niemen 	verteren
M3_14_180_O	sine 	rijchede 		mach 	niement 	verteeren
M3_14_180_W	sine 	rijcheit 	en 	can 	niemen 	verteren

M3_14_181_A	alle 	steden 	vervullet 	hi
M3_14_181_B	alle 	steiden 	veruolt 	hi
M3_14_181_C	alle 	steden 	veruult 	hi
M3_14_181_D	alle 	steden 	veruolt 	hy
M3_14_181_F	alle 	steden 	vervult 	hij
M3_14_181_G	alle 	steden 	veruult 	hi
M3_14_181_O	alle 	steeden 	veruult 	hij
M3_14_181_W	alle 	dinc 	veruult 	hi

M3_14_182_A	dus 	leeret 	tgheloue 			mi	
M3_14_182_B	dus 	leret 	gheloue 				my
M3_14_182_C	dus 	leert 	tgheloue 			mi	
M3_14_182_D	dus 	leeret 	tgheloue 				my
M3_14_182_F	dus 	leert 	dat 	gheloeue 		mi	
M3_14_182_G	dus 	leeret 	tgeloeue 			mi	
M3_14_182_O	dit 		gheloue 	es 	vaste 	in 	my
M3_14_182_W	dus 	leeret 	tgeloeue 			mi	

M3_15_183_A	gode 		besluut 	gheene 		stede
M3_15_183_B	god 	ne 	sluut 	ne 	ghene 	stede
M3_15_183_C	god 	en 	sluyt 	en 	ghene 	stede
M3_15_183_D	god 	en 	besluyt 		ghene 	stede
M3_15_183_F	god 	en 	besluut 		ghene 	stede
M3_15_183_G	gode 	en 	beslut 	geene 		stede
M3_15_183_O	god 	en 	besluut 	ne 	ghene 	stede
M3_15_183_W	gode 	en 	beslut 	geene 		stede

M3_15_184_A	maer 	alle 	steden 	beluuct 	hi 	mede
M3_15_184_B	mer 	alle 	steden 	beluuct 	hi 	mede
M3_15_184_C	mer 	alle 	steden 	beluket 	hi 	mede
M3_15_184_D	maer 	alle 	steden 	veruolt 	hy 	mede
M3_15_184_F	maer 	alle 	steden 	besluyt 	hi 	mede
M3_15_184_G	maer 	alle 	stede 	beslut 	hi 	mede
M3_15_184_O	maer 	alle 	steden 	besluut 	hij 	mede
M3_15_184_W	maer 	alle 	stede 	beslut 	hi 	mede

M3_15_185_A	in 	sine 	godlicheit
M3_15_185_B	in 	sine 	godlicheit
M3_15_185_C	in 	zire 	godheit
M3_15_185_D	in 	sijnre 	godlicheyt
M3_15_185_F	in 	zijnre 	godlicheyt
M3_15_185_G	jn 	sijnre 	godlecheit
M3_15_185_O	in 	zijnre 	godheit
M3_15_185_W	jn 	sijnre 	godlecheit

M3_15_186_A	sine 	jare 	keert 	sine 	moghenthede
M3_15_186_B	die 	jaren 	keert 	sine 	moghenthede
M3_15_186_C	die 	iaren 	keert 	zine 	moghenthede
M3_15_186_D	die 	iaren 	keert 	sijn 	moghenthede
M3_15_186_F	die 	iare 	keert 	sine 	moghenthede
M3_15_186_G	die 	iare 	keert 	sijn 	mogenthede
M3_15_186_O	de 	jare 	keert 	zine 	moghenthede
M3_15_186_W	de 	iare 	keert 	sijn 	mogenthede

M3_15_187_A	ende 	niet 		es 	dattene 		keeren 	dede
M3_15_187_B	ende 	niet 		es 	datten 		keren 	dede
M3_15_187_C	ende 	niet 	en 	is 	datten 		verkeren 	dede
M3_15_187_D	maer 	niet 	en 	is 	dat 	hem 	keren 	dede
M3_15_187_F		niet 	en 	es 	datten 		keeren 	dede
M3_15_187_G	ende 	niet 	en 	es 	dat 	hem 	keren 	dede
M3_15_187_O	ende 	niet 		es 	datten 		keeren 	dede
M3_15_187_W	ende 	niet 	en 	es 	dat 	hem 	keren 	dede

M3_15_188_A	sine 	macht 	es 	so 	breit
M3_15_188_B	sine 	macht 	es 	so 	breyt
M3_15_188_C	zine 	macht 	is 	zo 	breit
M3_15_188_D	sijn 	macht 	is 	so 	breyt
M3_15_188_F	sine 	macht 	es 	zoe 	breyt
M3_15_188_G	sine 	macht 	es 	so 	breit
M3_15_188_O	zijne 	cracht 	es 	zo 	breit
M3_15_188_W	sine 	macht 	es 	so 	breit

M3_15_189_A		cracht 	no 	macht 		no 		onvrede
M3_15_189_B		cracht 	no 		noot 	no 	ghene 	beide
M3_15_189_C	noch 	cracht 	noch 		noet 	noch 	gheen 	onvrede
M3_15_189_D		cracht 	noch 		noot 	noch 	geen 	onvrede
M3_15_189_F		cracht 			noot 	noch 		onvrede
M3_15_189_G		cracht 			noet 	noch 	geen 	onvrede
M3_15_189_O				macht 	noot 	noch 	ghenen 	onurede
M3_15_189_W		cracht 			noet 	noch 	geen 	onvrede

M3_15_190_A	ne 	mach 	hem 	doen 	onledichede
M3_15_190_B	ne 	mach 	hem 	doen 	onleidicheide
M3_15_190_C	en 	mach 	hem 	doen 	onledichede
M3_15_190_D	en 	mach 	hem 	doen 	onledichede
M3_15_190_F	en 	mach 	hem 	doen 	onledichede
M3_15_190_G	en 	mach 	hem 	doen 	onledechede
M3_15_190_O	en 	mach 	hem 	doen 	onledichede
M3_15_190_W	en 	mach 	hem 	doen 	onledechede

M3_15_191_A	hoe 	so 		die 	sake 	gheit
M3_15_191_B	hoe 	soe 		die 	zake 	gheyt
M3_15_191_C	hoe 	zo 		die 	zake 	gheit
M3_15_191_D	dit 	is 	dat 			onderscheyt
M3_15_191_F	hoe 	soe 		die 	zake 	gheyt
M3_15_191_G	hoe 		dat 	die 	sake 	geit
M3_15_191_O		zo 	hoe 	de 	zake 	gheit
M3_15_191_W	hoe 		dat 	die 	sake 	gheit

M3_15_192_A	so 	ghestade 	es 	god 	in 	sine 	zede
M3_15_192_B	so 	ghestade 	es 	god 	in 	sine 	seide
M3_15_192_C	zo 	ghestade 	is 	god 	in 	die 	zede
M3_15_192_D	soe 	ghestadich 	is 	god 	in 	sijn 	zede
M3_15_192_F	soe 	ghestade 	es 	god 		niden 	zede
M3_15_192_G	soe 	gestade 	es 	god 	in 	den 	sede
M3_15_192_O	so 	ghestaede 	es 			zijne 	zeede
M3_15_192_W	so 	gestade 	es 	god 	in 	den 	sede

M3_15_193_A	dattene 		cracht 	no 	gheene 	onlede
M3_15_193_B	datten 		cracht 	no 	ghene 	onvrede
M3_15_193_C	dat 	hem 	macht 	noch 	ghene 	bede
M3_15_193_D	dat 	hem 	cracht 	noch 	ghene 	bede
M3_15_193_F	datten 		cracht 	no 	ghene 	bede
M3_15_193_G	datten 		cracht 	noch 	gene 	bede
M3_15_193_O	dattene 	miede 		no 	ghene 	bede
M3_15_193_W	datten 		cracht 	noch 	geene 	bede

M3_15_194_A	huut 	sinen 	pore 	en 	leit
M3_15_194_B	wt 	sinen 	wille 	en 	leyt
M3_15_194_C	buten 	zinen 	wille 		leit
M3_15_194_D	wt 	synen 	wille 	en 	leyt
M3_15_194_F	vut 	sinen 	wille 	en 	leyt
M3_15_194_G	wt 	sinen 	poere 	en 	leit
M3_15_194_O	vute 	zinen 	wille 	en 	leyt
M3_15_194_W	wt 	sinen 	poere 	en 	leit

M3_15_195_A	dits 		al 	waer 	gheseit
M3_15_195_B	dits 		al 	wair 	gheseit
M3_15_195_C	dits 		al 	waer 	gheseit
M3_15_195_D	hoe 	dat 	die 	sake 	gheyt
M3_15_195_F	dits 		al 	waer 	gheseit
M3_15_195_G	dit 	es 	al 	waer 	geseit
M3_15_195_O	dit 	es 	al 	waer 	gheseit
M3_15_195_W	dits 		al 	waer 	geseit

M3_16_196_A	heden 	ghister 	es 	onse 	leuen
M3_16_196_B	huden 	ghistre 	ende 	onse 	leuen
M3_16_196_C	huden 	ghistren 	is 	onze 	leuen
M3_16_196_D	heden 	ghisteren 	is 	ons 	leuen
M3_16_196_F	heden 	ghisteren 	es 	ons 	leuen
M3_16_196_G	heden 	gisteren 	es 	onse 	leuen
M3_16_196_O	heden 	ghestaen 	es 	onse 	leuen
M3_16_196_W	heden  	gisteren  	es 	onse 	leuen

M3_16_197_A	ende 	daers 	gheen 	hende 		an 	ghedreuen
M3_16_197_B	ende 	dair 	es 	ende 		an 	ghegeuen
M3_16_197_C	ende 	daer 	is 	einde 		aen 	ghegheuen
M3_16_197_D		daer 	is 	een 	eynde 	aen 	ghedreuen
M3_16_197_F		daer 	es 	een 	eynde 	an 	ghedreuen
M3_16_197_G	ende 	daer 	es 	endde 		ane 	gedreuen
M3_16_197_O	ende 	daer 	es 	hende 			anghedreuen
M3_16_197_W	ende 	daer 	es 	endde  		ane 	gedreuen

M3_16_198_A			si 	het 	cort 	ofte 	lanc
M3_16_198_B			si 	het 	cort 	of 	lanc
M3_16_198_C		het 	si 		cort 	of 	lanc
M3_16_198_D	weder 	het 	sy 		cort 	oft 	lanck
M3_16_198_F		hets 	zij 		corte 	ofte 	lanc
M3_16_198_G		het 	si 		cort 	ochte 	lanc
M3_16_198_O		eist 			cort 	ofte 	lanc
M3_16_198_W		het 	si 		cort 	ochte 	lanc

M3_16_199_A	maer 	alse 	men 	vint 	van 	gode 		bescreuen
M3_16_199_B	mer 	alsmen 		vint 	van 	gode 		bescreuen
M3_16_199_C	mer 	alsmen 		vijnt 	van 	gode 		bescreuen
M3_16_199_D	maer 	alsmen 		vint 	van 	gode 		bescreuen
M3_16_199_F	maer 	alsmen 		vint 	van 	gode 		bescreuen
M3_16_199_G	maer 	als 	men 		van 	gode 	vent 	bescreuen
M3_16_199_O	maer 	alsmen 		vint 	van 	gode 		bescreuen
M3_16_199_W	maer 	als 	men 		van 	gode 	vint 	bescreuen

M3_16_200_A	dit 	wort 	heden 		esser 	af 	bleuen
M3_16_200_B	dit 	woort 	huden 	so 	esser 	an 	bleuen
M3_16_200_C	dit 	woert 	heden 	zo 	isser 	aen 	bleuen
M3_16_200_D	dit 	woert 	heden 		isser 	an 	ghebleuen
M3_16_200_F	dit 	wort 	heden 		esser 	aen 	bleuen
M3_16_200_G	dit 	woert 	heden 		esser 	aue 	bleuen
M3_16_200_O	dit 	woort 	heden 	zo 	esser 		anbleuen
M3_16_200_W	dit 	woert 	heden 		esser 	aue 	bleuen

M3_16_201_A	den 	eeweliken 	omme 	ganc
M3_16_201_B	een 	ewelike 	ommegang	
M3_16_201_C	een 	ewelijc 	ommeganc	
M3_16_201_D	een 	ewelijck 	ommeganck	
M3_16_201_F	een 	eeuwelic 	omme 	ganc
M3_16_201_G	een 	ewelec 	omme 	ganc
M3_16_201_O	een 	ewelic 	ommeganc	
M3_16_201_W	een 	ewelec 	omme 	ganc

M3_16_202_A	daer 	gheen 	hende 	an 		mach 		cleuen
M3_16_202_B	dair 	gheen 	eynde 	an 		mach 		cleuen
M3_16_202_C	daer 	gheen 	beghin 	aen 		mach 		cleuen
M3_16_202_D	daer 	gheen 	eynde 		en 	mach 	aen 	cleuen
M3_16_202_F	daer 	gheen 	eynde 	an 		mach 		cleuen
M3_16_202_G	daer 	geen 	endde 	ane 	en 	mach 		cleuen
M3_16_202_O	daer 	gheen 	hende 	an 		mach 		cleuen
M3_16_202_W	daer 	negeen 	inde 	ane 	en 	mach 		cleuen

M3_16_203_A	noch 	gheen 	beghin 	an 	wart 	verheuen
M3_16_203_B	noch 	gheen 	beghin 		werter 	verheuen
M3_16_203_C	noch 	gheen 	beghin 	en 	waert 	verheuen
M3_16_203_D	noch 		beghin 	en 	wert 	verheuen
M3_16_203_F	noch 		beghin 	en 	wert 	verheuen
M3_16_203_G	noch 	geen 	begin 		werter 	verheuen
M3_16_203_O	no 	gheen 	beghin 		wertter 	ghegheuen
M3_16_203_W	noch 		beghin 	en 	werter 	verheuen

M3_16_204_A	sijn 	wesen 	es 	so 	stranc
M3_16_204_B	sijn 	wesen 	es 	so 	strang
M3_16_204_C	zijn 	wesen 	is 	zo 	stranc
M3_16_204_D	sijn 	wesen 	is 	soe 	stranck
M3_16_204_F	siin 	wesen 	es 	soe 	stranc
M3_16_204_G	sijn 	wesen 	es 	so 	stranc
M3_16_204_O	sijn 	weesen 	es 	zo 	stranc
M3_16_204_W	sijn 	wesen 	es 	so 	stranc

M3_16_205_A	siere 	jeghen 	wordicheit 	es 	beneuen
M3_16_205_B	sine 	ieghen 	woirdicheit 	es 	beneuen
M3_16_205_C	zine 	ieghenwordicheit 		is 	beneuen
M3_16_205_D	sijn 	teghenwoerdicheit 		is 	beneuen
M3_16_205_F	siin 	iegenwoirdicheit 		es 	beweuen
M3_16_205_G	siere 	iegewerdecheit 		es 	beneuen
M3_16_205_O	zijne 	ieghenwordicheit 		esser 	bleuen
M3_16_205_W	siere 	iegewerdecheit 		es 	beneuen

M3_16_206_A	dat 	was 	ende 	wert 	dus 	eist 	bescreuen
M3_16_206_B	dat 	was 	ende 	wert 	dus 	est 	bescreuen
M3_16_206_C	dat 	was 	ende 	is 	dus 	eest 	bescreuen
M3_16_206_D	dit 	was 	dit 	woert 	dus 	ist 	bescreuen
M3_16_206_F	dat 	was 	ende 	es 	dus 	eest 	bescreuen
M3_16_206_G	dat 	es 	ende 	was 	dus 	eest 	bescreuen
M3_16_206_O	dat 	was 	een 	wort 	dus 	eist 	bescreuen
M3_16_206_W	dat 	es 	ende 	was 	dus 	eest 	bescreuen

M3_16_207_A	ende 		nv 	es 	ghemanc
M3_16_207_B	ende 		nv 	es 	gemanc
M3_16_207_C	ende 	nu 	eest 		ghemanc
M3_16_207_D	ende 	dat 	nv 	is 	ghemanc
M3_16_207_F	ende 	nu 		es 	ghemanc
M3_16_207_G	ende 		nv 	es 	gemanc
M3_16_207_O	ende 	nu 	eist 		ghemanc
M3_16_207_W	ende 		mi 	es 	gemanc 

M3_16_208_A	in 	dese 	weerelt 	cranc
M3_16_208_B	in 	dese 	werelt 	cranc
M3_16_208_C	in 	dese 	werelt 	cranc
M3_16_208_D	in 	dese 	werelt 	cranck
M3_16_208_F	in 	dese 	werelt 	cranc
M3_16_208_G	jn 	dese 	werelt 	stranc
M3_16_208_O	in 	dese 	werelt 	cranc
M3_16_208_W	jn 	dese 	werelt 	stranc

M3_17_209_A	martijn 	nv 	en 	clach 	no 		crone
M3_17_209_B	martin 	nv 	en 	claech 	no 		croen
M3_17_209_C	martijn 	nu 	en 	claghe 	noch 	en 	crone
M3_17_209_D	martijn 		en 	claecht 	noch 	en 	crone
M3_17_209_F	merten 		en 	claecht 	no 	en 	crone
M3_17_209_G	merten 	nv 	en 	clach 	no 	en 	croene
M3_17_209_O	martin 	nu 	en 	claghe 	no 	en 	croone
M3_17_209_W	merten 	nu 	en 	clach 	no 	en 	croene

M3_17_210_A	dits 		een 	god 	in 	drie 	persone
M3_17_210_B	dits 		een 	god 	in 	drien 	persone
M3_17_210_C	dits 		een 	god 	in 	drie 	persone
M3_17_210_D	dits 		een 	god 	in 	drie 	persone
M3_17_210_F	dits 		een 	god 	in 	drie 	persone
M3_17_210_G	dit 	es 	een 	god 	in 	drie 	persoene
M3_17_210_O	dit 	es 	een 	god 	in 	drie 	persoone
M3_17_210_W	dit 	es 	een 	god 	in 	drie 	persoene

M3_17_211_A	daer 	ic 	af 	spreke 		dye
M3_17_211_B	dair 	ic 	of 	spreke 		die
M3_17_211_C	daer 	ic 	af 	sprac 	te 	die
M3_17_211_D	daer 	ick 	af 	spreke 		dye
M3_17_211_F	daer 	ic 	aff 	spreke 		die
M3_17_211_G	daer 	ic 	af 	spreke 		die
M3_17_211_O	daer 		af 	spreke 		die
M3_17_211_W	daer 	ic 	af 	spreke 		die

M3_17_212_A		euen 	gheweldich 		euen 	scone
M3_17_212_B		euen 	gheweldich 		euen 	scone
M3_17_212_C		euen 	ghelike 		euen 	scone
M3_17_212_D		euen 	gheweldich 		euen 	schone
M3_17_212_F		euen 	gheweldich 		euen 	scone
M3_17_212_G	es 	euen 	geweldech 	ende 	euen 	scone
M3_17_212_O		euen 	gheweldich 		euen 	scone
M3_17_212_W	es 	euen 	geweldech 	ende 	euen 	scone

M3_17_213_A	even 	ghelijc 	in 		hemel 	in 		trone
M3_17_213_B	euen 	ghelijc 	in 		werelt 	in 	throne	
M3_17_213_C	euen 	ghelike 	in 	der 	werelt 	in 	den 	trone
M3_17_213_D	euen 	ghelijc 	in 		werelt 	in 		trone
M3_17_213_F	euen 	gelijc 	in 	die 	werelt 	in 	water 	trone
M3_17_213_G	euen 	gelijc 	in 		werelt 	in 	troene	
M3_17_213_O	euen 	staerc 	in 		weerelt 	in 	throne	
M3_17_213_W	euen 	gelijc 	in 		werelt 	in 	throene	

M3_17_214_A		sijn 	dese 	eenighe 	drie
M3_17_214_B	ne 	sijn 	dese 	enighe 	drie
M3_17_214_C		zijn 	dese 	enighe 	drie
M3_17_214_D		sijn 	dese 	ewighe 	drie
M3_17_214_F		siin 	dese 	enighe 	drie
M3_17_214_G		sijn 	dese 	enege 	drie
M3_17_214_O		zijn 	dese 	enighe 	drie
M3_17_214_W		sijn 	dese 	enege 	drie

M3_17_215_A	redene 	en 	draghet 	hier 	niet 	de 	crone
M3_17_215_B	redene 	en 	draecht 	hier 	niet 	de 	crone
M3_17_215_C	redene 	en 	draghet 	hier 	niet 	die 	crone
M3_17_215_D	reden 	en 	derf 	hier 	niet 		crone
M3_17_215_F	redene 		draecht 	hier 	af 		crone
M3_17_215_G	redene 		draecht 	hier 	met 	die 	croene
M3_17_215_O	redene 	en 	dracht 	hier 	niet 	de 	crone
M3_17_215_W	redene 		draecht 	hier 	niet 	die 	croene

M3_17_216_A	maer 	tgheloue 	sonder 	hone
M3_17_216_B	mer 	tgheloue 	sonder 	hone
M3_17_216_C	mer 	tgheloue 	zonder 	hone
M3_17_216_D	maer 	tgheloue 	sonder 	hone
M3_17_216_F	maer 	tgheloeue 	sonder 	hone
M3_17_216_G	maer 	tgeloeue 	sonder 	hone
M3_17_216_O	maer 	tgheloue 	zonder 	hoene
M3_17_216_W	maer 	tgeloeue 	sonder 	hoenne

M3_17_217_A	dat 	en 	twifelde 		nie
M3_17_217_B	des 	en 	twifele 		nie
M3_17_217_C	dat 	en 	twiuelde 		nie
M3_17_217_D	des 	en 	twiuelt 		nye
M3_17_217_F	dies 	en 	twiuelt 		nye
M3_17_217_G	dat 	en 	twiuelde 		nie
M3_17_217_O	dies 	en 	twiuel 	ic 	nye
M3_17_217_W	dat 	en 	twiuelde 		nie

M3_17_218_A	wat 	eeren 		hadwijs 	of 	wat 	lone
M3_17_218_B	wat 	eren 	hadden 	wijs 	of 	wat 	lone
M3_17_218_C	wat 	eren 	had 	wijs 	of 	wat 	lone
M3_17_218_D	wat 	eeren 	hadden 	wijs 	oft 		lone
M3_17_218_F	wat 	eeren 	hadden 	wijs 	oft 	wat 	lone
M3_17_218_G	wat 	eren 	hadde 	wijs 	ofte 	wat 	loene
M3_17_218_O	wat 	eeren 	hadden 	wij 	of 	wat 	loene
M3_17_218_W	wat 	eeren 	hadde 	wijs 	oft 	wat 	loenne

M3_17_219_A	dat 	wi 	die 	niet 			doghen 	i 	bone
M3_17_219_B	of 	wi 	die 				doghen 	ene 	tone
M3_17_219_C	of 	wie 	die 	niet 			doghen 	ene 	bone
M3_17_219_D	dat 	wi 	die 	niet 		en 	doghen 	een 	bone
M3_17_219_F	dat 	wij 	dij 	niet 	weert 	en 	siin 	j 	bone
M3_17_219_G	dat 	wi 	die 	niet 		en 	dogen 	ene 	boene
M3_17_219_O	of 	wij 	die 	niet 		en 	doghen 	j 	boene
M3_17_219_W	dat 	wi 	die 	niet 		en 	dogen 	ene 	boenne

M3_17_220_A	ghelouen 	dat 	elc 	zie
M3_17_220_B	ghelouen 	dat 	elc 	zie
M3_17_220_C	gheloeft 	dat 	elc 	zie
M3_17_220_D	tgheloue 	dat 	elck 	sye
M3_17_220_F	gheloeue 	dat 	elc 	zie
M3_17_220_G	gheloefden 	dat 	elc 	sie
M3_17_220_O	ghelouen 	dat 	elc 	zie
M3_17_220_W	geloefde 	dat 	elc 	sie 

M3_17_221_A	nu 	antwort 	mi 		ghie
M3_17_221_B	nu 	antwoirt 	mi 	ende 	ghie
M3_17_221_C	nu 	andworde 	mi 	ende 	ghie
M3_17_221_D	nv 	antwoert 	mi 	ende 	ghye
M3_17_221_F	met 	herten 		ende 	gye
M3_17_221_G	nu 	antwerdt 	mi 	ende 	gie
M3_17_221_O	nu 	andwoordt 	my 	en 	ghie
M3_17_221_W	nu 	antwerdt 	mi 	ende 	gie

M3_18_222_A	iacop 	ic 	lye 	ten 	beghinne
M3_18_222_B	iacop 	ic 	lye 	ten 	beghinne
M3_18_222_C	iacob 	ic 	andworde 	ten 	beghinne
M3_18_222_D	iacop 	ick 	lye 	ten 	beghinne
M3_18_222_F	iacob 	ic 	lye 	ten 	beghinne
M3_18_222_G	iacob 	ic 	lie 	ten 	beginne
M3_18_222_O	iacob 	ic 	lye 	ten 	beghinne
M3_18_222_W	iacob 	ic 	lie 	ten 	beghinne

M3_18_223_A	dat 	ic 	subtijlre 	wort 	van 	sinne
M3_18_223_B	dat 	ic 	subtijlre 	wort 	van 	zinne
M3_18_223_C	dat 	ic 	subtijlre 	woerde 	van 	zinne
M3_18_223_D	dat 	ick 	subtijlre 	woert 	van 	sinne
M3_18_223_F	dat 	ic 	subtijlre 	woirt 	van 	sinne
M3_18_223_G	dat 	ic 	subtijlder 	dinc 	van 	sinne
M3_18_223_O	dat 	ic 	suptijlre 	woort 	van 	zinne
M3_18_223_W	dat 	ic 	subtijlre 	dinc 	van 	sinne

M3_18_224_A	niet 	en 	hebbe 	ghehort
M3_18_224_B	niet 	en 	heb 	ghehoirt
M3_18_224_C	nie 	en 	hebbe 	ghehoert
M3_18_224_D	niet 	en 	heb 	ghehoort
M3_18_224_F	niet 	en 	hebbe 	ghehoirt
M3_18_224_G	niet 	en 	hebbe 	gehort
M3_18_224_O	niet 	en 	hebbe 	ghehoort
M3_18_224_W	niet 	en 	hebbe 	gehort

M3_18_225_A	dan 	du 	mi 	hier 	maex 		in 	jnne
M3_18_225_B	dan 	du 	my 	hier 	maects 		an 	jnne
M3_18_225_C	dan 	di 	mi 	hier 	maecs 		an 	inne
M3_18_225_D	dan 	du 	mi 	hier 		gheues 		inne
M3_18_225_F	dan 	du 	mi 		maecs 	hier 		inne
M3_18_225_G	dan 	du 	mi 		maecs 	hier 	in 	inne
M3_18_225_O	dan 	du 	my 	hier 	maecs 		in 	jnne
M3_18_225_W	dan 	du 	mi 		maecs 	hier 	in 	inne

M3_18_226_A	doch 	prouuic 		wel 	en 	kinne
M3_18_226_B	doch 	proue 	ic 	wel 	ende 	kinne
M3_18_226_C	doch 	proeue 	ic 	wel 	ende 	kinne
M3_18_226_D	doch 	proue 	ick 	wel 	ende 	kinne
M3_18_226_F	doch 	proeuic 		wel 	ende 	kinne
M3_18_226_G	oec 	proeuic 		wel 	ende 	bekinne
M3_18_226_O	doch 	prouue 	ic 	wel 	ende 	kinne
M3_18_226_W	oec 	proeuic 		wel 	ende 	bekinne

M3_18_227_A	te 	grondene 	dese 	wort
M3_18_227_B	te 	grondene 	dese 	woort
M3_18_227_C	te 	gronde 	dese 	woert
M3_18_227_D	te 	gronderen 	dese 	woort
M3_18_227_F	te 	grondene 	dese 	wort
M3_18_227_G	te 	grondene 	dese 	woert
M3_18_227_O	te 	gronderen 	dese 	woort
M3_18_227_W	te 	grondene 	dese 	woert

M3_18_228_A	daers 		onse 	redene 	toe 	wel 	dinne
M3_18_228_B	dair 	es 	onse 	redene 	toe 	wel 	dinne
M3_18_228_C	dat 		onze 	redene 	is 	wel 	dinne
M3_18_228_D	daer 	is 	onse 	gheloue 	toe 	wel 	dinne
M3_18_228_F	daer 	es 	ons 	redene 	toe 	wel 	dinne
M3_18_228_G	daer 	es 	onse 	redene 	toe 	wel 	dinne
M3_18_228_O	daer 	es 	onse 	redene 	toe 	wel 	dinne
M3_18_228_W	daer 	es 	onse 	redene 	toe 	wel 	dinne

M3_18_229_A	ons 	en 	trecke 	tgheloue 	ende 	minne
M3_18_229_B	ons 	en 	trucke 	gheloue 	ende 	minne
M3_18_229_C	ons 	en 	trecke 	gheloue 	ende 	minne
M3_18_229_D	ons 	en 	trecke 	tgheloue 	ende 	minne
M3_18_229_F	ons 	en 	trect 	tgheloeue 	ende 	minne
M3_18_229_G	ons 	en 	trecke 	geloeue 	ende 	minne
M3_18_229_O	ons 	en 	trecke 	tgheloue 	ende 	minne
M3_18_229_W	ons 	en 	trecke 	geloeue 	ende 	minne

M3_18_230_A	vpwaert 		ter 	hemelscher 	poort
M3_18_230_B	vpwairt 		ter 	hemelscher 	poirt
M3_18_230_C	opwaert 		ter 	hemelscher 	poert
M3_18_230_D	opwaerts 		ter 	hemelscher 	poort
M3_18_230_F	opwaert 		ter 	hemelscher 	poort
M3_18_230_G	op 	wert 	ter 	hemelscher 	poert
M3_18_230_O	vpwaert 		ter 	hemelscher 	poort
M3_18_230_W	op 	wert 	ter 	hemelscher 	poert

M3_18_231_A	daer 	god 	es 	loen 	bouen 	al 	ghewinne
M3_18_231_B	dair 	god 	es 	loon 	bouen 		ghewinne
M3_18_231_C	daer 	god 	is 	loen 	bouen 	alle 	ghewinne
M3_18_231_D	daer 	god 	is 		bouen 	alle 	ghewinne
M3_18_231_F	daer 	god 	es 	loon 	bouen 		gewinne
M3_18_231_G	daer 	god 	es 	loen 	bouen 		gewinne
M3_18_231_O	daer 	god 	es 	loon 	bouen 		ghewinne
M3_18_231_W	daer 	god 	es 	loen 	bouen 		gewinne

M3_18_232_A	ende 	daer 	tgheloue 	es 	coninghinne
M3_18_232_B	ende 	dair 	tgeloue 	es 	coninginne
M3_18_232_C	ende 	daer 	tgheloue 	is 	coninghinne
M3_18_232_D	ende 	daer 	tgheloue 	is 	coninghinne
M3_18_232_F	ende 	daer 	tgheloeue 	es 	coninghinne
M3_18_232_G	ende 	daer 	tgeloeue 	es 	coninginne
M3_18_232_O	ende 	daer 	tgheloue 	es 	coninghinne
M3_18_232_W	ende 	daer 	tgeloeue 	es 	coninginne

M3_18_233_A	nu 	antwort 	mi 	bet 	vort
M3_18_233_B	nu 	antwoirt 	mi 	bet 	voirt
M3_18_233_C	nu 	andworde 	mi 	bet 	voert
M3_18_233_D	nv 	antwoert 	my 	bat 	voort
M3_18_233_F	nu 	antwoort 	mi 	bat 	voort
M3_18_233_G	nu 	antwert 	mi 	bat 	voert
M3_18_233_O	nu 	andwoort 	my 	bet 	voort
M3_18_233_W	nu 	antwerdt 	mi 	bat 	voert

M3_18_234_A	of 		ics 	niet 	en 	hebbe 	verbort
M3_18_234_B	of 		ict 	niet 		heb 	verboort
M3_18_234_C	of 		ics 	niene 		heb 	verboert
M3_18_234_D	oft 		ics 	niet 	en 	hebbe 	verboort
M3_18_234_F	oft 		ics 	niet 	en 	hebbe 	verboort
M3_18_234_G	op 	dat 	ics 	niet 	en 	hebbe 	verboert
M3_18_234_O	oft 		ics 	niet 	en 	hebbe 	ghehoort
M3_18_234_W	op 	dat 	ics 	niet 	en 	hebbe 	verboert

M3_23_287_A	die 	gods 	sone 	sach 	den 	man 	verladen
M3_23_287_B	die 	gods 	zone 	sach 	den 	man 	verraden
M3_23_287_C	die 	godszoene 		zach 	den 	man 	verraden
M3_23_287_D	die 	gods 	sone 	sach 	den 	man 	verraden
M3_23_287_F	die 	gods 	zone 	sach 	den 	man 	verraden
M3_23_287_G	die 	gods 	sone 	sach 	den 	man 	verraden
M3_23_287_O	die 	godsone 		sach 	den 	man 	verraden
M3_23_287_W	de 	gods 	sone 	sach 	den 	man 	verraden

M3_23_288_A	enten 		viant 		van 	ouerdaden
M3_23_288_B	ende 	den 	viant 		van 	ouerdaden
M3_23_288_C	ende 	den 	viant 		van 	ouerdaden
M3_23_288_D	ende 	den 	viant 		van 	ouerdaden
M3_23_288_F	enten 		viant 	vol 	van 	ouerdaden
M3_23_288_G	ende 	den 	viant 	vol 		ouerdaden
M3_23_288_O	ende 	den 	viant 		in 	houerdaden
M3_23_288_W	ende 	den 	viant 	vol 		ouerdaden

M3_23_289_A		in 	roeme 	seere 	groot	
M3_23_289_B		in 	rome 	zere 	groot	
M3_23_289_C		in 	roeme 	e 	zeer 	groet
M3_23_289_D		in 	roeme 	seer 	groot	
M3_23_289_F		in 	roeme 	zeere 	groot	
M3_23_289_G		jn 	roeme 	so 		groet
M3_23_289_O	ende 	in 	roeme 	zeere 	groot	
M3_23_289_W		jn 	roeme 	soe 	grot 	

M3_23_290_A	ende 	wildem 		staen 	in 	staden
M3_23_290_B	ende 	wilde 	hem 	staen 	in 	staden
M3_23_290_C	ende 	wil 	hem 	staen 	in 	staden
M3_23_290_D	ende 	wilde 	hem 	staen 	in 	staden
M3_23_290_F	ende 	wilde 	hem 	staen 	in 	staden
M3_23_290_G	ende 	wilde 	hem 	staen 	in 	staden
M3_23_290_O	ende 	wilden 		staen 	in 	staden
M3_23_290_W	ende 	wilde 	hem 	staen 	in 	staden

M3_23_291_A	so 	dat 	hi 	bi 	sire 	ghenaden
M3_23_291_B	so 	dat 	hi 	bi 	zire 	ghenaden
M3_23_291_C	zo 	dat 	hi 	bi 	zier 	ghenaden
M3_23_291_D	soe 	dat 	hy 	bi 	sijnre 	ghenaden
M3_23_291_F	soe 	datti 		bij 	siinre 	ghenaden
M3_23_291_G	so 	dat 	hi 	bi 	siere 	genaden
M3_23_291_O	so 	dat 	hi 	by 	ziere 	ghenaden
M3_23_291_W	so 	dat 	hi 	bi 	siere 	genaden 

M3_23_292_A	marien 	dat 	ontboot
M3_23_292_B	marien 	dat 	ontboot
M3_23_292_C	marien 	dat 	ontboet
M3_23_292_D	marien 	dat 	ontboot
M3_23_292_F	marien 	dat 	ontboot
M3_23_292_G	marien 	dat 	ontboet
M3_23_292_O	marien 	dat 	ontboot
M3_23_292_W	marien 	dat 	ontboet

M3_23_293_A	die 		met 	hem 	saen 	wart 	gheladen
M3_23_293_B	die 		mit 	hem 	zaen 	wert 	geladen
M3_23_293_C	dat 	zi 	met 	hem 		worde 	gheladen
M3_23_293_D	die 	saen 	met 	hem 		wert 	gheladen
M3_23_293_F	die 	saen 	met 	hem 		wert 	gheladen
M3_23_293_G	die 	saen 	met 	hem 		wert 	geladen
M3_23_293_O	die 		met 	hem 	zaen 	wert 	gheladen
M3_23_293_W	die 	saen 	met 	hem 		wert 	gheladen

M3_23_294_A	sonder 	last 	of 	point 	va 	scaden
M3_23_294_B	sonder 	last 	of 	point 	van 	scaden
M3_23_294_C	zonder 	last 	ende 	point 	van 	scaden
M3_23_294_D	sonder 	last 	oft 	punt 	van 	scaden
M3_23_294_F	sonder 	last 	off 	piin 	van 	scaden
M3_23_294_G	sonder 	last 	of 	poent 	van 	scaden
M3_23_294_O	sonder 	last 	ofte 	pointe 	van 	scaden
M3_23_294_W	sonder 	last 	oft 	poent 	van 	scaden

M3_23_295_A	ende 	sonder 	eeneghen 	noot
M3_23_295_B	ende 	zonder 	enighe 	noot
M3_23_295_C	ende 	zonder 	enighe 	noet
M3_23_295_D	ende 	sonder 	enighen 	noot
M3_23_295_F	ende 	sonder 	eenighen 	noot
M3_23_295_G	ende 	sonder 	enege 	noet
M3_23_295_O	ofte 	zonder 	enighe 	noot
M3_23_295_W	ende 	sonder 	enege 	noet 

M3_23_296_A	moeste 	soene 		soghen 	ende 	baden
M3_23_296_B	moeste 	soene 	zoghen 		ende 	baden
M3_23_296_C	moeste 	zine 	zoghen 		ende 	baden
M3_23_296_D	most 	sy 	hem 	soghen 	ende 	baden
M3_23_296_F	moest 	sine 		soghen 	ende 	baden
M3_23_296_G	moeste 	sine 		soegen 	ende 	baden
M3_23_296_O	moest 	soene 	zoeghen 		ende 	baden
M3_23_296_W	moeste 	sine 		soegen 	ende 	baden

M3_23_297_A	die 	alle 	dinghen 	mach 	versaden
M3_23_297_B	die 	alle 	dinc 	mach 	verzaden
M3_23_297_C	die 	alle 	dinghe 	mach 	versaden
M3_23_297_D	die 	alle 	dinck 	mach 	versaden
M3_23_297_F	dit 	alle 	dinc 	mach 	versaden
M3_23_297_G	die 	alle 	dinc 	mach 	versaden
M3_23_297_O	die 	alle 	dijnc 	mach 	versaden
M3_23_297_W	die 	alle 	dinc 	mach 	versaden

M3_23_298_A	ende 	houden 	in 	haren 	scoot
M3_23_298_B	ende 	houden 	in 	hare 	scoot
M3_23_298_C	ende 	hauden 	in 	haren 	scoet
M3_23_298_D	ende 	houden 	in 	haren 	schoot
M3_23_298_F	ende 	houden 	in 	haren 	scoot
M3_23_298_G	ende 	houden 	in 	haren 	scoet
M3_23_298_O	ende 	houden 	in 	haere 	scoet
M3_23_298_W	ende 	houden 	in 	haren 	scoet 

M3_23_299_A	dies 	hare 	nine 		verdroot
M3_23_299_B	dies 	hare 	niet 		verdroot
M3_23_299_C	dies 	haer 	niene 		verdroet
M3_23_299_D	dies 	haer 	niet 	en 	verdroot
M3_23_299_F	dies 	haer 	niet 	en 	verdroot
M3_23_299_G	dats 	haer 	niet 	en 	verdroet
M3_23_299_O	dies 	haer 	niet 	en 	verdroot
M3_23_299_W	dats 	hare 	niet 	en 	verdroet

M3_24_300_A	al 	gheheel 	ende 	alte 		male
M3_24_300_B	al 	gheheel 	ende 	alte 		male
M3_24_300_C	algheheel 		ende 	altemale		
M3_24_300_D	al 	gheheel 	ende 	alte 		male
M3_24_300_F	al 	gheheel 	ende 	al 	te 	male
M3_24_300_G	algheheel 		ende 	altemale		
M3_24_300_O	al 	gheheel 	ende 	alte 		male
M3_24_300_W	algeheel 		ende 	altemale		

M3_24_301_A	so 	ruste 		in 	die 	maghet 	smale
M3_24_301_B		rustede 			inder 	maghet 	smale
M3_24_301_C		ruste 	hi 	in 	de 	maghet 	smale
M3_24_301_D		ruste 	hy 	in 	die 	maghet 	smale
M3_24_301_F		rusti 		in 	die 	maghet 	smale
M3_24_301_G		ruste 		in 	der 	maechden 	sale
M3_24_301_O		ruste 	hi 	in 	der 	maghet 	zale
M3_24_301_W		ruste 		in 	der 	maget 	sale 

M3_24_302_A		gods 		moeder 	gods 	kint
M3_24_302_B	die 	gods 	zone 		gods 	kint
M3_24_302_C	die 	godsoene 			godskint	
M3_24_302_D	die 	gods 	sone 		gods 	kint
M3_24_302_F		gods 	zone 		gods 	kint
M3_24_302_G		gods 	sone 	ende 	gods 	kint
M3_24_302_O	die 	godsone 			gods 	kint
M3_24_302_W		gods 	sone 	ende 	gods 	kint

M3_24_303_A	ende 	also 	wel 	oec 			male
M3_24_303_B	ende 	al 	gheheel 	ooc 		also 	wale
M3_24_303_C	ende 		algheheel 	oec 		also 	wale
M3_24_303_D	ende 	al 	gheheel 			alsoe 	wale
M3_24_303_F	ende 	al 	gheheel 	ende 	oic 	alzo 	wale
M3_24_303_G			algheheel 	oec 		also 	wale
M3_24_303_O	ende 	al 	gheheel 	oec 		also 	wale
M3_24_303_W			algeheel 	oec 		also 	wale 

M3_24_304_A	was 	hi 		indes 	vaders 	sale
M3_24_304_B	was 	hi 	in 	des 	vaders 	zale
M3_24_304_C	was 	hi 	in 	des 	vader 	zale
M3_24_304_D	was 	hi 	in 	sijns 	vaders 	sale
M3_24_304_F		rusti 	in 	des 	vaders 	zale
M3_24_304_G	was 	hi 	in 	des 	vaders 	sale
M3_24_304_O	was 		in 	des 	vaders 	zale
M3_24_304_W	was 	hi 	in 	des 	vaders 	sale

M3_24_305_A	met 	hem 	en 	twifelets 				twint
M3_24_305_B	mit 	hem 	ne 	twifelts 				twint
M3_24_305_C	met 	hem 	en 		twiuels 	niet 	een 	twint
M3_24_305_D	met 	hem 	en 		twiuels 			twint
M3_24_305_F	met 	hem 	en 		twiuels 			twint
M3_24_305_G	met 	hem 	een 	in 	twiuels 			twint
M3_24_305_O	dies 		en 	twifel 		ic 		twiint
M3_24_305_W	met 	hem 	een 	intwifels 				twint 

M3_24_306_A	die 	menscheit 	dans 	gheene 			hale
M3_24_306_B	die 	menscheit 	dies 	nes 		ghene 	hale
M3_24_306_C	die 	menscheit 	des 	en 	is 	ghene 	hale
M3_24_306_D	die 	menscheyt 		en 	is 	gheen 	hale
M3_24_306_F	die 	menscheit 	dats 	geen 			hale
M3_24_306_G	die 	menscheit 	dans 	geene 			hale
M3_24_306_O	die 	menscheit 	dan 	es 		gheen 	hale
M3_24_306_W	die 	menscheit 	dans 	gheene 			hale

M3_24_307_A	ne 	sloot 	niet 	in 	dien 	dale
M3_24_307_B	en 	besloet 	niet 	in 	desen 	dale
M3_24_307_C	en 	besloet 	niet 	in 	desen 	dale
M3_24_307_D	en 	besluyt 	niet 	in 	desen 	dale
M3_24_307_F	die 	besloot 		in 	desen 	dale
M3_24_307_G	en 	besloet 	niet 	in 	desen 	dale
M3_24_307_O	en 	besloot 	niet 	in 	deesen 	dale
M3_24_307_W	ende 	besloet 	niet 	in 	desen 	dale 

M3_24_308_A	die 	godheit 	diet 	al 	bint
M3_24_308_B	die 	godheit 	diet 	al 	bint
M3_24_308_C	die 	godheit 	diet 	al 	bint
M3_24_308_D	die 	godheyt 	diet 	al 	bint
M3_24_308_F	die 	godheyt 	diet 	al 	vinc
M3_24_308_G	die 	godheit 	diet 	al 	bint
M3_24_308_O	die 	godheit 	diet 	al 	kint
M3_24_308_W	die 	godheit 	diet 	al 	bint

M3_24_309_A	die 	godheit 		heuet 	gheene 	pale
M3_24_309_B	die 	godheit 		heeft 	ghene 	pale
M3_24_309_C	die 	godlicheit 	en 	heeft 	ghene 	pale
M3_24_309_D	die 	godheyt 	en 	heeft 	gheen 	pale
M3_24_309_F	die 	godheit 	en 	heeft 	geen 	pale
M3_24_309_G	die 	godheit 	en 	heeft 	negene 	pale
M3_24_309_O	die 	godheit 	en 	heeft 	ghene 	pale
M3_24_309_W	die 	godheit 	en 	heeft 	gheene 	pale

M3_24_310_A	die 	menscheit 	dat 	meent 	mine 	tale
M3_24_310_B	die 	menscheit 		meent 	mine 	tale
M3_24_310_C	die 	menscheit 	dat 	meent 	mine 	tale
M3_24_310_D	die 	menscheyt 	dats 		mijne 	tale
M3_24_310_F	die 	menscheit 		meent 	mijn 	tale
M3_24_310_G	maer 	menscheit 	ontfinc 	hier 		tale
M3_24_310_O	die 	menscheit 	ontfinc 	naer 	mine 	tale
M3_24_310_W	maer 	menscheit 	ontfinc 	hier 		tale

M3_24_311_A	ontfinc 	god 	diet 	al 	mint
M3_24_311_B	ontfinc 	god 	diet 	al 	mint
M3_24_311_C	ontfienc 	god 	diet 	al 	mint
M3_24_311_D	ontfinck 	god 	diet 	al 	bint
M3_24_311_F	ontfinc 	god 	diet 	al 	mint
M3_24_311_G		god 	diet 	al 	mint
M3_24_311_O	de 	godheit 	diet 	al 	mint
M3_24_311_W		god 	diet 	al 	mint 

M3_24_312_A	in 	hem 	dus 	eist 	bekint	
M3_24_312_B	in 	hem 	dus 	est 	bekent	
M3_24_312_C	in 	hem 	dus 	eest 	bekent	
M3_24_312_D	in 	hem 	seluen 	en 	twiuels 	twint
M3_24_312_F	in 	hem 	dus 	eest 	bekent	
M3_24_312_G	jn 	hem 	dus 	eest 	bekint	
M3_24_312_O	in 	hem 	dus 	eist 	bekint	
M3_24_312_W	jn 	hem 	dus 	eest 	bekint	

M3_25_313_A	even 	gheweldich 	ende 	heere
M3_25_313_B	euen 	gheweldich 	ende 	here
M3_25_313_C		euengheweldich 	ende 	here
M3_25_313_D	euen 	gheweldich 	ende 	heere
M3_25_313_F	even 	gheweldich 	euen 	here
M3_25_313_G	euen 	geweldech 	ende 	here
M3_25_313_O	even 	gheweldich 	ende 	heere
M3_25_313_W	euen 	geweldech 	ende 	here

M3_25_314_A	es 	hi 	ende 	was 		emmermeere
M3_25_314_B	es 	hi 	ende 	wert 		emmermere
M3_25_314_C	is 	hi 	ende 	was 		emmermere
M3_25_314_D	is 	hi 	ende 	was 		ymmermeere
M3_25_314_F	was 	hij 	ende 	es 		emmermeere
M3_25_314_G	was 	hi 	ende 		blijft 	emmermere
M3_25_314_O	was 	hij 	ende 	zal 	zijn 	emmermeere
M3_25_314_W	was 	hi 	ende 		blijft 	emmermeere 

M3_25_315_A	den 	vader 	in 	die 	godheit
M3_25_315_B	den 	vader 	in 	die 	godheit
M3_25_315_C	den 	vader 	in 	der 	godheit
M3_25_315_D	den 	vader 		inder 	godheyt
M3_25_315_F	die 	vader 	in 	die 	godheit
M3_25_315_G	die 	vader 	in 	der 	godheit
M3_25_315_O	die 	vader 	in 	der 	godheit
M3_25_315_W	de 	vader 		inder 	godheit

M3_25_316_A	maer 	eist 	dat 	men 	ter 	menscheit 	keere
M3_25_316_B	mer 	est 	datment 		ter 	menscheit 	kere
M3_25_316_C	mer 	eest 	dat 			menscheit 	kere
M3_25_316_D	maer 	ist 	datmen 		ter 	menscheit 	kere
M3_25_316_F		meest 	datmen 		ter 	menscheit 	kere
M3_25_316_G	maer 	eest 	dat 	men 	ter 	menscheit 	kere
M3_25_316_O	maer 	eist 	dat 	men 	ter 	menschen 	keere
M3_25_316_W	maer 	eest 	dat 	men 	ter 	menscheit 	keere

M3_25_317_A	so 	was 	hi 		vele 	minder 	zeere
M3_25_317_B	so 	was 	hi 		vele 	minder 	zere
M3_25_317_C	so 	was 	hi 		vele 	minre 	sere
M3_25_317_D	soe 	is 	hi 		vele 	minder 	seere
M3_25_317_F	soe 	was 	hij 	minder 	vele 		meere
M3_25_317_G	soe 	was 	hi 	minder 	vele 		sere
M3_25_317_O	zo 	was 	hij 		vele 	minder 	zeere
M3_25_317_W	so 	was 	hi 	minder 	vele 		seere

M3_25_318_A	naer 	die 	menschelicheit
M3_25_318_B	na 	die 	menschelijcheit
M3_25_318_C	na 	die 	menschlicheit
M3_25_318_D	na 	die 	menschelicheyt
M3_25_318_F	na 	die 	menschelicheyt
M3_25_318_G	na 	die 	menschelecheit
M3_25_318_O	naer 	dier 	menscelicheit
M3_25_318_W	na 	de 	menschelecheit 

M3_25_319_A	naer 	die 	godheit 	spreect 	onse 	leere
M3_25_319_B	na 	die 	godheit 	spreect 	onse 	lere
M3_25_319_C	na 	die 	godheit 	spreect 	onze 	lere
M3_25_319_D	nader 		godheyt 	spreect 	mijn 	leere
M3_25_319_F	na 	die 	godheit 	spreect 	mijn 	lere
M3_25_319_G	na 	die 	godheit 	sprect 	mijn 	lere
M3_25_319_O	naer 	die 	godheit 	spreect 	mine 	leere
M3_25_319_W	na 	die 	godheit 	sprect 	mijn 	leere

M3_25_320_A	so 	was 	ontsteruelijc 	sijn 	eere
M3_25_320_B		was 	ontsterflijc 	onse 	here
M3_25_320_C	zo 	was 	onsteruelijc 	zijn 	ere
M3_25_320_D	soe 	was 	onsterfelick 	sijn 	eere
M3_25_320_F	so 	was 	onsterfelic 	ziin 	eere
M3_25_320_G	so 	was 	onsterflec 	sijn 	ere
M3_25_320_O	so 	was 	onsteruelic 	zijn 	eere
M3_25_320_W	so 	was 	onsterflec 	sijn 	ere 

M3_25_321_A	dit 	es 	een 	besceit
M3_25_321_B	dit 	es 	een 	besceyt
M3_25_321_C	dits 		een 	besceit
M3_25_321_D	dits 		een 	bescheyt
M3_25_321_F	dits 		een 	bescheyt
M3_25_321_G	dit 	was 	een 	bescheit
M3_25_321_O	dit 	es 	een 	bescheet
M3_25_321_W	dit 	was 	een 	bescheit

M3_25_322_A	die 	menscheit 	doghede 	alsic 		sprac 	eere
M3_25_322_B	die 	mensche 	doghede 	als 	ic 	sprac 	ere
M3_25_322_C	die 	menscheit 	doghede 	als 	ic 	sprac 	ere
M3_25_322_D	die 	menscheyt 		als 	ick 	sprack 	eere
M3_25_322_F	die 	menscheit 	dogede 	als 	ic 	sprac 	ere
M3_25_322_G	die 	menscheit 	doechde 	vele 	mere		
M3_25_322_O	die 	menscheit 	doechde 	vele 	meere		
M3_25_322_W	de 	menscheit 	doechde 	vele 	meere		

M3_25_323_A	gheesele 	naghele 		ende 		speere
M3_25_323_B	gheselen 	naghelen 		ende 	dat 	spere
M3_25_323_C	der 	nagle 	wonden 	ende 	dat 	spere
M3_25_323_D	ghesele 	naghele 		ende 		speere
M3_25_323_F	gheesele 	naghele 		ende 	dat 	spere
M3_25_323_G	gheesele 	nagele 		ende 	dat 	spere
M3_25_323_O	ghesele 	naghele 		ende 	dat 	speere
M3_25_323_W	gheessele 	nagele 		ende 		tspere 

M3_25_324_A		die 	doot 	ende 	ander 	leit
M3_25_324_B		die 	doot 	ende 	ander 	leit
M3_25_324_C	ende 	die 	doet 	ende 	ander 	leit
M3_25_324_D		die 	doot 	ende 	ander 	leyt
M3_25_324_F		die 	doot 	ende 	ander 	leyt
M3_25_324_G		die 	doot 	ende 	ander 	leit
M3_25_324_O		die 	doot 	ende 	ander 	leit
M3_25_324_W		de 	doot 	ende 	ander 	leit

M3_25_325_A		enter 		joden 	pleit
M3_25_325_B		ende 	der 	ioden 	pleit
M3_25_325_C		ende 	der 	joeden 	pleit
M3_25_325_D		ende 	der 	ioden 	pleyt
M3_25_325_F		onder 	der 	ioden 	pleyt
M3_25_325_G	tcruce 	ende 	der 	ioden 	pleit
M3_25_325_O	cruce 	ende 	der 	jueden 	pleit
M3_25_325_W	tcruce 	ende 	der 	ioden 	pleit
M3_25_325_Y		onder 	der 	ioden 	pleyt

M3_26_326_A	die 	menscheit 	liet 	hare 	besniden
M3_26_326_B	die 	menscheit 	liet 	hair 	besniden
M3_26_326_C	die 	menscheit 	liet 	haer 	besniden
M3_26_326_D	die 	menscheyt 	liet 	haer 	besniden
M3_26_326_F	die 	menscheit 	liet 	haer 	besniden
M3_26_326_G	die 	menscheit 	liet 	hare 	besniden
M3_26_326_O	die 	menscheit 	liet 	haer 	besniden
M3_26_326_W	de 	menscheit 	liet 	hare 	besinden
M3_26_326_Y	diie 	mensheit 	liet 	haer 	besniden

M3_26_327_A	dopen 		proeuen 	in 	dien 	tiden
M3_26_327_B	dopen 	prouuen 		in 	dien 	tyden
M3_26_327_C	dopen 		proeuen 	in 	desen 	tiden
M3_26_327_D	dopen 	prouen 		in 	dien 	tiden
M3_26_327_F	dopen 		proeuen 	in 	dien 	tijden
M3_26_327_G	doepen 		proeuen 	in 	dien 	tiden
M3_26_327_O	dopen 	prouuen 	te 		dien 	tijden
M3_26_327_W	doepen 		proeuen 	in 	dien 	tiden
M3_26_327_Y	doepen 	ende 	proeuen 	in 	dien 	tiden

M3_26_328_A	vanden 		ouden 	viant
M3_26_328_B	vanden 	helschen 		viant
M3_26_328_C	van 	den 	ouden 	viant
M3_26_328_D	vanden 	helschen 		viant
M3_26_328_F	vanden 		ouden 	viant
M3_26_328_G	van 	den 	ouden 	viant
M3_26_328_O	van 	den 	ouden 	viant
M3_26_328_W	van 	den 	ouden 	viant
M3_26_328_Y	vanden 		ouden 	viant

M3_26_329_A	so 	liet 		hare 	baen 	ende 	beniden
M3_26_329_B	so 	liet 	hi 	hare 	vaen 	ende 	beniden
M3_26_329_C	zi 	liet 		haer 	vaen 	ende 	beniden
M3_26_329_D	sy 	liet 	hi 	haer 	vaen 	ende 	besniden
M3_26_329_F	sij 	liet 		haer 	vaen 	ende 	beniden
M3_26_329_G	si 	liet 		hare 	vaen 	ende 	beniden
M3_26_329_O	zij 	liet 		haer 	vaen 	ende 	benijden
M3_26_329_W	si 	liet 		hare 	vaen 	ende 	beniden
M3_26_329_Y	si 	liet 		haer 	vaen 	ende 	beniden

M3_26_330_A	dor 	boren 	handen 				voeten 		siden
M3_26_330_B	doirboren 		handen 		ende 	v 	voeten 	en 	ziden
M3_26_330_C	doerboren 		hande 	voete 	ende 				ziden
M3_26_330_D	doerboren 		handen 				voeten 	ende 	syden
M3_26_330_F	doirboren 		hande 	voete 	zijde				
M3_26_330_G	dor 	boren 	hande 	voete 	ende 				siden
M3_26_330_O	dorboren 		handen 		zijden		voeten 		
M3_26_330_W	doer 	boren 	hande 	voete 	ende 				siden
M3_26_330_Y	doorboren 			voete 	hande 			ende 	zide

M3_26_331_A	soe 	staerf 	dus 	eist 	becant
M3_26_331_B	so 	starf 	dus 	est 	becant
M3_26_331_C	zi 	starf 	dus 	eest 	becant
M3_26_331_D	ende 	sterf 	dus 	ist 	bekant
M3_26_331_F	sij 	sterf 	dus 	eest 	bekant
M3_26_331_G	si 	starf 	dus 	eest 	becant
M3_26_331_O	zij 	staerf 	dus 	eist 	becant
M3_26_331_W	si 	staerf 	dus 	eest 	bekant
M3_26_331_Y	hi 	starf 	dus 	eest 	becant

M3_26_332_A	die 	ziele 	wilde 	ter 	hellen 	tiden
M3_26_332_B	die 	ziele 	wilde 	ter 	hellen 	tiden
M3_26_332_C	die 	ziele 	wilde 	ter 	hellen 	tiden
M3_26_332_D	die 	siele 	wilde 	ter 	hellen 	tiden
M3_26_332_F	die 	ziele 	wilde 	ter 	hellen 	tijden
M3_26_332_G	die 	siele 	wilde 	ter 	hellen 	tiden
M3_26_332_O	de 	ziele 	wilde 	ter 	hellen 	tijden
M3_26_332_W	de 	siele 	wilde 	ter 	hellen 	tiden
M3_26_332_Y	die 	ziele 	wilde 	ter 	hellen 	tiden

M3_26_333_A	daer 	soe 	die 	ghene 	wilde 	verbliden
M3_26_333_B	dair 	ze 	de 	gone 	wilde 	verbliden
M3_26_333_C	daer 	zi 	die 	ghene 	wilde 	verbliden
M3_26_333_D	daer 	sy 	die 	ghene 	wilde 	verbliden
M3_26_333_F	daer 	zij 	die 	ghene 	wilde 	verbliden
M3_26_333_G	daer 	si 	die 	gene 	wilde 	verbliden
M3_26_333_O	daer 	soe 	de 	ghene 	wilde 	verbliden
M3_26_333_W	daer 	si 	die 	gene 	wilde 	verbliden
M3_26_333_Y	daer 	si 	die 	ghene 	wilde 	verbliden

M3_26_334_A		die 	de 	duuel 	bant
M3_26_334_B		die 	de 	duuel 	bant
M3_26_334_C	die 	die 		duuel 	bant
M3_26_334_D		die 	de 	duuel 	bant
M3_26_334_F		die 	de 	duuel 	bant
M3_26_334_G		die 	de 	duuel 	bant
M3_26_334_O		die 	den 	viant 	bant
M3_26_334_W		die 	de 	duuel 	bant
M3_26_334_Y		die 	de 	duuel 	bant

M3_26_335_A	ay 	hoe 	si 	gode 	benedyen
M3_26_335_B	ay 	hoe 	si 	gode 	benediden
M3_26_335_C	ay 	hoe 	zi 	gode 	benediden
M3_26_335_D	ay 	hoe 	sy 	gode 	benediden
M3_26_335_F	ay 	hoe 	zij 	gode 	benedyen
M3_26_335_G	ay 	hoe 	si 	gode 	benediden
M3_26_335_O	ay 	hoe 	zij 	gode 	benediden
M3_26_335_W	ay 	hoe 	si 	gode 	benediden
M3_26_335_Y	ay 	hoe 	si 	gode 	benedien

M3_26_336_A	die 	heleghe 	alse 	sine 	saghen 	striden
M3_26_336_B	die 	heilighen 	diene 		zaghen 	striden
M3_26_336_C	die 	heilighen 	diene 		zaghen 	striden
M3_26_336_D	die 	heylighen 	dien 		saghen 	striden
M3_26_336_F	die 	heilighe 	diene 		sagen 	striden
M3_26_336_G	die 	heilegen 	diene 		sagen 	striden
M3_26_336_O	die 	helighe 	diene 		zaghen 	strijden
M3_26_336_W	de 	heilegen 	diene 		saghen 	striden
M3_26_336_Y	dingle 		dien 		sagen 	striden

M3_26_337_A	ieghen 	des 	duuels 	brant
M3_26_337_B	jeghens 	des 	duuels 	brant
M3_26_337_C	jeghen 	des 	duuels 	brant
M3_26_337_D	ieghen 	des 	duuels 	brant
M3_26_337_F	jeghen 	des 	duuels 	brant
M3_26_337_G	jegen 	des 	duuels 	brant
M3_26_337_O	jeghen 	des 	viants 	brant
M3_26_337_W	jegen 	des 	duuels 	brant 
M3_26_337_Y	yegen 	des 	duuels 	brant

M3_26_338_A	daer 	hise 	binnen 	vant
M3_26_338_B	dair 	hise 	jnne 	vant
M3_26_338_C	daer 	hise 	inne 	vant
M3_26_338_D	daer 	hise 	wte 	prant
M3_26_338_F	daer 	hijse 	vte 	prant
M3_26_338_G	daer 	hise 	vte 	geprant
M3_26_338_O	daer 	hise 	vte 	prant
M3_26_338_W	daer 	hise 	vte 	geprant
M3_26_338_Y	daer 	hise 	vut 	prant

M3_27_339_A	die 	godheit 	wecte 	van 	dode 	te 	liue
M3_27_339_B	die 	godheit 	wecte 	van 	dode 	te 	liue
M3_27_339_C		god 	weckede 	van 	dode 		teliue
M3_27_339_D	die 	godheyt 	wrecte 	van 	dode 	te 	liue
M3_27_339_F	die 	godheit 	wecte 	van 	dode 	te 	liue
M3_27_339_G	de 	godheit 	wecte 	van 	doode 	te 	liue
M3_27_339_O	de 	godheit 	verwecte 	van 	dode 	te 	liue
M3_27_339_W	de 	godheit 	wecte 	van 	doode 	te 	liue
M3_27_339_Y	die 	godheit 	wecte 	van 	dode 	te 	liue

M3_27_340_A	tvleesch 		dat 	hi 	van 	den 	reenen 	wiue
M3_27_340_B	tvleesch 		dat 	hi 	vanden 	reyne 		wiue
M3_27_340_C	dat 	uleesch 	dat 	hi 	van 	den 	reinen 	wiue
M3_27_340_D	tvleesch 		dat 	hi 	vanden 	reynen 		wiue
M3_27_340_F	tvleesch 		datti 		vanden 	reynen 		wiue
M3_27_340_G	tvleesch 		dat 	hi 	vanden 		reinen 	wiue
M3_27_340_L	tfleeschs 		datti 		van 	den 	reinen 	wiue
M3_27_340_O	tvleesch 		dat 	hij 	van 	reynen 		wiue
M3_27_340_W	tvleesch 		dat 	hi 	van 	den 	reinen 	wiue
M3_27_340_Y	tfleesch 		dat 	hi 	vanden 		reinen 	wiue

M3_27_341_A	vrouwe 	marien 	nam
M3_27_341_B	vrouwe 	marien 	nam
M3_27_341_C	ver 	marien 	nam
M3_27_341_D	vrouwe 	marien 	nam
M3_27_341_F	vrouwe 	marien 	nam
M3_27_341_G	vrouwen 	marien 	nam
M3_27_341_L	vrouwen 	marien 	nam
M3_27_341_O	vrouwe 	marien 	nam
M3_27_341_W	vrouwen 	marien 	nam
M3_27_341_Y	vrouwen 	marien 	nam

M3_27_342_A	hi 	troeste 	sine 	lieue 	keytiue
M3_27_342_B	hy 	troiste 	sine 	lieue 	keytiue
M3_27_342_C	hi 	troeste 	zine 	lieue 	keytiue
M3_27_342_D	hi 	troeste 	sinen 	lieue 	keytiue
M3_27_342_F	hij 	trooste 	sine 	lieue 	kerstine
M3_27_342_G	hi 	troeste 	sine 	lieue 	catiue
M3_27_342_L	hi 	troeste 	sine 	lieue 	keytiue
M3_27_342_O	hij 	troeste 	zijne 	lieue 	keytiue
M3_27_342_W	hi 	troeste 	sine 	lieue 	catiue
M3_27_342_Y	hi 	troeste 	sijn 	lieue 	keytiue

M3_27_343_A	hier 	ij 	hier 	iij 	hier 	iiij 	hier 	v
M3_27_343_B	hier 	ij 	hier 	iij 	hier 	iiij 	hier 	v
M3_27_343_C	hier 	twe 	hier 	drie 	hier 	vier 	hier 	viue
M3_27_343_D	hier 	ij 	hier 	iij 	hier 	iiij 	hier 	viue
M3_27_343_F	hier 	ij 		iij 		iiij  	hier 	viue
M3_27_343_G	hier 	ij 	hier 	iij 	hier 	iiij 	hier 	viue
M3_27_343_L	hier 	ij 	hier 	iij 	hier 	iiij 	hier 	viue
M3_27_343_O	hier 	twe 	daer 	drie 	hier 	viere 	daer 	viue
M3_27_343_W	hier 	ii 	hier 	iij 	hier 	iiij 	hier 	viue
M3_27_343_Y	hier 	ij 	hier 	iij 	hier 	iiij 	hier 	viue

M3_27_344_A	met 	hem 	hi 	eten 	quam
M3_27_344_B	mit 	hem 	hi 	eten 	quam
M3_27_344_C	met 	hem 	hi 	eten 	quam
M3_27_344_D	met 	hem 	hy 	eten 	quam
M3_27_344_F	met 	hem 	hij 	eten 	quam
M3_27_344_G	met 	hen 	hi 	eten 	quam
M3_27_344_L	met 	hem 	hi 	eten 	quaem
M3_27_344_O	met 	hem 	hi 	eten 	quam
M3_27_344_W	met 	hen 	hi 	eten 	quam
M3_27_344_Y	met 	hem 	hi 	eten 	quam

M3_27_345_A	dus 	es 	die 	gods 	sone 	alsic 		scriue
M3_27_345_B	dus 	es 	die 	gods 	zone 	als 	ic 	scriue
M3_27_345_C	dus 	is 	die 	godsoene 		alsic 		scriue
M3_27_345_D	dus 	is 	die 	gods 	sone 	als 	ick 	schriue
M3_27_345_F	dus 	es 	die 	gods 	zone 	als 	ic 	scriue
M3_27_345_G	dus 	es 	die 	gods 	sone 	also 	ic 	scriue
M3_27_345_L	dus 	es 	die 	gods 	sone 	alsic 		scriue
M3_27_345_O	dus 	es 	die 	godsone 		als 	ic 	scriue
M3_27_345_W	dus 	es 	die 	gods 	sone 	also 	ic 	scriue
M3_27_345_Y	dus 	es 	die 	gods 	sone 	alsic 		scriue

M3_27_346_A	god 	ende 	mensche 	elc 	man 	bliue
M3_27_346_B	god 	ende 	mensche 	elc 	man 	bliue
M3_27_346_C	god 	ende 	mensche 	elc 	man 	bliue
M3_27_346_D	god 	ende 	mensche 	elck 	man 	bliue
M3_27_346_F	god 	ende 	mensche 	elc 	man 	bliue
M3_27_346_G	god 	ende 	mensche 	elc 	man 	bliue
M3_27_346_L	god 	ende 	mensche 	elc 	man 	bliue
M3_27_346_O	god 	ende 	mensche 	elc 	man 	bliue
M3_27_346_W	god 	ende 	mensche 	elc 	man 	bliue
M3_27_346_Y	god 	ende 	mensche 	elc 	man 	bliue

M3_27_347_A	hier 	inne 	ghehorsam	
M3_27_347_B	hier 	in 	ghehoirsaem	
M3_27_347_C		in 	desen 	ghehoersam
M3_27_347_D	hier 	in 		ghehoersam
M3_27_347_F	hier 	in 	ghehoorsam	
M3_27_347_G	hier 	in 		gehorsam
M3_27_347_L	hier 	in 		gehoersam
M3_27_347_O	hier 	inne 	ghehoorsaem	
M3_27_347_W	hier 	in 	ghehorsam	
M3_27_347_Y	hier 	in 	ghehoorsam	

M3_27_348_A	es 	oec 	eenich 	sin 	so 	stiue
M3_27_348_B	es 	ooc 	enich 	sin 	so 	stiue
M3_27_348_C	is 		enich 	zin 	so 	stiue
M3_27_348_D	es 	oeck 	enich 	sin 	soe 	stiue
M3_27_348_F	es 	oic 	eenich 	sin 	soe 	stiue
M3_27_348_G	es 	oec 	enech 	man 	so 	stiue
M3_27_348_L	es 	oec 	enich 	man 	soe 	stiue
M3_27_348_O	es 	oeck 	enich 	zin 	zo 	stiue
M3_27_348_W	es 	oec 	enech 	man 	so 	stiue
M3_27_348_Y	waer 	oec 	enich 	sin 	soe 	stiue

M3_27_349_A	die 	ieghen 	dit 	gheloue 	kiue
M3_27_349_B	die 	jeghen 	dit 	gheloue 	kiue
M3_27_349_C	die 	jeghen 	dit 	gheloue 	kiue
M3_27_349_D	die 	ieghen 	dit 	gheloue 	kiue
M3_27_349_F	die 	iegen 	dit 	gheloeue 	kiue
M3_27_349_G	die 	iegen 	dit 	geloeue 	kiue
M3_27_349_L	die 	iegen 	dit 	geloeue 	kiue
M3_27_349_O	die 	ieghen 	dit 	gheloue 	kiue
M3_27_349_W	die 	iegen 	dit 	geloeue 	kiue
M3_27_349_Y	die 	yegen 	dit 	geloue 	kiue

M3_27_350_A		hem 	sal 	themelsche 	lam
M3_27_350_B		hem 	sal 	themelsche 	lam
M3_27_350_C		hem 	zal 	themelsche 	lam
M3_27_350_D	op 	hem 	sal 	themelsche 	lam
M3_27_350_F	op 	hem 	sal 	themelsche 	lam
M3_27_350_G		hem 	sal 	themelsche 	lam
M3_27_350_L	op 	hem 	sal 	themelsche 	lam
M3_27_350_O	vp 	hem 	zal 	themelsche 	lam
M3_27_350_W		hem 	sal 	themelsche 	lam
M3_27_350_Y	op 	hem 	sal 	themelsce 	lam

M3_27_351_A	ten 	joncsten 		wesen 	gram
M3_27_351_B	ten 	jonxsten 	daghe 	werden 	gram
M3_27_351_C	ten 	jonxten 		werden 	gram
M3_27_351_D	ten 	ionxten 	daghe 	wesen 	gram
M3_27_351_F	ten 	laetsten 	dage 	worden 	gram
M3_27_351_G	ten 	ionxsten 		werden 	gram
M3_27_351_L	ten 	ioncsten 		woorden 	gram
M3_27_351_O	ten 	ionxsten 		werden 	gram
M3_27_351_W	ten 	ionxsten 		werden 	gram
M3_27_351_Y	ten 	ionxsten 		werden 	gram

M3_28_352_A		inden 	hemel 	es 	hi 	gheuaren
M3_28_352_B		inden 	hemel 	es 	hi 	gheuaren
M3_28_352_C	in 	den 	hemel 	is 	hi 	gheuaren
M3_28_352_D		inden 	hemel 	is 	hi 	gheuaren
M3_28_352_F	in 	den 	hemel 	es 	hij 	gheuaren
M3_28_352_G		inden 	hemel 	es 	hi 	gevaren
M3_28_352_L		inden 	hemel 	es 	hi 	geuaeren
M3_28_352_O	in 	den 	hemel 	es 	hi 	gheuaren
M3_28_352_W	in 	den 	hemel 	es 	hi 	gevaren
M3_28_352_Y		inden 	hemel 	es 	hi 	geuaren

M3_28_353_A	daert 	die 	sine 	saghen 			twaren
M3_28_353_B	daert 	de 	zine 	ane 	zaghen 	te 	waren
M3_28_353_C	daert 	die 	zine 	aenzaghen 			twaren
M3_28_353_D	daer 	die 	sine 	aensaghen 			tvaren
M3_28_353_F	daert 	te 	sine 	aensaghen 			twaren
M3_28_353_G	daert 	de 	sine 	ansagen 		te 	waren
M3_28_353_L	daer 	die 	sine 	aen 	saegen 		twaren
M3_28_353_O	daert 	de 	zine 	saeghen 		te 	waren
M3_28_353_W	daert 	de 	sine 		sagen 	te 	waren
M3_28_353_Y	daert 	de 	sine 	aen 	sagen 		twaren

M3_28_354_A	tes 		vaders 	rechtre 	hant
M3_28_354_B	tes 		vaders 	rechter 	hant
M3_28_354_C	tes 		vaders 	rechterhant	
M3_28_354_D	tot 	des 	vaders 	rechterhant	
M3_28_354_F	tes 		vaders 	rechter 	hant
M3_28_354_G	te 	des 	vader 	rechter 	hant
M3_28_354_L	tes 		vaders 	rechte 	hant
M3_28_354_O	te 	des 	vaders 	rechter 	hant
M3_28_354_W	te 	des 	vader 	rechter 	hant
M3_28_354_Y		des 	vader 	rechte 	hant

M3_28_355_A	daer 	hi 	altoes 		sonder 	sparen
M3_28_355_B	dair 	hi 	altois 		sonder 	sparen
M3_28_355_C	daer 	hi 	altoes 	ende 	zonder 	sparen
M3_28_355_D	daer 	hi 	altoos 		sonder 	sparen
M3_28_355_F	die 	hij 	altoes 		sonder 	sparen
M3_28_355_G	daer 	hi 	altoes 		sonder 	sparen
M3_28_355_L	daer 	hi 	altoes 		sonder 	spaeren
M3_28_355_O	daer 	hij 	altoos 		sonder 	sparen
M3_28_355_W	daer 	hi 	altoes 		sonder 	sparen
M3_28_355_Y	daer 	hi 	altoes 		sonder 	sparen

M3_28_356_A	den 	vader 	bidt 	vor 	sine 	caren
M3_28_356_B	den 	vader 		vor 	sine 	caren
M3_28_356_C	den 	vader 	bidt 	voer 	zine 	caren
M3_28_356_D	den 	vader 	bidt 	voer 	sine 	caren
M3_28_356_F	den 	vader 	bidt 	voir 	sine 	caren
M3_28_356_G	den 	vader 	bidt 	vor 	sine 	caren
M3_28_356_L	den 	vader 	bidt 	voer 	sijn 	caren
M3_28_356_O	den 	vader 	bidt 	voor 	sine 	caren
M3_28_356_W	den 	vader 	bidt 	vore 	sine 	caren
M3_28_356_Y	den 	vader 	bidt 	voer 	sine 	caren

M3_28_357_A	die 	hem 	hier 	sijn 	bekant
M3_28_357_B	die 	hem 	hier 	zijn 	becant
M3_28_357_C	die 	hem 	hier 	zijn 	becant
M3_28_357_D	die 	hem 	hier 	sijn 	becant
M3_28_357_F	die 	hem 	hier 	siin 	becant
M3_28_357_G	die 	hem 	hier 	sijn 	becant
M3_28_357_L	die 	hem 	hier 	sijn 	becant
M3_28_357_O	die 	hem 	hier 	zijn 	becant
M3_28_357_W	die 	hem 	hier 	sijn 	becant
M3_28_357_Y	die 	hem 	hier 	sijn 	becant

M3_28_358_A	noch 	comt 	hi 		hem 	hier 		verbaren
M3_28_358_B	noch 	comt 	hi 		hem 	hier 		verbaren
M3_28_358_C	noch 	coemt 	hi 		hem 	hier 		verbaren
M3_28_358_D	noch 	comt 	hi 		hem 	hier 		verbaren
M3_28_358_F	noch 	comt 	hij 		hem 			verbaren
M3_28_358_G	noch 	comt 	hi 	hier 	hem 	oppenbaren		
M3_28_358_L	noch 	comt 	hi 		hem 	hier 		verbaeren
M3_28_358_O	noch 	zal 	hi 		hem 	hier 	commen 	verbaren
M3_28_358_W	noch 	comt 	hi 	hier 	hem 	oppenbaren		
M3_28_358_Y	noch 	compt 	hi 		hem 	openbaren		

M3_28_359_A	doemen 	die 	weerelt 		met 	sinen 	scaren
M3_28_359_B	dienen 	die 	werelt 		mit 	sinen 	scaren
M3_28_359_C	domen 	die 	werelt 		met 	zinen 	scaren
M3_28_359_D	doomen 	die 	werelt 		met 	sijnre 	scaren
M3_28_359_F	doemen 	die 	werelt 		met 	sire 	scaren
M3_28_359_G		de 	werelt 	doemen 	met 	sinen 	scaren
M3_28_359_L	doemen 	die 	werelt 		met 	sinen 	scaeren
M3_28_359_O	verdomen 	de 	weerelt 		met 	zinen 	scaren
M3_28_359_W		de 	werelt 	doemen 	met 	sinen 	scaren
M3_28_359_Y		die 	werelt 	doemen 	met 	sinen 	scaren

M3_28_360_A	enten 		helschen 	viant
M3_28_360_B	ende 	den 	helschen 	viant
M3_28_360_C	ende 	den 	helschen 	viant
M3_28_360_D	ende 	den 	helschen 	viant
M3_28_360_F	enten 		helschen 	viant
M3_28_360_G	ende 	den 	helschen 	viant
M3_28_360_L	enten 		helschen 	viant
M3_28_360_O	ende 	den 	helschen 	viant
M3_28_360_W	ende 	den 	helschen 	viant
M3_28_360_Y	enten 		helscen 	viant

M3_28_361_A	sonne 	ende 	mane 	sal 	hi 	verclaren
M3_28_361_B	zonne 	ende 	mane 	sal 	hi 	verclaren
M3_28_361_C	zonne 	ende 	mane 	zal 	hi 	verclaren
M3_28_361_D	sonne 		mane 	sal 	hi 	verclaren
M3_28_361_F	sonne 		mane 	sal 	hij 	verclaren
M3_28_361_G	sonne 	ende 	mane 	sal 	hi 	verclaren
M3_28_361_L	sonne 		mane 	sal 	hi 	verclaeren
M3_28_361_O	sonne 	ende 	mane 	zal 	hij 	verclaren
M3_28_361_W	sonne 	ende 	mane 	sal 	hi 	verclaren
M3_28_361_Y	sonne 		mane 	wilt 	hi 	verclaren

M3_28_362_A	die 	bi 	adame 	verdonckert 	waren
M3_28_362_B	die 	bi 	adame 	verdonckert 	waren
M3_28_362_C	die 	bi 	adaem 	verdonkert 	waren
M3_28_362_D	die 	by 	adam 	verdonckert 	waren
M3_28_362_F	die 	bij 	adame 	verdonckert 	waren
M3_28_362_G	die 	bi 	adame 	verdonkert 	waren
M3_28_362_L	die 	bi 	adaeme 	verdonckert 	waren
M3_28_362_O	die 	bi 	adaeme 	verdonkert 	waren
M3_28_362_W	die 	bi 	adame 	verdonckert 	waren
M3_28_362_Y	die 	bi 	adam 	verdonckert 	waren

M3_28_363_A		lucht 	water 	ende 	lant
M3_28_363_B	water 	lucht 		ende 	lant
M3_28_363_C		locht 	water 	ende 	lant
M3_28_363_D	water 	lucht 		ende 	lant
M3_28_363_F		lucht 	water 	ende 	lant
M3_28_363_G		locht 	water 	ende 	lant
M3_28_363_L		lucht 	water 	ende 	lant
M3_28_363_O		lucht 	watere 	ende 	land
M3_28_363_W		locht 	water 	ende 	lant
M3_28_363_Y	water 	luucht 		ende 	lant

M3_28_364_A	sal 	purgeren 	een 	brant
M3_28_364_B	sal 	purgieren 	een 	brant
M3_28_364_C	zal 	purgeren 	een 	brant
M3_28_364_D	sal 	purgeren 	een 	parant
M3_28_364_F	sal 	purgeren 	een 	brant
M3_28_364_G	sal 	purgeren 	een 	brant
M3_28_364_L	sal 	purgeren 	een 	brant
M3_28_364_O	sal 	purgeren 	een 	brant
M3_28_364_W	sal 	puergeren 	een 	brant
M3_28_364_Y	sal 	purgeren 	een 	brant

M3_29_365_A	al 	waest 	dat 	hi 	dus 	vp 	rande
M3_29_365_B	al 	est 	dat 	hi 	dus 		oprande
M3_29_365_C	al 	eest 	dat 	hi 	dus 	opwaert 	rande
M3_29_365_D	al 	wast 	dat 	hi 	dus 	op 	rande
M3_29_365_F	al 	waest 	datti 		dus 		oprande
M3_29_365_G	al 	waest 	dat 	hi 	dus 	op 	rande
M3_29_365_L	al 	waest 	datti 		dus 	op 	rande
M3_29_365_O	al 	wast 	dat 	hij 	dus 	vp 	rande
M3_29_365_W	al 	waest 	dat 	hi 	dus 	op 	rande
M3_29_365_Y	al 	waest 	dat 	hi 	dus 		oprande

M3_29_366_A	hi 	liet 	den 	sinen 	daer 	te 	pande
M3_29_366_B	hi 	liet 	den 	sinen 	hier 	te 	pande
M3_29_366_C	hi 	liet 	den 	zinen 		te 	pande
M3_29_366_D	hy 	liet 	den 	sinen 	hier 	te 	pande
M3_29_366_F	hij 	liet 	ten 	sinen 		hte 	pande
M3_29_366_G	hi 	liet 	den 	sinen 	hier 	te 	pande
M3_29_366_L	hi 	liet 	den 	sinen 	hier 	te 	pande
M3_29_366_O	hij 	liet 	den 	zijnen 	hier 	te 	pande
M3_29_366_W	hi 	liet 	den 	sinen 	hier 	te 	pande
M3_29_366_Y	hi 	liet 	de 	sine 	hier 	te 	pande

M3_29_367_A	sijn 	vleesch 	ende 	sijn 		bloet
M3_29_367_B	sijn 	vleesch 	ende 	zijn 		bloet
M3_29_367_C	zijn 	vleesch 	ende 	zijn 		bloet
M3_29_367_D	sijn 	vleesch 	ende 	sijn 		bloet
M3_29_367_F	siin 	vleesch 	ende 	siin 		bloet
M3_29_367_G	sijn 	vleesch 	ende 	sijn 	heilech 	bloet
M3_29_367_L	sijn 	vleeschs 		sijn 	heilich 	bloet
M3_29_367_O	sijn 	vleesch 	ende 	zijn 		bloet
M3_29_367_W	sijn 	vleesch 	ende 	sijn 	heilech 	bloet
M3_29_367_Y	sijn 	vleesch 	ende 	sijn 		bloet

M3_29_368_A	te 	sacreerne 		in 		priesters 	hande
M3_29_368_B	te 	consacreren 		in 		priesters 	hande
M3_29_368_C	te 	sacreren 		ints 		priesters 	hande
M3_29_368_D	te 	sacreren 		in 		spriesters 	hande
M3_29_368_F	te 	sacreerne 		in 		priesters 	hande
M3_29_368_G	te 	consacreer 	ne 	in 		priesters 	hande
M3_29_368_L	te 	sacreerne 		in 	des 	priesters 	hande
M3_29_368_O	te 	consacreerne 		in 		priesters 	hande
M3_29_368_W	te 	consacreerne 		in 		priesters 	hande
M3_29_368_Y	te 	sacreren 		in 	des 	priesters 	hande

M3_29_369_A	wie 	was 	die 	sulke 	gaue 	becande
M3_29_369_B	wie 	es 	die 	sulke 	haue 	becande
M3_29_369_C	wie 	was 	die 	dierre 	gaue 	cande
M3_29_369_D	wie 	ist 	die 	sulcke 	gaue 	bekande
M3_29_369_F	wie 	dus 		alsulke 	haue 	becande
M3_29_369_G	wie 	es 	die 	selke 	gaue 	becande
M3_29_369_L	wie 	es 	die 	sulke 	gaeue 	becande
M3_29_369_O	wie 	waest 	die 	zulke 	gaue 	becande
M3_29_369_W	wie 	es 		dieselke 	gaue 	becande
M3_29_369_Y	wie 	was 	die 	selke 	gaue 	becande

M3_29_370_A	of 	beter 	of 	so 	goet
M3_29_370_B	of 	betere 	of 	also 	goet
M3_29_370_C	of 	beter 	of 	zo 	goet
M3_29_370_D		beter 	of 	alsoe 	goet
M3_29_370_F	oft 	beter 	oft 	alsoe 	goet
M3_29_370_G	ochte 	betere 	ochte 	also 	goet
M3_29_370_L		beeter 	ofte 	alsoe 	goet
M3_29_370_O	ofte 	betere 	ofte 	alzo 	goet
M3_29_370_W	ocht 	betere 	ochte 	also 	goet
M3_29_370_Y	oft 	beter 	oft 	alsoe	

M3_29_371_A	ay 	god 	nv 	brec 	onse 	bande
M3_29_371_B	ay 	god 	nv 	breect 	onse 	bande
M3_29_371_C	ay 	god 	nu 	brec 	onze 	bande
M3_29_371_D	ay 	god 	nv 	breect 	onse 	bande
M3_29_371_F	ay 	god 	nu 	breect 	onse 	bande
M3_29_371_G	ay 	god 	nu 	brec 	onse 	bande
M3_29_371_L	aey 	god 		brect 	onse 	bande
M3_29_371_O	ay 	god 	nu 	breect 	onse 	bande
M3_29_371_W	ay 	god 	nu 	brec 	onse 	bande
M3_29_371_Y	ay 	god 	nv 	brect 	on	

M3_29_372_A	ende 	verghef 	ons 	dine 	hande
M3_29_372_B	ende 	verghef 	ons 	dine 	hande
M3_29_372_C	ende 	verghef 	ons 	dine 	ande
M3_29_372_D	ende 	vergheeft 	ons 	dine 	ande
M3_29_372_F	ende 	vergheeft 	ons 	diin 	ande
M3_29_372_G	ende 	vergef 	ons 	dine 	ande
M3_29_372_L	ende 	vergeeft 	ons 	dine 	ande
M3_29_372_O	ende 	vergheeft 	ons 	uwe 	ande
M3_29_372_W	ende 	vergef 	ons 	dine 	ande 
M3_29_372_Y	ende 	vergeeft 	ons 	di	

M3_29_373_A	ende 	dinen 	euelen 	moet
M3_29_373_B	ende 	dinen 	euelmoet	
M3_29_373_C	ende 	dinen 	euelen 	moet
M3_29_373_D	ende 	dinen 	euelen 	moet
M3_29_373_F	ende 	dinen 	euelen 	moet
M3_29_373_G	ende 	dinen 	euelen 	moet
M3_29_373_L	ende 	dinen 	euelen 	moet
M3_29_373_O	ende 	uwen 	euelen 	moet
M3_29_373_W	ende 	dinen 	evelen 	moet
M3_29_373_Y	ende 	dinen 	euelen 	mo

M3_29_374_A	dat 	onse 	mont 	ende 	onse 	tande
M3_29_374_B	dat 	onse 	mont 	ende 	onse 	tande
M3_29_374_C	dat 	onze 	mont 	ende 	onze 	hande
M3_29_374_D	dat 	ons 	mont 	ende 	ons 	tande
M3_29_374_F	dat 	onse 	mont 	ende 	onse 	tande
M3_29_374_G	dat 	onse 	mont 	ende 	onse 	tande
M3_29_374_L	dat 	onse 	mont 	ende 	onse 	tant
M3_29_374_O	dat 	onse 	mont 	ende 	onse 	tande
M3_29_374_W	dat 	onse 	mont 	ende 	onse 	tande
M3_29_374_Y	dat 	onse 	mont 	ende 	o	

M3_29_375_A		smaken 	moet 		sonder 	scande
M3_29_375_B		smaken 	moeten 		sonder 	scande
M3_29_375_C	dat 	smaken 	moet 	al 	zonder 	scande
M3_29_375_D		smaken 	moet 		sonder 	scande
M3_29_375_F		smaken 	moet 		sonder 	scande
M3_29_375_G		smaken 	moeten 		sonder 	scande
M3_29_375_L		smaeken 	moet 		sonder 	scande
M3_29_375_O		smaken 	moeten 		zonder 	scande
M3_29_375_W		smaken 	moeten 		sonder 	scande
M3_29_375_Y		smaken 	moet 		sond	

M3_29_376_A	sijn 	vleesch 	ende 	sijn 		bloet
M3_29_376_B	dijn 	vleesch 	ende 	dijn 		bloet
M3_29_376_C	dijn 	vleisch 		dijn 	rode 	bloet
M3_29_376_D	dijn 	vleesch 	ende 	dijn 		bloet
M3_29_376_F	diin 	vleesch 	ende 	diin 		bloet
M3_29_376_G	dijn 	vleesch 		dijn 	heilech 	bloet
M3_29_376_L	v 	vleeschs 	ende 	v 		bloet
M3_29_376_O	dijn 	vleesch 	ende 	dijn 		bloet
M3_29_376_W	dijn 	vleesch 	ende 	dijn 	heilech 	bloet
M3_29_376_Y	sine 	vleesch 	ende 	sijn		

M3_29_377_A	dat 	vut 	sire 	siden 	woet
M3_29_377_B	dat 	vte 	dire 	siden 	woet
M3_29_377_C	dat 	vut 	dijnre 	ziden 	woet
M3_29_377_D	dat 	wt 	dijnre 	syden 	woet
M3_29_377_F	dat 	vut 	diinre 	zijden 	woet
M3_29_377_G	dat 	wt 	dijnre 	siden 	woet
M3_29_377_L	dat 	wt 	dijnre 	siden 	woet
M3_29_377_O	dat 	vut 	dijnre 	zide 	woet
M3_29_377_W	dat 	wt 	dijnre 	siden 	woet
M3_29_377_Y	dat 	vut 	sijnre 	ziden 	

M3_30_378_A	vvt 	desen 	sone 	vut 	desen 	wonden
M3_30_378_B	vte 	desen 	zone 	vte 	desen 	wonde
M3_30_378_C	vut 	desen 	zoene 	vut 	desen 	wonden
M3_30_378_D	wt 	desen 	syden 	wt 	desen 	wonden
M3_30_378_F	vvt 	desen 	sone 	vut 	desen 	wonden
M3_30_378_G	vt 	desen 	sone 	wt 	desen 	wonden
M3_30_378_L	vt 	desen 	sone 		ende 	wonden
M3_30_378_O	huut 	desen 	zone 	vut 	desen 	wonden
M3_30_378_W	wt 	desen 	sone 	wt 	desen 	wonden
M3_30_378_Y	uvt 	desen 	sone 	vu		

M3_30_379_A	wies 	godheit 	niemen 		mach 	ghegronden
M3_30_379_B	wies 	godheit 	niemen 	en 	can 	gegronden
M3_30_379_C	wies 	godheit 	niemen 		mach 	ghegronden
M3_30_379_D	wies 	godheyt 	nyemant 		cant 	gegronden
M3_30_379_F	wies 	godheyt 	niement 		can 	gegronden
M3_30_379_G	wies 	godheit 	niemen 		can 	gegronden
M3_30_379_L	wies 	godheit 	niemen 	nen 		gegronden
M3_30_379_O	wiens 	godheit 	niement 		can 	ghegronden
M3_30_379_W	wies 	godheit 	niemen 	en 	can 	gegronden
M3_30_379_Y	wies 	godheit 		ny		

M3_30_380_A	noch 	wies 	menschelicheit
M3_30_380_B	nu 	wies 	menschelicheit
M3_30_380_C	noch 	zine 	menschelicheit
M3_30_380_D	noch 	wies 	menschelicheyt
M3_30_380_F	noch 	wies 	menschelicheyt
M3_30_380_G	noch 	wies 	menschelecheit
M3_30_380_L	noch 	wies 	menschelijcheit
M3_30_380_O	no 	wiens 	menschelicheit
M3_30_380_W	noch 	wies 	menschelecheit
M3_30_380_Y	noch 	wies 	mensch

M3_30_381_A	so 	vloyden 		ende 		begonden
M3_30_381_B	so 	vloeyende 	eerst 	ende 		begonden
M3_30_381_C	zo 	vloiden 		ende 	zo 	begonden
M3_30_381_D	soe 	vloeyden 	eerst 	ende 		begonden
M3_30_381_F	soe 	vloeyende 	begonde			
M3_30_381_G	soe 	vloyen 		ende 		begonden
M3_30_381_L	si 	vloeyden 	begonde	ende 		
M3_30_381_O	zij 	vloyden 		ende 	zij 	begonden
M3_30_381_W	soe 	vloyen 		ende 		begonden
M3_30_381_Y	soe 	vloyden 		ende 		b

M3_30_382_A	die 	sacramenten 	te 	dien 	stonden
M3_30_382_B	die 	sacramenten 	te 	dien 	stonden
M3_30_382_C	die 	sacramente 	te 	dien 	stonden
M3_30_382_D	die 	sacramenten 	te 	dien 	stonden
M3_30_382_F	die 	sacramenten 		tien 	stonde
M3_30_382_G	de 	sacramente 	te 	dien 	stonden
M3_30_382_L	die 	sacramente 		tien 	stonden
M3_30_382_O	de 	sacramente 	te 	dien 	stonden
M3_30_382_W	de 	sacramente 		die 	stonden 
M3_30_382_Y	die 	sacramenten 	t		

M3_30_383_A	van 	alre 	salicheit
M3_30_383_B	ende 	alle 	zalicheit
M3_30_383_C	ende 	alle 	zaelicheit
M3_30_383_D	ende 	alle 	salicheyt
M3_30_383_F	ende 	alle 	zalicheyt
M3_30_383_G	ende 	alle 	salecheit
M3_30_383_O	ende 	alle 	zalicheit
M3_30_383_W	ende 	alle 	salecheit
M3_30_383_Y	ende 	alle 	salicheit 

M3_30_384_A	ne 	hebbe 	mijn 		gheloue 	ontbonden
M3_30_384_B	nu 	hebbic 		di 	tgheloue 	ontbonden
M3_30_384_C	nu 	heb 	ic 	di 	tgheloue 	ontbonden
M3_30_384_D	nv 	heb 	ick 		tgheloue 	ontbonden
M3_30_384_F	nu 	heb 	ic 	v 	tgheloeue 	ontbonden
M3_30_384_G	nu 	hebbic 		v 	tgeloeue 	ontbonden
M3_30_384_O	nu 	hebbe 	ic 	v 	tgheloue 	ontbonden
M3_30_384_W	nv 	hebbic 		v 	tgeloeue 	ontbonden
M3_30_384_Y	nv 	hebbic 		di 	tgelo	

M3_30_385_A	so 	ic 	naest 	hebbe 	ondervonden
M3_30_385_B	so 	ict 	naest 	hebbe 	ondervonden
M3_30_385_C	zo 	ic 	nauste 	hebbe 	onderuonden
M3_30_385_D	soe 	ick 	best 	heb 	onderuonden
M3_30_385_F	soe 	ic 	naest 	hebbe 	ondervonden
M3_30_385_G	so 	ic 	naest 	hebbe 	ondervonden
M3_30_385_L	soe 	ic 	naest 	hebbe 	ondervonden
M3_30_385_O	zo 	ic 	naest 	hebbe 	onderuonden
M3_30_385_W	so 	ic 	naest 	hebbe 	ondervonden
M3_30_385_Y	soe 	ic 	naest 	hebbe	

M3_30_386_A	na 	mire 	moghentheit
M3_30_386_B	na 	mire 	moghentheit
M3_30_386_C	na 	mire 	moeghentheit
M3_30_386_D	na 	mijnre 	moghentheyt
M3_30_386_F	na 	mijnre 	moghentheyt
M3_30_386_G	na 	miere 	mogentheit
M3_30_386_L	na 	miere 	heit
M3_30_386_O	naest 	miere 	moghentheit
M3_30_386_W	na 	miere 	mogentheit
M3_30_386_Y	na 	mijnre 	mogent

M3_30_387_A	die 	dit 	gheloue 	vast 	orconden
M3_30_387_B	die 	dit 	gheloue 	vaste 	orconden
M3_30_387_C	die 	dit 	gheloue 	uast 	orkonden
M3_30_387_D	die 	dit 	gheloue 	vast 	orconden
M3_30_387_F	die 	dit 	gheloeue 	vast 	oirconden
M3_30_387_G	die 	dit 	geloeue 	vaste 	orconden
M3_30_387_L	die 	dit 	geloue 	vast 	orconden
M3_30_387_O	die 	dit 	gheloue 	vast 	orconden
M3_30_387_W	die 	dit 	geloeue 	vaste 	orconden
M3_30_387_Y	die 	dit 	geloue 	vast 	

M3_30_388_A	aflaet 	groot 	van 	haren 	sonden
M3_30_388_B	oflaet 	groot 	van 	haren 	sonden
M3_30_388_C	aflaet 	groet 	van 	haren 	zonden
M3_30_388_D	aflaet 	groot 	van 	haren 	sonden
M3_30_388_F	aflaet 	groot 	van 	haren 	zonden
M3_30_388_G	aflaet 	grot 	van 	haren 	sonden
M3_30_388_L	aflaet 	groot 	van 	haer 	
M3_30_388_O	aflaet 	groot 	van 	haren 	zonden
M3_30_388_W	aflaet 	grot 	van 	haren 	sonde 
M3_30_388_Y	aflaet 		van 	haren 	zon

M3_30_389_A	es 	hem 	altoes 	ghereit
M3_30_389_B	es 	hem 	altois 	ghereit
M3_30_389_C	is 	hem 	altoes 	ghereit
M3_30_389_D	es 	hem 	altoos 	bereyt
M3_30_389_F	es 	hem 	altoes 	ghereet
M3_30_389_G	es 	hen 	altoes 	gereit
M3_30_389_L	es 	hem 	altoes 	gereit
M3_30_389_O	es 	hem 	altoos 	bereit
M3_30_389_W	es 	hen 	altoes 	gereit
M3_30_389_Y	es 	hem 	altoes 	gereit

M3_30_390_A	vp 	dat 	mer 		in 	vulsteit
M3_30_390_B	op 			datmer 	jn 	vulsteyt
M3_30_390_C	op 	dat 	hire 		inne 	volsteit
M3_30_390_D	op 			datmer 	in 	volsteyt
M3_30_390_F	op 			datmer 	in 	volsteet
M3_30_390_G	op 	dat 	men 	daer 	in 	volsteit
M3_30_390_L	op 	dat 	mer 		in 	volsteet
M3_30_390_O	vp 			datmer 	in 	vulsteit
M3_30_390_W	op 	dat 	men 	daer 	in 	volsteit
M3_30_390_Y		opdat 	mer 		in 	vols

M3_31_391_A	iacop 	du 	berechts 	mi 	scone
M3_31_391_B	iacop 	du 	berechts 	my 	scone
M3_31_391_C	iacob 	du 	berichts 	mi 	scone
M3_31_391_D	iacop 	du 	berechtes 	my 	schone
M3_31_391_F	iacob 	du 	berecht 	mi 	scone
M3_31_391_G	iacob 	du 	berechts 	mi 	scone
M3_31_391_L	iacop 	du 	berecht 	mi 	
M3_31_391_O	iacob 	du 	berechts 	mi 	scoene
M3_31_391_W	iacob 	du 	berechts 	mi 	scone
M3_31_391_Y	iacob 	du 	berecht 	m	

M3_31_392_A	nu 	berecht 	mi 	vanden 			persone
M3_31_392_B		berecht 	mi 	vanden 			persone
M3_31_392_C	nu 	zech 	mi 		van 	dien 	persone
M3_31_392_D		berecht 	my 	vanden 			persone
M3_31_392_F		berecht 	mi 	vanden 			persone
M3_31_392_G		berecht 	mi 	nv 	van 	den 	persone
M3_31_392_L	nv 	berecht 	mi 		van 	den 	persone
M3_31_392_O		berecht 	my 		van 	den 	persoene
M3_31_392_W		berecht 	mi 	vanden 			persone
M3_31_392_Y		berecht 	mi 		vand		

M3_31_393_A	die 	men 	heet 	helich 	gheest
M3_31_393_B	diemen 		heet 	heilich 	gheest
M3_31_393_C	die 	men 	heet 	heilighe 	gheest
M3_31_393_D	diemen 		heyt 	heylighe 	gheest
M3_31_393_F	diemen 		heet 	heylich 	gheest
M3_31_393_G	die 	men 	heet 	heilech 	geest
M3_31_393_L	die 	men 	heet 	he	
M3_31_393_O	die 	men 	heet 	heilich 	gheest
M3_31_393_W	die 	men 	heet 	heilech 	geest
M3_31_393_Y	die 	men 	heet 	heilic	

M3_31_394_A	hoe 	mijn 	gheloue 		sonder 	hone
M3_31_394_B	hoe 	mijn 	gheloue 		sonder 	hone
M3_31_394_C	hoe 	mijn 	gheloue 		zonder 	hone
M3_31_394_D	wou 	mijn 	gheloue 		sonder 	hone
M3_31_394_F	hoe 	mijn 	geloeue 		sonder 	hone
M3_31_394_G	hoe 	mijn 	geloeue 		sonder 	hoene
M3_31_394_L	hoe 	mijn 	geloeue 			oene
M3_31_394_O	dat 	mijn 	gheloue 	zij 	zonder 	hoene
M3_31_394_W	hoe 	mijn 	geloeue 		sonder 	hoene
M3_31_394_Y	hoe 	men 	tgeloue 		son	

M3_31_395_A	te 	hem 	clemme 	ende 	spanne 		crone
M3_31_395_B	te 	hem 	clemme 	ende 	winne 	die 	crone
M3_31_395_C	tehem 	waert 	climme 	ende 	winne 	die 	crone
M3_31_395_D	te 	hem 	climmen 	ende 	winnen 	de 	crone
M3_31_395_F	te 	hem 	climmen 	ende 	winnen 	de 	crone
M3_31_395_G	te 	hem 	clemme 	ende 	winne 	die 	crone
M3_31_395_L	te 	hem 	clemmen 				oe
M3_31_395_O	te 	hem 	clemmen 	ende 	winnen 	de 	croene
M3_31_395_W	te 	hem 	clemme 	ende 	gewinne 	die 	croene
M3_31_395_Y	te 	hem 	clemmen 	ende 			

M3_31_396_A	die 	alre 	gauen 	es 	meest
M3_31_396_B	die 	alre 	hauen 	es 	meest
M3_31_396_C	die 	alre 	gauen 	is 	meest
M3_31_396_D	die 	alder 	gauen 	ist 	meest
M3_31_396_F	die 	alder 	gauen 	es 	meest
M3_31_396_G	die 	alre 	gauen 	es 	meest
M3_31_396_L	die 	alder 	gauen 	es 	meest
M3_31_396_O	die 	aller 	gauen 	es 	meest
M3_31_396_W	die 	alre 	gauen 	es 	meest
M3_31_396_Y	die 	alder 	gauen 	es 	

M3_31_397_A	want 	vanden 		vader 	enten 			sone
M3_31_397_B	want 	vanden 		vader 	ende 	vanden 		zone
M3_31_397_C	want 	van 	den 	vader 	ende 	van 	den 	zone
M3_31_397_D	want 	vanden 		vader 	ende 		den 	sone
M3_31_397_F	want 	vanden 		vader 	ende 	vanden 		zone
M3_31_397_G	want 	vanden 		vader 	ende 	vanden 		sone
M3_31_397_L		vanden 		vader 	ende 	vanden 		soene
M3_31_397_O	want 	van 	den 	vader 	ende 	van 	den 	zone
M3_31_397_W	want 	van 	den 	vader 	ende 	vanden 		soene
M3_31_397_Y	want 	vanden 		vader 				

M3_31_398_A	hebdi 	mi 				dat 	hu 	god 	lone
M3_31_398_B	hebbe 	ic 			bedi 	dat 	di 	god 	lone
M3_31_398_C	heb 	ic 	bi 	di 		dat 	di 	god 	lone
M3_31_398_D	heb 	ick 	ghehoert 			dat 	v 	god 	lone
M3_31_398_F	heb 	ic 	ghehoirt 			dat 	v 	god 	lone
M3_31_398_G	hebbic 		bi 	di 		dat 	v 	god 	loene
M3_31_398_L	hebbic 		gehoort 			dat 		god 	loone
M3_31_398_O	hebbic 	van 		di 		datti 		god 	loone
M3_31_398_W	hebbic 		bi 	di 		dat 	v 	god 	loene
M3_31_398_Y	hebbic 			di 	bediet 	dat 			

M3_31_399_A	scone 	berecht 	ende 	verheest
M3_31_399_B	scone 	berecht 		verheest
M3_31_399_C	scone 	berichte 		vereest
M3_31_399_D	schone 	berecht 		vereest
M3_31_399_F	scone 	berecht 	mi 	verheest
M3_31_399_G	scone 	berecht 	vervreescht	
M3_31_399_L	scoene 	berecht 	volleest	
M3_31_399_O	goet 	berecht 		verheest
M3_31_399_W	scone 	berecht 	vervreescht	
M3_31_399_Y	scone 	berecht 	vulle	

M3_31_400_A	dies 	danckedi 		de 	martelare 	vrone
M3_31_400_B	dies 	dancke 	di 	der 	martelaren 	vrome
M3_31_400_C	dies 	danke 	di 	der 	martelien 	vrone
M3_31_400_D	des 	danck 	di 	der 	martelien 	vrome
M3_31_400_F	des 	danc 	ic 		marien 	sone
M3_31_400_G	dies 	dancke 	di 	die 	martilie 	vrone
M3_31_400_L	dies 	danckic 		der 	marteleren 	vrone
M3_31_400_O	dies 	danke 	di 	der 	martelaren 	vrone
M3_31_400_W	dies 	dancke 	di 	die 	martelielie 	vroene
M3_31_400_Y	des 	danck 		der 	martel	

M3_31_401_A	daer 	bouen 	inden 		hoghen 	trone
M3_31_401_B	dair 	bouen 	inden 		hoghen 	trone
M3_31_401_C	daer 	bouen 	in 	den 	hoghen 	trone
M3_31_401_D	daer 	bouen 	inden 		hoghen 	trone
M3_31_401_F	daer 	bouen 	inden 			trone
M3_31_401_G	daer 	bouen 	in 	den 	hogen 	trone
M3_31_401_L	daer 	bouen 	inden 	hoegen 	troene	
M3_31_401_O	daer 	bouen 	in 	den 	hoghen 	troone
M3_31_401_W	daer 	bouen 	inden 	hoegen 	throene	
M3_31_401_Y	daer 	bouen 	inden 		hogen 	

M3_31_402_A	ende 	gheue 	di 	vulleest	
M3_31_402_B	ende 	gheue 	di 	vulleest	
M3_31_402_C	ende 	die 	ghene 	die 	volleest
M3_31_402_D	ende 	gheue 	di 		volleest
M3_31_402_F	ende 	gheue 	dij 		volleest
M3_31_402_G	ende 	geue 	di 		volleest
M3_31_402_L	ende 	gheue 	di 		volleest
M3_31_402_O	ende 	gheue 	di 	vulleest	
M3_31_402_W	ende 	geuen 	di 		volleest
M3_31_402_Y	ende 	gheue 	di 	vullees	

M3_31_403_A	datture 	coms 			onghevreest
M3_31_403_B	datture 	coms 			onghevreest
M3_31_403_C	dat 	dure 		coems 	ongheureest
M3_31_403_D	dattu 		daer 	coemst 	ongheureest
M3_31_403_F	datture 	comes 			onghevreest
M3_31_403_G	dattuere 		moets 	comen 	ongevreest
M3_31_403_L	datture 	coms 			ongheureest
M3_31_403_O	dats 	du 	daer 	comst 	ongheureest
M3_31_403_W	dat 	tuere 	moet 	comen 	ongevreest
M3_31_403_Y	die 	t 	wert 	ende 	wa

M3_32_404_A	martijn 	ons 	leert 	die 	scrifture	
M3_32_404_B	mairtin 	ons 	leert 	die 	scrifture	
M3_32_404_C	martijn 	ons 	leert 	die 	scrifture	
M3_32_404_D	martijn 	ons 	leert 	die 	scriftuere	
M3_32_404_F	merten 	ons 	leert 	die 	scrifture 	r
M3_32_404_G	merten 	ons 	leert 	die 	screfture	
M3_32_404_L	merten 	ons 	leert 		tscriftuere	
M3_32_404_O	martin 	ons 	leert 	die 	scrifture	
M3_32_404_W	merten 	ons 	leert 	de 	screfture	
M3_32_404_Y	martijn 	ons 	leert 	die 		

M3_32_405_A	dat 	een 	god 		eene 	nature
M3_32_405_B	dat 	een 	god 	ende 	een 	nature
M3_32_405_C	dat 	een 	god 	ende 	ene 	nature
M3_32_405_D	dat 	een 	god 	ende 	een 	natuere
M3_32_405_F	dat 	een 	god 		een 	natuere
M3_32_405_G	dat 	een 	god 	ende 	ene 	nature
M3_32_405_L	dat 	i 	god 	ende 	i 	natuere
M3_32_405_O	dat 	een 	god 	ende 	een 	nature
M3_32_405_W	dat 	een 	god 	ende 	een 	natuere
M3_32_405_Y	dat 	een 	god 	ende 	i	

M3_32_406_A	emmer 	sijn 	dese 	drie
M3_32_406_B	emmer 	sijn 	dese 	drie
M3_32_406_C	emmer 	zijn 	dese 	drie
M3_32_406_D	aaltoos 	sijn 	dese 	drie
M3_32_406_F	emmer 	siin 	dese 	drie
M3_32_406_G	emmer 	sijn 	dese 	drie
M3_32_406_L	emmer 	sijn 	dese 	drie
M3_32_406_O	emmer 	zijn 	dese 	drie
M3_32_406_W	emmer 	sijn 	dese 	drie 
M3_32_406_Y	emmer 	sijn 	dese  	

M3_32_407_A	altoes 	euen 	na 	ghebure
M3_32_407_B	altois 	euen 	na 	ghebure
M3_32_407_C	altoes 	euen 	na 	ghebure
M3_32_407_D	emmer 	euen 	na 	ghebuere
M3_32_407_F	altoes 	euen 	na 	ghebuere
M3_32_407_G	altoes 	euen 	na 	gebuere
M3_32_407_L	altoes 	euen 	na 	gebuere
M3_32_407_O	altoos 	euen 	na 	ghebure
M3_32_407_W	altoes 	even 		nagebuere
M3_32_407_Y	altoes 	euen 	na 	geb

M3_32_408_A	ende 		versceeden 	te 	gheere 	hure
M3_32_408_B	ende 	versceden 		te 	ghere 	vre
M3_32_408_C	noch 	versceden 		te 	gheenre 	vre
M3_32_408_D	ende 		verscheden 	te 	gheender 	vre
M3_32_408_F	ende 		verscheden 	te 	gheenre 	vre
M3_32_408_G	ende 		versceeden 	te 	negeenre 	vre
M3_32_408_L	ende 		verscheden 	te 	ghere 	uren
M3_32_408_O	ende 	versceden 		te 	gheenre 	vre
M3_32_408_W	ende 	en 	verscheeden 	te 	negeenre 	vre
M3_32_408_Y	ende 	verscieden 		te 	ghe	

M3_32_409_A	noch 		verschieden 	nie
M3_32_409_B	noch 	en 	sceden 	nie
M3_32_409_C	noch 	en 	verscieden 	nie
M3_32_409_D	noch 	en 	verschieden 	nie
M3_32_409_F	noch 	en 	verscheeden 	nye
M3_32_409_G	noch 	en 	verscieden 	nie
M3_32_409_L	noch 	en 	verscieden 	nie
M3_32_409_O	no 	en 	verscieden 	nye
M3_32_409_W	noch 	en 	verschieden 	nie
M3_32_409_Y	noch 	en 	verscieden 	

M3_32_410_A	vader 	kint 	verstant 	ter 	cure
M3_32_410_B	vader 	kint 	verstant 	ter 	cure
M3_32_410_C	vader 	kijnt 	verstant 		tercure
M3_32_410_D	vader 	sone 	verstant 	ter 	cuere
M3_32_410_F	vader 	kint 	verstant 	ter 	cuere
M3_32_410_G	vader 	kint 	verstant 	ter 	cure
M3_32_410_L	vader 	kint 	verstant 	ter 	cuere
M3_32_410_O	vader 	zone 	verstant 	ter 	cure
M3_32_410_W	vader 	kint 	verstant 	ter 	cure
M3_32_410_Y	vader 	kint 	verstant 		

M3_32_411_A	vut 	deser 	dobbelre 	gods 	dure
M3_32_411_B	vte 	deser 	dobelre 	gods 	dure
M3_32_411_C	vut 	deser 	dobbel 	gods 	dure
M3_32_411_D	wt 	deser 	dobbelre 	gods 	duere
M3_32_411_F	vut 	desen 	dubbelen 	gods 	duere
M3_32_411_G	vte 	desen 	dobbelen 	gods 	duere
M3_32_411_L	wt 	desen 	dobbelen 	gods 	duere
M3_32_411_O	huut 	deeser 	dobbelre 	gods 	duere
M3_32_411_W	wt 	desen 	dobbelen 	gods 	dure
M3_32_411_Y	vut 	desen 	dobbelen 	g	

M3_32_412_A	wie 	caent 	ghegronden 	wie
M3_32_412_B	wie 	cant 	ghegronden 	wie
M3_32_412_C	wie 	can 	ghegronden 	wie
M3_32_412_D	wie 	cant 	ghegronden 	wie
M3_32_412_F	wie 	caent 	ghegronden 	wie
M3_32_412_G	wie 	caent 	gegronden 	wie
M3_32_412_L	wie 	caent 	gegronden 	wie
M3_32_412_O	wie 	cant 	ghegronden 	wye
M3_32_412_W	wie 	caent 	gegronden 	wie
M3_32_412_Y	wie 	cant 	gegronden 	w

M3_32_413_A		coemt 		die 	gheest 	die 	soete 	ghure
M3_32_413_B	so 	comt 		die 	gheest 	die 	zoete 	ghure
M3_32_413_C		coemt 		die 	gheest 	die 	zoete 	gure
M3_32_413_D	soe 	comt 		die 	gheest 	die 	soete 	guere
M3_32_413_F	so 	comt 	di 	die 	gheest 	die 	zuete 	gure
M3_32_413_G		comt 		die 	geest 	die 	suete 	guere
M3_32_413_L	dan 	comt 		die 	geest 	die 	suete 	guere
M3_32_413_O		comt 		die 	gheest 	die 	soete 	guere
M3_32_413_W		comt 		die 	geest 	die 	suete 	guere
M3_32_413_Y	dan 	comt 		die 	geest 			

M3_32_414_A	die 	reene 	godheit 	entie 		pure
M3_32_414_B	die 	fine 	godheit 	ende 	die 	pure
M3_32_414_C	die 	reine 	godheit 	ende 	die 	pure
M3_32_414_D	die 	reyne 	godheyt 	ende 	die 	puere
M3_32_414_F	die 	reyne 	godheyt 	entie 		puere
M3_32_414_G	die 	reine 	godheit 	ende 	die 	puere
M3_32_414_L	die 	reine 	godheit 	entie 		puere
M3_32_414_O	die 	reyne 	godheit 	ende 	die 	puere
M3_32_414_W	die 	reine 	godheit 	ende 	die 	puere
M3_32_414_Y	die 	reine 	godheit 	en		

M3_32_415_A	hier 	vp 	prouf 		ende 	zie
M3_32_415_B	hier 	op 	prouf 		ende 	zie
M3_32_415_C	hier 	op 	proef 		ende 	zie
M3_32_415_D	hier 		proeft 		ende 	sie
M3_32_415_F	hier 	op 	proeft 		ende 	zie
M3_32_415_G	hier 	op 	proef 		ende 	sie
M3_32_415_L	hier 	toe 	proeft 		ende 	sie
M3_32_415_O		dit 	prouf 	wel 	ende 	bezie
M3_32_415_W	hier 	op 	proeft 		ende 	sie 
M3_32_415_Y			proeft 		ende 	sie

M3_32_416_A	met 	herten 	ende 	dies 	ghie
M3_32_416_B	met 	harten 	ende 	dies 	ghie
M3_32_416_C	met 	herten 	ende 	des 	ghie
M3_32_416_D	met 	herten 	ende 		ghie
M3_32_416_F	metter 	herten 	ende 		gye
M3_32_416_G	met 	herten 	ende 	dies 	gie
M3_32_416_L	met 	herten 	ende 		ghie
M3_32_416_O	met 	herten 	ende 	dies 	ghie
M3_32_416_W	met 	herten 	ende 	dies 	gie
M3_32_416_Y		ten 	ende 	des 	gye

M3_33_417_A	dits 	die 	troost 	die 	alre 	meest
M3_33_417_B	dits 	die 	troest 	die 	alre 	neeste
M3_33_417_C	dits 	die 	troest 	die 		alremeest
M3_33_417_F	dits 	die 	troost 	die 	alre 	meeste
M3_33_417_G	dits 	die 	troest 	die 	alre 	meeste
M3_33_417_L	dits 	die 	troest 	die 	alder 	meeste
M3_33_417_O	dits 	de 	troost 	die 	alder 	meeste
M3_33_417_W	dits 	die 	troest 	die 	alre 	meeste
M3_33_417_Y			troest 		dalder 	meeste

M3_33_418_A	hem 	die 	arem 	sijn 	van 	gheeste
M3_33_418_B	hem 	die 	aerm 	sijn 	van 	gheeste
M3_33_418_C	hem 	die 	aerme 	zijn 	van 	gheest
M3_33_418_F	hem 	die 	arm 	siin 	van 	gheeste
M3_33_418_G	hen 	die 	arm 	sijn 	van 	geeste
M3_33_418_L	hem 	die 	aerm 	sijn 	van 	geeste
M3_33_418_O	hem 	die 	aerm 	zijn 	van 	gheeste
M3_33_418_W	hen 	die 	arm 	sijn 	van 	geeste
M3_33_418_Y		dye 	arm 	sijn 	van 	geeste

M3_33_419_A	leert 	hi 	blide 	sijn
M3_33_419_B	leert 	hi 	blide 	zijn
M3_33_419_C	leert 	hi 	blide 	zijn
M3_33_419_F	leert 	hij 	blijde 	ziin
M3_33_419_G	leert 	hi 	blide 	sijn
M3_33_419_L	leert 	hi 	blide 	sijn
M3_33_419_O	leert 	hij 	blide 	zijn
M3_33_419_W	leert 	hi 	blide 	sijn 
M3_33_419_Y		i 	blide 	sijn

M3_33_420_A	hi 	es 	in 	pinen 	altoes 	feeste
M3_33_420_B	hi 	es 	in 	pinen 	altois 	feeste
M3_33_420_C	hi 	is 	in 	pinen 	altoes 	feest
M3_33_420_F	hij 	heeft 	in 	pinen 	altoes 	feeste
M3_33_420_G	hi 	es 	in 	pinen 	altoes 	feeste
M3_33_420_L	hi 	es 	in 	pinen 	altoes 	feeste
M3_33_420_O	hij 	es 	in 	rauwen 	altoos 	feeste
M3_33_420_W	hi 	es 	in 	pinen 	altoes 	feeste
M3_33_420_Y		 		pinen 	altoes 	feeste

M3_33_421_A	hi 	doet 	meneghen 	die 		was 	beeste
M3_33_421_B	hi 	doet 	meneghen 	die 		was 	beeste
M3_33_421_C	hi 	doet 	meneghen 	die 	ierst 	was 	beest
M3_33_421_F	hij 	doet 	menigen 	die 		was 	beeste
M3_33_421_G	hi 	doet 	menegen 	die 		was 	beeste
M3_33_421_L	hi 	doet 	meneghen 	die 		w 	beeste
M3_33_421_O	hij 	doet 	menighen 	die 		was 	beeste
M3_33_421_W	hi 	doet 	menegen 	die 		was 	beeste
M3_33_421_Y		 	menegen 	die 		was 	beeste

M3_33_422_A	sijn 	zuuer 		ende 	fijn
M3_33_422_B	sijn 	zuuer 		ende 	fijn
M3_33_422_C	zijn 	zuuer 	wijs 	ende 	fijn
M3_33_422_F	siin 	zuuer 		ende 	fiin
M3_33_422_G		suuer 	wesen 	ende 	fijn
M3_33_422_L	sijn 	suuer 		ende 	fijn
M3_33_422_O	harde 	zuuer 		ende 	fijn
M3_33_422_W		suuer 	wesen 	ende 	fijn 
M3_33_422_Y		uer 		ende 	fijn

M3_33_423_A	wapene 	god 	die 	dit 		verheeste
M3_33_423_B	waphene 	god 	die 	dat 	b 	verheeste
M3_33_423_C	wapene 	god 	die 	dat 		vreest
M3_33_423_F	wapene 	god 	die 	dat 		vereeste
M3_33_423_G	wapen 	god 	die 	dat 		verheeste
M3_33_423_L	wapene 	god 	die 	dat 		vereeste
M3_33_423_O	waphene 	god 	die 	dat 		verheeste
M3_33_423_W	wapen 	god 	die 	dat 		verheeste
M3_33_423_Y	ne 	god 	die 	dat 		verheeste

M3_33_424_A	dat 	hi 	van 	sinen 	vulleeste
M3_33_424_B	dat 	hi 	van 	sinen 	vulleeste
M3_33_424_C	dat 	hi 	van 	zinen 	volleest
M3_33_424_F	dat 	hij 	van 	sinen 	volleeste
M3_33_424_G	dat 	hi 	van 	sinen 	volleeste
M3_33_424_L	dat 	hi 	van 	sinen 	vol
M3_33_424_O	dat 	hij 	van 	zijnen 	verleeste
M3_33_424_W	dat 	hi 	van 	sinen 	volleeste
M3_33_424_Y			n 	sinen 	volleeste

M3_33_425_A	smaecte 		een 	dropelkijn
M3_33_425_B	smaicte 		een 	dropelkijn
M3_33_425_C	smaecte 		een 	droepelkijn
M3_33_425_F	smaecte 		een 	dropelkin
M3_33_425_G	gesmaecte 		een 	dropelkijn
M3_33_425_L	smaecte 		een 	droepelkin
M3_33_425_O	mochte 	smaken 	een 	dropelkin
M3_33_425_W	ghesmaecte 		een 	dropelkijn
M3_33_425_Y	te 		een 	droepelkijn

M3_33_426_A	die 	ware 	gode 	die 	alre 	meeste
M3_33_426_B	hi 	ware 	gode 	die 	alre 	neeste
M3_33_426_C	die 	waer 	gode 		alre 	neest
M3_33_426_F	die 	ware 	god 	die 	alre 	meeste
M3_33_426_G	die 	ware 	gode 		dalre 	neeste
M3_33_426_L	die 	ware 	gode 	die 	alder 	neeste
M3_33_426_O	dat 	ware 	gode 	die 	alder 	meeste
M3_33_426_W	die 	ware 	gode 		dalre 	neeste
M3_33_426_Y		are 	gode 		dalre 	meeste

M3_33_427_A	want 	gheene 	vreese 	van 	tempeeste
M3_33_427_B	want 	ghene 	vrese 	van 	tempeeste
M3_33_427_C	want 	ghene 	vrese 	van 	tempeest
M3_33_427_F	want 	gheen 	vreese 	van 	tempeeste
M3_33_427_G		negeene 	vrese 	van 	tempeeste
M3_33_427_L		gheen 	vrese 	van 	tempeeste
M3_33_427_O	want 	ghene 	vrese 	van 	tempeeste
M3_33_427_W		negeene 	vrese 	van 	tempeeste
M3_33_427_Y		geen 	vreese 	van 	tempeeste

M3_33_428_A	noch 	oec 	ne 	gheen 	venijn
M3_33_428_B	noch 			gheen 	venijn
M3_33_428_C	noch 			gheen 	venijn
M3_33_428_F	noch 			gheenrehande 	fenijn
M3_33_428_G	noch 			negeen 	venijn
M3_33_428_O	noch 		ne 	gheen 	venijn
M3_33_428_W	noch 			negeen 	venijn
M3_33_428_Y				gheen 	venijn

M3_33_429_A	ne 	scaedde 	des 	zielen 	sijn
M3_33_429_B	en 	scadet 	der 	zielen 	sijn
M3_33_429_C	en 	scade 	der 	zielen 	zijn
M3_33_429_F	en 	scade 	der 	zielen 	zijn
M3_33_429_G	en 	scaedde 	der 	sielen 	sijn
M3_33_429_O	mochte 	scaden 	der 	zielen 	zijn
M3_33_429_W	en 	scaedde 	der 	sielen 	sijn
M3_33_429_Y		edde 	der 	zielen 	sijn

M3_34_430_A	dits 	des 	vaders 	ende 	soens 		gaue
M3_34_430_B	its 	des 	vaders 	ende 	des 	zoens 	gaue
M3_34_430_C	dits 		vaders 	ende 		zoens 	gaue
M3_34_430_D	dits 	vader 		ende 	soens 		gaue
M3_34_430_F	dits 		vaders 	ende 	tsoens 		gaue
M3_34_430_G	dits 	svader 		ende 	tsoens 		gaue
M3_34_430_L	dits 		tfaders 	ende 	tsoens 		gaue
M3_34_430_O	dits 	svaders 		ende 	soens 		gaue
M3_34_430_W	dits 	svader 		ende 	tsoens 		gaue

M3_34_431_A	rijcheit 		bouen 	alre 	haue
M3_34_431_B	rijcheit 		bouen 	alre 	haue
M3_34_431_C	rijcheit 		bouen 	alrehande 	haue
M3_34_431_D	rijcheyt 		bouen 	alle 	haue
M3_34_431_F	rijcheit 	die 	bouen 	alle 	haue
M3_34_431_G	rijcheit 		bouen 	alle 	haue
M3_34_431_L	rijcheit 		bouen 	allen 	haue
M3_34_431_O	richeit 		bouen 	alle 	haue
M3_34_431_W	rijcheit 		bouen 	alle 	haue

M3_34_432_A	fonteine 	des 	leuens 	al
M3_34_432_B	fonteyne 	des 	leuens 	al
M3_34_432_C	fonteine 	des 	leuens 	al
M3_34_432_D	fonteyne 	des 	leuens 	al
M3_34_432_F	fonteyne 	des 	leuens 	al
M3_34_432_G	fonteine 	des 	leuens 	al
M3_34_432_L	fonteine 	des 	leuens 	al
M3_34_432_O	fonteyne 	des 	leuens 	al
M3_34_432_W	fonteine 	des 	leuens 	al

M3_34_433_A		wie 	so 	porret 	vort 	hier 	haue
M3_34_433_B		wie 	so 	gheporret 	wert 	hier 	aue
M3_34_433_C		wie 	zo 	gheport 	wordt 	hier 	aue
M3_34_433_D		wie 		gheporret 	wort 	hier 	aue
M3_34_433_F	soe 	wie 		gheport 	wert 	hier 	aue
M3_34_433_G		wie 	dat 	geport 	wert 	hier 	aue
M3_34_433_L	soe 	wie 		geproeft 	wert 	hier 	aue
M3_34_433_O		wie 	zo 	gheporret 	wert 	hier 	aue
M3_34_433_W		wie 	dat 	geport 	wert 	hier 	aue

M3_34_434_A	wat 	rijcheden 		datmen 	hem 		gaue
M3_34_434_B	wat 	rijcheit 	so 	men 	hem 	els 	gaue
M3_34_434_C	wat 	rijcheiden 		men 	hem 	anders 	gaue
M3_34_434_D	wat 	rijcheyde 		men 	hem 		gaue
M3_34_434_F	wat 	rijcheit 		men 	hem 		gaue
M3_34_434_G	wat 	rijcheiden 		men 	hem 		gaue
M3_34_434_L	wat 	rijcheden 		men 	hem 		gaeue
M3_34_434_O	wat 	rijcheit 		men 	hem 	els 	gaue
M3_34_434_W	wat 	rijcheiden 		men 	hem 		gaue

M3_34_435_A	soude 	hem 	dincken 		smal
M3_34_435_B	soude 	hem 	dincken 		smal
M3_34_435_C	zoude 	hem 	dunken 		smal
M3_34_435_D	tsoude 	hem 	duncken 		smal
M3_34_435_F	soude 	hem 	duncken 	wesen 	smal
M3_34_435_G	souden 	hem 	dunken 		smal
M3_34_435_L	soude 	hem 	duncken 		smal
M3_34_435_O	soude 	hem 	dijnken 		smal
M3_34_435_W	souden 	hem 	duncken 		smal

M3_34_436_A	rijcheit 	die 	coninc 	heuet 	of 	graue
M3_34_436_B	rijcheit 	die 	coninc 	heift 	of 	graue
M3_34_436_C	rijcheit 	die 	coninc 	heeft 	of 	graue
M3_34_436_D	rijcheyt 	die 	coninck 	heeft 	oft 	graue
M3_34_436_F	rijcheit 	die 	coninc 	heeft 	oft 	graue
M3_34_436_G	rijcheit 	die 	coninc 	heeft 	of 	graue
M3_34_436_L	rijcheit 	die 	coninc 	heeft 	ofte 	graeue
M3_34_436_O	richeit 	de 	coninc 	gheeft 	of 	graue
M3_34_436_W	rijcheit 	die 	coninc 	heeft 	of 	graue

M3_34_437_A		nes 	tienden 	deel 		van 	eenen 	cave
M3_34_437_B		nes 	tienste 	deel 	niet 	van 	enen 	caue
M3_34_437_C	en 	is 	tiendedeel 		niet 	van 	enen 	caue
M3_34_437_D	ten 	es 	tiende 	deel 	niet 	van 	een 	caue
M3_34_437_F	en 	es 	tiendendeel 		niet 	van 	eenen 	caue
M3_34_437_G	en 	es 	tiendendeel 		niet 	van 	enen 	caue
M3_34_437_L		es 	tiendendeel 		niet 	van 	enen 	caeue
M3_34_437_O	en 	es 	tiendedeel 		niet 	van 	eenen 	caue
M3_34_437_W	en 	es 	tiendendeel 		niet 	van 	enen 	caue

M3_34_438_A	ghehacht 	vor 		dit 	gheval
M3_34_438_B	te 	mickene 	jeghen 	dit 	gheual
M3_34_438_C	ghemict 		ieghen 	dit 	gheual
M3_34_438_D	te 	micken 	ieghen 	dit 	gheual
M3_34_438_F	ghemaect 		yeghen 	dit 	gheual
M3_34_438_G	gheprijst 		iegen 	dit 	geval
M3_34_438_L			jeghen 	dit 	gheual
M3_34_438_O	gherekent 		ieghen 	dit 	gheual
M3_34_438_W	gheprijst 		iegen 	dit 	geval

M3_34_439_A	ihesus 		die 	ruste 		inden 	graue
M3_34_439_B	ihesus 		die 	rustes 		inden 	graue
M3_34_439_C	jhesu 	du 	die 	rustes 	in 	den 	graue
M3_34_439_D	ihesus 		die 	ruste 		inden 	graue
M3_34_439_F	jhesus 		die 	ruste 		inden 	graue
M3_34_439_G	jhesus 		die 	ruste 	in 	den 	graue
M3_34_439_L	 		die 	rust 		inden 	graeue
M3_34_439_O	jhesus 		die 	ruste 	in 	den 	graue
M3_34_439_W	jhesus 		die 	ruste 		inden 	graue

M3_34_440_A	met 	deser 	helicheit 	so 	laue
M3_34_440_B	mit 	deser 	eydelheit 	so 	laue
M3_34_440_C	met 	deser 	edelheit 	zo 	laue
M3_34_440_D	met 	deser 	edelheyde 	soe 	laue
M3_34_440_F	met 	deser 	edelheyt 	soe 	laue
M3_34_440_G	met 	deser 	edelheit 	so 	laue
M3_34_440_L	met 	deser 	edelheit 	soe 	laeu
M3_34_440_O	met 	deeser 	edelheit 	zo 	laue
M3_34_440_W	met 	deser 	edelheit 	so 	laue

M3_34_441_A	ons 	alse 	men 	rumen 	sal
M3_34_441_B	ons 		alsmen 	rumen 	sal
M3_34_441_C	ons 	allen 	alsmen 	rumen 	zal
M3_34_441_D	ons 		alsmen 	rumen 	sal
M3_34_441_F	ons 		alsmen 	rumen 	sal
M3_34_441_G	ons 	als 	men 	rumen 	sal
M3_34_441_L	ons 		alsmen 	rumen 	sal
M3_34_441_O	dus 	als 	men 	rumen 	zal
M3_34_441_W	ons 	als 	men 	rumen 	sal

M3_34_442_A	dit 	arme 	erdsche 	dal
M3_34_442_B	dit 	arme 	airtsche 	dal
M3_34_442_C	dit 	aerme 	aerdsce 	dal
M3_34_442_D	dit 	arme 	aertsche 	dal
M3_34_442_F	dit 	arme 	eertsche 	dal
M3_34_442_G	dit 	arme 	erdsche 	dal
M3_34_442_L	dit 	aerme 	ertsche 	dal
M3_34_442_O	dit 	aerme 	ertsce 	dal
M3_34_442_W	dit 	arme 	erdsche 	dal

M3_35_443_A	dits 	des 	vaders 	ende 	des 	sons 	minne
M3_35_443_B	dits 	des 	vaders 	ende 	des 	zoens 	minne
M3_35_443_C	dits 		vaders 	ende 		zoens 	minne
M3_35_443_D	dits 		vaders 	ende 		soens 	minne
M3_35_443_F	dits 		vaders 	ende 		soens 	minne
M3_35_443_G	dits 		svaders 	ende 		tsoens 	minne
M3_35_443_L	dits 		tfaders 	ende 		tsoens 	minne
M3_35_443_O	dits 		svaders 	ende 		soens 	minne
M3_35_443_W	dits 		svaders 	ende 	des 	soens 	minne
M3_35_443_Y			vaders 	ende 		tsoens 	minne

M3_35_444_A	dits 	caritate 	daer 	altoes 	inne
M3_35_444_B	dits 	caritate 	dair 	altois 	jnne
M3_35_444_C	dits 	caritate 	daer 	altoes 	inne
M3_35_444_D	ende 	caritate 	daer 	altoos 	inne
M3_35_444_F	dit 	karitate 	daer 	altoes 	inne
M3_35_444_G	dits 	karitate 	daer 	altoes 	inne
M3_35_444_L	dits 	caritaere 	daer 	altoes 	inne
M3_35_444_O	dits 	caritate 	daer 	altoos 	jnne
M3_35_444_W	dits 	caritate 	daer 	altoes 	inne
M3_35_444_Y	s 	caritate 	daer 	altoes 	inne

M3_35_445_A	rust 	die 	triniteit
M3_35_445_B	rust 	die 	triniteit
M3_35_445_C	ruste 	die 	triniteit
M3_35_445_D	rust 	die 	triniteyt
M3_35_445_F	rust 	die 	triniteyt
M3_35_445_G	rustet 	die 	triniteit
M3_35_445_L	ruust 	die 	triniteit
M3_35_445_O	rust 	die 	triniteit
M3_35_445_W	rust 	de 	triniteit 
M3_35_445_Y		die 	triniteyt

M3_35_446_A	hi 	es 	die 	der 	propheten 	sinne
M3_35_446_B	hi 	es 	die 		propheten 	zinne
M3_35_446_C	hi 	is 	die 	der 	propheten 	zinne
M3_35_446_D	hi 	is 	die 	der 	propheten 	sinne
M3_35_446_F		dits 	die 	der 	propheten 	zinne
M3_35_446_G		dits 	die 	der 	propheten 	sinne
M3_35_446_L	hi 	es 		der 	propheten 	sinne
M3_35_446_O		dits 	die 	der 	propheten 	zinne
M3_35_446_W		dits 	die 	der 	propheten 	sinne
M3_35_446_Y		 	die 	der 	propheten 	sinne

M3_35_447_A	leerde 	ende 	maecte 	in 	jnne
M3_35_447_B	leerde 	ende 	makede 	in 	jnne
M3_35_447_C	leerde 	ende 	maecte 	an 	inne
M3_35_447_D	leerde 	ende 	maecte 	an 	inne
M3_35_447_F	leerde 	ende 	maecte 	an 	inne
M3_35_447_G	leerde 	ende 	maecte 	in 	inne
M3_35_447_L	leerde 	ende 	maecte 	een 	inde
M3_35_447_O	leerde 	ende 	macte 	in 	jnne
M3_35_447_W	leerde 	ende 	maecte 	in 	inne
M3_35_447_Y	e 	ende 	maecte 	i 	inne

M3_35_448_A	des 	gods 	soens 	menschelicheit
M3_35_448_B	des 	gods 	soens 	menschelicheit
M3_35_448_C	des 	godszoene 		menschlijcheit
M3_35_448_D	die 	gods 	sone 	menschelicheyt
M3_35_448_F	die 	godssoens 		menschelicheyt
M3_35_448_G	des 	gods 	soens 	menschelecheit
M3_35_448_L	des 	gods 	sone 	menschelijcheit
M3_35_448_O	des 	godsoens 		menschelicheit
M3_35_448_W	des 	gods 	soens 	menschelecheit
M3_35_448_Y			soens 	menschelicheit

M3_35_449_A	hens 		coninc 	noch 	coninghinne
M3_35_449_B	hens 		coninc 	no 	coninginne
M3_35_449_C	hen 	is 	coninc 	noch 	coninghinne
M3_35_449_D	ten 	es 	coninck 	noch 	coninginne
M3_35_449_F	en 	es 	coninc 	no 	coninghinne
M3_35_449_G	en 	es 	coninc 	noch 	coninginne
M3_35_449_L	en 	es 	coninc 	noch 	coninghinne
M3_35_449_O	en 	es 	coninc 	no 	coninghinne
M3_35_449_W	en 	es 	coninc 	no 	coninginne 
M3_35_449_Y		s 	coninc 	noch 	coninginne

M3_35_450_A	die 	nemmer 	af 	laet 	ghewinne
M3_35_450_B	die 	emmermeer 	of 	laet 	ghewinne
M3_35_450_C	die 	emmermeer 		aflaet 	ghewinne
M3_35_450_D	die 	emmer 		aflaet 	ghewinne
M3_35_450_F	die 	emmermeer 		aflaet 	gewinne
M3_35_450_G	die 	emmermeer 		aflaet 	gewinne
M3_35_450_L	die 	emmermeer 		aflaet 	gewinne
M3_35_450_O	die 	nemmermeer 		aflaet 	ghewinne
M3_35_450_W	die 	emmermeer 	af 	laet 	gewinne
M3_35_450_Y		emmermeer 		aflaet 	gewinnen

M3_35_451_A	van 	sire 	onsalicheit
M3_35_451_B	van 	sire 	onsalicheit
M3_35_451_C	van 	zijnre 	onsaelicheit
M3_35_451_D	van 	sijnre 	onsalicheyt
M3_35_451_F	van 	zijre 	onsalicheyt
M3_35_451_G	van 	siere 	onsalecheit
M3_35_451_L	dan 	siere 	onsaelicheit
M3_35_451_O	van 	hare 	onsalicheit
M3_35_451_W	van 	siere 	onsalecheit
M3_35_451_Y		sijnre 	onsalicheit

M3_35_452_A	hine 		hebbe 	een 	traen 	al 	waert 	oe 	dinne
M3_35_452_B	hi 	en 	hebbe 	een 	traen 	al 	wert 	oic 	dinne
M3_35_452_C	hi 	ne 	hebbe 	een 	traen 	al 	waert 	oec 	dinne
M3_35_452_D	hi 	en 	heb 	een 	traen 	al 	eest 		dinne
M3_35_452_F	hij 	en 	heb 	een 	traen 	al 	wert 		dinne
M3_35_452_G	hine 		hebbe 	enen 	traen 	al 	waer 	hi 	dinne
M3_35_452_L	hine 		hebbe 	een 	traen 	al 	waer 	hi 	dinne
M3_35_452_O	si 	en 	hebben 	een 	traen 	al 	waere 	hi 	dinne
M3_35_452_W	hine 		hebbe 	enen 	traen 	al 	ware 	hi 	dinne
M3_35_452_Y		 	hebbe 	een 	traen 	al 	waert 		dinne

M3_35_453_A	van 	desen 	dauwe 	tsinen 		beghinne
M3_35_453_B	van 	desen 	dauwe 	te 	sinen 	beghinne
M3_35_453_C	van 	desen 	dauwe 	te 	zinen 	beghinne
M3_35_453_D	van 	desen 	dauwe 	ten 		beghinne
M3_35_453_F	van 	desen 	dauwe 	tsinen 		beghinne
M3_35_453_G	van 	desen 	dauwe 	tsinnen 		beginne
M3_35_453_L	dan 	desen 	dauwe 	tsinen 		beghinne
M3_35_453_O	van 	desen 	dauwe 	te 	haren 	beghinne
M3_35_453_W	van 	desen 	dauwe 	tsinen 		beghinne
M3_35_453_Y	 	desen 	dauwe 	tsine 		beginne

M3_35_454_A	al 	wel 	varen 	es 	hem 	ontseit
M3_35_454_B	al 	weluaren 		es 		ontseit
M3_35_454_C	al 	weluaren 		is 		ontfeit
M3_35_454_D	al 	weluaren 		is 	hem 	ontseyt
M3_35_454_F	al 	weluaren 		es 	hem 	ontseit
M3_35_454_G	al 	welvaren 		es 		ontseit
M3_35_454_L	alle 	wel 	vaeren 	es 	hem 	ontseit
M3_35_454_O	al 	weluaren 		es 	hem 	ontseit
M3_35_454_W	al 	wel 	varen 	es 		ontseit
M3_35_454_Y		weluaren 		es 	hem 	ontseit

M3_35_455_A	daer 	dese 	es 	onghereit
M3_35_455_B	dair 	dese 	es 	onghereyt
M3_35_455_C	daer 	dese 	is 	onghereit
M3_35_455_D	daer 	dese 	is 	onghereyt
M3_35_455_F	daer 	dese 	ziin 	onghereyt
M3_35_455_G	daer 	dese 	sijn 	ongereit
M3_35_455_L	daer 	dese 	sijn 	ongereit
M3_35_455_O	daer 	deese 	zijn 	onghereit
M3_35_455_W	daer 	dese 	sijn 	ongereit
M3_35_455_Y	r 	dese 	sijn 	ongereyt

M3_36_456_A	dese 	leerde 	den 	apostelen 	twaren	
M3_36_456_B	dese 	leerde 	te 	apostelen 	te 	waren
M3_36_456_C	dese 	leerde 	den 	apostelen 	twaren	
M3_36_456_D	dese 	leerde 	den 	apostelen 	tvaren	
M3_36_456_F	dese 	leerde 	den 	apostelen 	twaren	
M3_36_456_G	dese 	leerde 	den 	apostelen 	te 	waren
M3_36_456_L	dese 	leerde 	den 	apostelen 	twaeren	
M3_36_456_O	dese 	leerde 	den 	apostelen 	twaren	
M3_36_456_W	dese 	leerde 	den 	apostelen 	te 	waren
M3_36_456_Y	se 	leerde 	den 	apostelen 	twaren	

M3_36_457_A	alle 	die 	tonghen 	die 	doe 	waren
M3_36_457_B	alle 		tonghen 	die 	ye 	waren
M3_36_457_C	alle 		tonghen 	die 	doe 	waren
M3_36_457_D	alle 		tonghen 	die 	ye 	waren
M3_36_457_F	alle 		tongen 	die 	ye 	waren
M3_36_457_G	alle 		tongen 	die 	doe 	waren
M3_36_457_L	alle 		tongen 	die 	doen 	waren
M3_36_457_O	alle 		tonghen 	die 	doe 	waeren
M3_36_457_W	alle 		tongen 	die 	doe 	waren
M3_36_457_Y	lle 		tongen 	die 	doen 	waren

M3_36_458_A	in 	dese 	weerelt 	breet
M3_36_458_B	in 	dese 	werelt 	breet
M3_36_458_C	in 	der 	werelt 	breet
M3_36_458_D	in 	die 	werelt 	breyt
M3_36_458_F	in 	die 	werelt 	breyt
M3_36_458_G	jn 	die 	werelt 	breit
M3_36_458_L	inde 		werelt 	breit
M3_36_458_O	in 	de 	weerelt 	breit
M3_36_458_W	jn 	de 	werelt 	breyt 
M3_36_458_Y		ese 	werelt 	breyt

M3_36_459_A	dese 	gaf 	den 	martelaren
M3_36_459_B	dese 	gaf 	den 	martelaren
M3_36_459_C	dese 	gaf 	den 	martelaren
M3_36_459_D	dese 	leerde 	den 	martelaren
M3_36_459_F	dese 	gaf 	den 	martelaren
M3_36_459_G	dese 	gaf 	den 	martelaren
M3_36_459_L	dese 	gaf 	den 	martelaren
M3_36_459_O	dese 	gaf 	den 	martelaren
M3_36_459_W	dese 	gaf 	den 	martelaren
M3_36_459_Y	 	gaf 	den 	martelaren

M3_36_460_A	dat 	si 	consten 	sonder 	mesbaren
M3_36_460_B	datsi 		conden 	sonder 	mesbaren
M3_36_460_C	dat 	zij 	conden 	zonder 	misbaren
M3_36_460_D	dat 	sy 	connen 	sonder 	sparen
M3_36_460_F	dat 	zij 	conden 	sonder 	sparen
M3_36_460_G	dat 	si 	consten 	sonder 	mesbaren
M3_36_460_L	dat 	si 	conden 	sonder 	mesbaeren
M3_36_460_O	dat 	zij 	conden 	sonder 	sparen
M3_36_460_W	dat 	si 	consten 	sonder 	mesbaren
M3_36_460_Y	t 	si 	conden 	sonder 	sparen

M3_36_461_A	ghedoghen 	harde 	menich 	leit
M3_36_461_B	ghedoghen 		menich 	leet
M3_36_461_C	doghen 		menich 	leet
M3_36_461_D	ghedoghen 		menich 	leyt
M3_36_461_F	dogen 	lief 	ende 	leyt
M3_36_461_G	doegen 	lief 	ende 	leit
M3_36_461_L	doegen 	lief 	ende 	leit
M3_36_461_O	doeghen 	lief 	ende 	leit
M3_36_461_W	doegen 	lief 	ende 	leit
M3_36_461_Y	gen 		menich 	leyt

M3_36_462_A	dese 	can 	de 	sinne 	verclaren
M3_36_462_B	dese 	can 	die 	zinnen 	verclaren
M3_36_462_C	dese 	can 	die 	zinne 	verclaren
M3_36_462_D	dese 	can 	die 	sinnen 	verclaren
M3_36_462_F	dese 	can 	die 	sinne 	verclaren
M3_36_462_G	dese 	can 	die 	sinne 	verclaren
M3_36_462_L	dese 	can 	die 	sinne 	verclaeren
M3_36_462_O	dese 	can 	den 	zin 	verclaren
M3_36_462_W	dese 	can 	de 	sinne 	verclaren 
M3_36_462_Y	se 	can 	die 	sinne 	verclaren

M3_36_463_A	die 		de 	sonden 	hebben 	verzwaren
M3_36_463_B	die 	mit 		sonden 	hem 	verzwaren
M3_36_463_C	die 		met 	zonden 	hem 	verswaren
M3_36_463_D	die 	by 	adam 	verdonckert 		waren
M3_36_463_F	die 	mits 	adame 	verdonckert 		waren
M3_36_463_G	die 	hen 	met 	sonden 		uerwaren
M3_36_463_L	die 	hem 	met 	sonden 		verswaeren
M3_36_463_O	die 	van 		zonden 	hem 	veruaren
M3_36_463_W	die 	hen 	met 	sonden 		vervaren
M3_36_463_Y	e 	hem 	met 	sonden 		verswaren

M3_36_464_A	ende 		tcoude 	maken 	heet
M3_36_464_B	ende 		tcoude 	maken 	heet
M3_36_464_C	ende 		coude 	maken 	heet
M3_36_464_D	ende 	dat 	coude 	maken 	heet
M3_36_464_F	ende 		tcoude 	maken 	heit
M3_36_464_G	ende 		tcoude 	maken 	heit
M3_36_464_L	ende 		tcoude 	maeken 	heit
M3_36_464_O	ende 		tcoude 	maken 	heit
M3_36_464_W	ende 		tcoude 	maken 	heit
M3_36_464_Y	 	dat 	coude 	maken 	heit

M3_36_465_A	sinen 	lieuen 	sinen 	caren
M3_36_465_B	sinen 	lieuen 	sinen 	caren
M3_36_465_C	zinen 	lieuen 	zinen 	caren
M3_36_465_D	synen 	lieuen 		caren
M3_36_465_F	sinen 	lieuen 	sinen 	caren
M3_36_465_G	sinen 	lieuen 	sinen 	caren
M3_36_465_L	sine 	lieue 	sine 	caeren
M3_36_465_O	sinen 	lieuen 	zijnen 	caren
M3_36_465_W	sinen 	lieuen 	sinen 	caren
M3_36_465_Y	nen 	lieuen 	sinen 	caren

M3_36_466_A	deelt 	hi 			sonder 	eenich 	sparen
M3_36_466_B	deelt 	hi 		al 	sonder 	enich 	sparen
M3_36_466_C	gheeft 	hi 			zonder 	enich 	sparen
M3_36_466_D	deylt 	hi 			sonder 	eenich 	sparen
M3_36_466_F	deilt 	hij 		altoes 	sonder 		sparen
M3_36_466_G	deelt 	hi 			sonder 	enech 	sparen
M3_36_466_L	deilt 	hi 			sonder 		spaeren
M3_36_466_O	deelt 	hij 			zonder 	enich 	sparen
M3_36_466_W	deilt 	hi 			sonder 	enech 	sparen
M3_36_466_Y	lt 	hi 	stille 	al 	sonder 		sparen

M3_36_467_A	dat 	godlike 	cleet
M3_36_467_B	dat 	godlike 	cleet
M3_36_467_C	dat 	godlijc 	cleet
M3_36_467_D	dat 	godlike 	cleet
M3_36_467_F	dat 	godlike 	cleyt
M3_36_467_G	dat 	godleke 	cleit
M3_36_467_L	dat 	godlike 	cleit
M3_36_467_O	dat 	goddelike 	cleyt
M3_36_467_W	dat 	godleke 	cleit 
M3_36_467_Y	at 	godlike 	cleet

M3_36_468_A	dat 	nemmermeer 		vergheet	
M3_36_468_B	dat 	nemmermeer 	te 		gheet
M3_36_468_C	dat 	nummermeer 			tegheet
M3_36_468_D	dwelck 	nemmermeer 		vergheet	
M3_36_468_F	dat 	nemmermeer 	te 	nieute 	gheit
M3_36_468_G	dat 	nemmermeer 	en 	vergeit	
M3_36_468_L	dat 	nemmermeer 		vergheit	
M3_36_468_O	dat 	nemmermeer 	en 	vergheit	
M3_36_468_W	dat 	nemmermeer 	en 	vergeit	
M3_36_468_Y	 	ewelike 	steet		

M3_37_469_A	vvt 	helpt 	martijn 	sin 	ende 	tale
M3_37_469_B	wat 	helpt 	martin 	sin 	ende 	tale
M3_37_469_D	wat 	helpt 	martijn 	sin 	ende 	tale
M3_37_469_F	wat 	hulpt 	merten 	sin 	ende 	tale
M3_37_469_G	wat 	hulpt 	merten 	sin 	ende 	tale
M3_37_469_L	wat 	hulpt 	merten 	sin 	ende 	taele
M3_37_469_O	wat 	helpt 	martin 	zin 	ende 	taele
M3_37_469_W	wat 	hulpt 	merten 	sin 	ende 	tale
M3_37_469_Y	wat 	hulpt 	merten 	sin 	ende 	tale

M3_37_470_A	die 	begheuen 	mi 	alte 		male
M3_37_470_B	die 	begheuen 	my 	al 	te 	male
M3_37_470_D	die 	begheuen 	my 	al 	te 	male
M3_37_470_F	die 	begeuen 	mi 	alte 		male
M3_37_470_G	die 	begeuen 	mi 	altemale		
M3_37_470_L	die 	begheuen 	mi 	alte 		maele
M3_37_470_O	die 	begheuen 	my 	al 	te 	maele
M3_37_470_W	die 	begeuen 	mi 	altemale		
M3_37_470_Y	die 	begheuen 	mi 	alte 		male

M3_37_471_A	meer 	te 	sprekene 	vort
M3_37_471_B	meer 	te 	spreken 	voort
M3_37_471_D	maer 	te 	spreken 	voert
M3_37_471_F	meer 	te 	spreken 	voort
M3_37_471_G	meer 	te 	sprekene 	vort
M3_37_471_L	meer 	te 	sprekene 	voort
M3_37_471_O	meer 	te 	sprekene 	voort
M3_37_471_W	meer 	te 	sprekene 	voert
M3_37_471_Y	meer 	te 	spreeken 	voert

M3_37_472_A	elc 	persoen 	verstant 	mi 	wale
M3_37_472_B	elc 	persoen 	verstant 	my 	wale
M3_37_472_D	elck 	persoen 	verstaet 	mi 	wale
M3_37_472_F	elc 	persone 	verstant 	mi 	wale
M3_37_472_G	elc 	persoen 	verstant 	mi 	wale
M3_37_472_O	elc 	persoen 	verstaet 	my 	waele
M3_37_472_W	elc 	persoen 	verstant 	mi 	wale
M3_37_472_Y	elc 	persoen 	verstant 	mi 	wale

M3_37_473_A	es 		god 	ende 	dies 	nes 	gheene 	hale
M3_37_473_B	es 		god 	ende 	dies 	nes 	ghene 	hale
M3_37_473_D	es 		god 	dats 			gheen 	hale
M3_37_473_F	es 		god 	dits 			ghene 	hale
M3_37_473_G	es 	selue 	god 	sonder 				hale
M3_37_473_O	es 	een 	god 	sonder 				haele
M3_37_473_W	es 	selue 	god 	sonder 				hale 
M3_37_473_Y	es 	een 	god 	dats 	geen 			hale

M3_37_474_A	van 	dren 	daer 	men 	af 	hort
M3_37_474_B	van 	drien 	dairmen 		of 	hoert
M3_37_474_D	van 	drien 	daermen 			afhoert
M3_37_474_F	van 	drien 	dairmen 		af 	hoort
M3_37_474_G	van 	drien 	daer 	men 	af 	hort
M3_37_474_O	van 	drien 	daer 	ghi 	af 	hoort
M3_37_474_W	van 	drien 	daer 	men 	af 	hoert
M3_37_474_Y	van 	drien 	daer 	men 	af 	hoort

M3_37_475_A	doch 		eist 	waer 	een 	die 	berch 	ende 	dale
M3_37_475_B	doch 	en 	eist 	wair 	j 	die 	berg 	ende 	dale
M3_37_475_D	doch 		es 	maer 	een 	die 	berch 	ende 	dale
M3_37_475_F	doch 		eest 	mer 	j 	die 	berch 	ende 	dale
M3_37_475_G	doch 		eest 	maer 	een 	die 	berch 	ende 	dale
M3_37_475_L	doch 		eest 	maer 	i 	die 	berch 	ende 	daele
M3_37_475_O	doch 	en 	eist 	maer 	een 	die 	berch 	ende 	daele
M3_37_475_W	doch 	en 	eest 	mer 	i 	die 	berch 	ende 	dale
M3_37_475_Y	doch 		eest 	maer 	een 	die 	berch 	ende 	dale

M3_37_476_A	sciep 	ende 	al 		tgrote 	ende 	alt 		smale
M3_37_476_B	sciep 	ende 	al 	dat 	grote 	ende 	al 	dat 	smale
M3_37_476_D	schiep 	groot 				ende 			smale
M3_37_476_F	sciep 	groot 				ende 			smale
M3_37_476_G	ghesciep  	groet 	bi 			ende 			smale
M3_37_476_L	sciep 	groet 	al 			ende 			smaele
M3_37_476_O	ghesciep 	groot 				ende 			smaele
M3_37_476_W	ghesciep  	groet 	bi 			ende 			smale
M3_37_476_Y	sciep 	groet 				ende 			smale

M3_37_477_A	daer 		af 	tellen 	alle 	wort
M3_37_477_B	dair 		of 	spreken 	alle 	woirt
M3_37_477_D	daer 		af 	tellen 	alle 	woert
M3_37_477_F	daermen 		af 	tellet 	alle 	woort
M3_37_477_G	tellen 	hier 	af 	ende 	alle 	wort
M3_37_477_L	daer 		af 	tellen 	alle 	woort
M3_37_477_O	daer 		af 	spreken 	alle 	woort
M3_37_477_W	tellen 	hier 	af 	ende 	alle 	woert
M3_37_477_Y	daer 		af 	telle 	alle 	woert

M3_37_478_A	ne 	ganc 	niet 	ouer 	dese 	pale
M3_37_478_B	en 	ganc 	niet 	ouer 	dese 	pale
M3_37_478_D		ganck 	niet 	ouer 	dese 	pale
M3_37_478_F	en 	ganc 	niet 	ouer 	dese 	pale
M3_37_478_G		neganc 	niet 	ouer 	dese 	pale
M3_37_478_L	en 	ganc 	niet 	ouer 	dese 	paele
M3_37_478_O	en 	ganc 	niet 	ouer 	dese 	paele
M3_37_478_W		neganc 	niet 	ouer 	dese 	pale
M3_37_478_Y	ne 	ganc 	niet 	ouer 	dese 	pale

M3_37_479_A		hout 	dit 	in 	dire 	herten 	zale
M3_37_479_B	mer 	hout 	dit 	in 	dire 	harten 	zale
M3_37_479_D	maer 	hout 		in 	dijnre 	herten 	zale
M3_37_479_F		hout 	dit 	in 	diinre 	herten 	zale
M3_37_479_G		houdt 	dit 	in 	dijnre 	herten 	sale
M3_37_479_L		hout 		in 	dijnre 	herten 	saele
M3_37_479_O	maer 	sluut 		in 	diner 	herten 	zaele
M3_37_479_W		houdt 	dit 	in 	dijnre 	herten 	sale
M3_37_479_Y		hout 		in 	dijnre 	herten 	sale

M3_37_480_A	sone 		wertstu 	niet 	versmort
M3_37_480_B	so 	en 	wertstu 	niet 	versmoort
M3_37_480_D	soe 	en 	werstu 	niet 	versmoert
M3_37_480_F	sone 		wortstu 	niet 	versmoort
M3_37_480_G	sone 		wertstu 	niet 	versmort
M3_37_480_L	sone 	woordi 		niet 	versmoort
M3_37_480_O	zo 	en 	werstu 	niet 	versmoort
M3_37_480_W	so 	en 	wertstu 	niet 	versmoert 
M3_37_480_Y	so 	en 	waerstu 	niet 	versmoert

M3_37_481_A	in 	die 	helsche 	mort
M3_37_481_B	in 	de 	helsche 	moort
M3_37_481_D	in 	die 	helsche 	poert
M3_37_481_F	in 	die 	helsche 	poort
M3_37_481_G	jn 	die 	helsche 	poert
M3_37_481_L	inde 		helsche 	poort
M3_37_481_O	in 	die 	helle 	poort
M3_37_481_W	jn 	de 	helsche 	poert
M3_37_481_Y	inder 		helscer 	poert

M3_38_482_A	vvare 	oec 	jemen 	die 	weder 	sprake
M3_38_482_B	ware 	ooc 	yement 	die 		wedersprake
M3_38_482_C	waer 		iement 	diet 		wedersprake
M3_38_482_D	waer 		yemant 	die 	weder 	sprake
M3_38_482_F	waer 		yement 	die 	weder 	sprake
M3_38_482_G	ware 	oec 	iemen 	die 		wedersprake
M3_38_482_L	ware 	oec 	iement 	die 	weder 	spraeke
M3_38_482_O	ware 	oec 	yement 	die 		wedersprake
M3_38_482_W	ware 	oec 	iemen 	die 	weder 	sprake
M3_38_482_Y	waer 		yement 	die 	weder 	sprake

M3_38_483_A	dit 	gheloue 	ende 	dese 	sake
M3_38_483_B	dit 	gheloue 	ende 	dese 	sake
M3_38_483_C	dese 	gheloue 	ende 	dese 	zake
M3_38_483_D	dit 	gheloue 	ende 	dese 	sake
M3_38_483_F	dit 	gheloeue 	ende 	dese 	zake
M3_38_483_G	dit 	geloeue 	ende 	dese 	sake
M3_38_483_L	dit 	geloeue 	ende 	dese 	saeke
M3_38_483_O	dit 	gheloue 	ende 	dese 	zake
M3_38_483_W	dit 	geloeue 	ende 	dese 	sake
M3_38_483_Y	dit 	gheloue 	ende 	dese 	sake

M3_38_484_A	hi 	ware 	eewelike 	verdoemt
M3_38_484_B	hi 	ware 	ewelike 	verdomt
M3_38_484_C	die 	waer 	ewelijc 	verdoemt
M3_38_484_D		waer 	eewelijc 	verdoemt
M3_38_484_F	die 	waer 	eeuwelijc 	verdoemt
M3_38_484_G	hi 	ware 	ewelike 	verdoemt
M3_38_484_L		waer 	euweliken 	verdoemt
M3_38_484_O	die 	waere 	ewelijke 	verdomt
M3_38_484_W	hi 	ware 	eweleke 	verdoemt
M3_38_484_Y	die 	ware 	ewelijc 	verdoemt

M3_38_485_A	recht 	waert 	datmen 			inden 	brant 	stake
M3_38_485_B	recht 	waert 	datmen 			inden 	brant 	stake
M3_38_485_C	recht 	waert 	dat 	men 	in 	den 	brant 	stake
M3_38_485_D	recht 	waert 	datmen 			inden 	brant 	stake
M3_38_485_F	recht 	wert 	datmen 			inden 	brant 	stake
M3_38_485_G	recht 	waert 	dat 	menne 	in 	den 	brant 	stake
M3_38_485_L	recht 	waert 	datmen 			inden 	brant 	staeke
M3_38_485_O	recht 	waert 	dat 	men 	in 	den 	brant 	stake
M3_38_485_W	recht 	waert 	dat 	menne 	in 	den 	brant 	stake
M3_38_485_Y	recht 	waert 	datmen 			inden 	brant 	stake

M3_38_486_A	ende 				daer 	na 	thelsche 	vier 	smake
M3_38_486_B	ende 	hi 			dair 	na 	thelsche 	vier 	smake
M3_38_486_C	ende 	hi 			daer 	na 	thelsche 	vier 	smake
M3_38_486_D	ende 	dat 	helsche 					vier 	smake
M3_38_486_F	ende 				daerna 		thelsche 	vier 	smake
M3_38_486_G	ende 	in 	thelsche 	vier 	daer 	na 			rake
M3_38_486_L	ende 				daer 	na 	thelsche 	vier 	smaeken
M3_38_486_O	ende 				daer 	naer 	thelsche 	vier 	smake
M3_38_486_W	ende 	in 	thelsche 	vier 	daer 	na 			rake
M3_38_486_Y	ende 	hi 			daerna 		thelsce 	vier 	smake

M3_38_487_A	daer 	men 	die 	duuele 	in 	droemt
M3_38_487_B	dairmen 		den 	duuel 	in 	droomt
M3_38_487_C	daermen 		den 	duuel 	in 	droemt
M3_38_487_D	daermen 		den 	duuel 	in 	droemt
M3_38_487_F	daermen 		den 	duuel 	in 	dromt
M3_38_487_G	daer 	men 	den 	duuel 	in 	droemt
M3_38_487_O	daer 	men 	den 	viant 	in 	droemt
M3_38_487_W	daer 	men 	den 	duuel 	in 	droemt
M3_38_487_Y	daer 	men 	den 	duuel 	in 	droemt

M3_38_488_A		helpt 		god 	dat 	ic 	daer 		gherake
M3_38_488_B	help 			god 	dat 	ic 	dair 		gherake
M3_38_488_C		helpt 		god 	dat 	ic 	daer 	noch 	gherake
M3_38_488_D	nv 	helpt 		god 	dat 	ick 			gherake
M3_38_488_F		hulpt 		god 	dat 	ic 			gherake
M3_38_488_G	help 			god 	dat 	ic 	daer 	gerake	
M3_38_488_L		hulpt 		god 	dat 	ic 	daer 	geraeke	
M3_38_488_O	helpe 			god 	dat 	ic 	daer 		gherake
M3_38_488_W		helpt 	mi 	god 	dat 	ic 	daer 	gerake	
M3_38_488_Y		helpt 		god 	dat 	ic 	daer 	gerake	

M3_38_489_A	dat 	ic 		zie 		daer 	ic 	af 	make
M3_38_489_B	dair 	ic 		zie 	ende 	dair 	ic 		smake
M3_38_489_C	dat 	ic 	dat 	zie 		daer 	ic 	af 	make
M3_38_489_D	daer 	ick 		sie 	ende 				smake
M3_38_489_F	daer 	ic 		zie 	ende 	dair 	ic 		smake
M3_38_489_G	daer 	ic 		sie 	ende 	daer 	ic 		smake
M3_38_489_L	daer 	ic 		sie 	ende 				smaeke
M3_38_489_O	daer 	ic 		zie 	ende 				smaeke
M3_38_489_W	daer 	ic 		sie 	ende 	daer 	ic 		smake
M3_38_489_Y	daer 	ic 		sie 	ende 				smake

M3_38_490_A	die 	godheit 	al 	onghenoemt
M3_38_490_B	die 	godheit 		onghenoomt
M3_38_490_C	die 	godheit 		onghenoemt
M3_38_490_D	die 	godheyt 		onghenoemt
M3_38_490_F	die 	godheit 		onghenoemt
M3_38_490_G	die 	godheit 		ongenoemt
M3_38_490_L	die 	godheit 		ongenoemt
M3_38_490_O	die 	godhede 		onghenoemt
M3_38_490_W	die 	godheit 		ongenoemt
M3_38_490_Y	die 	godheit 		ongenoemt

M3_38_491_A	sone 		trect 	mi 	niet 	de 	helsche 	drake
M3_38_491_B	so 	en 	trect 	my 	niet 	die 	helsche 	drake
M3_38_491_C	zo 	ne 	trect 	mi 	niet 	die 	helsche 	drake
M3_38_491_D	soe 	en 	trect 	mi 	niet 	die 	helsce 	drake
M3_38_491_F	sone 		trect 	mi 	niet 	die 	helsche 	drake
M3_38_491_G	sone 		trect 	mi 		die 	helsche 	drake
M3_38_491_L	sone 		trect 	mi 	niet 	die 	helsche 	draeke
M3_38_491_O	zo 	en 	trect 	my 	niet 	die 	helsche 	drake
M3_38_491_W	so 	en 	trect 	mi 		die 	helsche 	drake
M3_38_491_Y	sone 		trect 	mi 	niet 	die 	helsce 	drake

M3_38_492_A	met 	hem 	ter 	eeweliker 	wrake
M3_38_492_B	met 	hem 	ter 	ewelike 	wrake
M3_38_492_C	met 	hem 	ter 	eweliker 	wrake
M3_38_492_D	met 	hem 	ter 	eewelijcker 	wrake
M3_38_492_F	met 	hem 	ter 	eeuweliker 	wrake
M3_38_492_G	niet 		ter 	eweliker 	wrake
M3_38_492_L	met 	hem 	ter 	euweliker 	wraeken
M3_38_492_O	met 	hem 	tot 	eweliker 	wraken
M3_38_492_W	niet 		ter 	eweliker 	wrake
M3_38_492_Y	met 	hem 	ter 	eweliker 	wrake

M3_38_493_A	daermen 	die 	duuele 	in 	droemt
M3_38_493_B	dair 	niemen 	vte 		comt
M3_38_493_C	daer 	niement 	vyt 	en 	coemt
M3_38_493_D	daer 	nyemant 	wt 	en 	coemt
M3_38_493_F	daer 	niemant 	vut 	en 	comt
M3_38_493_G	daer 	niemen 	wt 	en 	coemt
M3_38_493_L	daer 	niement 	wt 	en 	comt
M3_38_493_O	daer 	niement 	vut 	en 	comt
M3_38_493_W	daer 	niemen 	vte 	en 	coemt
M3_38_493_Y	daer 	niemen 	vut 	en 	comt

M3_38_494_A	wien 	dat 	scaet 	of 	vroemt
M3_38_494_B	wien 	soot 	scaet 	of 	vroemt
M3_38_494_C	wient 		scaedt 	oft 	vroemt
M3_38_494_D	wien 		tscaet 	of 	vroemt
M3_38_494_F	wient 		schaedt 	ofte 	vroemt
M3_38_494_G	wien 	dat 	scaedt 	ochte 	vroemt
M3_38_494_L	wient 		scaet 	ofte 	vroemt
M3_38_494_O	wien 	dat 	scaet 	of 	vroemt
M3_38_494_W	wien 	dat 	scaedt 	ofte 	vroemt
M3_38_494_Y	wien 	dat 	scaet 	oft 	vroemt

M3_39_495_A	amen 	jacop 		lieue 	gheselle
M3_39_495_B	amen 	iacop 		lieue 	gheselle
M3_39_495_C	ay 	mi 	jacob 	lieue 	gheselle
M3_39_495_D	amen 	iacop 		lieue 	gheselle
M3_39_495_F	amen 	iacob 		lieue 	gheselle
M3_39_495_G	amen 	iacob 		lieue 	geselle
M3_39_495_L	amen 	iacop 		lieue 	geselle
M3_39_495_O	amen 	iacob 		lieue 	ghezelle
M3_39_495_W	amen 	iacob 		lieue 	geselle
M3_39_495_Y	amen 	iacob 		lieue 	geselle

M3_39_496_A	mi 	dinct 	dat 	ic 	hu 	zeere 	quelle
M3_39_496_B	mi 	dincke 	dat 	ic 	di 	zere 	quelle
M3_39_496_C	mi 	dunct 	dat 	ic 	di 	zere 	quelle
M3_39_496_D	my 	dunct 	dat 	ick 	v 	seer 	quelle
M3_39_496_F	mi 	dunct 	dat 	ic 	v 	zere 	quelle
M3_39_496_G	mi 	dunct 	dat 	ic 	v 	sere 	quelle
M3_39_496_L	mi 	dunct 	dat 	ic 	v 	zeere 	quelle
M3_39_496_O	mi 	dijnke 	dat 	ic 	di 	zeere 	quelle
M3_39_496_W	mi 	dunct 	dat 	ic 	v 	sere 	quelle
M3_39_496_Y	mi 	dunct 	dat 	ic 	v 	zeere 	quelle

M3_39_497_A	doch 	haddix 		groten 	noot
M3_39_497_B	doch 	haddics 		grote 	noot
M3_39_497_C	doch 	had 	ics 	grote 	noet
M3_39_497_D	doch 	had 	ics 	groten 	noot
M3_39_497_F	doch 	haddics 		groten 	noot
M3_39_497_G	doch 	al 	des 	haddic 	noet
M3_39_497_L	doch 	haddics 		groeten 	noot
M3_39_497_O	doch 	hadde 	icx 	grooten 	noot
M3_39_497_W	doch 	al 	des 	haddic 	noet
M3_39_497_Y	doch 	haddics 		groten 	noet

M3_39_498_A	alsic 		dit 	lese 	ende 	spelle
M3_39_498_B	als 	ic 	dit 	lese 	ende 	spelle
M3_39_498_C	alsic 	dese 	dinc 	leere 	ende 	spelle
M3_39_498_D	als 	ick 	dit 	lese 	ende 	spelle
M3_39_498_F	als 	ic 	dit 	lese 	ende 	spelle
M3_39_498_G	alsic 		dit 	lese 	ende 	spelle
M3_39_498_L	alsic 		dit 	leese 	ende 	spelle
M3_39_498_O	als 	ic 	dit 	lese 	ende 	spelle
M3_39_498_W	alsic 		dit 	lese 	ende 	spelle
M3_39_498_Y	alsic 		dit 	lese 	ende 	spelle

M3_39_499_A	maghic 			leeren 	als 	ic 	vertelle
M3_39_499_B	mach 	ic 		leren 	als 	ic 	vertelle
M3_39_499_C	mach 	ic 		leren 	alsic 		vertelle
M3_39_499_D	mach 	ick 		leeren 	als 	ick 	vertelle
M3_39_499_F	mach 	ic 		leeren 	als 	ic 	vertelle
M3_39_499_G	magic 			leeren 	alsict 		vertelle
M3_39_499_L	maghic 			leeren 	alsic 		vertelle
M3_39_499_O	mach 	icker 	bi 	leeren 	als 	ict 	uertelle
M3_39_499_W	magic 			leeren 	alsict 		vertelle
M3_39_499_Y	magic 			leeren 	alsic 		vertelle

M3_39_500_A	mijn 	gheloue 	al 	bloot
M3_39_500_B	mijn 	geloue 	al 	bloot
M3_39_500_C	mijn 	gheloue 		albloet
M3_39_500_D	mijn 	gheloue 	al 	bloet
M3_39_500_F	miin 	gheloeue 	al 	bloot
M3_39_500_G	mijn 	geloeue 	al 	bloet
M3_39_500_L	mijn 	geloeue 	al 	bloet
M3_39_500_O	mijn 	gheloue 	al 	bloot
M3_39_500_W	mijn 	geloeue 	al 	bloet
M3_39_500_Y	mijn 	gheleue 	al 	bloet

M3_39_501_A	daer 	ic 	bi 	scuwen 	mach 	die 	helle
M3_39_501_B	dair 	ic 	bi 	scuwen 	mach 	die 	helle
M3_39_501_C	daer 	ic 	bi 	scuwen 	mach 	die 	helle
M3_39_501_D	daer 	ick 	by 	scuwen 	mach 	die 	helle
M3_39_501_F	daer 	ic 	bij 	scuwen 	mach 	die 	helle
M3_39_501_G	daer 	ic 	bi 	scuwen 	mach 	die 	helle
M3_39_501_L	daer 	ic 	bi 	scuwen 	mach 	die 	helle
M3_39_501_O	daer 	ic 	by 	scuwen 	mach 	die 	helle
M3_39_501_W	daer 	ic 	bi 	scumen 	mach 	die 	helle
M3_39_501_Y	daer 	ic 	bi 	scuwen 	mach 	die 	helle

M3_39_502_A	vp 	dat 	ic 	mi 	daer 	toe 	versnelle
M3_39_502_B	op 	dat 	ic 	mi 	dair 	toe 	versnelle
M3_39_502_C	op 	dat 	ic 	mi 	daertoe 		versnelle
M3_39_502_D	op 	dat 	ick 	my 	daer 	toe 	versnelle
M3_39_502_F	op 	dat 	ic 	mi 	daer 	toe 	versnelle
M3_39_502_G	op 	dat 	ic 	mi 	daer 	toe 	versnelle
M3_39_502_L	op 	dat 	ic 	mi 	daer 	toe 	versnelle
M3_39_502_O	vp 	dat 	ic 	my 	daertoe 		versnelle
M3_39_502_W	op 	dat 	ic 	mi 	daer 	toe 	versnelle
M3_39_502_Y		opdat 		mi 	daer 	toe 	versnelle

M3_39_503_A	te 	doene 	dat 	god 	gheboot
M3_39_503_B	te 	doene 	dat 	god 	geboot
M3_39_503_C	te 	doene 	dat 	god 	gheboet
M3_39_503_D	te 	doen 	dat 	god 	gheboot
M3_39_503_F	te 	doen 	dat 	god 	gheboot
M3_39_503_G	te 	doene 	dat 	god 	geboet
M3_39_503_L	te 	doene 	dat 	god 	geboet
M3_39_503_O	te 	doene 	dat 	god 	gheboet
M3_39_503_W	te 	doene 	dat 	god 	geboet
M3_39_503_Y	te 	doene 	dat 	god 	gheboet

M3_39_504_A	god 	die 	de 	doot 	wrac 	van 	abelle
M3_39_504_B	ende 	die 		doot 	wraec 	van 	abelle
M3_39_504_C	god 	die 	de 	doet 	wrac 	van 	abelle
M3_39_504_D	god 	die 	de 	doot 	wraecte 	van 	abelle
M3_39_504_F	god 	die 	de 	doot 	wrac 	van 	abelle
M3_39_504_G		die 	de 	doot 	wrac 	van 	abelle
M3_39_504_L	god 	die 	de 	doet 	wrac 	van 	abelle
M3_39_504_O	ende 	die 	de 	doot 	wrac 	van 	abelle
M3_39_504_W		die 	de 	doot 	wrac 	van 	abelle
M3_39_504_Y	god 	dye 	de 	doot 	wrac 	van 	abelle

M3_39_505_A		bringhe 	ons 	noch 	ter 	hogher 	celle
M3_39_505_B		bringhe 	ons 	noch 	ter 	hogher 	celle
M3_39_505_C		bringhe 	ons 	noch 	ter 	hogher 	celle
M3_39_505_D	brenghe 		ons 		ter 	hogher 	celle
M3_39_505_F		bringhe 	ons 		ter 	hogher 	celle
M3_39_505_G		moet 	ons 	bringen 	ter 	hoegher 	celle
M3_39_505_L		bringe 	ons 		ter 	hoger 	celle
M3_39_505_O		bringhe 	ons 		ter 	hogher 	celle
M3_39_505_W		moet 	ons 	bringen 	ter 	hoegher 	celle
M3_39_505_Y	hi 	bringe 	ons 		ter 	hoger 	selle

M3_39_506_A	dats 		in 	abrahams 	scoot
M3_39_506_B	dats 		in 	abrahams 	scoot
M3_39_506_C	dat 	is 		abrahams 	scoet
M3_39_506_D	dats 		in 	abrahams 	schoot
M3_39_506_F	dats 		in 	abrahams 	scoot
M3_39_506_G	dats 		in 	abrahans 	scoet
M3_39_506_L	dats 		in 	abrahams 	scoet
M3_39_506_O	dat 	es 	in 	abrahams 	scoot
M3_39_506_W	dats 		in 	abrahams 	scoet
M3_39_506_Y	dats 		in 	abrahams 	schoet

M3_39_507_A	Naer 	dese 	corte 	doot	. 	Amen	".


"
M3_39_507_B	na 	dese 	corte 	doot  		amen 	
M3_39_507_C	na 	deser 	menschliker 	doet			
M3_39_507_D	na 	dese 	corte 	doot			
M3_39_507_F	na 	dese 	corte 	doot			
M3_39_507_G	Na 	dese 	corte 	doot	: 	Amen	":


"
M3_39_507_L	na 	dese 	corte 	doot			
M3_39_507_O	na 	deese 	corte 	doot			
M3_39_507_W	Na 	dese 	corte 	doot 		"Amen


"	
M3_39_507_Y	Na 	dese 	corte 	"doot


"			

M1_51_661_Ant	mine 		besce				
M1_51_661_B	mi 	en 	bescede 	dit 		dijn 	mont
M1_51_661_BR	mine 		besceede 	dit 		dijn 	mont
M1_51_661_C	mine 		bescede 	dat 		dijn 	mont
M1_51_661_D	my 	en 	beschede 	dit 		dijn 	mont
M1_51_661_F	my 	en 	bescheede 	dit 		diin 	mont
M1_51_661_G	mi 	en 	besceede 	dit 		dijn 	mont
M1_51_661_O	my 	en 	besceede 	daer 	af 	dijn 	mont
M1_51_661_Z	mi 	en 	besceede 	dit 		dijn 	mont

M1_9_115_B	die 	scalc 	mit 	hem 	te 		rade 	las
M1_9_115_C	die 	scalke 			te 	sinen 	raden 	las
M1_9_115_D	die 	scalke 				tsinen 	rade 	las
M1_9_115_F	die 	scalke 			te 	sinen 	rade 	las
M1_9_115_G	die 	scalke 				tsinen 	rade 	las
M1_9_115_L		lke 				tsinen 	raede 	las
M1_9_115_O	die 	scalke 				tsinen 	rade 	las
M1_9_115_Y	die 	scalke 				tsinen 	rade 	las

M1_11_141_B		dese 	dinc 	eist 	wair 	so 	ghies
M1_11_141_C	is 	dese 	dinc 		waer 	zo 	ghies
M1_11_141_D		dese 	dinck 	ees 	waer 	soe 	ghies
M1_11_141_F		dese 	dinc 	eest 	waer 	zo 	ghies
M1_11_141_G		dese 	dinc 	eest 	waer 	so 	gies
M1_11_141_L	dunct 	v 	dit 		waer 	soe 	ghies
M1_11_141_O		deser 	dijnc 	eist 	waer 	so 	ghies
M1_11_141_Y		dese 	dinc 	es 	waer 	soe 	gies

M1_59_765_B	dair 	god 	sal 	domen 	openbair		
M1_59_765_C	daer 	god 	zal 	doemen 	openbaer		
M1_59_765_D	daer 	god 	sal 	doemen 	openbaer		
M1_59_765_F	daer 	god 	sal 	doemen 	openbaer		
M1_59_765_G		god 	sal 	doemen 	openbaer		
M1_59_765_L	daer 	god 	sal 	doemen 	oppenbaer		
M1_59_765_O	daer 	minne 	niet 	en 	hent 	haer 	iaer

M3_19_235_B	anden 		vader 	van 	hemelrike
M3_19_235_C	an 	den 	vader 	van 	hemelrike
M3_19_235_D	inden 		vader 	van 	hemelrijke
M3_19_235_F	inden 		vader 	van 	hemelrike
M3_19_235_G	ane 	den 	vader 	van 	hemelrike
M3_19_235_O	in 	den 	heere 	van 	hemelrijke
M3_19_235_W	ane 	den 	vader 	van 	hemelrike

M3_19_236_B	ende 	anden 		zone 	dies 	ghelike
M3_19_236_C	ende 	aen 	den 	zoene 	dies 	ghelike
M3_19_236_D	ende 	inden 		sone 	des 	ghelike
M3_19_236_F	ende 	inden 		zone 	des 	ghelike
M3_19_236_G	ende 	ane 	den 	sone 	dies 	gelike
M3_19_236_O		in 	den 	zoene 	der 	ghelijke
M3_19_236_W	ende 	ane 	den 	sone 	dies 	gelike

M3_19_237_B	ende 	anden 		heilighen 	gheest
M3_19_237_C	ende 	an 	den 	heilighen 	gheest
M3_19_237_D	ende 	inden 		heylighen 	gheest
M3_19_237_F	ende 	inden 		heiligen 	gheest
M3_19_237_G	ende 	aen 	den 	heilegen 	geest
M3_19_237_O	ende 	in 	den 	heilighen 	gheest
M3_19_237_W	ende 	ane 	den 	heilegen 	gheest

M3_19_238_B	so 	es 	mijn 	geloue 	also 	rijke
M3_19_238_C	zo 	is 	mijn 	gheloue 	also 	rike
M3_19_238_D	soe 	is 	mijn 	gheloue 	soe 	rijke
M3_19_238_F		es 	mijn 	gheloue 	alsoe 	rijcke
M3_19_238_G		es 	mijn 	geloeue 	also 	rike
M3_19_238_O		es 	mijn 	gheloue 	also 	rijke
M3_19_238_W		es 	mijn 	geloeue 	also 	rike

M3_19_239_B	dat 	een 	god 	is 	ende 	ics 	ne 	wike
M3_19_239_C	dat 	een 	god 	is 	des 	ic 	niene 	wike
M3_19_239_D	dat 	een 	god 	is 	des 	ick 	en 	wijke
M3_19_239_F	dat 	een 	god 	es 	ende 	icken 		wijke
M3_19_239_G	dat 	een 	god 	es 	dien 	ic 		wike
M3_19_239_O	dat 	een 	god 	es 	dien 	ic 		wijke
M3_19_239_W	dat 	een 	god 	es 	dien 	ic 		wike

M3_19_240_B	hoe 	so 	ic 	worde 	gheureest
M3_19_240_C	hoe 	zoet 		woerde 	vereest
M3_19_240_D	hoe 	dat 	ick 	werde 	gheureest
M3_19_240_F	hoe 	dat 	ic 	werde 	ghevreest
M3_19_240_G	hoe 	dat 	ic 	werde 	gevreest
M3_19_240_O	zo 	houde 	ic 	worde 	gheureest
M3_19_240_W	hoe 	dat 	ic 	werde 	gevreest

M3_19_241_B	mer 	segt 	mi 	so 	claer 	dat 		blike
M3_19_241_C	mer 	zegh 	mi 	alse 	claer 	dat 	het 	blike
M3_19_241_D	maer 	sech 	mi 		claer 	dat 		blike
M3_19_241_F	maer 	segt 	mi 		claer 	dat 		blike
M3_19_241_G	maer 	segt 	mi 	so 	claer 	dat 	het 	blike
M3_19_241_O	maer 	seght 	my 	zo 	claer 	dat 	het 	blike
M3_19_241_W	maer 	segt 	mi 	soe 	claer 	dat 	het 	blike

M3_19_242_B	hoe 	die 	zone 	die 	ewelike
M3_19_242_C	hoe 	die 	zoene 	die 	ewelike
M3_19_242_D	hoe 	die 	sone 	die 	ewelike
M3_19_242_F	hoe 	die 	sone 	die 	eeuwelike
M3_19_242_G	hoe 	die 	sone 	die 	eewelike
M3_19_242_O	hoe 	die 	zone 	die 	ewelijke
M3_19_242_W	hoe 	die 	sone 	die 	eewelike

M3_19_243_B	den 	vader 	es 	alre 	neest
M3_19_243_C	den 	vader 	is 		alreneest
M3_19_243_D	den 	vader 	is 	alder 	neest
M3_19_243_F	den 	vader 	es 	alder 	naest
M3_19_243_G	den 	vader 	es 	alre 	meest
M3_19_243_O	den 	vader 	es 	alder 	neest
M3_19_243_W	den 	vader 	es 	alre 	meest

M3_19_244_B	mensceyt 	ontfinc 	van 	onsen 	gelike
M3_19_244_C	menscheit 	ontfienc 	van 	onsen 	slike
M3_19_244_D	menscheyt 	ontfinck 	van 	onsen 	slike
M3_19_244_F	menscheyt 	ontfinc 	van 	onsen 	slijcke
M3_19_244_G	menscheit 	ontfinc 	van 	onsen 	slike
M3_19_244_O	menscheit 	ontfinc 	van 	onsen 	slike
M3_19_244_W	menscheit 	ontfinc 	van 	onsen 	slike

M3_19_245_B	dat 	di 	god 		niet 		bezwike
M3_19_245_C	dat 	di 	die 	ghene 	niene 		beswike
M3_19_245_D	dat 	hi 	de 	ghene 	niet 	en 	beswike
M3_19_245_F	dat 	hij 	die 	ghene 	niet 	en 	bezwijcke
M3_19_245_G	dat 	di 	de 	gene 	niet 	en 	beswike
M3_19_245_O	datti 		de 	ghene 	niet 	en 	bezwijke
M3_19_245_W	dat 	di 	de 	ghene 	niet 	en 	beswike

M3_19_246_B	ende 	hi 		di 	gheue 	volleest
M3_19_246_C	ende 	hi 	doe 	di 		volleest
M3_19_246_D	ende 	hi 		dy 	gheue 	volleest
M3_19_246_F	ende 	hij 		die 	ghene 	volleest
M3_19_246_G	ende 	hi 		di 	doe 	volleest
M3_19_246_O	ende 	hij 		die 	toe 	vulleest
M3_19_246_W	ende 	hi 		di 	doe 	volleest

M3_19_247_B	die 	minst 	was 		ende 	wort 	meest
M3_19_247_C	die 	minst 	waert 		ende 	was 	meest
M3_19_247_D	die 	minst 		wert 	ende 	was 	meest
M3_19_247_F	die 	minst 	was 	wert 			meest
M3_19_247_G	die 	minst 		wert 	ende 	was 	meest
M3_19_247_O	die 	minst 	wart 		ende 	was 	meest
M3_19_247_W	die 	minst 		werdt 	ende 	was 	meest

M3_20_248_B	ende 	omme 			dat 		dit 	moete 		gedien
M3_20_248_C	ende 	om 			dat 	onse 	bede 	te 	bet 	ghedijen
M3_20_248_D	ende 	om 			dat 		dit 	moet 		gheschien
M3_20_248_F	ende 	om 			dat 			moete 		ghedien
M3_20_248_G	ende 	om 			dat 	ic 	dat 	moete 	gebien	
M3_20_248_O	ende 	omme 			dat 		dit 	moete 		ghedien
M3_20_248_W	ende 	om 	dat 	ic 	dat 	ic 	dat 	moete 	gelien	

M3_20_249_B	so 	bidden 	wi 	der 	maghet 	marien
M3_20_249_C	zo 	bidde 	wij 	der 	maghet 	marien
M3_20_249_D	soe 	bidden 	wy 	der 	maecht 	marien
M3_20_249_F	so 	bid 	ic 	der 	maecht 	marien
M3_20_249_G	soe 	biddic 		der 	maget 	marien
M3_20_249_O		bidden 	wij 	der 	maghet 	marien
M3_20_249_W	soe 	biddic 		der 	maget 	marien

M3_20_250_B	diene 			maghet 	ontfinc
M3_20_250_C	diene 	maecht 			ontfinc
M3_20_250_D	die 	hem 		maghet 	ontfinck
M3_20_250_F	diene 			maghet 	ontfinc
M3_20_250_G	diene 			maget 	ontfinc
M3_20_250_O	die 	den 	godsone 	maghet 	ontfinc
M3_20_250_W	dienne 	maecht 			ontfinc

M3_20_251_B	ende 	maghet 	ghenas 	des 	wi 	al 	lyen
M3_20_251_C	ende 	maecht 	ghenas 	des 	wij 	alle 	lijen
M3_20_251_D	ende 	maghet 	was 	als 	wi 		lien
M3_20_251_F	ende 	maget 	ghenas 	des 	wij 		lyen
M3_20_251_G	ende 	maget 	bleef 	dies 	wi 	alle 	lien
M3_20_251_O	ende 	maghet 	drouch 	dies 	wij 		lyen
M3_20_251_W	ende 	maget 	bleef 	dies 	wi 	alle 	lien

M3_20_252_B		dair 	wise 	alle 	omme 		benedien
M3_20_252_C		daer 	wij 	ze 	omme 	noch 	ghebenedijen
M3_20_252_D	ende 			alle 	daer 	om 	benedien
M3_20_252_F		daer 	wise 	al 		om 	benedyen
M3_20_252_G		daer 	wise 		omme 		benedien
M3_20_252_O	ende 	daer 			omme 		benedien
M3_20_252_W		daer 	wise 		omme 		benedien 

M3_20_253_B	datsi 	starcke 			onse 	dinc
M3_20_253_C	dat 	starke 			onze 	dinc
M3_20_253_D	dat 	si 		sterck 	ons 	dinck
M3_20_253_F	dat 	sij 	zoe 	stercke 	onse 	dinc
M3_20_253_G	dat 	si 		gestercke 	onse 	dinc
M3_20_253_O	dat 		zoe 	ghesterke 	onse 	dijnc
M3_20_253_W	dat 	si 		gestercke 	onse 	dinc

M3_20_254_B	ende 	moete 	claersen 	ende 	wien
M3_20_254_C	ende 	moet 	claren 	ende 	wijen
M3_20_254_D	ende 	moeten 	claren 	ende 	wien
M3_20_254_F	ende 	moete 	claren 	ende 	wien
M3_20_254_G	ende 	moete 	claren 	ende 	wien
M3_20_254_O	ende 	moete 	claren 	ende 	wien
M3_20_254_W	ende 	moete 	claren 	ende 	wien 

M3_20_255_B	dinen 	zin 	ende 		van 	zonden 	vrien
M3_20_255_C	minen 	zin 	ende 	zo 	van 	zonden 	vrijen
M3_20_255_D	dyne 	sinnen 			van 	sonden 	vrien
M3_20_255_F	dinen 	sin 	ende 		van 	sonden 	vryen
M3_20_255_G	dinen 	sin 	ende 		van 	sonden 	vrien
M3_20_255_O	onsen 	zin 	ende 		van 	zonden 	vryen
M3_20_255_W	dinen 	sin 	ende 		van 	sonden 	vrien

M3_20_256_B		dat 	herte 	si 	sonder 	winc
M3_20_256_C		dat 	therte 	zi 	zonder 	winc
M3_20_256_D	dat 	dat 	herte 	sy 	sonder 	winck
M3_20_256_F		dat 	therte 	sij 	sonder 	winc
M3_20_256_G		dat 	therte 	si 	sonder 	winc
M3_20_256_O		dat 	therte 	zij 	zonder 	winc
M3_20_256_W		dat 	therte 	si 	sonder 	winc 

M3_20_257_B	van 	alrehande 	dorpernien
M3_20_257_C	van 	enighen 	dorpernijen
M3_20_257_D	van 	alderhande 	dorpernien
M3_20_257_F	van 	enegherande 	dorpernyen
M3_20_257_G	van 	alre 	dopernie
M3_20_257_O	van 	alderande 	dorpernyen
M3_20_257_W	van 	alre 	dorpernien

M3_20_258_B		du 	en 	moets 	mi 	oec 	niet 	tyen
M3_20_258_C		du 	ne 	moets 	mi 	oec 	niet 	tijen
M3_20_258_D		du 	en 	moets 	my 	oeck 	niet 	tien
M3_20_258_F		dune 		moets 	mi 	oic 	niet 	tyen
M3_20_258_G	ende 	dune 		moets 	mi 	oec 	niet 	tien
M3_20_258_O			ghine 	moet 	my 	oec 	niet 	tyen
M3_20_258_W	ende 	du 	en 	moet 	mi 	oec 	niet 	tien 

M3_20_259_B	dat 	ic 	di 	te 	naer 	ghinc
M3_20_259_C	dat 	ic 	di 	te 	na 	ghinc
M3_20_259_D	dat 	ick 	dy 	te 	na 	ghinck
M3_20_259_F	dat 	ic 	dij 	te 	na 	ghinc
M3_20_259_G	dat 	ic 	di 	te 	na 	ginc
M3_20_259_O	dat 	ic 	hu 	te 	na 	ghinc
M3_20_259_W	dat 	ic 	di 	te 	na 	ginc

M3_20_260_B	mer 	minen 	wille 	volbring
M3_20_260_C	mer 	minen 	wille 	volbrinc
M3_20_260_D	maer 	mynen 	wille 	volbrinck
M3_20_260_F	maer 	minen 	wille 	volbrinc
M3_20_260_G	maer 	minen 	wille 	volbrinc
M3_20_260_O	maer 	mine 	wille 	vulbrinc
M3_20_260_W	maer 	minen 	wille 	volbrinc

M3_21_261_B	mairtin 	die 	val 	van 	lucifaer
M3_21_261_C	martijn 	die 	val 	van 	lucifere
M3_21_261_D	martijn 	die 	val 	van 	lucifere
M3_21_261_F	merten 	den 	val 	van 	lucifere
M3_21_261_G	merten 	die 	val 	van 	lucifere
M3_21_261_O	martin 	den 	val 	van 	lucifeere
M3_21_261_W	merten 	die 	val 	van 	lufere 

M3_21_262_B	der 	houairden 	ende 	des 	nijts 	here
M3_21_262_C	der 	houaerden 	ende 	des 	nijds 	here
M3_21_262_D	der 	houaerdien 	ende 	des 	nijts 	here
M3_21_262_F	der 	houerden 	ende 	des 	nijts 	here
M3_21_262_G	der 	houerden 	ende 	des 	nijts 	here
M3_21_262_O	der 	houerden 	ende 	des 	nijts 	heere
M3_21_262_W	der 	houerden 	ende 	des 	nijts 	here

M3_21_263_B	die 	was 	also 	groot
M3_21_263_C	die 	was 	also 	groet
M3_21_263_D	die 	was 	alsoe 	groot
M3_21_263_F	die 	was 	also 	groot
M3_21_263_G	die 	was 	also 	grot
M3_21_263_O	die 	was 	also 	groot
M3_21_263_W	die 	was 	also 	grot 

M3_21_264_B	dat 	vele 	englen 	ontgolden 	zere
M3_21_264_C	dat 	vele 	inglen 	ontgouden 	zere
M3_21_264_D	dat 	veel 	ynghelen 	becochten 	sere
M3_21_264_F	dat 	vele 	inghelen 	ontgouden 	zere
M3_21_264_G	dat 	vele 	ingele 	ontgouden 	sere
M3_21_264_O	dat 	vele 	inghelen 	ontgolden 	zeere
M3_21_264_W	dat 	vele 	ingele 	ontgouden 	sere

M3_21_265_B	dies 	met 	hem 	ware 	vten 	kere
M3_21_265_C	die 	met 	hem 	waren 	buten 	kere
M3_21_265_D	die 	met 	hem 	waren 	wten 	kere
M3_21_265_F	die 	met 	hem 	waren 	vten 	keere
M3_21_265_G	die 	met 	hem 	waren 	vten 	kere
M3_21_265_O	die 	met 	hem 	waeren 	buten 	keere
M3_21_265_W	die 	met 	hem 	waren 	vten 	kere 

M3_21_266_B	ende 	vielen 	in 	de 	doot
M3_21_266_C	ende 	viel 	in 	die 	doet
M3_21_266_D	ende 	vielen 	in 	die 	doot
M3_21_266_F	ende 	vielen 	in 	die 	doot
M3_21_266_G	ende 	vielen 	in 	die 	doot
M3_21_266_O	ende 	vielen 	in 	die 	doot
M3_21_266_W	ende 	vielen 	in 	de 	doot

M3_21_267_B	doe 	dede 	god 	den 	mensche 	die 	ere
M3_21_267_C	doe 	dede 	god 	den 	mensche 	die 	eere
M3_21_267_D	doe 	dede 	god 	den 	menschen 	die 	ere
M3_21_267_F	doen 	dede 	god 	den 	mensche 	die 	eere
M3_21_267_G	doe 	dede 	god 	den 	mensche 	die 	ere
M3_21_267_O	doe 	dede 	god 	den 	mensche 	die 	eere
M3_21_267_W	doe 	dede 	god 	den 	mensche 	die 	eere

M3_21_268_B	dat 	hine 		ghesciep 	om 	dat 	hi 		lere
M3_21_268_C	dat 	hi 	ne 	ghesciep 	om 	dat 	hi 		lere
M3_21_268_D	dat 	hi 	hem 	sciep 	om 	dat 	hi 	hem 	lere
M3_21_268_F	dat 	hine 		sciep 	om 	datti 			leere
M3_21_268_G	dat 	hine 		sciep 	op 	dat 	hi 		lere
M3_21_268_O	dat 	hine 		sciep 	om 	dat 	hi 		leere
M3_21_268_W	dat 	hine 		sciep 	op 	dat 	hi 		leere 

M3_21_269_B	te 	doene 	dat 	god 	gheboot
M3_21_269_C	te 	doene 	dat 	god 	gheboet
M3_21_269_D	te 	doen 	dat 	god 	gheboot
M3_21_269_F	te 	doene 	dat 	god 	gheboot
M3_21_269_G	te 	doene 	dat 	god 	geboet
M3_21_269_O	te 	doene 	dat 	god 	gheboot
M3_21_269_W	te 	doene 	dat 	god 	geboet

M3_21_270_B	ende 		te 	besitten 	dan 	emmermere
M3_21_270_C	ende 	hi 		besit 		emmermere
M3_21_270_D	ende 	soude 		besitten 		ymmermere
M3_21_270_F	ende 	besitten 	te 		hare 	onneere
M3_21_270_G	ende 	besitte 			dan 	emmermeerre
M3_21_270_O	ende 		dan 	besitten 		emmermeere
M3_21_270_W	ende 	besitten 	dan 			emmermeere

M3_21_271_B	dier 	inglen 	stoel 	ter 	harer 	onnere
M3_21_271_C	der 	ingle 	stoel 	te 	hoeren 	ere
M3_21_271_D	der 	ynghelen 	stoel 	met 	grooter 	ere
M3_21_271_F	der 	ingelen 	stoel 	met 	groter 	eere
M3_21_271_G	der 	ingele 	stoel 	ende 	vort 	mere
M3_21_271_O	der 	inghelen 	stoel 	met 	grooter 	eere
M3_21_271_W	der 	ingele 	stoel 	ende 	vort 	meere

M3_21_272_B	ende 	nutte 		themelsche 	broot
M3_21_272_C	ende 	nut 	dat 	hemelsche 	broet
M3_21_272_D	ende 	nutten 		themels 	broot
M3_21_272_F	ende 	nutten 		themels 	broot
M3_21_272_G		nutte 		themelsche 	broet
M3_21_272_O	ende 	nutten 		themelsche 	broot
M3_21_272_W		nutten 		themelsche 	broet 

M3_21_273_B	sonder 		wederstoot
M3_21_273_C	zonder 		wederstoet
M3_21_273_D	sonder 	enich 	wederstoot
M3_21_273_F	sonder 	enighen 	wederstoot
M3_21_273_G	sonder 	weder 	stoet
M3_21_273_O	sonder 	enighen 	wederstoot
M3_21_273_W	sonder 	weder 	stoet

M3_22_274_B	die 	heeft 	die 	duuel 	vernomen
M3_22_274_C	dit 	heeft 	die 	duuel 	vernomen
M3_22_274_D	dit 	heeft 	die 	duuel 	vernomen
M3_22_274_F	dit 	heeft 	die 	duuel 	vernomen
M3_22_274_G	dit 	heeft 	die 	duuel 	vernomen
M3_22_274_O	dit 	heuet 	de 	viant 	vernomen
M3_22_274_W	dit 	heeft 	de 	duuel 	vernomen

M3_22_275_B	ende 	es 	totter 		menscheit 	comen
M3_22_275_C	ende 	is 	tot 	der 	menscheit 	comen
M3_22_275_D	ende 	is 	totter 		menscheyt 	ghecomen
M3_22_275_F	ende 	es 	toter 		menscheit 	comen
M3_22_275_G	ende 	es 	toter 		menscheit 	comen
M3_22_275_O	ende 	es 	toter 		menscheit 	comen
M3_22_275_W	ende 	es 	toter 		menscheit 	comen 

M3_22_276_B	sprekende 	int 	serpent
M3_22_276_C	sprekende 	int 	serpent
M3_22_276_D	sprekende 	int 	serpent
M3_22_276_F	sprekende 	int 	serpent
M3_22_276_G	sprekende 	in 	tserpent
M3_22_276_O	spreken 	int 	serpent
M3_22_276_W	sprekende 	in 	tserpent

M3_22_277_B	ende 	heuet 		tonser 	vromen
M3_22_277_C	ende 	heeft 	te 	onzer 	onvromen
M3_22_277_D	ende 	heeft 		tonser 	onuromen
M3_22_277_F	ende 	heeft 		tonser 	onvromen
M3_22_277_G	ende 	heeft 		tonser 	onvromen
M3_22_277_O	ende 	heuet 		tonser 	vromen
M3_22_277_W	ende 	heeft 		tonser 	onvromen 

M3_22_278_B	onse 	vorders 	gedaen 	verdomen
M3_22_278_C	onze 	vorders 	ghedaen 	verdomen
M3_22_278_D	onse 	voervaders 	doen 	verdomen
M3_22_278_F	onse 	vorders 	doen 	verdoemen
M3_22_278_G	onse 	vorders 	doen 	verdoemen
M3_22_278_O	onse 	vorders 	doen 	verdomen
M3_22_278_W	onse 	vorders 	doen 	verdoemen

M3_22_279_B	ende 	zwairlike 	ghescent
M3_22_279_C	ende 	swaerlike 	ghescent
M3_22_279_D	ende 	swaerlijck 	gheschent
M3_22_279_F	ende 	zwaerlic 	gheschent
M3_22_279_G	ende 	swarlike 	gescent
M3_22_279_O	ende 	zwaerlike 	ghescent
M3_22_279_W	ende 	swaerlike 	gescent 

M3_22_280_B	dit 	was 	zijn 	sonderlange 	beromen
M3_22_280_C	dit 	was 	zijn 	zonderlinghe 	beromen
M3_22_280_D	dit 	was 	sijn 	sonderlinghe 	beromen
M3_22_280_F	dit 	was 	siin 	sonderlinge 	beroemen
M3_22_280_G	dit 	was 	sijn 	sonderlinge 	beroemen
M3_22_280_O	dit 	was 	zijn 	zonderlinc 	betomen
M3_22_280_W	dit 	was 	sijn 	sonderlinge 	beroemen

M3_22_281_B	dat 	hi 	al 	gader 	met 	hem 	zomen
M3_22_281_C	dat 	hi 	alle 	gader 	niet 	hem 	zomen
M3_22_281_D	dat 	hi 		algader 	niet 	hem 	somen
M3_22_281_F	datti 			algader 	niet 	hem 	zomen
M3_22_281_G	dat 	hi 		algader 	niet 	hen 	soemen
M3_22_281_O	dat 	hy 		algader 	niet 	hem 	somen
M3_22_281_W	dat 	hi 		algader 	niet 	hen 	soemen 

M3_22_282_B	tuolc 		heeft 	verblent
M3_22_282_C	dat 	volc 	heeft 	verblent
M3_22_282_D	tvolck 		heuet 	verblent
M3_22_282_F	tfolc 		heeft 	verblent
M3_22_282_G	dat 	volc 	heeft 	verblent
M3_22_282_O	tvolc 		heuet 	verblent
M3_22_282_W	dat 	volc 	heeft 	verblent

M3_22_283_B	dus 	wille 	hi 	vten 			hemel 	dromen
M3_22_283_C	dus 	wil 	hi 	vten 			hemel 	dromen
M3_22_283_D	dus 	wil 	hi 	wten 			hemel 	doomen
M3_22_283_F	dus 	wilti 		uten 			hemel 	dromen
M3_22_283_G	dus 	wilde 	hi 	vten 			hemele 	droemen
M3_22_283_O	dus 	wille 	hy 	ons 	vut 	den 	hemel 	dromen
M3_22_283_W	dus 	wilde 	hi 	vten 			hemele 	droemen

M3_22_284_B	ons 		dat 	ons 	die 	hemel 	blomen
M3_22_284_C	den 	mensche 	dat 	hem 	die 	hemelsce 	blomen
M3_22_284_D	om 		dat 	ons 	die 	hemelsche 	bloomen
M3_22_284_F			dat 	ons 	die 	hemelsche 	bloemen
M3_22_284_G	om 		dat 	ons 	die 	hemelsche 	bloemen
M3_22_284_O			dat 	ons 	die 	hemelsche 	blomen
M3_22_284_W	om 		dat 	ons 	die 	hemelsche 	bloemen

M3_22_285_B	niet 	en 		worden 	bekent
M3_22_285_C	niene 			worde 	bekent
M3_22_285_D	niet 	en 		werde 	bekent
M3_22_285_F	niet 	en 		worden 	bekent
M3_22_285_G	niet 	en 	souden 	werden 	bekent
M3_22_285_O	niet 	en 		worden 	bekent
M3_22_285_W	niet 	en 	souden 	werden 	bekent 

M3_22_286_B	dair 	hi 	of 	was 	ontwent
M3_22_286_C	daer 	hi 	af 	was 	blent
M3_22_286_D	daer 	hi 	af 	was 	ontwent
M3_22_286_F	daer 	hij 	af 	es 	ontwent
M3_22_286_G	daer 	hi 	af 	was 	ontwent
M3_22_286_O	daer 	hi 	af 	was 	ontwent
M3_22_286_W	daer 	hi 	af 	was 	otwent

M3_39_508_B	Et 	sic 	est 	finis 	sit 	laus 	et 	gloria 	"trinis

"
M3_39_508_C	amen  		amen  				amen		
M3_39_508_D	AMEN	":

"							
M3_39_508_F	¶ 	AM_1E_1N_1	".

"						
M3_39_508_L	"Amen

"								
M3_39_508_O	Explicit		. 	Deo 	gras	".

"			

M1_1_000_C	van 		iacob 	ende 		van 		martijn
M1_1_000_D	¶ 	dit 	is 				wapene 	martijn
M1_1_000_G		dit 	es 	dierste 	boec 	vanden 	wapen 	merten

M1_75_976_O	explicit 	liber 	primus

M2_26_339_O	explicit 	secundus 	liber

